"axis","gene_set","rank","es"
"triplet_pairs","expressed_TRUE",1,0.000107898144151921
"triplet_pairs","expressed_TRUE",14,0.00124833738244925
"triplet_pairs","expressed_TRUE",27,0.00238877662074658
"triplet_pairs","expressed_TRUE",40,0.00300474258768863
"triplet_pairs","expressed_TRUE",53,0.00375182687246949
"triplet_pairs","expressed_TRUE",66,0.00436779283941154
"triplet_pairs","expressed_TRUE",80,0.00522277526834433
"triplet_pairs","expressed_TRUE",93,0.00544538628176992
"triplet_pairs","expressed_TRUE",106,0.00579911561303433
"triplet_pairs","expressed_TRUE",119,0.0065461998978152
"triplet_pairs","expressed_TRUE",132,0.00755552081827371
"triplet_pairs","expressed_TRUE",145,0.00790925014953812
"triplet_pairs","expressed_TRUE",158,0.00904968938783545
"triplet_pairs","expressed_TRUE",171,0.00940341871909986
"triplet_pairs","expressed_TRUE",184,0.00988826636820309
"triplet_pairs","expressed_TRUE",197,0.010635350652984
"triplet_pairs","expressed_TRUE",210,0.0115135532556036
"triplet_pairs","expressed_TRUE",223,0.0113428093155128
"triplet_pairs","expressed_TRUE",237,0.0120666734266067
"triplet_pairs","expressed_TRUE",250,0.0130759943470653
"triplet_pairs","expressed_TRUE",263,0.0138230786318461
"triplet_pairs","expressed_TRUE",276,0.0143079262809493
"triplet_pairs","expressed_TRUE",289,0.0147927739300526
"triplet_pairs","expressed_TRUE",302,0.0150153849434782
"triplet_pairs","expressed_TRUE",315,0.0156313509104202
"triplet_pairs","expressed_TRUE",328,0.0162473168773623
"triplet_pairs","expressed_TRUE",341,0.0166010462086267
"triplet_pairs","expressed_TRUE",354,0.0169547755398911
"triplet_pairs","expressed_TRUE",367,0.0175707415068331
"triplet_pairs","expressed_TRUE",381,0.017639014028733
"triplet_pairs","expressed_TRUE",394,0.0179927433599974
"triplet_pairs","expressed_TRUE",407,0.0188709459626171
"triplet_pairs","expressed_TRUE",420,0.0192246752938815
"triplet_pairs","expressed_TRUE",433,0.0190539313537906
"triplet_pairs","expressed_TRUE",446,0.0194076606850551
"triplet_pairs","expressed_TRUE",459,0.0194991533806418
"triplet_pairs","expressed_TRUE",472,0.0201151193475839
"triplet_pairs","expressed_TRUE",485,0.0205999669966871
"triplet_pairs","expressed_TRUE",498,0.0209536963279515
"triplet_pairs","expressed_TRUE",511,0.0213074256592159
"triplet_pairs","expressed_TRUE",524,0.0217922733083191
"triplet_pairs","expressed_TRUE",538,0.0226472557372519
"triplet_pairs","expressed_TRUE",551,0.0228698667506775
"triplet_pairs","expressed_TRUE",564,0.0234858327176196
"triplet_pairs","expressed_TRUE",577,0.0239706803667228
"triplet_pairs","expressed_TRUE",590,0.024455528015826
"triplet_pairs","expressed_TRUE",603,0.0252026123006069
"triplet_pairs","expressed_TRUE",616,0.0255563416318713
"triplet_pairs","expressed_TRUE",629,0.0265656625523298
"triplet_pairs","expressed_TRUE",642,0.0274438651549495
"triplet_pairs","expressed_TRUE",655,0.0276664761683751
"triplet_pairs","expressed_TRUE",668,0.0282824421353172
"triplet_pairs","expressed_TRUE",681,0.0285050531487427
"triplet_pairs","expressed_TRUE",695,0.0288355623063202
"triplet_pairs","expressed_TRUE",708,0.0295826465911011
"triplet_pairs","expressed_TRUE",721,0.0298052576045267
"triplet_pairs","expressed_TRUE",734,0.0305523418893076
"triplet_pairs","expressed_TRUE",747,0.0307749529027332
"triplet_pairs","expressed_TRUE",760,0.031522037187514
"triplet_pairs","expressed_TRUE",773,0.0321380031544561
"triplet_pairs","expressed_TRUE",786,0.0327539691213981
"triplet_pairs","expressed_TRUE",799,0.0333699350883402
"triplet_pairs","expressed_TRUE",812,0.0338547827374434
"triplet_pairs","expressed_TRUE",825,0.0346018670222243
"triplet_pairs","expressed_TRUE",839,0.034801257861963
"triplet_pairs","expressed_TRUE",852,0.0352861055110662
"triplet_pairs","expressed_TRUE",865,0.0357709531601694
"triplet_pairs","expressed_TRUE",878,0.0363869191271115
"triplet_pairs","expressed_TRUE",891,0.0367406484583759
"triplet_pairs","expressed_TRUE",904,0.0369632594718015
"triplet_pairs","expressed_TRUE",917,0.0373169888030659
"triplet_pairs","expressed_TRUE",930,0.0375395998164915
"triplet_pairs","expressed_TRUE",943,0.0381555657834335
"triplet_pairs","expressed_TRUE",956,0.0382470584790203
"triplet_pairs","expressed_TRUE",969,0.0388630244459623
"triplet_pairs","expressed_TRUE",982,0.0396101087307432
"triplet_pairs","expressed_TRUE",996,0.0402028545239984
"triplet_pairs","expressed_TRUE",1009,0.0406877021731016
"triplet_pairs","expressed_TRUE",1022,0.0407791948686884
"triplet_pairs","expressed_TRUE",1035,0.0408706875642751
"triplet_pairs","expressed_TRUE",1048,0.0413555352133784
"triplet_pairs","expressed_TRUE",1061,0.0421026194981592
"triplet_pairs","expressed_TRUE",1074,0.0425874671472625
"triplet_pairs","expressed_TRUE",1087,0.0430723147963657
"triplet_pairs","expressed_TRUE",1100,0.0432949258097913
"triplet_pairs","expressed_TRUE",1113,0.0435175368232169
"triplet_pairs","expressed_TRUE",1126,0.0434779112009648
"triplet_pairs","expressed_TRUE",1140,0.0436773020407035
"triplet_pairs","expressed_TRUE",1153,0.0438999130541291
"triplet_pairs","expressed_TRUE",1166,0.04464699733891
"triplet_pairs","expressed_TRUE",1179,0.0451318449880132
"triplet_pairs","expressed_TRUE",1192,0.0453544560014388
"triplet_pairs","expressed_TRUE",1205,0.045839303650542
"triplet_pairs","expressed_TRUE",1218,0.0463241512996452
"triplet_pairs","expressed_TRUE",1231,0.0472023539022649
"triplet_pairs","expressed_TRUE",1244,0.0479494381870458
"triplet_pairs","expressed_TRUE",1257,0.0481720492004714
"triplet_pairs","expressed_TRUE",1270,0.0485257785317358
"triplet_pairs","expressed_TRUE",1283,0.0492728628165167
"triplet_pairs","expressed_TRUE",1297,0.0494722536562554
"triplet_pairs","expressed_TRUE",1310,0.0498259829875198
"triplet_pairs","expressed_TRUE",1323,0.0501797123187842
"triplet_pairs","expressed_TRUE",1336,0.0504023233322098
"triplet_pairs","expressed_TRUE",1349,0.0506249343456354
"triplet_pairs","expressed_TRUE",1362,0.0509786636768998
"triplet_pairs","expressed_TRUE",1375,0.051463511326003
"triplet_pairs","expressed_TRUE",1388,0.0518172406572674
"triplet_pairs","expressed_TRUE",1401,0.052039851670693
"triplet_pairs","expressed_TRUE",1414,0.0523935810019574
"triplet_pairs","expressed_TRUE",1427,0.0528784286510606
"triplet_pairs","expressed_TRUE",1441,0.0534711744443158
"triplet_pairs","expressed_TRUE",1454,0.0540871404112578
"triplet_pairs","expressed_TRUE",1467,0.0547031063781999
"triplet_pairs","expressed_TRUE",1480,0.0549257173916255
"triplet_pairs","expressed_TRUE",1493,0.0548860917693734
"triplet_pairs","expressed_TRUE",1506,0.0552398211006378
"triplet_pairs","expressed_TRUE",1519,0.0557246687497411
"triplet_pairs","expressed_TRUE",1532,0.0562095163988443
"triplet_pairs","expressed_TRUE",1545,0.0569566006836252
"triplet_pairs","expressed_TRUE",1558,0.0570480933792119
"triplet_pairs","expressed_TRUE",1571,0.0572707043926375
"triplet_pairs","expressed_TRUE",1584,0.0574933154060631
"triplet_pairs","expressed_TRUE",1598,0.057561587927963
"triplet_pairs","expressed_TRUE",1611,0.058177553894905
"triplet_pairs","expressed_TRUE",1624,0.0587935198618471
"triplet_pairs","expressed_TRUE",1637,0.0590161308752727
"triplet_pairs","expressed_TRUE",1650,0.0592387418886983
"triplet_pairs","expressed_TRUE",1663,0.059330234584285
"triplet_pairs","expressed_TRUE",1676,0.0594217272798718
"triplet_pairs","expressed_TRUE",1689,0.0596443382932974
"triplet_pairs","expressed_TRUE",1702,0.0599980676245618
"triplet_pairs","expressed_TRUE",1715,0.0606140335915039
"triplet_pairs","expressed_TRUE",1728,0.0610988812406071
"triplet_pairs","expressed_TRUE",1742,0.0610360354446681
"triplet_pairs","expressed_TRUE",1755,0.0613897647759325
"triplet_pairs","expressed_TRUE",1768,0.0622679673785522
"triplet_pairs","expressed_TRUE",1781,0.0626216967098166
"triplet_pairs","expressed_TRUE",1794,0.0634998993124363
"triplet_pairs","expressed_TRUE",1807,0.0635913920080231
"triplet_pairs","expressed_TRUE",1820,0.064338476292804
"triplet_pairs","expressed_TRUE",1833,0.0645610873062296
"triplet_pairs","expressed_TRUE",1846,0.0645214616839775
"triplet_pairs","expressed_TRUE",1859,0.0650063093330807
"triplet_pairs","expressed_TRUE",1872,0.0653600386643451
"triplet_pairs","expressed_TRUE",1885,0.0657137679956096
"triplet_pairs","expressed_TRUE",1899,0.0659131588353482
"triplet_pairs","expressed_TRUE",1912,0.0662668881666127
"triplet_pairs","expressed_TRUE",1925,0.0668828541335547
"triplet_pairs","expressed_TRUE",1938,0.0671054651469803
"triplet_pairs","expressed_TRUE",1951,0.0675903127960835
"triplet_pairs","expressed_TRUE",1964,0.0678129238095091
"triplet_pairs","expressed_TRUE",1977,0.0680355348229347
"triplet_pairs","expressed_TRUE",1990,0.0683892641541991
"triplet_pairs","expressed_TRUE",2003,0.0690052301211412
"triplet_pairs","expressed_TRUE",2016,0.0690967228167279
"triplet_pairs","expressed_TRUE",2029,0.0694504521479923
"triplet_pairs","expressed_TRUE",2042,0.0696730631614179
"triplet_pairs","expressed_TRUE",2056,0.0700035723189954
"triplet_pairs","expressed_TRUE",2069,0.070226183332421
"triplet_pairs","expressed_TRUE",2082,0.0705799126636854
"triplet_pairs","expressed_TRUE",2095,0.0705402870414334
"triplet_pairs","expressed_TRUE",2108,0.0710251346905366
"triplet_pairs","expressed_TRUE",2121,0.0712477457039622
"triplet_pairs","expressed_TRUE",2134,0.0718637116709043
"triplet_pairs","expressed_TRUE",2147,0.071955204366491
"triplet_pairs","expressed_TRUE",2160,0.0721778153799166
"triplet_pairs","expressed_TRUE",2173,0.072531544711181
"triplet_pairs","expressed_TRUE",2186,0.0731475106781231
"triplet_pairs","expressed_TRUE",2200,0.0734780198357006
"triplet_pairs","expressed_TRUE",2213,0.0739628674848038
"triplet_pairs","expressed_TRUE",2226,0.0741854784982294
"triplet_pairs","expressed_TRUE",2239,0.0745392078294938
"triplet_pairs","expressed_TRUE",2252,0.0747618188429194
"triplet_pairs","expressed_TRUE",2265,0.0752466664920226
"triplet_pairs","expressed_TRUE",2278,0.0757315141411259
"triplet_pairs","expressed_TRUE",2291,0.0759541251545515
"triplet_pairs","expressed_TRUE",2304,0.0763078544858159
"triplet_pairs","expressed_TRUE",2317,0.0769238204527579
"triplet_pairs","expressed_TRUE",2330,0.0772775497840223
"triplet_pairs","expressed_TRUE",2343,0.0775001607974479
"triplet_pairs","expressed_TRUE",2357,0.0782240249085419
"triplet_pairs","expressed_TRUE",2370,0.0784466359219675
"triplet_pairs","expressed_TRUE",2383,0.0789314835710707
"triplet_pairs","expressed_TRUE",2396,0.0792852129023351
"triplet_pairs","expressed_TRUE",2409,0.0793767055979219
"triplet_pairs","expressed_TRUE",2422,0.0794681982935087
"triplet_pairs","expressed_TRUE",2435,0.0795596909890954
"triplet_pairs","expressed_TRUE",2448,0.0799134203203598
"triplet_pairs","expressed_TRUE",2461,0.0805293862873019
"triplet_pairs","expressed_TRUE",2474,0.0807519973007275
"triplet_pairs","expressed_TRUE",2487,0.0812368449498307
"triplet_pairs","expressed_TRUE",2501,0.0815673541074082
"triplet_pairs","expressed_TRUE",2514,0.0815277284851562
"triplet_pairs","expressed_TRUE",2527,0.0816192211807429
"triplet_pairs","expressed_TRUE",2540,0.082235187147685
"triplet_pairs","expressed_TRUE",2553,0.0824577981611106
"triplet_pairs","expressed_TRUE",2566,0.0825492908566973
"triplet_pairs","expressed_TRUE",2579,0.0827719018701229
"triplet_pairs","expressed_TRUE",2592,0.0829945128835485
"triplet_pairs","expressed_TRUE",2605,0.0830860055791353
"triplet_pairs","expressed_TRUE",2618,0.0831774982747221
"triplet_pairs","expressed_TRUE",2631,0.0836623459238253
"triplet_pairs","expressed_TRUE",2644,0.0834916019837344
"triplet_pairs","expressed_TRUE",2658,0.0842154660948284
"triplet_pairs","expressed_TRUE",2671,0.0840447221547375
"triplet_pairs","expressed_TRUE",2684,0.0840050965324855
"triplet_pairs","expressed_TRUE",2697,0.0842277075459111
"triplet_pairs","expressed_TRUE",2710,0.084188081923659
"triplet_pairs","expressed_TRUE",2723,0.0842795746192458
"triplet_pairs","expressed_TRUE",2736,0.0845021856326714
"triplet_pairs","expressed_TRUE",2749,0.084724796646097
"triplet_pairs","expressed_TRUE",2762,0.0846851710238449
"triplet_pairs","expressed_TRUE",2775,0.0849077820372705
"triplet_pairs","expressed_TRUE",2788,0.0851303930506961
"triplet_pairs","expressed_TRUE",2802,0.0850675472547571
"triplet_pairs","expressed_TRUE",2815,0.0850279216325051
"triplet_pairs","expressed_TRUE",2828,0.0851194143280918
"triplet_pairs","expressed_TRUE",2841,0.0850797887058398
"triplet_pairs","expressed_TRUE",2854,0.0850401630835877
"triplet_pairs","expressed_TRUE",2867,0.0851316557791745
"triplet_pairs","expressed_TRUE",2880,0.0852231484747613
"triplet_pairs","expressed_TRUE",2893,0.0858391144417033
"triplet_pairs","expressed_TRUE",2906,0.0857994888194513
"triplet_pairs","expressed_TRUE",2919,0.0860220998328769
"triplet_pairs","expressed_TRUE",2932,0.0866380657998189
"triplet_pairs","expressed_TRUE",2945,0.087254031766761
"triplet_pairs","expressed_TRUE",2959,0.0874534226064997
"triplet_pairs","expressed_TRUE",2972,0.0878071519377641
"triplet_pairs","expressed_TRUE",2985,0.087767526315512
"triplet_pairs","expressed_TRUE",2998,0.0879901373289376
"triplet_pairs","expressed_TRUE",3011,0.0886061032958797
"triplet_pairs","expressed_TRUE",3024,0.0888287143093053
"triplet_pairs","expressed_TRUE",3037,0.0890513253227309
"triplet_pairs","expressed_TRUE",3050,0.0891428180183176
"triplet_pairs","expressed_TRUE",3063,0.0893654290317432
"triplet_pairs","expressed_TRUE",3076,0.0895880400451688
"triplet_pairs","expressed_TRUE",3089,0.0903351243299497
"triplet_pairs","expressed_TRUE",3103,0.0902722785340107
"triplet_pairs","expressed_TRUE",3116,0.0904948895474363
"triplet_pairs","expressed_TRUE",3129,0.0909797371965395
"triplet_pairs","expressed_TRUE",3142,0.0910712298921263
"triplet_pairs","expressed_TRUE",3155,0.0915560775412295
"triplet_pairs","expressed_TRUE",3168,0.0919098068724939
"triplet_pairs","expressed_TRUE",3181,0.0923946545215972
"triplet_pairs","expressed_TRUE",3194,0.0922239105815063
"triplet_pairs","expressed_TRUE",3207,0.0923154032770931
"triplet_pairs","expressed_TRUE",3220,0.092275777654841
"triplet_pairs","expressed_TRUE",3233,0.0923672703504278
"triplet_pairs","expressed_TRUE",3246,0.0927209996816922
"triplet_pairs","expressed_TRUE",3260,0.0930515088392697
"triplet_pairs","expressed_TRUE",3273,0.0932741198526953
"triplet_pairs","expressed_TRUE",3286,0.0937589675017985
"triplet_pairs","expressed_TRUE",3299,0.0938504601973853
"triplet_pairs","expressed_TRUE",3312,0.0940730712108109
"triplet_pairs","expressed_TRUE",3325,0.09390232727072
"triplet_pairs","expressed_TRUE",3338,0.0939938199663068
"triplet_pairs","expressed_TRUE",3351,0.0940853126618936
"triplet_pairs","expressed_TRUE",3364,0.0941768053574803
"triplet_pairs","expressed_TRUE",3377,0.0942682980530671
"triplet_pairs","expressed_TRUE",3390,0.0943597907486539
"triplet_pairs","expressed_TRUE",3403,0.0943201651264018
"triplet_pairs","expressed_TRUE",3417,0.0945195559661405
"triplet_pairs","expressed_TRUE",3430,0.0943488120260497
"triplet_pairs","expressed_TRUE",3443,0.09404694976812
"triplet_pairs","expressed_TRUE",3456,0.0940073241458679
"triplet_pairs","expressed_TRUE",3469,0.093836580205777
"triplet_pairs","expressed_TRUE",3482,0.0944525461727191
"triplet_pairs","expressed_TRUE",3495,0.0946751571861447
"triplet_pairs","expressed_TRUE",3508,0.0947666498817314
"triplet_pairs","expressed_TRUE",3521,0.0945959059416406
"triplet_pairs","expressed_TRUE",3534,0.0950807535907438
"triplet_pairs","expressed_TRUE",3547,0.0953033646041694
"triplet_pairs","expressed_TRUE",3561,0.0953716371260693
"triplet_pairs","expressed_TRUE",3574,0.095463129821656
"triplet_pairs","expressed_TRUE",3587,0.095423504199404
"triplet_pairs","expressed_TRUE",3600,0.0953838785771519
"triplet_pairs","expressed_TRUE",3613,0.0954753712727387
"triplet_pairs","expressed_TRUE",3626,0.0956979822861643
"triplet_pairs","expressed_TRUE",3639,0.0959205932995899
"triplet_pairs","expressed_TRUE",3652,0.095749849359499
"triplet_pairs","expressed_TRUE",3665,0.0959724603729246
"triplet_pairs","expressed_TRUE",3678,0.0961950713863502
"triplet_pairs","expressed_TRUE",3691,0.0964176823997758
"triplet_pairs","expressed_TRUE",3704,0.0965091750953626
"triplet_pairs","expressed_TRUE",3718,0.0964463292994236
"triplet_pairs","expressed_TRUE",3731,0.0964067036771716
"triplet_pairs","expressed_TRUE",3744,0.0966293146905971
"triplet_pairs","expressed_TRUE",3757,0.0969830440218616
"triplet_pairs","expressed_TRUE",3770,0.097336773353126
"triplet_pairs","expressed_TRUE",3783,0.0974282660487127
"triplet_pairs","expressed_TRUE",3796,0.0973886404264607
"triplet_pairs","expressed_TRUE",3809,0.0977423697577251
"triplet_pairs","expressed_TRUE",3822,0.0982272174068283
"triplet_pairs","expressed_TRUE",3835,0.0980564734667375
"triplet_pairs","expressed_TRUE",3848,0.0984102027980019
"triplet_pairs","expressed_TRUE",3862,0.0986095936377406
"triplet_pairs","expressed_TRUE",3875,0.0988322046511661
"triplet_pairs","expressed_TRUE",3888,0.0985303423932365
"triplet_pairs","expressed_TRUE",3901,0.0986218350888232
"triplet_pairs","expressed_TRUE",3914,0.0989755644200876
"triplet_pairs","expressed_TRUE",3927,0.0991981754335132
"triplet_pairs","expressed_TRUE",3940,0.0994207864469388
"triplet_pairs","expressed_TRUE",3953,0.0993811608246868
"triplet_pairs","expressed_TRUE",3966,0.0994726535202735
"triplet_pairs","expressed_TRUE",3979,0.0995641462158603
"triplet_pairs","expressed_TRUE",3992,0.0993934022757694
"triplet_pairs","expressed_TRUE",4005,0.0992226583356786
"triplet_pairs","expressed_TRUE",4019,0.0992909308575784
"triplet_pairs","expressed_TRUE",4032,0.0996446601888429
"triplet_pairs","expressed_TRUE",4045,0.099473916248752
"triplet_pairs","expressed_TRUE",4058,0.0995654089443388
"triplet_pairs","expressed_TRUE",4071,0.0999191382756032
"triplet_pairs","expressed_TRUE",4084,0.0998795126533511
"triplet_pairs","expressed_TRUE",4097,0.0998398870310991
"triplet_pairs","expressed_TRUE",4110,0.0999313797266858
"triplet_pairs","expressed_TRUE",4123,0.100153990740111
"triplet_pairs","expressed_TRUE",4136,0.100376601753537
"triplet_pairs","expressed_TRUE",4149,0.100468094449124
"triplet_pairs","expressed_TRUE",4163,0.100798603606701
"triplet_pairs","expressed_TRUE",4176,0.100890096302288
"triplet_pairs","expressed_TRUE",4189,0.101243825633552
"triplet_pairs","expressed_TRUE",4202,0.101859791600495
"triplet_pairs","expressed_TRUE",4215,0.101820165978242
"triplet_pairs","expressed_TRUE",4228,0.101911658673829
"triplet_pairs","expressed_TRUE",4241,0.102265388005094
"triplet_pairs","expressed_TRUE",4254,0.102750235654197
"triplet_pairs","expressed_TRUE",4267,0.102579491714106
"triplet_pairs","expressed_TRUE",4280,0.102670984409693
"triplet_pairs","expressed_TRUE",4293,0.102893595423118
"triplet_pairs","expressed_TRUE",4306,0.103640679707899
"triplet_pairs","expressed_TRUE",4320,0.103708952229799
"triplet_pairs","expressed_TRUE",4333,0.103931563243225
"triplet_pairs","expressed_TRUE",4346,0.104023055938811
"triplet_pairs","expressed_TRUE",4359,0.104245666952237
"triplet_pairs","expressed_TRUE",4372,0.104206041329985
"triplet_pairs","expressed_TRUE",4385,0.104428652343411
"triplet_pairs","expressed_TRUE",4398,0.104651263356836
"triplet_pairs","expressed_TRUE",4411,0.104349401098907
"triplet_pairs","expressed_TRUE",4424,0.10483424874801
"triplet_pairs","expressed_TRUE",4437,0.105319096397113
"triplet_pairs","expressed_TRUE",4450,0.105279470774861
"triplet_pairs","expressed_TRUE",4464,0.105741098250277
"triplet_pairs","expressed_TRUE",4477,0.105963709263703
"triplet_pairs","expressed_TRUE",4490,0.10605520195929
"triplet_pairs","expressed_TRUE",4503,0.106277812972715
"triplet_pairs","expressed_TRUE",4516,0.10663154230398
"triplet_pairs","expressed_TRUE",4529,0.107116389953083
"triplet_pairs","expressed_TRUE",4542,0.107470119284347
"triplet_pairs","expressed_TRUE",4555,0.107299375344256
"triplet_pairs","expressed_TRUE",4568,0.107390868039843
"triplet_pairs","expressed_TRUE",4581,0.107875715688946
"triplet_pairs","expressed_TRUE",4594,0.108098326702372
"triplet_pairs","expressed_TRUE",4607,0.10805870108012
"triplet_pairs","expressed_TRUE",4621,0.10812697360202
"triplet_pairs","expressed_TRUE",4634,0.108218466297607
"triplet_pairs","expressed_TRUE",4647,0.108572195628871
"triplet_pairs","expressed_TRUE",4660,0.108925924960135
"triplet_pairs","expressed_TRUE",4673,0.1092796542914
"triplet_pairs","expressed_TRUE",4686,0.109764501940503
"triplet_pairs","expressed_TRUE",4699,0.109593758000412
"triplet_pairs","expressed_TRUE",4712,0.109816369013838
"triplet_pairs","expressed_TRUE",4725,0.110038980027263
"triplet_pairs","expressed_TRUE",4738,0.109999354405011
"triplet_pairs","expressed_TRUE",4751,0.110484202054114
"triplet_pairs","expressed_TRUE",4764,0.110444576431862
"triplet_pairs","expressed_TRUE",4778,0.11077508558944
"triplet_pairs","expressed_TRUE",4791,0.110866578285027
"triplet_pairs","expressed_TRUE",4804,0.110958070980613
"triplet_pairs","expressed_TRUE",4817,0.111574036947556
"triplet_pairs","expressed_TRUE",4830,0.111665529643142
"triplet_pairs","expressed_TRUE",4843,0.111888140656568
"triplet_pairs","expressed_TRUE",4856,0.112110751669993
"triplet_pairs","expressed_TRUE",4869,0.11220224436558
"triplet_pairs","expressed_TRUE",4882,0.112555973696845
"triplet_pairs","expressed_TRUE",4895,0.112516348074593
"triplet_pairs","expressed_TRUE",4908,0.112870077405857
"triplet_pairs","expressed_TRUE",4922,0.112938349927757
"triplet_pairs","expressed_TRUE",4935,0.113160960941182
"triplet_pairs","expressed_TRUE",4948,0.113645808590286
"triplet_pairs","expressed_TRUE",4961,0.113737301285872
"triplet_pairs","expressed_TRUE",4974,0.113959912299298
"triplet_pairs","expressed_TRUE",4987,0.114182523312724
"triplet_pairs","expressed_TRUE",5000,0.11427401600831
"triplet_pairs","expressed_TRUE",5013,0.114234390386058
"triplet_pairs","expressed_TRUE",5026,0.114588119717323
"triplet_pairs","expressed_TRUE",5039,0.114417375777232
"triplet_pairs","expressed_TRUE",5052,0.114639986790658
"triplet_pairs","expressed_TRUE",5065,0.114993716121922
"triplet_pairs","expressed_TRUE",5079,0.115455343597338
"triplet_pairs","expressed_TRUE",5092,0.115940191246441
"triplet_pairs","expressed_TRUE",5105,0.115638328988512
"triplet_pairs","expressed_TRUE",5118,0.115860940001937
"triplet_pairs","expressed_TRUE",5131,0.115952432697524
"triplet_pairs","expressed_TRUE",5144,0.116043925393111
"triplet_pairs","expressed_TRUE",5157,0.116528773042214
"triplet_pairs","expressed_TRUE",5170,0.117013620691317
"triplet_pairs","expressed_TRUE",5183,0.116842876751227
"triplet_pairs","expressed_TRUE",5196,0.116934369446813
"triplet_pairs","expressed_TRUE",5209,0.1170258621424
"triplet_pairs","expressed_TRUE",5223,0.117225252982139
"triplet_pairs","expressed_TRUE",5236,0.117447863995564
"triplet_pairs","expressed_TRUE",5249,0.117408238373312
"triplet_pairs","expressed_TRUE",5262,0.117761967704577
"triplet_pairs","expressed_TRUE",5275,0.117853460400163
"triplet_pairs","expressed_TRUE",5288,0.11794495309575
"triplet_pairs","expressed_TRUE",5301,0.118298682427015
"triplet_pairs","expressed_TRUE",5314,0.118390175122601
"triplet_pairs","expressed_TRUE",5327,0.118612786136027
"triplet_pairs","expressed_TRUE",5340,0.118573160513775
"triplet_pairs","expressed_TRUE",5353,0.118664653209362
"triplet_pairs","expressed_TRUE",5366,0.119018382540626
"triplet_pairs","expressed_TRUE",5380,0.119348891698204
"triplet_pairs","expressed_TRUE",5393,0.119702621029468
"triplet_pairs","expressed_TRUE",5406,0.119531877089377
"triplet_pairs","expressed_TRUE",5419,0.119623369784964
"triplet_pairs","expressed_TRUE",5432,0.11984598079839
"triplet_pairs","expressed_TRUE",5445,0.119806355176137
"triplet_pairs","expressed_TRUE",5458,0.120160084507402
"triplet_pairs","expressed_TRUE",5471,0.120382695520827
"triplet_pairs","expressed_TRUE",5484,0.120605306534253
"triplet_pairs","expressed_TRUE",5497,0.120959035865517
"triplet_pairs","expressed_TRUE",5510,0.121312765196782
"triplet_pairs","expressed_TRUE",5524,0.121512156036521
"triplet_pairs","expressed_TRUE",5537,0.121734767049946
"triplet_pairs","expressed_TRUE",5550,0.122219614699049
"triplet_pairs","expressed_TRUE",5563,0.12296669898383
"triplet_pairs","expressed_TRUE",5576,0.123451546632934
"triplet_pairs","expressed_TRUE",5589,0.12354303932852
"triplet_pairs","expressed_TRUE",5602,0.123765650341946
"triplet_pairs","expressed_TRUE",5615,0.123726024719694
"triplet_pairs","expressed_TRUE",5628,0.123817517415281
"triplet_pairs","expressed_TRUE",5641,0.1246957200179
"triplet_pairs","expressed_TRUE",5654,0.125049449349165
"triplet_pairs","expressed_TRUE",5667,0.125534296998268
"triplet_pairs","expressed_TRUE",5681,0.12534033288449
"triplet_pairs","expressed_TRUE",5694,0.125562943897916
"triplet_pairs","expressed_TRUE",5707,0.12591667322918
"triplet_pairs","expressed_TRUE",5720,0.126270402560445
"triplet_pairs","expressed_TRUE",5733,0.126755250209548
"triplet_pairs","expressed_TRUE",5746,0.126715624587296
"triplet_pairs","expressed_TRUE",5759,0.126938235600721
"triplet_pairs","expressed_TRUE",5772,0.127029728296308
"triplet_pairs","expressed_TRUE",5785,0.127252339309734
"triplet_pairs","expressed_TRUE",5798,0.127081595369643
"triplet_pairs","expressed_TRUE",5811,0.12717308806523
"triplet_pairs","expressed_TRUE",5825,0.127241360587129
"triplet_pairs","expressed_TRUE",5838,0.127463971600555
"triplet_pairs","expressed_TRUE",5851,0.127948819249658
"triplet_pairs","expressed_TRUE",5864,0.128171430263084
"triplet_pairs","expressed_TRUE",5877,0.128394041276509
"triplet_pairs","expressed_TRUE",5890,0.128616652289935
"triplet_pairs","expressed_TRUE",5903,0.128708144985522
"triplet_pairs","expressed_TRUE",5916,0.129061874316786
"triplet_pairs","expressed_TRUE",5929,0.129415603648051
"triplet_pairs","expressed_TRUE",5942,0.129638214661476
"triplet_pairs","expressed_TRUE",5955,0.129467470721385
"triplet_pairs","expressed_TRUE",5968,0.12982120005265
"triplet_pairs","expressed_TRUE",5982,0.130413945845905
"triplet_pairs","expressed_TRUE",5995,0.130636556859331
"triplet_pairs","expressed_TRUE",6008,0.130990286190595
"triplet_pairs","expressed_TRUE",6021,0.131344015521859
"triplet_pairs","expressed_TRUE",6034,0.131304389899607
"triplet_pairs","expressed_TRUE",6047,0.131264764277355
"triplet_pairs","expressed_TRUE",6060,0.131225138655103
"triplet_pairs","expressed_TRUE",6073,0.131447749668529
"triplet_pairs","expressed_TRUE",6086,0.131539242364116
"triplet_pairs","expressed_TRUE",6099,0.131237380106186
"triplet_pairs","expressed_TRUE",6112,0.131722227755289
"triplet_pairs","expressed_TRUE",6125,0.131813720450876
"triplet_pairs","expressed_TRUE",6139,0.131750874654937
"triplet_pairs","expressed_TRUE",6152,0.131842367350524
"triplet_pairs","expressed_TRUE",6165,0.132196096681788
"triplet_pairs","expressed_TRUE",6178,0.132418707695214
"triplet_pairs","expressed_TRUE",6191,0.132379082072962
"triplet_pairs","expressed_TRUE",6204,0.132208338132871
"triplet_pairs","expressed_TRUE",6217,0.132693185781974
"triplet_pairs","expressed_TRUE",6230,0.1329157967954
"triplet_pairs","expressed_TRUE",6243,0.133007289490986
"triplet_pairs","expressed_TRUE",6256,0.133098782186573
"triplet_pairs","expressed_TRUE",6269,0.133059156564321
"triplet_pairs","expressed_TRUE",6283,0.132865192450543
"triplet_pairs","expressed_TRUE",6296,0.13295668514613
"triplet_pairs","expressed_TRUE",6309,0.132785941206039
"triplet_pairs","expressed_TRUE",6322,0.132746315583787
"triplet_pairs","expressed_TRUE",6335,0.133362281550729
"triplet_pairs","expressed_TRUE",6348,0.133584892564155
"triplet_pairs","expressed_TRUE",6361,0.133414148624064
"triplet_pairs","expressed_TRUE",6374,0.133374523001812
"triplet_pairs","expressed_TRUE",6387,0.133859370650915
"triplet_pairs","expressed_TRUE",6400,0.134081981664341
"triplet_pairs","expressed_TRUE",6413,0.134304592677766
"triplet_pairs","expressed_TRUE",6426,0.134396085373353
"triplet_pairs","expressed_TRUE",6440,0.134464357895253
"triplet_pairs","expressed_TRUE",6453,0.134293613955162
"triplet_pairs","expressed_TRUE",6466,0.134516224968588
"triplet_pairs","expressed_TRUE",6479,0.134607717664174
"triplet_pairs","expressed_TRUE",6492,0.134568092041922
"triplet_pairs","expressed_TRUE",6505,0.13452846641967
"triplet_pairs","expressed_TRUE",6518,0.134357722479579
"triplet_pairs","expressed_TRUE",6531,0.134449215175166
"triplet_pairs","expressed_TRUE",6544,0.134540707870753
"triplet_pairs","expressed_TRUE",6557,0.13463220056634
"triplet_pairs","expressed_TRUE",6570,0.134723693261927
"triplet_pairs","expressed_TRUE",6584,0.135054202419504
"triplet_pairs","expressed_TRUE",6597,0.134752340161574
"triplet_pairs","expressed_TRUE",6610,0.134974951175
"triplet_pairs","expressed_TRUE",6623,0.13467308891707
"triplet_pairs","expressed_TRUE",6636,0.134895699930496
"triplet_pairs","expressed_TRUE",6649,0.134856074308244
"triplet_pairs","expressed_TRUE",6662,0.135209803639508
"triplet_pairs","expressed_TRUE",6675,0.135039059699417
"triplet_pairs","expressed_TRUE",6688,0.134868315759326
"triplet_pairs","expressed_TRUE",6701,0.134697571819236
"triplet_pairs","expressed_TRUE",6714,0.134789064514822
"triplet_pairs","expressed_TRUE",6727,0.13474943889257
"triplet_pairs","expressed_TRUE",6741,0.134555474778793
"triplet_pairs","expressed_TRUE",6754,0.134646967474379
"triplet_pairs","expressed_TRUE",6767,0.134738460169966
"triplet_pairs","expressed_TRUE",6780,0.134698834547714
"triplet_pairs","expressed_TRUE",6793,0.134790327243301
"triplet_pairs","expressed_TRUE",6806,0.134488464985371
"triplet_pairs","expressed_TRUE",6819,0.134448839363119
"triplet_pairs","expressed_TRUE",6832,0.134278095423028
"triplet_pairs","expressed_TRUE",6845,0.134238469800776
"triplet_pairs","expressed_TRUE",6858,0.134329962496363
"triplet_pairs","expressed_TRUE",6871,0.13442145519195
"triplet_pairs","expressed_TRUE",6885,0.13448972771385
"triplet_pairs","expressed_TRUE",6898,0.134318983773759
"triplet_pairs","expressed_TRUE",6911,0.134148239833668
"triplet_pairs","expressed_TRUE",6924,0.134370850847093
"triplet_pairs","expressed_TRUE",6937,0.13446234354268
"triplet_pairs","expressed_TRUE",6950,0.134553836238267
"triplet_pairs","expressed_TRUE",6963,0.134907565569531
"triplet_pairs","expressed_TRUE",6976,0.135523531536473
"triplet_pairs","expressed_TRUE",6989,0.136008379185577
"triplet_pairs","expressed_TRUE",7002,0.136099871881163
"triplet_pairs","expressed_TRUE",7015,0.136060246258911
"triplet_pairs","expressed_TRUE",7028,0.13588950231882
"triplet_pairs","expressed_TRUE",7042,0.135695538205043
"triplet_pairs","expressed_TRUE",7055,0.135918149218468
"triplet_pairs","expressed_TRUE",7068,0.136009641914055
"triplet_pairs","expressed_TRUE",7081,0.136232252927481
"triplet_pairs","expressed_TRUE",7094,0.136192627305229
"triplet_pairs","expressed_TRUE",7107,0.136546356636493
"triplet_pairs","expressed_TRUE",7120,0.13663784933208
"triplet_pairs","expressed_TRUE",7133,0.136729342027667
"triplet_pairs","expressed_TRUE",7146,0.136689716405414
"triplet_pairs","expressed_TRUE",7159,0.136781209101001
"triplet_pairs","expressed_TRUE",7172,0.136872701796588
"triplet_pairs","expressed_TRUE",7186,0.136809856000649
"triplet_pairs","expressed_TRUE",7199,0.136901348696236
"triplet_pairs","expressed_TRUE",7212,0.137123959709661
"triplet_pairs","expressed_TRUE",7225,0.137084334087409
"triplet_pairs","expressed_TRUE",7238,0.137175826782996
"triplet_pairs","expressed_TRUE",7251,0.137005082842905
"triplet_pairs","expressed_TRUE",7264,0.136834338902814
"triplet_pairs","expressed_TRUE",7277,0.136925831598401
"triplet_pairs","expressed_TRUE",7290,0.137148442611827
"triplet_pairs","expressed_TRUE",7303,0.137371053625252
"triplet_pairs","expressed_TRUE",7316,0.137200309685162
"triplet_pairs","expressed_TRUE",7329,0.137422920698587
"triplet_pairs","expressed_TRUE",7343,0.137753429856165
"triplet_pairs","expressed_TRUE",7356,0.137582685916074
"triplet_pairs","expressed_TRUE",7369,0.137280823658144
"triplet_pairs","expressed_TRUE",7382,0.137765671307247
"triplet_pairs","expressed_TRUE",7395,0.137594927367156
"triplet_pairs","expressed_TRUE",7408,0.137686420062743
"triplet_pairs","expressed_TRUE",7421,0.13777791275833
"triplet_pairs","expressed_TRUE",7434,0.137869405453917
"triplet_pairs","expressed_TRUE",7447,0.137829779831665
"triplet_pairs","expressed_TRUE",7460,0.13805239084509
"triplet_pairs","expressed_TRUE",7473,0.138012765222838
"triplet_pairs","expressed_TRUE",7486,0.138366494554103
"triplet_pairs","expressed_TRUE",7500,0.138565885393841
"triplet_pairs","expressed_TRUE",7513,0.13839514145375
"triplet_pairs","expressed_TRUE",7526,0.13822439751366
"triplet_pairs","expressed_TRUE",7539,0.138447008527085
"triplet_pairs","expressed_TRUE",7552,0.138538501222672
"triplet_pairs","expressed_TRUE",7565,0.13849887560042
"triplet_pairs","expressed_TRUE",7578,0.138459249978168
"triplet_pairs","expressed_TRUE",7591,0.138681860991593
"triplet_pairs","expressed_TRUE",7604,0.138642235369341
"triplet_pairs","expressed_TRUE",7617,0.138995964700606
"triplet_pairs","expressed_TRUE",7630,0.138825220760515
"triplet_pairs","expressed_TRUE",7644,0.138893493282415
"triplet_pairs","expressed_TRUE",7657,0.139247222613679
"triplet_pairs","expressed_TRUE",7670,0.139469833627105
"triplet_pairs","expressed_TRUE",7683,0.139299089687014
"triplet_pairs","expressed_TRUE",7696,0.139259464064762
"triplet_pairs","expressed_TRUE",7709,0.139088720124671
"triplet_pairs","expressed_TRUE",7722,0.139180212820258
"triplet_pairs","expressed_TRUE",7735,0.139140587198006
"triplet_pairs","expressed_TRUE",7748,0.139625434847109
"triplet_pairs","expressed_TRUE",7761,0.139716927542696
"triplet_pairs","expressed_TRUE",7774,0.139939538556121
"triplet_pairs","expressed_TRUE",7787,0.140031031251708
"triplet_pairs","expressed_TRUE",7801,0.139968185455769
"triplet_pairs","expressed_TRUE",7814,0.140190796469195
"triplet_pairs","expressed_TRUE",7827,0.140282289164781
"triplet_pairs","expressed_TRUE",7840,0.140373781860368
"triplet_pairs","expressed_TRUE",7853,0.140465274555955
"triplet_pairs","expressed_TRUE",7866,0.141081240522897
"triplet_pairs","expressed_TRUE",7879,0.141303851536323
"triplet_pairs","expressed_TRUE",7892,0.141526462549748
"triplet_pairs","expressed_TRUE",7905,0.141880191881013
"triplet_pairs","expressed_TRUE",7918,0.141971684576599
"triplet_pairs","expressed_TRUE",7931,0.142194295590025
"triplet_pairs","expressed_TRUE",7945,0.142393686429764
"triplet_pairs","expressed_TRUE",7958,0.14248517912535
"triplet_pairs","expressed_TRUE",7971,0.142445553503098
"triplet_pairs","expressed_TRUE",7984,0.142537046198685
"triplet_pairs","expressed_TRUE",7997,0.142759657212111
"triplet_pairs","expressed_TRUE",8010,0.143113386543375
"triplet_pairs","expressed_TRUE",8023,0.143335997556801
"triplet_pairs","expressed_TRUE",8036,0.143558608570226
"triplet_pairs","expressed_TRUE",8049,0.143387864630136
"triplet_pairs","expressed_TRUE",8062,0.1437415939614
"triplet_pairs","expressed_TRUE",8075,0.143701968339148
"triplet_pairs","expressed_TRUE",8088,0.143924579352573
"triplet_pairs","expressed_TRUE",8102,0.143861733556634
"triplet_pairs","expressed_TRUE",8115,0.144215462887899
"triplet_pairs","expressed_TRUE",8128,0.144175837265647
"triplet_pairs","expressed_TRUE",8141,0.144005093325556
"triplet_pairs","expressed_TRUE",8154,0.144227704338982
"triplet_pairs","expressed_TRUE",8167,0.14418807871673
"triplet_pairs","expressed_TRUE",8180,0.144410689730155
"triplet_pairs","expressed_TRUE",8193,0.144502182425742
"triplet_pairs","expressed_TRUE",8206,0.144593675121329
"triplet_pairs","expressed_TRUE",8219,0.144685167816915
"triplet_pairs","expressed_TRUE",8232,0.14503889714818
"triplet_pairs","expressed_TRUE",8246,0.145238287987919
"triplet_pairs","expressed_TRUE",8259,0.145329780683505
"triplet_pairs","expressed_TRUE",8272,0.145421273379092
"triplet_pairs","expressed_TRUE",8285,0.145512766074679
"triplet_pairs","expressed_TRUE",8298,0.145342022134588
"triplet_pairs","expressed_TRUE",8311,0.145171278194497
"triplet_pairs","expressed_TRUE",8324,0.145131652572245
"triplet_pairs","expressed_TRUE",8337,0.145485381903509
"triplet_pairs","expressed_TRUE",8350,0.145576874599096
"triplet_pairs","expressed_TRUE",8363,0.145537248976844
"triplet_pairs","expressed_TRUE",8376,0.146153214943786
"triplet_pairs","expressed_TRUE",8389,0.146113589321534
"triplet_pairs","expressed_TRUE",8403,0.146706335114789
"triplet_pairs","expressed_TRUE",8416,0.146928946128215
"triplet_pairs","expressed_TRUE",8429,0.147282675459479
"triplet_pairs","expressed_TRUE",8442,0.147636404790744
"triplet_pairs","expressed_TRUE",8455,0.147465660850653
"triplet_pairs","expressed_TRUE",8468,0.14755715354624
"triplet_pairs","expressed_TRUE",8481,0.148042001195343
"triplet_pairs","expressed_TRUE",8494,0.14813349389093
"triplet_pairs","expressed_TRUE",8507,0.148356104904355
"triplet_pairs","expressed_TRUE",8520,0.148447597599942
"triplet_pairs","expressed_TRUE",8533,0.148670208613368
"triplet_pairs","expressed_TRUE",8546,0.148630582991116
"triplet_pairs","expressed_TRUE",8560,0.148829973830854
"triplet_pairs","expressed_TRUE",8573,0.148921466526441
"triplet_pairs","expressed_TRUE",8586,0.148881840904189
"triplet_pairs","expressed_TRUE",8599,0.148842215281937
"triplet_pairs","expressed_TRUE",8612,0.148933707977524
"triplet_pairs","expressed_TRUE",8625,0.14902520067311
"triplet_pairs","expressed_TRUE",8638,0.149116693368697
"triplet_pairs","expressed_TRUE",8651,0.148945949428606
"triplet_pairs","expressed_TRUE",8664,0.149037442124193
"triplet_pairs","expressed_TRUE",8677,0.149391171455458
"triplet_pairs","expressed_TRUE",8690,0.149613782468883
"triplet_pairs","expressed_TRUE",8704,0.149682054990783
"triplet_pairs","expressed_TRUE",8717,0.149904666004209
"triplet_pairs","expressed_TRUE",8730,0.149996158699795
"triplet_pairs","expressed_TRUE",8743,0.149825414759704
"triplet_pairs","expressed_TRUE",8756,0.150179144090969
"triplet_pairs","expressed_TRUE",8769,0.150270636786556
"triplet_pairs","expressed_TRUE",8782,0.150493247799981
"triplet_pairs","expressed_TRUE",8795,0.150191385542052
"triplet_pairs","expressed_TRUE",8808,0.150413996555477
"triplet_pairs","expressed_TRUE",8821,0.150505489251064
"triplet_pairs","expressed_TRUE",8834,0.150596981946651
"triplet_pairs","expressed_TRUE",8847,0.150688474642237
"triplet_pairs","expressed_TRUE",8861,0.150756747164137
"triplet_pairs","expressed_TRUE",8874,0.150848239859724
"triplet_pairs","expressed_TRUE",8887,0.150939732555311
"triplet_pairs","expressed_TRUE",8900,0.151031225250898
"triplet_pairs","expressed_TRUE",8913,0.151122717946484
"triplet_pairs","expressed_TRUE",8926,0.151214210642071
"triplet_pairs","expressed_TRUE",8939,0.151305703337658
"triplet_pairs","expressed_TRUE",8952,0.151659432668922
"triplet_pairs","expressed_TRUE",8965,0.151750925364509
"triplet_pairs","expressed_TRUE",8978,0.151973536377935
"triplet_pairs","expressed_TRUE",8991,0.152065029073521
"triplet_pairs","expressed_TRUE",9005,0.152133301595421
"triplet_pairs","expressed_TRUE",9018,0.152487030926686
"triplet_pairs","expressed_TRUE",9031,0.15284076025795
"triplet_pairs","expressed_TRUE",9044,0.153063371271376
"triplet_pairs","expressed_TRUE",9057,0.153023745649124
"triplet_pairs","expressed_TRUE",9070,0.152853001709033
"triplet_pairs","expressed_TRUE",9083,0.15294449440462
"triplet_pairs","expressed_TRUE",9096,0.153167105418045
"triplet_pairs","expressed_TRUE",9109,0.152996361477954
"triplet_pairs","expressed_TRUE",9122,0.153087854173541
"triplet_pairs","expressed_TRUE",9135,0.153179346869128
"triplet_pairs","expressed_TRUE",9148,0.153008602929037
"triplet_pairs","expressed_TRUE",9162,0.153076875450937
"triplet_pairs","expressed_TRUE",9175,0.153168368146524
"triplet_pairs","expressed_TRUE",9188,0.152997624206433
"triplet_pairs","expressed_TRUE",9201,0.15308911690202
"triplet_pairs","expressed_TRUE",9214,0.152918372961929
"triplet_pairs","expressed_TRUE",9227,0.152747629021838
"triplet_pairs","expressed_TRUE",9240,0.152839121717425
"triplet_pairs","expressed_TRUE",9253,0.152930614413011
"triplet_pairs","expressed_TRUE",9266,0.153153225426437
"triplet_pairs","expressed_TRUE",9279,0.153375836439863
"triplet_pairs","expressed_TRUE",9292,0.15333621081761
"triplet_pairs","expressed_TRUE",9306,0.153273365021672
"triplet_pairs","expressed_TRUE",9319,0.153102621081581
"triplet_pairs","expressed_TRUE",9332,0.153194113777167
"triplet_pairs","expressed_TRUE",9345,0.153547843108432
"triplet_pairs","expressed_TRUE",9358,0.153377099168341
"triplet_pairs","expressed_TRUE",9371,0.153337473546089
"triplet_pairs","expressed_TRUE",9384,0.153822321195192
"triplet_pairs","expressed_TRUE",9397,0.15378269557294
"triplet_pairs","expressed_TRUE",9410,0.154136424904204
"triplet_pairs","expressed_TRUE",9423,0.154621272553308
"triplet_pairs","expressed_TRUE",9436,0.154581646931056
"triplet_pairs","expressed_TRUE",9449,0.154410902990965
"triplet_pairs","expressed_TRUE",9463,0.154872530466381
"triplet_pairs","expressed_TRUE",9476,0.155357378115484
"triplet_pairs","expressed_TRUE",9489,0.155448870811071
"triplet_pairs","expressed_TRUE",9502,0.155671481824497
"triplet_pairs","expressed_TRUE",9515,0.155631856202245
"triplet_pairs","expressed_TRUE",9528,0.15585446721567
"triplet_pairs","expressed_TRUE",9541,0.155945959911257
"triplet_pairs","expressed_TRUE",9554,0.155906334289005
"triplet_pairs","expressed_TRUE",9567,0.155735590348914
"triplet_pairs","expressed_TRUE",9580,0.155564846408823
"triplet_pairs","expressed_TRUE",9593,0.155787457422249
"triplet_pairs","expressed_TRUE",9607,0.155855729944149
"triplet_pairs","expressed_TRUE",9620,0.156209459275413
"triplet_pairs","expressed_TRUE",9633,0.156300951971
"triplet_pairs","expressed_TRUE",9646,0.156130208030909
"triplet_pairs","expressed_TRUE",9659,0.156746173997851
"triplet_pairs","expressed_TRUE",9672,0.157099903329115
"triplet_pairs","expressed_TRUE",9685,0.156929159389025
"triplet_pairs","expressed_TRUE",9698,0.157020652084611
"triplet_pairs","expressed_TRUE",9711,0.157112144780198
"triplet_pairs","expressed_TRUE",9724,0.157203637475785
"triplet_pairs","expressed_TRUE",9737,0.157164011853533
"triplet_pairs","expressed_TRUE",9750,0.15725550454912
"triplet_pairs","expressed_TRUE",9764,0.157848250342375
"triplet_pairs","expressed_TRUE",9777,0.157808624720123
"triplet_pairs","expressed_TRUE",9790,0.15790011741571
"triplet_pairs","expressed_TRUE",9803,0.157991610111296
"triplet_pairs","expressed_TRUE",9816,0.158607576078238
"triplet_pairs","expressed_TRUE",9829,0.158961305409503
"triplet_pairs","expressed_TRUE",9842,0.159577271376445
"triplet_pairs","expressed_TRUE",9855,0.15979988238987
"triplet_pairs","expressed_TRUE",9868,0.160153611721135
"triplet_pairs","expressed_TRUE",9881,0.16037622273456
"triplet_pairs","expressed_TRUE",9894,0.160336597112308
"triplet_pairs","expressed_TRUE",9907,0.160296971490056
"triplet_pairs","expressed_TRUE",9921,0.160365244011956
"triplet_pairs","expressed_TRUE",9934,0.160325618389704
"triplet_pairs","expressed_TRUE",9947,0.160810466038807
"triplet_pairs","expressed_TRUE",9960,0.161033077052233
"triplet_pairs","expressed_TRUE",9973,0.161386806383497
"triplet_pairs","expressed_TRUE",9986,0.161740535714762
"triplet_pairs","expressed_TRUE",9999,0.16170091009251
"triplet_pairs","expressed_TRUE",10012,0.161530166152419
"triplet_pairs","expressed_TRUE",10025,0.162146132119361
"triplet_pairs","expressed_TRUE",10038,0.16197538817927
"triplet_pairs","expressed_TRUE",10051,0.161935762557018
"triplet_pairs","expressed_TRUE",10065,0.162266271714595
"triplet_pairs","expressed_TRUE",10078,0.162357764410182
"triplet_pairs","expressed_TRUE",10091,0.162973730377124
"triplet_pairs","expressed_TRUE",10104,0.162934104754872
"triplet_pairs","expressed_TRUE",10117,0.16289447913262
"triplet_pairs","expressed_TRUE",10130,0.163248208463885
"triplet_pairs","expressed_TRUE",10143,0.163339701159471
"triplet_pairs","expressed_TRUE",10156,0.163300075537219
"triplet_pairs","expressed_TRUE",10169,0.163129331597128
"triplet_pairs","expressed_TRUE",10182,0.163089705974876
"triplet_pairs","expressed_TRUE",10195,0.163050080352624
"triplet_pairs","expressed_TRUE",10208,0.163797164637405
"triplet_pairs","expressed_TRUE",10222,0.163865437159305
"triplet_pairs","expressed_TRUE",10235,0.163825811537053
"triplet_pairs","expressed_TRUE",10248,0.163655067596962
"triplet_pairs","expressed_TRUE",10261,0.164008796928227
"triplet_pairs","expressed_TRUE",10274,0.163969171305974
"triplet_pairs","expressed_TRUE",10287,0.163929545683722
"triplet_pairs","expressed_TRUE",10300,0.164021038379309
"triplet_pairs","expressed_TRUE",10313,0.164112531074896
"triplet_pairs","expressed_TRUE",10326,0.16446626040616
"triplet_pairs","expressed_TRUE",10339,0.164426634783908
"triplet_pairs","expressed_TRUE",10352,0.164649245797334
"triplet_pairs","expressed_TRUE",10366,0.164979754954911
"triplet_pairs","expressed_TRUE",10379,0.165071247650498
"triplet_pairs","expressed_TRUE",10392,0.165031622028246
"triplet_pairs","expressed_TRUE",10405,0.165123114723833
"triplet_pairs","expressed_TRUE",10418,0.164952370783742
"triplet_pairs","expressed_TRUE",10431,0.165306100115006
"triplet_pairs","expressed_TRUE",10444,0.165266474492754
"triplet_pairs","expressed_TRUE",10457,0.165882440459696
"triplet_pairs","expressed_TRUE",10470,0.165842814837444
"triplet_pairs","expressed_TRUE",10483,0.166196544168709
"triplet_pairs","expressed_TRUE",10496,0.166419155182134
"triplet_pairs","expressed_TRUE",10509,0.166510647877721
"triplet_pairs","expressed_TRUE",10523,0.166578920399621
"triplet_pairs","expressed_TRUE",10536,0.16640817645953
"triplet_pairs","expressed_TRUE",10549,0.166237432519439
"triplet_pairs","expressed_TRUE",10562,0.166328925215026
"triplet_pairs","expressed_TRUE",10575,0.166420417910613
"triplet_pairs","expressed_TRUE",10588,0.166249673970522
"triplet_pairs","expressed_TRUE",10601,0.166078930030431
"triplet_pairs","expressed_TRUE",10614,0.166170422726018
"triplet_pairs","expressed_TRUE",10627,0.166393033739444
"triplet_pairs","expressed_TRUE",10640,0.166615644752869
"triplet_pairs","expressed_TRUE",10653,0.166707137448456
"triplet_pairs","expressed_TRUE",10667,0.166644291652517
"triplet_pairs","expressed_TRUE",10680,0.166735784348104
"triplet_pairs","expressed_TRUE",10693,0.16682727704369
"triplet_pairs","expressed_TRUE",10706,0.166918769739277
"triplet_pairs","expressed_TRUE",10719,0.167141380752703
"triplet_pairs","expressed_TRUE",10732,0.167626228401806
"triplet_pairs","expressed_TRUE",10745,0.167717721097393
"triplet_pairs","expressed_TRUE",10758,0.167678095475141
"triplet_pairs","expressed_TRUE",10771,0.168031824806405
"triplet_pairs","expressed_TRUE",10784,0.16838555413767
"triplet_pairs","expressed_TRUE",10797,0.168739283468934
"triplet_pairs","expressed_TRUE",10810,0.169093012800198
"triplet_pairs","expressed_TRUE",10824,0.169161285322098
"triplet_pairs","expressed_TRUE",10837,0.168990541382007
"triplet_pairs","expressed_TRUE",10850,0.169082034077594
"triplet_pairs","expressed_TRUE",10863,0.169173526773181
"triplet_pairs","expressed_TRUE",10876,0.16900278283309
"triplet_pairs","expressed_TRUE",10889,0.168832038892999
"triplet_pairs","expressed_TRUE",10902,0.16853017663507
"triplet_pairs","expressed_TRUE",10915,0.168621669330656
"triplet_pairs","expressed_TRUE",10928,0.168319807072727
"triplet_pairs","expressed_TRUE",10941,0.168280181450475
"triplet_pairs","expressed_TRUE",10954,0.168109437510384
"triplet_pairs","expressed_TRUE",10968,0.168046591714445
"triplet_pairs","expressed_TRUE",10981,0.168138084410031
"triplet_pairs","expressed_TRUE",10994,0.167836222152102
"triplet_pairs","expressed_TRUE",11007,0.16779659652985
"triplet_pairs","expressed_TRUE",11020,0.16749473427192
"triplet_pairs","expressed_TRUE",11033,0.167323990331829
"triplet_pairs","expressed_TRUE",11046,0.167022128073899
"triplet_pairs","expressed_TRUE",11059,0.16672026581597
"triplet_pairs","expressed_TRUE",11072,0.166942876829395
"triplet_pairs","expressed_TRUE",11085,0.167034369524982
"triplet_pairs","expressed_TRUE",11098,0.166863625584891
"triplet_pairs","expressed_TRUE",11111,0.1666928816448
"triplet_pairs","expressed_TRUE",11125,0.166630035848861
"triplet_pairs","expressed_TRUE",11138,0.166590410226609
"triplet_pairs","expressed_TRUE",11151,0.166419666286519
"triplet_pairs","expressed_TRUE",11164,0.166248922346428
"triplet_pairs","expressed_TRUE",11177,0.166471533359853
"triplet_pairs","expressed_TRUE",11190,0.166431907737601
"triplet_pairs","expressed_TRUE",11203,0.16626116379751
"triplet_pairs","expressed_TRUE",11216,0.166221538175258
"triplet_pairs","expressed_TRUE",11229,0.166181912553006
"triplet_pairs","expressed_TRUE",11242,0.166142286930754
"triplet_pairs","expressed_TRUE",11255,0.166496016262019
"triplet_pairs","expressed_TRUE",11268,0.166456390639767
"triplet_pairs","expressed_TRUE",11282,0.166393544843828
"triplet_pairs","expressed_TRUE",11295,0.166353919221576
"triplet_pairs","expressed_TRUE",11308,0.166052056963646
"triplet_pairs","expressed_TRUE",11321,0.165881313023555
"triplet_pairs","expressed_TRUE",11334,0.165972805719142
"triplet_pairs","expressed_TRUE",11347,0.16593318009689
"triplet_pairs","expressed_TRUE",11360,0.166024672792477
"triplet_pairs","expressed_TRUE",11373,0.165853928852386
"triplet_pairs","expressed_TRUE",11386,0.165552066594456
"triplet_pairs","expressed_TRUE",11399,0.165381322654365
"triplet_pairs","expressed_TRUE",11412,0.165079460396435
"triplet_pairs","expressed_TRUE",11426,0.165147732918335
"triplet_pairs","expressed_TRUE",11439,0.164976988978244
"triplet_pairs","expressed_TRUE",11452,0.164675126720315
"triplet_pairs","expressed_TRUE",11465,0.164635501098063
"triplet_pairs","expressed_TRUE",11478,0.164595875475811
"triplet_pairs","expressed_TRUE",11491,0.164294013217881
"triplet_pairs","expressed_TRUE",11504,0.164385505913468
"triplet_pairs","expressed_TRUE",11517,0.164476998609054
"triplet_pairs","expressed_TRUE",11530,0.164306254668964
"triplet_pairs","expressed_TRUE",11543,0.164135510728873
"triplet_pairs","expressed_TRUE",11556,0.163964766788782
"triplet_pairs","expressed_TRUE",11569,0.163662904530852
"triplet_pairs","expressed_TRUE",11583,0.163468940417074
"triplet_pairs","expressed_TRUE",11596,0.1636915514305
"triplet_pairs","expressed_TRUE",11609,0.163914162443926
"triplet_pairs","expressed_TRUE",11622,0.164399010093029
"triplet_pairs","expressed_TRUE",11635,0.164359384470777
"triplet_pairs","expressed_TRUE",11648,0.164450877166364
"triplet_pairs","expressed_TRUE",11661,0.164411251544111
"triplet_pairs","expressed_TRUE",11674,0.164240507604021
"triplet_pairs","expressed_TRUE",11687,0.164200881981769
"triplet_pairs","expressed_TRUE",11700,0.164030138041678
"triplet_pairs","expressed_TRUE",11713,0.164121630737264
"triplet_pairs","expressed_TRUE",11727,0.164321021577003
"triplet_pairs","expressed_TRUE",11740,0.164281395954751
"triplet_pairs","expressed_TRUE",11753,0.16411065201466
"triplet_pairs","expressed_TRUE",11766,0.163939908074569
"triplet_pairs","expressed_TRUE",11779,0.164031400770156
"triplet_pairs","expressed_TRUE",11792,0.164122893465743
"triplet_pairs","expressed_TRUE",11805,0.164083267843491
"triplet_pairs","expressed_TRUE",11818,0.1639125239034
"triplet_pairs","expressed_TRUE",11831,0.16361066164547
"triplet_pairs","expressed_TRUE",11844,0.163308799387541
"triplet_pairs","expressed_TRUE",11857,0.163269173765289
"triplet_pairs","expressed_TRUE",11870,0.163098429825198
"triplet_pairs","expressed_TRUE",11884,0.16290446571142
"triplet_pairs","expressed_TRUE",11897,0.162733721771329
"triplet_pairs","expressed_TRUE",11910,0.162562977831238
"triplet_pairs","expressed_TRUE",11923,0.162261115573308
"triplet_pairs","expressed_TRUE",11936,0.162090371633218
"triplet_pairs","expressed_TRUE",11949,0.161788509375288
"triplet_pairs","expressed_TRUE",11962,0.161617765435197
"triplet_pairs","expressed_TRUE",11975,0.161840376448623
"triplet_pairs","expressed_TRUE",11988,0.161538514190693
"triplet_pairs","expressed_TRUE",12001,0.161498888568441
"triplet_pairs","expressed_TRUE",12014,0.161721499581866
"triplet_pairs","expressed_TRUE",12028,0.161658653785928
"triplet_pairs","expressed_TRUE",12041,0.161619028163675
"triplet_pairs","expressed_TRUE",12054,0.161579402541423
"triplet_pairs","expressed_TRUE",12067,0.161277540283494
"triplet_pairs","expressed_TRUE",12080,0.160975678025564
"triplet_pairs","expressed_TRUE",12093,0.160936052403312
"triplet_pairs","expressed_TRUE",12106,0.160634190145382
"triplet_pairs","expressed_TRUE",12119,0.16059456452313
"triplet_pairs","expressed_TRUE",12132,0.160423820583039
"triplet_pairs","expressed_TRUE",12145,0.160253076642949
"triplet_pairs","expressed_TRUE",12158,0.160475687656374
"triplet_pairs","expressed_TRUE",12171,0.160567180351961
"triplet_pairs","expressed_TRUE",12185,0.160635452873861
"triplet_pairs","expressed_TRUE",12198,0.160595827251609
"triplet_pairs","expressed_TRUE",12211,0.160425083311518
"triplet_pairs","expressed_TRUE",12224,0.160516576007105
"triplet_pairs","expressed_TRUE",12237,0.160214713749175
"triplet_pairs","expressed_TRUE",12250,0.160043969809084
"triplet_pairs","expressed_TRUE",12263,0.159742107551154
"triplet_pairs","expressed_TRUE",12276,0.159440245293225
"triplet_pairs","expressed_TRUE",12289,0.159269501353134
"triplet_pairs","expressed_TRUE",12302,0.159229875730882
"triplet_pairs","expressed_TRUE",12315,0.15919025010863
"triplet_pairs","expressed_TRUE",12329,0.15925852263053
"triplet_pairs","expressed_TRUE",12342,0.159350015326116
"triplet_pairs","expressed_TRUE",12355,0.159179271386025
"triplet_pairs","expressed_TRUE",12368,0.159008527445935
"triplet_pairs","expressed_TRUE",12381,0.158706665188005
"triplet_pairs","expressed_TRUE",12394,0.158535921247914
"triplet_pairs","expressed_TRUE",12407,0.158627413943501
"triplet_pairs","expressed_TRUE",12420,0.15845667000341
"triplet_pairs","expressed_TRUE",12433,0.15815480774548
"triplet_pairs","expressed_TRUE",12446,0.158115182123228
"triplet_pairs","expressed_TRUE",12459,0.157813319865299
"triplet_pairs","expressed_TRUE",12472,0.157511457607369
"triplet_pairs","expressed_TRUE",12486,0.157186375175752
"triplet_pairs","expressed_TRUE",12499,0.157015631235661
"triplet_pairs","expressed_TRUE",12512,0.156844887295571
"triplet_pairs","expressed_TRUE",12525,0.156805261673318
"triplet_pairs","expressed_TRUE",12538,0.156896754368905
"triplet_pairs","expressed_TRUE",12551,0.156726010428814
"triplet_pairs","expressed_TRUE",12564,0.156686384806562
"triplet_pairs","expressed_TRUE",12577,0.156515640866471
"triplet_pairs","expressed_TRUE",12590,0.156213778608542
"triplet_pairs","expressed_TRUE",12603,0.15617415298629
"triplet_pairs","expressed_TRUE",12616,0.156003409046199
"triplet_pairs","expressed_TRUE",12629,0.155832665106108
"triplet_pairs","expressed_TRUE",12643,0.156163174263685
"triplet_pairs","expressed_TRUE",12656,0.156123548641433
"triplet_pairs","expressed_TRUE",12669,0.155952804701343
"triplet_pairs","expressed_TRUE",12682,0.155782060761252
"triplet_pairs","expressed_TRUE",12695,0.155873553456838
"triplet_pairs","expressed_TRUE",12708,0.155702809516748
"triplet_pairs","expressed_TRUE",12721,0.156056538848012
"triplet_pairs","expressed_TRUE",12734,0.155754676590082
"triplet_pairs","expressed_TRUE",12747,0.155452814332153
"triplet_pairs","expressed_TRUE",12760,0.155282070392062
"triplet_pairs","expressed_TRUE",12773,0.15524244476981
"triplet_pairs","expressed_TRUE",12787,0.155179598973871
"triplet_pairs","expressed_TRUE",12800,0.155271091669457
"triplet_pairs","expressed_TRUE",12813,0.154969229411528
"triplet_pairs","expressed_TRUE",12826,0.154667367153598
"triplet_pairs","expressed_TRUE",12839,0.154627741531346
"triplet_pairs","expressed_TRUE",12852,0.154588115909094
"triplet_pairs","expressed_TRUE",12865,0.154286253651164
"triplet_pairs","expressed_TRUE",12878,0.153984391393235
"triplet_pairs","expressed_TRUE",12891,0.154075884088821
"triplet_pairs","expressed_TRUE",12904,0.153774021830892
"triplet_pairs","expressed_TRUE",12917,0.15373439620864
"triplet_pairs","expressed_TRUE",12930,0.153563652268549
"triplet_pairs","expressed_TRUE",12944,0.153238569836932
"triplet_pairs","expressed_TRUE",12957,0.153067825896841
"triplet_pairs","expressed_TRUE",12970,0.15289708195675
"triplet_pairs","expressed_TRUE",12983,0.152988574652337
"triplet_pairs","expressed_TRUE",12996,0.152817830712246
"triplet_pairs","expressed_TRUE",13009,0.152515968454317
"triplet_pairs","expressed_TRUE",13022,0.152345224514226
"triplet_pairs","expressed_TRUE",13035,0.152305598891974
"triplet_pairs","expressed_TRUE",13048,0.152003736634044
"triplet_pairs","expressed_TRUE",13061,0.151832992693953
"triplet_pairs","expressed_TRUE",13074,0.151793367071701
"triplet_pairs","expressed_TRUE",13088,0.151730521275762
"triplet_pairs","expressed_TRUE",13101,0.151559777335671
"triplet_pairs","expressed_TRUE",13114,0.15138903339558
"triplet_pairs","expressed_TRUE",13127,0.15121828945549
"triplet_pairs","expressed_TRUE",13140,0.151572018786754
"triplet_pairs","expressed_TRUE",13153,0.151663511482341
"triplet_pairs","expressed_TRUE",13166,0.15149276754225
"triplet_pairs","expressed_TRUE",13179,0.151453141919998
"triplet_pairs","expressed_TRUE",13192,0.151413516297746
"triplet_pairs","expressed_TRUE",13205,0.151111654039816
"triplet_pairs","expressed_TRUE",13218,0.151334265053242
"triplet_pairs","expressed_TRUE",13231,0.151032402795312
"triplet_pairs","expressed_TRUE",13245,0.151231793635051
"triplet_pairs","expressed_TRUE",13258,0.15106104969496
"triplet_pairs","expressed_TRUE",13271,0.15075918743703
"triplet_pairs","expressed_TRUE",13284,0.150588443496939
"triplet_pairs","expressed_TRUE",13297,0.15028658123901
"triplet_pairs","expressed_TRUE",13310,0.150115837298919
"triplet_pairs","expressed_TRUE",13323,0.150076211676667
"triplet_pairs","expressed_TRUE",13336,0.149774349418737
"triplet_pairs","expressed_TRUE",13349,0.149603605478646
"triplet_pairs","expressed_TRUE",13362,0.149432861538555
"triplet_pairs","expressed_TRUE",13375,0.149262117598464
"triplet_pairs","expressed_TRUE",13389,0.149068153484687
"triplet_pairs","expressed_TRUE",13402,0.148897409544596
"triplet_pairs","expressed_TRUE",13415,0.148595547286666
"triplet_pairs","expressed_TRUE",13428,0.148555921664414
"triplet_pairs","expressed_TRUE",13441,0.148516296042162
"triplet_pairs","expressed_TRUE",13454,0.148214433784232
"triplet_pairs","expressed_TRUE",13467,0.14817480816198
"triplet_pairs","expressed_TRUE",13480,0.148266300857567
"triplet_pairs","expressed_TRUE",13493,0.148226675235315
"triplet_pairs","expressed_TRUE",13506,0.148187049613063
"triplet_pairs","expressed_TRUE",13519,0.148147423990811
"triplet_pairs","expressed_TRUE",13532,0.148107798368559
"triplet_pairs","expressed_TRUE",13546,0.147913834254781
"triplet_pairs","expressed_TRUE",13559,0.147874208632529
"triplet_pairs","expressed_TRUE",13572,0.147572346374599
"triplet_pairs","expressed_TRUE",13585,0.147532720752347
"triplet_pairs","expressed_TRUE",13598,0.147361976812256
"triplet_pairs","expressed_TRUE",13611,0.147060114554327
"triplet_pairs","expressed_TRUE",13624,0.147020488932075
"triplet_pairs","expressed_TRUE",13637,0.146980863309823
"triplet_pairs","expressed_TRUE",13650,0.146941237687571
"triplet_pairs","expressed_TRUE",13663,0.14677049374748
"triplet_pairs","expressed_TRUE",13676,0.146599749807389
"triplet_pairs","expressed_TRUE",13690,0.146274667375772
"triplet_pairs","expressed_TRUE",13703,0.146103923435681
"triplet_pairs","expressed_TRUE",13716,0.14593317949559
"triplet_pairs","expressed_TRUE",13729,0.145631317237661
"triplet_pairs","expressed_TRUE",13742,0.145722809933248
"triplet_pairs","expressed_TRUE",13755,0.145420947675318
"triplet_pairs","expressed_TRUE",13768,0.145250203735227
"triplet_pairs","expressed_TRUE",13781,0.14573505138433
"triplet_pairs","expressed_TRUE",13794,0.1454331891264
"triplet_pairs","expressed_TRUE",13807,0.145393563504148
"triplet_pairs","expressed_TRUE",13820,0.145616174517574
"triplet_pairs","expressed_TRUE",13833,0.145445430577483
"triplet_pairs","expressed_TRUE",13847,0.145382584781544
"triplet_pairs","expressed_TRUE",13860,0.14560519579497
"triplet_pairs","expressed_TRUE",13873,0.145565570172718
"triplet_pairs","expressed_TRUE",13886,0.145263707914788
"triplet_pairs","expressed_TRUE",13899,0.145224082292536
"triplet_pairs","expressed_TRUE",13912,0.145315574988123
"triplet_pairs","expressed_TRUE",13925,0.145144831048032
"triplet_pairs","expressed_TRUE",13938,0.144842968790102
"triplet_pairs","expressed_TRUE",13951,0.144672224850011
"triplet_pairs","expressed_TRUE",13964,0.14450148090992
"triplet_pairs","expressed_TRUE",13977,0.144461855287668
"triplet_pairs","expressed_TRUE",13990,0.144553347983255
"triplet_pairs","expressed_TRUE",14004,0.144359383869477
"triplet_pairs","expressed_TRUE",14017,0.144450876565064
"triplet_pairs","expressed_TRUE",14030,0.144280132624973
"triplet_pairs","expressed_TRUE",14043,0.144109388684882
"triplet_pairs","expressed_TRUE",14056,0.143807526426953
"triplet_pairs","expressed_TRUE",14069,0.143767900804701
"triplet_pairs","expressed_TRUE",14082,0.143859393500288
"triplet_pairs","expressed_TRUE",14095,0.143688649560197
"triplet_pairs","expressed_TRUE",14108,0.143780142255783
"triplet_pairs","expressed_TRUE",14121,0.144002753269209
"triplet_pairs","expressed_TRUE",14134,0.143963127646957
"triplet_pairs","expressed_TRUE",14148,0.14363804521534
"triplet_pairs","expressed_TRUE",14161,0.143467301275249
"triplet_pairs","expressed_TRUE",14174,0.14316543901732
"triplet_pairs","expressed_TRUE",14187,0.143256931712907
"triplet_pairs","expressed_TRUE",14200,0.143217306090655
"triplet_pairs","expressed_TRUE",14213,0.143308798786241
"triplet_pairs","expressed_TRUE",14226,0.143006936528312
"triplet_pairs","expressed_TRUE",14239,0.142836192588221
"triplet_pairs","expressed_TRUE",14252,0.142796566965969
"triplet_pairs","expressed_TRUE",14265,0.142625823025878
"triplet_pairs","expressed_TRUE",14278,0.142586197403626
"triplet_pairs","expressed_TRUE",14291,0.142546571781374
"triplet_pairs","expressed_TRUE",14305,0.142483725985435
"triplet_pairs","expressed_TRUE",14318,0.142312982045344
"triplet_pairs","expressed_TRUE",14331,0.142011119787414
"triplet_pairs","expressed_TRUE",14344,0.141709257529485
"triplet_pairs","expressed_TRUE",14357,0.141800750225071
"triplet_pairs","expressed_TRUE",14370,0.14163000628498
"triplet_pairs","expressed_TRUE",14383,0.141590380662728
"triplet_pairs","expressed_TRUE",14396,0.141419636722637
"triplet_pairs","expressed_TRUE",14409,0.141380011100385
"triplet_pairs","expressed_TRUE",14422,0.141340385478133
"triplet_pairs","expressed_TRUE",14435,0.14143187817372
"triplet_pairs","expressed_TRUE",14449,0.14150015069562
"triplet_pairs","expressed_TRUE",14462,0.141460525073368
"triplet_pairs","expressed_TRUE",14475,0.141683136086794
"triplet_pairs","expressed_TRUE",14488,0.141905747100219
"triplet_pairs","expressed_TRUE",14501,0.142128358113645
"triplet_pairs","expressed_TRUE",14514,0.14235096912707
"triplet_pairs","expressed_TRUE",14527,0.142180225186979
"triplet_pairs","expressed_TRUE",14540,0.142009481246889
"triplet_pairs","expressed_TRUE",14553,0.141969855624637
"triplet_pairs","expressed_TRUE",14566,0.141667993366707
"triplet_pairs","expressed_TRUE",14579,0.141366131108777
"triplet_pairs","expressed_TRUE",14592,0.141195387168686
"triplet_pairs","expressed_TRUE",14606,0.14087030473707
"triplet_pairs","expressed_TRUE",14619,0.140699560796979
"triplet_pairs","expressed_TRUE",14632,0.140528816856888
"triplet_pairs","expressed_TRUE",14645,0.140358072916797
"triplet_pairs","expressed_TRUE",14658,0.140187328976706
"triplet_pairs","expressed_TRUE",14671,0.140147703354454
"triplet_pairs","expressed_TRUE",14684,0.140108077732202
"triplet_pairs","expressed_TRUE",14697,0.139937333792111
"triplet_pairs","expressed_TRUE",14710,0.140028826487698
"triplet_pairs","expressed_TRUE",14723,0.139858082547607
"triplet_pairs","expressed_TRUE",14736,0.139687338607516
"triplet_pairs","expressed_TRUE",14750,0.139624492811577
"triplet_pairs","expressed_TRUE",14763,0.139584867189325
"triplet_pairs","expressed_TRUE",14776,0.139545241567073
"triplet_pairs","expressed_TRUE",14789,0.139374497626982
"triplet_pairs","expressed_TRUE",14802,0.139072635369053
"triplet_pairs","expressed_TRUE",14815,0.139164128064639
"triplet_pairs","expressed_TRUE",14828,0.138993384124549
"triplet_pairs","expressed_TRUE",14841,0.139084876820135
"triplet_pairs","expressed_TRUE",14854,0.139045251197883
"triplet_pairs","expressed_TRUE",14867,0.139398980529148
"triplet_pairs","expressed_TRUE",14880,0.139228236589057
"triplet_pairs","expressed_TRUE",14893,0.139057492648966
"triplet_pairs","expressed_TRUE",14907,0.138994646853027
"triplet_pairs","expressed_TRUE",14920,0.138692784595097
"triplet_pairs","expressed_TRUE",14933,0.138784277290684
"triplet_pairs","expressed_TRUE",14946,0.138613533350593
"triplet_pairs","expressed_TRUE",14959,0.138573907728341
"triplet_pairs","expressed_TRUE",14972,0.138665400423928
"triplet_pairs","expressed_TRUE",14985,0.138625774801676
"triplet_pairs","expressed_TRUE",14998,0.138848385815102
"triplet_pairs","expressed_TRUE",15011,0.138677641875011
"triplet_pairs","expressed_TRUE",15024,0.13850689793492
"triplet_pairs","expressed_TRUE",15037,0.138467272312668
"triplet_pairs","expressed_TRUE",15050,0.138296528372577
"triplet_pairs","expressed_TRUE",15064,0.138627037530154
"triplet_pairs","expressed_TRUE",15077,0.138456293590063
"triplet_pairs","expressed_TRUE",15090,0.138285549649973
"triplet_pairs","expressed_TRUE",15103,0.138377042345559
"triplet_pairs","expressed_TRUE",15116,0.138206298405469
"triplet_pairs","expressed_TRUE",15129,0.138166672783216
"triplet_pairs","expressed_TRUE",15142,0.138389283796642
"triplet_pairs","expressed_TRUE",15155,0.138218539856551
"triplet_pairs","expressed_TRUE",15168,0.138178914234299
"triplet_pairs","expressed_TRUE",15181,0.138008170294208
"triplet_pairs","expressed_TRUE",15194,0.137837426354117
"triplet_pairs","expressed_TRUE",15208,0.137774580558178
"triplet_pairs","expressed_TRUE",15221,0.137734954935926
"triplet_pairs","expressed_TRUE",15234,0.137564210995836
"triplet_pairs","expressed_TRUE",15247,0.137393467055745
"triplet_pairs","expressed_TRUE",15260,0.137353841433493
"triplet_pairs","expressed_TRUE",15273,0.137183097493402
"triplet_pairs","expressed_TRUE",15286,0.13714347187115
"triplet_pairs","expressed_TRUE",15299,0.137234964566736
"triplet_pairs","expressed_TRUE",15312,0.137195338944484
"triplet_pairs","expressed_TRUE",15325,0.137286831640071
"triplet_pairs","expressed_TRUE",15338,0.137247206017819
"triplet_pairs","expressed_TRUE",15351,0.137076462077728
"triplet_pairs","expressed_TRUE",15365,0.13688249796395
"triplet_pairs","expressed_TRUE",15378,0.137105108977376
"triplet_pairs","expressed_TRUE",15391,0.137196601672963
"triplet_pairs","expressed_TRUE",15404,0.13728809436855
"triplet_pairs","expressed_TRUE",15417,0.137248468746298
"triplet_pairs","expressed_TRUE",15430,0.137077724806207
"triplet_pairs","expressed_TRUE",15443,0.137038099183955
"triplet_pairs","expressed_TRUE",15456,0.136998473561703
"triplet_pairs","expressed_TRUE",15469,0.136827729621612
"triplet_pairs","expressed_TRUE",15482,0.136525867363682
"triplet_pairs","expressed_TRUE",15495,0.13648624174143
"triplet_pairs","expressed_TRUE",15509,0.136292277627652
"triplet_pairs","expressed_TRUE",15522,0.136383770323239
"triplet_pairs","expressed_TRUE",15535,0.136213026383148
"triplet_pairs","expressed_TRUE",15548,0.136173400760896
"triplet_pairs","expressed_TRUE",15561,0.135871538502966
"triplet_pairs","expressed_TRUE",15574,0.135700794562876
"triplet_pairs","expressed_TRUE",15587,0.135661168940623
"triplet_pairs","expressed_TRUE",15600,0.135883779954049
"triplet_pairs","expressed_TRUE",15613,0.135975272649636
"triplet_pairs","expressed_TRUE",15626,0.135935647027384
"triplet_pairs","expressed_TRUE",15639,0.136027139722971
"triplet_pairs","expressed_TRUE",15652,0.135725277465041
"triplet_pairs","expressed_TRUE",15666,0.135531313351263
"triplet_pairs","expressed_TRUE",15679,0.135360569411172
"triplet_pairs","expressed_TRUE",15692,0.135058707153243
"triplet_pairs","expressed_TRUE",15705,0.13501908153099
"triplet_pairs","expressed_TRUE",15718,0.134979455908738
"triplet_pairs","expressed_TRUE",15731,0.134939830286486
"triplet_pairs","expressed_TRUE",15744,0.134637968028557
"triplet_pairs","expressed_TRUE",15757,0.134729460724143
"triplet_pairs","expressed_TRUE",15770,0.134558716784053
"triplet_pairs","expressed_TRUE",15783,0.134387972843962
"triplet_pairs","expressed_TRUE",15796,0.134217228903871
"triplet_pairs","expressed_TRUE",15810,0.134285501425771
"triplet_pairs","expressed_TRUE",15823,0.134376994121358
"triplet_pairs","expressed_TRUE",15836,0.134468486816944
"triplet_pairs","expressed_TRUE",15849,0.134166624559015
"triplet_pairs","expressed_TRUE",15862,0.133864762301085
"triplet_pairs","expressed_TRUE",15875,0.133562900043155
"triplet_pairs","expressed_TRUE",15888,0.133261037785225
"triplet_pairs","expressed_TRUE",15901,0.132959175527296
"triplet_pairs","expressed_TRUE",15914,0.132788431587205
"triplet_pairs","expressed_TRUE",15927,0.132748805964953
"triplet_pairs","expressed_TRUE",15940,0.132578062024862
"triplet_pairs","expressed_TRUE",15953,0.13253843640261
"triplet_pairs","expressed_TRUE",15967,0.13260670892451
"triplet_pairs","expressed_TRUE",15980,0.132435964984419
"triplet_pairs","expressed_TRUE",15993,0.132396339362167
"triplet_pairs","expressed_TRUE",16006,0.132225595422076
"triplet_pairs","expressed_TRUE",16019,0.132054851481985
"triplet_pairs","expressed_TRUE",16032,0.132015225859733
"triplet_pairs","expressed_TRUE",16045,0.131975600237481
"triplet_pairs","expressed_TRUE",16058,0.13180485629739
"triplet_pairs","expressed_TRUE",16071,0.131634112357299
"triplet_pairs","expressed_TRUE",16084,0.131463368417208
"triplet_pairs","expressed_TRUE",16097,0.131554861112795
"triplet_pairs","expressed_TRUE",16111,0.131623133634695
"triplet_pairs","expressed_TRUE",16124,0.131452389694604
"triplet_pairs","expressed_TRUE",16137,0.131412764072352
"triplet_pairs","expressed_TRUE",16150,0.131242020132261
"triplet_pairs","expressed_TRUE",16163,0.131333512827848
"triplet_pairs","expressed_TRUE",16176,0.131162768887757
"triplet_pairs","expressed_TRUE",16189,0.130992024947666
"triplet_pairs","expressed_TRUE",16202,0.130952399325414
"triplet_pairs","expressed_TRUE",16215,0.130912773703162
"triplet_pairs","expressed_TRUE",16228,0.130742029763071
"triplet_pairs","expressed_TRUE",16241,0.130702404140819
"triplet_pairs","expressed_TRUE",16254,0.130662778518567
"triplet_pairs","expressed_TRUE",16268,0.130731051040467
"triplet_pairs","expressed_TRUE",16281,0.130822543736054
"triplet_pairs","expressed_TRUE",16294,0.130914036431641
"triplet_pairs","expressed_TRUE",16307,0.131136647445066
"triplet_pairs","expressed_TRUE",16320,0.131359258458492
"triplet_pairs","expressed_TRUE",16333,0.131188514518401
"triplet_pairs","expressed_TRUE",16346,0.131673362167504
"triplet_pairs","expressed_TRUE",16359,0.131371499909575
"triplet_pairs","expressed_TRUE",16372,0.131331874287323
"triplet_pairs","expressed_TRUE",16385,0.131030012029393
"triplet_pairs","expressed_TRUE",16398,0.130859268089302
"triplet_pairs","expressed_TRUE",16411,0.130557405831372
"triplet_pairs","expressed_TRUE",16425,0.130363441717594
"triplet_pairs","expressed_TRUE",16438,0.130323816095342
"triplet_pairs","expressed_TRUE",16451,0.13028419047309
"triplet_pairs","expressed_TRUE",16464,0.129982328215161
"triplet_pairs","expressed_TRUE",16477,0.129942702592909
"triplet_pairs","expressed_TRUE",16490,0.129771958652818
"triplet_pairs","expressed_TRUE",16503,0.129863451348405
"triplet_pairs","expressed_TRUE",16516,0.129692707408314
"triplet_pairs","expressed_TRUE",16529,0.129521963468223
"triplet_pairs","expressed_TRUE",16542,0.129351219528132
"triplet_pairs","expressed_TRUE",16555,0.129180475588041
"triplet_pairs","expressed_TRUE",16569,0.128855393156424
"triplet_pairs","expressed_TRUE",16582,0.128553530898495
"triplet_pairs","expressed_TRUE",16595,0.128251668640565
"triplet_pairs","expressed_TRUE",16608,0.128080924700474
"triplet_pairs","expressed_TRUE",16621,0.127779062442545
"triplet_pairs","expressed_TRUE",16634,0.127608318502454
"triplet_pairs","expressed_TRUE",16647,0.127437574562363
"triplet_pairs","expressed_TRUE",16660,0.127791303893627
"triplet_pairs","expressed_TRUE",16673,0.127882796589214
"triplet_pairs","expressed_TRUE",16686,0.127974289284801
"triplet_pairs","expressed_TRUE",16699,0.12780354534471
"triplet_pairs","expressed_TRUE",16712,0.127763919722458
"triplet_pairs","expressed_TRUE",16726,0.12756995560868
"triplet_pairs","expressed_TRUE",16739,0.127661448304267
"triplet_pairs","expressed_TRUE",16752,0.127752940999854
"triplet_pairs","expressed_TRUE",16765,0.128106670331118
"triplet_pairs","expressed_TRUE",16778,0.127935926391027
"triplet_pairs","expressed_TRUE",16791,0.127896300768775
"triplet_pairs","expressed_TRUE",16804,0.127725556828684
"triplet_pairs","expressed_TRUE",16817,0.127554812888593
"triplet_pairs","expressed_TRUE",16830,0.127252950630664
"triplet_pairs","expressed_TRUE",16843,0.127082206690573
"triplet_pairs","expressed_TRUE",16856,0.12717369938616
"triplet_pairs","expressed_TRUE",16870,0.127110853590221
"triplet_pairs","expressed_TRUE",16883,0.127071227967969
"triplet_pairs","expressed_TRUE",16896,0.126900484027878
"triplet_pairs","expressed_TRUE",16909,0.126991976723464
"triplet_pairs","expressed_TRUE",16922,0.127083469419051
"triplet_pairs","expressed_TRUE",16935,0.127174962114638
"triplet_pairs","expressed_TRUE",16948,0.127135336492386
"triplet_pairs","expressed_TRUE",16961,0.126833474234456
"triplet_pairs","expressed_TRUE",16974,0.126793848612204
"triplet_pairs","expressed_TRUE",16987,0.126623104672113
"triplet_pairs","expressed_TRUE",17000,0.126583479049861
"triplet_pairs","expressed_TRUE",17013,0.126543853427609
"triplet_pairs","expressed_TRUE",17027,0.126349889313831
"triplet_pairs","expressed_TRUE",17040,0.126179145373741
"triplet_pairs","expressed_TRUE",17053,0.126139519751489
"triplet_pairs","expressed_TRUE",17066,0.126099894129237
"triplet_pairs","expressed_TRUE",17079,0.125798031871307
"triplet_pairs","expressed_TRUE",17092,0.125496169613377
"triplet_pairs","expressed_TRUE",17105,0.125194307355447
"triplet_pairs","expressed_TRUE",17118,0.124892445097518
"triplet_pairs","expressed_TRUE",17131,0.124852819475266
"triplet_pairs","expressed_TRUE",17144,0.124550957217336
"triplet_pairs","expressed_TRUE",17157,0.124511331595084
"triplet_pairs","expressed_TRUE",17171,0.124448485799145
"triplet_pairs","expressed_TRUE",17184,0.124146623541215
"triplet_pairs","expressed_TRUE",17197,0.123975879601124
"triplet_pairs","expressed_TRUE",17210,0.123936253978872
"triplet_pairs","expressed_TRUE",17223,0.12389662835662
"triplet_pairs","expressed_TRUE",17236,0.123725884416529
"triplet_pairs","expressed_TRUE",17249,0.123817377112116
"triplet_pairs","expressed_TRUE",17262,0.123646633172025
"triplet_pairs","expressed_TRUE",17275,0.123607007549773
"triplet_pairs","expressed_TRUE",17288,0.123829618563199
"triplet_pairs","expressed_TRUE",17301,0.123658874623108
"triplet_pairs","expressed_TRUE",17314,0.123619249000856
"triplet_pairs","expressed_TRUE",17328,0.123425284887078
"triplet_pairs","expressed_TRUE",17341,0.123254540946987
"triplet_pairs","expressed_TRUE",17354,0.123214915324735
"triplet_pairs","expressed_TRUE",17367,0.123175289702483
"triplet_pairs","expressed_TRUE",17380,0.12326678239807
"triplet_pairs","expressed_TRUE",17393,0.12296492014014
"triplet_pairs","expressed_TRUE",17406,0.122925294517888
"triplet_pairs","expressed_TRUE",17419,0.122885668895636
"triplet_pairs","expressed_TRUE",17432,0.122846043273384
"triplet_pairs","expressed_TRUE",17445,0.122675299333293
"triplet_pairs","expressed_TRUE",17458,0.12276679202888
"triplet_pairs","expressed_TRUE",17472,0.122572827915102
"triplet_pairs","expressed_TRUE",17485,0.122664320610689
"triplet_pairs","expressed_TRUE",17498,0.122493576670598
"triplet_pairs","expressed_TRUE",17511,0.122322832730507
"triplet_pairs","expressed_TRUE",17524,0.122414325426094
"triplet_pairs","expressed_TRUE",17537,0.122374699803842
"triplet_pairs","expressed_TRUE",17550,0.122203955863751
"triplet_pairs","expressed_TRUE",17563,0.122295448559338
"triplet_pairs","expressed_TRUE",17576,0.122124704619247
"triplet_pairs","expressed_TRUE",17589,0.121822842361317
"triplet_pairs","expressed_TRUE",17602,0.121520980103388
"triplet_pairs","expressed_TRUE",17615,0.121481354481136
"triplet_pairs","expressed_TRUE",17629,0.121418508685197
"triplet_pairs","expressed_TRUE",17642,0.121378883062945
"triplet_pairs","expressed_TRUE",17655,0.121208139122854
"triplet_pairs","expressed_TRUE",17668,0.121299631818441
"triplet_pairs","expressed_TRUE",17681,0.121260006196189
"triplet_pairs","expressed_TRUE",17694,0.121089262256098
"triplet_pairs","expressed_TRUE",17707,0.120787399998168
"triplet_pairs","expressed_TRUE",17720,0.121010011011594
"triplet_pairs","expressed_TRUE",17733,0.120839267071503
"triplet_pairs","expressed_TRUE",17746,0.121192996402767
"triplet_pairs","expressed_TRUE",17759,0.121022252462676
"triplet_pairs","expressed_TRUE",17772,0.120982626840424
"triplet_pairs","expressed_TRUE",17786,0.120919781044485
"triplet_pairs","expressed_TRUE",17799,0.120749037104394
"triplet_pairs","expressed_TRUE",17812,0.120578293164304
"triplet_pairs","expressed_TRUE",17825,0.120538667542051
"triplet_pairs","expressed_TRUE",17838,0.120367923601961
"triplet_pairs","expressed_TRUE",17851,0.12019717966187
"triplet_pairs","expressed_TRUE",17864,0.120026435721779
"triplet_pairs","expressed_TRUE",17877,0.119986810099527
"triplet_pairs","expressed_TRUE",17890,0.120078302795114
"triplet_pairs","expressed_TRUE",17903,0.120300913808539
"triplet_pairs","expressed_TRUE",17916,0.120130169868448
"triplet_pairs","expressed_TRUE",17930,0.119936205754671
"triplet_pairs","expressed_TRUE",17943,0.120158816768096
"triplet_pairs","expressed_TRUE",17956,0.120119191145844
"triplet_pairs","expressed_TRUE",17969,0.119817328887914
"triplet_pairs","expressed_TRUE",17982,0.119515466629985
"triplet_pairs","expressed_TRUE",17995,0.119213604372055
"triplet_pairs","expressed_TRUE",18008,0.119436215385481
"triplet_pairs","expressed_TRUE",18021,0.11926547144539
"triplet_pairs","expressed_TRUE",18034,0.119094727505299
"triplet_pairs","expressed_TRUE",18047,0.118792865247369
"triplet_pairs","expressed_TRUE",18060,0.118491002989439
"triplet_pairs","expressed_TRUE",18073,0.118451377367187
"triplet_pairs","expressed_TRUE",18087,0.11825741325341
"triplet_pairs","expressed_TRUE",18100,0.118348905948996
"triplet_pairs","expressed_TRUE",18113,0.118309280326744
"triplet_pairs","expressed_TRUE",18126,0.118138536386653
"triplet_pairs","expressed_TRUE",18139,0.117967792446563
"triplet_pairs","expressed_TRUE",18152,0.117797048506472
"triplet_pairs","expressed_TRUE",18165,0.117888541202059
"triplet_pairs","expressed_TRUE",18178,0.117848915579806
"triplet_pairs","expressed_TRUE",18191,0.117940408275393
"triplet_pairs","expressed_TRUE",18204,0.117900782653141
"triplet_pairs","expressed_TRUE",18217,0.117598920395212
"triplet_pairs","expressed_TRUE",18231,0.117536074599273
"triplet_pairs","expressed_TRUE",18244,0.117627567294859
"triplet_pairs","expressed_TRUE",18257,0.117719059990446
"triplet_pairs","expressed_TRUE",18270,0.117548316050355
"triplet_pairs","expressed_TRUE",18283,0.117508690428103
"triplet_pairs","expressed_TRUE",18296,0.117469064805851
"triplet_pairs","expressed_TRUE",18309,0.11729832086576
"triplet_pairs","expressed_TRUE",18322,0.117520931879186
"triplet_pairs","expressed_TRUE",18335,0.117350187939095
"triplet_pairs","expressed_TRUE",18348,0.117441680634682
"triplet_pairs","expressed_TRUE",18361,0.11740205501243
"triplet_pairs","expressed_TRUE",18374,0.117493547708016
"triplet_pairs","expressed_TRUE",18388,0.1171684652764
"triplet_pairs","expressed_TRUE",18401,0.116997721336309
"triplet_pairs","expressed_TRUE",18414,0.116958095714057
"triplet_pairs","expressed_TRUE",18427,0.117180706727483
"triplet_pairs","expressed_TRUE",18440,0.11714108110523
"triplet_pairs","expressed_TRUE",18453,0.117232573800817
"triplet_pairs","expressed_TRUE",18466,0.117061829860726
"triplet_pairs","expressed_TRUE",18479,0.117153322556313
"triplet_pairs","expressed_TRUE",18492,0.116982578616222
"triplet_pairs","expressed_TRUE",18505,0.116811834676131
"triplet_pairs","expressed_TRUE",18518,0.116641090736041
"triplet_pairs","expressed_TRUE",18532,0.116316008304424
"triplet_pairs","expressed_TRUE",18545,0.116145264364333
"triplet_pairs","expressed_TRUE",18558,0.115974520424242
"triplet_pairs","expressed_TRUE",18571,0.115803776484151
"triplet_pairs","expressed_TRUE",18584,0.115501914226222
"triplet_pairs","expressed_TRUE",18597,0.115331170286131
"triplet_pairs","expressed_TRUE",18610,0.115291544663879
"triplet_pairs","expressed_TRUE",18623,0.115120800723788
"triplet_pairs","expressed_TRUE",18636,0.115081175101536
"triplet_pairs","expressed_TRUE",18649,0.115041549479284
"triplet_pairs","expressed_TRUE",18662,0.115264160492709
"triplet_pairs","expressed_TRUE",18675,0.115093416552619
"triplet_pairs","expressed_TRUE",18689,0.11503057075668
"triplet_pairs","expressed_TRUE",18702,0.11472870849875
"triplet_pairs","expressed_TRUE",18715,0.115082437830014
"triplet_pairs","expressed_TRUE",18728,0.115042812207762
"triplet_pairs","expressed_TRUE",18741,0.115265423221188
"triplet_pairs","expressed_TRUE",18754,0.115356915916775
"triplet_pairs","expressed_TRUE",18767,0.115317290294523
"triplet_pairs","expressed_TRUE",18780,0.11527766467227
"triplet_pairs","expressed_TRUE",18793,0.11510692073218
"triplet_pairs","expressed_TRUE",18806,0.115329531745605
"triplet_pairs","expressed_TRUE",18819,0.115289906123353
"triplet_pairs","expressed_TRUE",18833,0.115227060327414
"triplet_pairs","expressed_TRUE",18846,0.114925198069485
"triplet_pairs","expressed_TRUE",18859,0.115016690765071
"triplet_pairs","expressed_TRUE",18872,0.11484594682498
"triplet_pairs","expressed_TRUE",18885,0.115068557838406
"triplet_pairs","expressed_TRUE",18898,0.115028932216154
"triplet_pairs","expressed_TRUE",18911,0.114858188276063
"triplet_pairs","expressed_TRUE",18924,0.114687444335972
"triplet_pairs","expressed_TRUE",18937,0.114385582078043
"triplet_pairs","expressed_TRUE",18950,0.114214838137952
"triplet_pairs","expressed_TRUE",18963,0.114044094197861
"triplet_pairs","expressed_TRUE",18976,0.11387335025777
"triplet_pairs","expressed_TRUE",18990,0.113679386143992
"triplet_pairs","expressed_TRUE",19003,0.113508642203901
"triplet_pairs","expressed_TRUE",19016,0.113206779945972
"triplet_pairs","expressed_TRUE",19029,0.112904917688042
"triplet_pairs","expressed_TRUE",19042,0.11286529206579
"triplet_pairs","expressed_TRUE",19055,0.112825666443538
"triplet_pairs","expressed_TRUE",19068,0.112917159139125
"triplet_pairs","expressed_TRUE",19081,0.112877533516873
"triplet_pairs","expressed_TRUE",19094,0.112706789576782
"triplet_pairs","expressed_TRUE",19107,0.11266716395453
"triplet_pairs","expressed_TRUE",19120,0.1123653016966
"triplet_pairs","expressed_TRUE",19133,0.112587912710026
"triplet_pairs","expressed_TRUE",19147,0.112918421867603
"triplet_pairs","expressed_TRUE",19160,0.11300991456319
"triplet_pairs","expressed_TRUE",19173,0.112970288940938
"triplet_pairs","expressed_TRUE",19186,0.112668426683008
"triplet_pairs","expressed_TRUE",19199,0.112497682742917
"triplet_pairs","expressed_TRUE",19212,0.112326938802826
"triplet_pairs","expressed_TRUE",19225,0.112156194862735
"triplet_pairs","expressed_TRUE",19238,0.112116569240483
"triplet_pairs","expressed_TRUE",19251,0.112076943618231
"triplet_pairs","expressed_TRUE",19264,0.111775081360302
"triplet_pairs","expressed_TRUE",19277,0.111604337420211
"triplet_pairs","expressed_TRUE",19291,0.111934846577788
"triplet_pairs","expressed_TRUE",19304,0.111895220955536
"triplet_pairs","expressed_TRUE",19317,0.111593358697607
"triplet_pairs","expressed_TRUE",19330,0.111422614757516
"triplet_pairs","expressed_TRUE",19343,0.111382989135264
"triplet_pairs","expressed_TRUE",19356,0.111998955102206
"triplet_pairs","expressed_TRUE",19369,0.112221566115631
"triplet_pairs","expressed_TRUE",19382,0.112575295446896
"triplet_pairs","expressed_TRUE",19395,0.112797906460321
"triplet_pairs","expressed_TRUE",19408,0.112889399155908
"triplet_pairs","expressed_TRUE",19421,0.112849773533656
"triplet_pairs","expressed_TRUE",19434,0.112941266229243
"triplet_pairs","expressed_TRUE",19448,0.112878420433304
"triplet_pairs","expressed_TRUE",19461,0.112576558175374
"triplet_pairs","expressed_TRUE",19474,0.112405814235283
"triplet_pairs","expressed_TRUE",19487,0.112628425248709
"triplet_pairs","expressed_TRUE",19500,0.112588799626457
"triplet_pairs","expressed_TRUE",19513,0.112680292322044
"triplet_pairs","expressed_TRUE",19526,0.112509548381953
"triplet_pairs","expressed_TRUE",19539,0.112469922759701
"triplet_pairs","expressed_TRUE",19552,0.112823652090965
"triplet_pairs","expressed_TRUE",19565,0.112652908150874
"triplet_pairs","expressed_TRUE",19578,0.112482164210783
"triplet_pairs","expressed_TRUE",19592,0.112288200097006
"triplet_pairs","expressed_TRUE",19605,0.112117456156915
"triplet_pairs","expressed_TRUE",19618,0.111946712216824
"triplet_pairs","expressed_TRUE",19631,0.111644849958894
"triplet_pairs","expressed_TRUE",19644,0.111605224336642
"triplet_pairs","expressed_TRUE",19657,0.111434480396551
"triplet_pairs","expressed_TRUE",19670,0.11126373645646
"triplet_pairs","expressed_TRUE",19683,0.111092992516369
"triplet_pairs","expressed_TRUE",19696,0.110922248576279
"triplet_pairs","expressed_TRUE",19709,0.111013741271865
"triplet_pairs","expressed_TRUE",19722,0.110974115649613
"triplet_pairs","expressed_TRUE",19735,0.110803371709522
"triplet_pairs","expressed_TRUE",19749,0.110740525913583
"triplet_pairs","expressed_TRUE",19762,0.110569781973493
"triplet_pairs","expressed_TRUE",19775,0.110530156351241
"triplet_pairs","expressed_TRUE",19788,0.11035941241115
"triplet_pairs","expressed_TRUE",19801,0.110319786788898
"triplet_pairs","expressed_TRUE",19814,0.110017924530968
"triplet_pairs","expressed_TRUE",19827,0.109847180590877
"triplet_pairs","expressed_TRUE",19840,0.109545318332947
"triplet_pairs","expressed_TRUE",19853,0.109243456075018
"triplet_pairs","expressed_TRUE",19866,0.109334948770604
"triplet_pairs","expressed_TRUE",19879,0.10955755978403
"triplet_pairs","expressed_TRUE",19893,0.109756950623769
"triplet_pairs","expressed_TRUE",19906,0.110110679955033
"triplet_pairs","expressed_TRUE",19919,0.109939936014942
"triplet_pairs","expressed_TRUE",19932,0.110031428710529
"triplet_pairs","expressed_TRUE",19945,0.110122921406116
"triplet_pairs","expressed_TRUE",19958,0.110083295783864
"triplet_pairs","expressed_TRUE",19971,0.110305906797289
"triplet_pairs","expressed_TRUE",19984,0.110528517810715
"triplet_pairs","expressed_TRUE",19997,0.110357773870624
"triplet_pairs","expressed_TRUE",20010,0.110187029930533
"triplet_pairs","expressed_TRUE",20023,0.110016285990442
"triplet_pairs","expressed_TRUE",20036,0.110238897003868
"triplet_pairs","expressed_TRUE",20050,0.110307169525768
"triplet_pairs","expressed_TRUE",20063,0.110529780539193
"triplet_pairs","expressed_TRUE",20076,0.110752391552619
"triplet_pairs","expressed_TRUE",20089,0.110712765930367
"triplet_pairs","expressed_TRUE",20102,0.110935376943793
"triplet_pairs","expressed_TRUE",20115,0.110764633003702
"triplet_pairs","expressed_TRUE",20128,0.110462770745772
"triplet_pairs","expressed_TRUE",20141,0.110947618394875
"triplet_pairs","expressed_TRUE",20154,0.110907992772623
"triplet_pairs","expressed_TRUE",20167,0.110606130514693
"triplet_pairs","expressed_TRUE",20180,0.110828741528119
"triplet_pairs","expressed_TRUE",20194,0.110503659096502
"triplet_pairs","expressed_TRUE",20207,0.11046403347425
"triplet_pairs","expressed_TRUE",20220,0.11029328953416
"triplet_pairs","expressed_TRUE",20233,0.10999142727623
"triplet_pairs","expressed_TRUE",20246,0.110214038289655
"triplet_pairs","expressed_TRUE",20259,0.109912176031726
"triplet_pairs","expressed_TRUE",20272,0.11026590536299
"triplet_pairs","expressed_TRUE",20285,0.10996404310506
"triplet_pairs","expressed_TRUE",20298,0.10979329916497
"triplet_pairs","expressed_TRUE",20311,0.110015910178395
"triplet_pairs","expressed_TRUE",20324,0.109845166238304
"triplet_pairs","expressed_TRUE",20337,0.109936658933891
"triplet_pairs","expressed_TRUE",20351,0.109742694820113
"triplet_pairs","expressed_TRUE",20364,0.1098341875157
"triplet_pairs","expressed_TRUE",20377,0.109794561893448
"triplet_pairs","expressed_TRUE",20390,0.109754936271196
"triplet_pairs","expressed_TRUE",20403,0.109846428966783
"triplet_pairs","expressed_TRUE",20416,0.10993792166237
"triplet_pairs","expressed_TRUE",20429,0.109767177722279
"triplet_pairs","expressed_TRUE",20442,0.109465315464349
"triplet_pairs","expressed_TRUE",20455,0.109294571524258
"triplet_pairs","expressed_TRUE",20468,0.109254945902006
"triplet_pairs","expressed_TRUE",20481,0.109477556915432
"triplet_pairs","expressed_TRUE",20494,0.109700167928857
"triplet_pairs","expressed_TRUE",20508,0.109768440450757
"triplet_pairs","expressed_TRUE",20521,0.109991051464183
"triplet_pairs","expressed_TRUE",20534,0.110082544159769
"triplet_pairs","expressed_TRUE",20547,0.110305155173195
"triplet_pairs","expressed_TRUE",20560,0.110265529550943
"triplet_pairs","expressed_TRUE",20573,0.110094785610852
"triplet_pairs","expressed_TRUE",20586,0.110186278306439
"triplet_pairs","expressed_TRUE",20599,0.110408889319865
"triplet_pairs","expressed_TRUE",20612,0.11063150033329
"triplet_pairs","expressed_TRUE",20625,0.110591874711038
"triplet_pairs","expressed_TRUE",20638,0.110421130770947
"triplet_pairs","expressed_TRUE",20652,0.110489403292847
"triplet_pairs","expressed_TRUE",20665,0.110580895988434
"triplet_pairs","expressed_TRUE",20678,0.110410152048343
"triplet_pairs","expressed_TRUE",20691,0.11050164474393
"triplet_pairs","expressed_TRUE",20704,0.110593137439517
"triplet_pairs","expressed_TRUE",20717,0.110553511817264
"triplet_pairs","expressed_TRUE",20730,0.110382767877174
"triplet_pairs","expressed_TRUE",20743,0.110343142254922
"triplet_pairs","expressed_TRUE",20756,0.110041279996992
"triplet_pairs","expressed_TRUE",20769,0.109739417739062
"triplet_pairs","expressed_TRUE",20782,0.109830910434649
"triplet_pairs","expressed_TRUE",20795,0.109660166494558
"triplet_pairs","expressed_TRUE",20809,0.109728439016458
"triplet_pairs","expressed_TRUE",20822,0.109819931712045
"triplet_pairs","expressed_TRUE",20835,0.109780306089793
"triplet_pairs","expressed_TRUE",20848,0.109609562149702
"triplet_pairs","expressed_TRUE",20861,0.109307699891772
"triplet_pairs","expressed_TRUE",20874,0.10926807426952
"triplet_pairs","expressed_TRUE",20887,0.109359566965107
"triplet_pairs","expressed_TRUE",20900,0.109188823025016
"triplet_pairs","expressed_TRUE",20913,0.109149197402764
"triplet_pairs","expressed_TRUE",20926,0.109109571780512
"triplet_pairs","expressed_TRUE",20939,0.109201064476099
"triplet_pairs","expressed_TRUE",20953,0.10913821868016
"triplet_pairs","expressed_TRUE",20966,0.109098593057908
"triplet_pairs","expressed_TRUE",20979,0.108927849117817
"triplet_pairs","expressed_TRUE",20992,0.109019341813404
"triplet_pairs","expressed_TRUE",21005,0.108717479555474
"triplet_pairs","expressed_TRUE",21018,0.108677853933222
"triplet_pairs","expressed_TRUE",21031,0.108769346628809
"triplet_pairs","expressed_TRUE",21044,0.108729721006556
"triplet_pairs","expressed_TRUE",21057,0.108427858748627
"triplet_pairs","expressed_TRUE",21070,0.108125996490697
"triplet_pairs","expressed_TRUE",21083,0.107955252550606
"triplet_pairs","expressed_TRUE",21096,0.107784508610515
"triplet_pairs","expressed_TRUE",21110,0.107459426178899
"triplet_pairs","expressed_TRUE",21123,0.107157563920969
"triplet_pairs","expressed_TRUE",21136,0.107117938298717
"triplet_pairs","expressed_TRUE",21149,0.107209430994304
"triplet_pairs","expressed_TRUE",21162,0.107038687054213
"triplet_pairs","expressed_TRUE",21175,0.106736824796283
"triplet_pairs","expressed_TRUE",21188,0.106697199174031
"triplet_pairs","expressed_TRUE",21201,0.106657573551779
"triplet_pairs","expressed_TRUE",21214,0.106617947929527
"triplet_pairs","expressed_TRUE",21227,0.106578322307275
"triplet_pairs","expressed_TRUE",21240,0.106407578367184
"triplet_pairs","expressed_TRUE",21254,0.106213614253406
"triplet_pairs","expressed_TRUE",21267,0.106042870313316
"triplet_pairs","expressed_TRUE",21280,0.105741008055386
"triplet_pairs","expressed_TRUE",21293,0.105570264115295
"triplet_pairs","expressed_TRUE",21306,0.105530638493043
"triplet_pairs","expressed_TRUE",21319,0.105359894552952
"triplet_pairs","expressed_TRUE",21332,0.1053202689307
"triplet_pairs","expressed_TRUE",21345,0.105542879944126
"triplet_pairs","expressed_TRUE",21358,0.105372136004035
"triplet_pairs","expressed_TRUE",21371,0.105070273746105
"triplet_pairs","expressed_TRUE",21384,0.104899529806014
"triplet_pairs","expressed_TRUE",21397,0.104859904183762
"triplet_pairs","expressed_TRUE",21411,0.104665940069984
"triplet_pairs","expressed_TRUE",21424,0.104626314447732
"triplet_pairs","expressed_TRUE",21437,0.104717807143319
"triplet_pairs","expressed_TRUE",21450,0.104415944885389
"triplet_pairs","expressed_TRUE",21463,0.104245200945299
"triplet_pairs","expressed_TRUE",21476,0.104205575323046
"triplet_pairs","expressed_TRUE",21489,0.104428186336472
"triplet_pairs","expressed_TRUE",21502,0.104650797349898
"triplet_pairs","expressed_TRUE",21515,0.104742290045484
"triplet_pairs","expressed_TRUE",21528,0.104440427787555
"triplet_pairs","expressed_TRUE",21541,0.104269683847464
"triplet_pairs","expressed_TRUE",21555,0.104075719733686
"triplet_pairs","expressed_TRUE",21568,0.104167212429273
"triplet_pairs","expressed_TRUE",21581,0.104389823442698
"triplet_pairs","expressed_TRUE",21594,0.104087961184769
"triplet_pairs","expressed_TRUE",21607,0.104048335562517
"triplet_pairs","expressed_TRUE",21620,0.104008709940265
"triplet_pairs","expressed_TRUE",21633,0.10423132095369
"triplet_pairs","expressed_TRUE",21646,0.104453931967116
"triplet_pairs","expressed_TRUE",21659,0.104152069709186
"triplet_pairs","expressed_TRUE",21672,0.104243562404773
"triplet_pairs","expressed_TRUE",21685,0.10433505510036
"triplet_pairs","expressed_TRUE",21698,0.104164311160269
"triplet_pairs","expressed_TRUE",21712,0.10410146536433
"triplet_pairs","expressed_TRUE",21725,0.103930721424239
"triplet_pairs","expressed_TRUE",21738,0.103628859166309
"triplet_pairs","expressed_TRUE",21751,0.103720351861896
"triplet_pairs","expressed_TRUE",21764,0.103811844557483
"triplet_pairs","expressed_TRUE",21777,0.10390333725307
"triplet_pairs","expressed_TRUE",21790,0.103863711630818
"triplet_pairs","expressed_TRUE",21803,0.103561849372888
"triplet_pairs","expressed_TRUE",21816,0.103259987114958
"triplet_pairs","expressed_TRUE",21829,0.103089243174867
"triplet_pairs","expressed_TRUE",21842,0.102787380916938
"triplet_pairs","expressed_TRUE",21855,0.102485518659008
"triplet_pairs","expressed_TRUE",21869,0.102553791180908
"triplet_pairs","expressed_TRUE",21882,0.102514165558656
"triplet_pairs","expressed_TRUE",21895,0.102474539936404
"triplet_pairs","expressed_TRUE",21908,0.102172677678474
"triplet_pairs","expressed_TRUE",21921,0.102133052056222
"triplet_pairs","expressed_TRUE",21934,0.101962308116131
"triplet_pairs","expressed_TRUE",21947,0.101922682493879
"triplet_pairs","expressed_TRUE",21960,0.101883056871627
"triplet_pairs","expressed_TRUE",21973,0.101843431249375
"triplet_pairs","expressed_TRUE",21986,0.101934923944962
"triplet_pairs","expressed_TRUE",21999,0.101764180004871
"triplet_pairs","expressed_TRUE",22013,0.101439097573254
"triplet_pairs","expressed_TRUE",22026,0.101268353633163
"triplet_pairs","expressed_TRUE",22039,0.100966491375234
"triplet_pairs","expressed_TRUE",22052,0.100795747435143
"triplet_pairs","expressed_TRUE",22065,0.100625003495052
"triplet_pairs","expressed_TRUE",22078,0.100454259554961
"triplet_pairs","expressed_TRUE",22091,0.100414633932709
"triplet_pairs","expressed_TRUE",22104,0.100506126628296
"triplet_pairs","expressed_TRUE",22117,0.100597619323883
"triplet_pairs","expressed_TRUE",22130,0.100426875383792
"triplet_pairs","expressed_TRUE",22143,0.100518368079379
"triplet_pairs","expressed_TRUE",22156,0.100347624139288
"triplet_pairs","expressed_TRUE",22170,0.10015366002551
"triplet_pairs","expressed_TRUE",22183,0.099982916085419
"triplet_pairs","expressed_TRUE",22196,0.0998121721453281
"triplet_pairs","expressed_TRUE",22209,0.100034783158754
"triplet_pairs","expressed_TRUE",22222,0.099732920900824
"triplet_pairs","expressed_TRUE",22235,0.099693295278572
"triplet_pairs","expressed_TRUE",22248,0.0995225513384811
"triplet_pairs","expressed_TRUE",22261,0.0993518073983902
"triplet_pairs","expressed_TRUE",22274,0.0990499451404605
"triplet_pairs","expressed_TRUE",22287,0.0990103195182085
"triplet_pairs","expressed_TRUE",22300,0.0991018122137953
"triplet_pairs","expressed_TRUE",22314,0.0987767297821787
"triplet_pairs","expressed_TRUE",22327,0.0986059858420878
"triplet_pairs","expressed_TRUE",22340,0.0983041235841581
"triplet_pairs","expressed_TRUE",22353,0.0982644979619061
"triplet_pairs","expressed_TRUE",22366,0.0984871089753317
"triplet_pairs","expressed_TRUE",22379,0.0987097199887572
"triplet_pairs","expressed_TRUE",22392,0.0986700943665052
"triplet_pairs","expressed_TRUE",22405,0.0983682321085755
"triplet_pairs","expressed_TRUE",22418,0.0983286064863235
"triplet_pairs","expressed_TRUE",22431,0.0982889808640714
"triplet_pairs","expressed_TRUE",22444,0.0981182369239805
"triplet_pairs","expressed_TRUE",22457,0.0984719662552449
"triplet_pairs","expressed_TRUE",22471,0.0985402387771448
"triplet_pairs","expressed_TRUE",22484,0.0986317314727316
"triplet_pairs","expressed_TRUE",22497,0.0985921058504795
"triplet_pairs","expressed_TRUE",22510,0.0986835985460663
"triplet_pairs","expressed_TRUE",22523,0.0989062095594919
"triplet_pairs","expressed_TRUE",22536,0.098735465619401
"triplet_pairs","expressed_TRUE",22549,0.0989580766328266
"triplet_pairs","expressed_TRUE",22562,0.0990495693284134
"triplet_pairs","expressed_TRUE",22575,0.099272180341839
"triplet_pairs","expressed_TRUE",22588,0.0989703180839093
"triplet_pairs","expressed_TRUE",22601,0.0989306924616572
"triplet_pairs","expressed_TRUE",22615,0.0987367283478795
"triplet_pairs","expressed_TRUE",22628,0.0985659844077886
"triplet_pairs","expressed_TRUE",22641,0.0983952404676977
"triplet_pairs","expressed_TRUE",22654,0.098093378209768
"triplet_pairs","expressed_TRUE",22667,0.0981848709053548
"triplet_pairs","expressed_TRUE",22680,0.0982763636009416
"triplet_pairs","expressed_TRUE",22693,0.0981056196608507
"triplet_pairs","expressed_TRUE",22706,0.0979348757207598
"triplet_pairs","expressed_TRUE",22719,0.0980263684163466
"triplet_pairs","expressed_TRUE",22732,0.0981178611119334
"triplet_pairs","expressed_TRUE",22745,0.0980782354896813
"triplet_pairs","expressed_TRUE",22758,0.0981697281852681
"triplet_pairs","expressed_TRUE",22772,0.0979757640714903
"triplet_pairs","expressed_TRUE",22785,0.0980672567670771
"triplet_pairs","expressed_TRUE",22798,0.0977653945091474
"triplet_pairs","expressed_TRUE",22811,0.0977257688868954
"triplet_pairs","expressed_TRUE",22824,0.0978172615824821
"triplet_pairs","expressed_TRUE",22837,0.0977776359602301
"triplet_pairs","expressed_TRUE",22850,0.0974757737023004
"triplet_pairs","expressed_TRUE",22863,0.0973050297622095
"triplet_pairs","expressed_TRUE",22876,0.0971342858221187
"triplet_pairs","expressed_TRUE",22889,0.0969635418820278
"triplet_pairs","expressed_TRUE",22902,0.0973172712132922
"triplet_pairs","expressed_TRUE",22915,0.0971465272732013
"triplet_pairs","expressed_TRUE",22929,0.0970836814772624
"triplet_pairs","expressed_TRUE",22942,0.0970440558550103
"triplet_pairs","expressed_TRUE",22955,0.0971355485505971
"triplet_pairs","expressed_TRUE",22968,0.0972270412461839
"triplet_pairs","expressed_TRUE",22981,0.0973185339417706
"triplet_pairs","expressed_TRUE",22994,0.0975411449551962
"triplet_pairs","expressed_TRUE",23007,0.097632637650783
"triplet_pairs","expressed_TRUE",23020,0.0975930120285309
"triplet_pairs","expressed_TRUE",23033,0.0972911497706013
"triplet_pairs","expressed_TRUE",23046,0.0975137607840268
"triplet_pairs","expressed_TRUE",23059,0.0974741351617748
"triplet_pairs","expressed_TRUE",23073,0.097280171047997
"triplet_pairs","expressed_TRUE",23086,0.097240545425745
"triplet_pairs","expressed_TRUE",23099,0.0969386831678153
"triplet_pairs","expressed_TRUE",23112,0.0967679392277244
"triplet_pairs","expressed_TRUE",23125,0.0968594319233112
"triplet_pairs","expressed_TRUE",23138,0.096950924618898
"triplet_pairs","expressed_TRUE",23151,0.0971735356323236
"triplet_pairs","expressed_TRUE",23164,0.0973961466457491
"triplet_pairs","expressed_TRUE",23177,0.0973565210234971
"triplet_pairs","expressed_TRUE",23190,0.097316895401245
"triplet_pairs","expressed_TRUE",23203,0.0975395064146706
"triplet_pairs","expressed_TRUE",23216,0.097893235745935
"triplet_pairs","expressed_TRUE",23230,0.0976992716321573
"triplet_pairs","expressed_TRUE",23243,0.0976596460099052
"triplet_pairs","expressed_TRUE",23256,0.0974889020698144
"triplet_pairs","expressed_TRUE",23269,0.0974492764475623
"triplet_pairs","expressed_TRUE",23282,0.0972785325074714
"triplet_pairs","expressed_TRUE",23295,0.0971077885673806
"triplet_pairs","expressed_TRUE",23308,0.0973303995808062
"triplet_pairs","expressed_TRUE",23321,0.0975530105942317
"triplet_pairs","expressed_TRUE",23334,0.0975133849719797
"triplet_pairs","expressed_TRUE",23347,0.09721152271405
"triplet_pairs","expressed_TRUE",23360,0.097171897091798
"triplet_pairs","expressed_TRUE",23374,0.0975024062493755
"triplet_pairs","expressed_TRUE",23387,0.0974627806271234
"triplet_pairs","expressed_TRUE",23400,0.0972920366870326
"triplet_pairs","expressed_TRUE",23413,0.0975146477004581
"triplet_pairs","expressed_TRUE",23426,0.0973439037603673
"triplet_pairs","expressed_TRUE",23439,0.097435396455954
"triplet_pairs","expressed_TRUE",23452,0.097395770833702
"triplet_pairs","expressed_TRUE",23465,0.0973561452114499
"triplet_pairs","expressed_TRUE",23478,0.0971854012713591
"triplet_pairs","expressed_TRUE",23491,0.0968835390134294
"triplet_pairs","expressed_TRUE",23504,0.0969750317090162
"triplet_pairs","expressed_TRUE",23517,0.0971976427224417
"triplet_pairs","expressed_TRUE",23531,0.097003678608664
"triplet_pairs","expressed_TRUE",23544,0.0968329346685731
"triplet_pairs","expressed_TRUE",23557,0.0966621907284822
"triplet_pairs","expressed_TRUE",23570,0.0964914467883914
"triplet_pairs","expressed_TRUE",23583,0.0963207028483005
"triplet_pairs","expressed_TRUE",23596,0.0964121955438873
"triplet_pairs","expressed_TRUE",23609,0.0963725699216352
"triplet_pairs","expressed_TRUE",23622,0.096464062617222
"triplet_pairs","expressed_TRUE",23635,0.0962933186771311
"triplet_pairs","expressed_TRUE",23648,0.0961225747370403
"triplet_pairs","expressed_TRUE",23661,0.0959518307969494
"triplet_pairs","expressed_TRUE",23675,0.0956267483653328
"triplet_pairs","expressed_TRUE",23688,0.0955871227430807
"triplet_pairs","expressed_TRUE",23701,0.0956786154386675
"triplet_pairs","expressed_TRUE",23714,0.0955078714985766
"triplet_pairs","expressed_TRUE",23727,0.0954682458763246
"triplet_pairs","expressed_TRUE",23740,0.0955597385719114
"triplet_pairs","expressed_TRUE",23753,0.0955201129496593
"triplet_pairs","expressed_TRUE",23766,0.0954804873274073
"triplet_pairs","expressed_TRUE",23779,0.0953097433873164
"triplet_pairs","expressed_TRUE",23792,0.0954012360829032
"triplet_pairs","expressed_TRUE",23805,0.0953616104606511
"triplet_pairs","expressed_TRUE",23818,0.0951908665205602
"triplet_pairs","expressed_TRUE",23832,0.0952591390424601
"triplet_pairs","expressed_TRUE",23845,0.0949572767845304
"triplet_pairs","expressed_TRUE",23858,0.0946554145266007
"triplet_pairs","expressed_TRUE",23871,0.094353552268671
"triplet_pairs","expressed_TRUE",23884,0.0941828083285802
"triplet_pairs","expressed_TRUE",23897,0.0944054193420058
"triplet_pairs","expressed_TRUE",23910,0.0942346754019149
"triplet_pairs","expressed_TRUE",23923,0.094063931461824
"triplet_pairs","expressed_TRUE",23936,0.0938931875217332
"triplet_pairs","expressed_TRUE",23949,0.0937224435816423
"triplet_pairs","expressed_TRUE",23962,0.0934205813237126
"triplet_pairs","expressed_TRUE",23976,0.0932266172099348
"triplet_pairs","expressed_TRUE",23989,0.0931869915876828
"triplet_pairs","expressed_TRUE",24002,0.0930162476475919
"triplet_pairs","expressed_TRUE",24015,0.0929766220253399
"triplet_pairs","expressed_TRUE",24028,0.0926747597674102
"triplet_pairs","expressed_TRUE",24041,0.0926351341451581
"triplet_pairs","expressed_TRUE",24054,0.0925955085229061
"triplet_pairs","expressed_TRUE",24067,0.0924247645828152
"triplet_pairs","expressed_TRUE",24080,0.0922540206427243
"triplet_pairs","expressed_TRUE",24093,0.0920832767026335
"triplet_pairs","expressed_TRUE",24106,0.0920436510803814
"triplet_pairs","expressed_TRUE",24119,0.0918729071402905
"triplet_pairs","expressed_TRUE",24133,0.091547824708674
"triplet_pairs","expressed_TRUE",24146,0.0916393174042607
"triplet_pairs","expressed_TRUE",24159,0.0914685734641699
"triplet_pairs","expressed_TRUE",24172,0.0915600661597566
"triplet_pairs","expressed_TRUE",24185,0.0915204405375046
"triplet_pairs","expressed_TRUE",24198,0.0914808149152525
"triplet_pairs","expressed_TRUE",24211,0.0915723076108393
"triplet_pairs","expressed_TRUE",24224,0.0914015636707484
"triplet_pairs","expressed_TRUE",24237,0.0912308197306576
"triplet_pairs","expressed_TRUE",24250,0.0909289574727279
"triplet_pairs","expressed_TRUE",24263,0.0906270952147982
"triplet_pairs","expressed_TRUE",24276,0.0904563512747073
"triplet_pairs","expressed_TRUE",24290,0.0903935054787684
"triplet_pairs","expressed_TRUE",24303,0.0900916432208387
"triplet_pairs","expressed_TRUE",24316,0.089789780962909
"triplet_pairs","expressed_TRUE",24329,0.0897501553406569
"triplet_pairs","expressed_TRUE",24342,0.0897105297184049
"triplet_pairs","expressed_TRUE",24355,0.089539785778314
"triplet_pairs","expressed_TRUE",24368,0.0893690418382231
"triplet_pairs","expressed_TRUE",24381,0.0891982978981323
"triplet_pairs","expressed_TRUE",24394,0.0888964356402026
"triplet_pairs","expressed_TRUE",24407,0.0888568100179505
"triplet_pairs","expressed_TRUE",24420,0.0886860660778597
"triplet_pairs","expressed_TRUE",24434,0.0886232202819207
"triplet_pairs","expressed_TRUE",24447,0.0887147129775075
"triplet_pairs","expressed_TRUE",24460,0.0891995606266107
"triplet_pairs","expressed_TRUE",24473,0.0890288166865198
"triplet_pairs","expressed_TRUE",24486,0.088858072746429
"triplet_pairs","expressed_TRUE",24499,0.0888184471241769
"triplet_pairs","expressed_TRUE",24512,0.0887788215019249
"triplet_pairs","expressed_TRUE",24525,0.088608077561834
"triplet_pairs","expressed_TRUE",24538,0.0883062153039043
"triplet_pairs","expressed_TRUE",24551,0.0881354713638134
"triplet_pairs","expressed_TRUE",24564,0.0880958457415614
"triplet_pairs","expressed_TRUE",24577,0.0879251018014705
"triplet_pairs","expressed_TRUE",24591,0.0877311376876928
"triplet_pairs","expressed_TRUE",24604,0.0876915120654407
"triplet_pairs","expressed_TRUE",24617,0.0880452413967051
"triplet_pairs","expressed_TRUE",24630,0.0880056157744531
"triplet_pairs","expressed_TRUE",24643,0.087965990152201
"triplet_pairs","expressed_TRUE",24656,0.0877952462121101
"triplet_pairs","expressed_TRUE",24669,0.0876245022720193
"triplet_pairs","expressed_TRUE",24682,0.0874537583319284
"triplet_pairs","expressed_TRUE",24695,0.087676369345354
"triplet_pairs","expressed_TRUE",24708,0.0875056254052631
"triplet_pairs","expressed_TRUE",24721,0.0874659997830111
"triplet_pairs","expressed_TRUE",24735,0.0874031539870721
"triplet_pairs","expressed_TRUE",24748,0.0871012917291424
"triplet_pairs","expressed_TRUE",24761,0.0870616661068904
"triplet_pairs","expressed_TRUE",24774,0.0870220404846383
"triplet_pairs","expressed_TRUE",24787,0.0869824148623863
"triplet_pairs","expressed_TRUE",24800,0.0866805526044566
"triplet_pairs","expressed_TRUE",24813,0.0865098086643657
"triplet_pairs","expressed_TRUE",24826,0.0863390647242749
"triplet_pairs","expressed_TRUE",24839,0.0860372024663452
"triplet_pairs","expressed_TRUE",24852,0.0857353402084155
"triplet_pairs","expressed_TRUE",24865,0.0854334779504858
"triplet_pairs","expressed_TRUE",24878,0.0852627340103949
"triplet_pairs","expressed_TRUE",24892,0.085199888214456
"triplet_pairs","expressed_TRUE",24905,0.0854224992278816
"triplet_pairs","expressed_TRUE",24918,0.0853828736056295
"triplet_pairs","expressed_TRUE",24931,0.0852121296655386
"triplet_pairs","expressed_TRUE",24944,0.0850413857254478
"triplet_pairs","expressed_TRUE",24957,0.0848706417853569
"triplet_pairs","expressed_TRUE",24970,0.0849621344809437
"triplet_pairs","expressed_TRUE",24983,0.0849225088586916
"triplet_pairs","expressed_TRUE",24996,0.0847517649186008
"triplet_pairs","expressed_TRUE",25009,0.0845810209785099
"triplet_pairs","expressed_TRUE",25022,0.084410277038419
"triplet_pairs","expressed_TRUE",25036,0.0842163129246413
"triplet_pairs","expressed_TRUE",25049,0.0841766873023892
"triplet_pairs","expressed_TRUE",25062,0.0838748250444595
"triplet_pairs","expressed_TRUE",25075,0.0835729627865298
"triplet_pairs","expressed_TRUE",25088,0.0834022188464389
"triplet_pairs","expressed_TRUE",25101,0.0833625932241869
"triplet_pairs","expressed_TRUE",25114,0.0833229676019348
"triplet_pairs","expressed_TRUE",25127,0.0830211053440052
"triplet_pairs","expressed_TRUE",25140,0.0828503614039143
"triplet_pairs","expressed_TRUE",25153,0.0828107357816622
"triplet_pairs","expressed_TRUE",25166,0.0826399918415714
"triplet_pairs","expressed_TRUE",25179,0.0824692479014805
"triplet_pairs","expressed_TRUE",25193,0.0822752837877027
"triplet_pairs","expressed_TRUE",25206,0.081973421529773
"triplet_pairs","expressed_TRUE",25219,0.081933795907521
"triplet_pairs","expressed_TRUE",25232,0.0816319336495913
"triplet_pairs","expressed_TRUE",25245,0.0814611897095004
"triplet_pairs","expressed_TRUE",25258,0.0815526824050872
"triplet_pairs","expressed_TRUE",25271,0.0812508201471575
"triplet_pairs","expressed_TRUE",25284,0.0812111945249055
"triplet_pairs","expressed_TRUE",25297,0.0809093322669758
"triplet_pairs","expressed_TRUE",25310,0.0807385883268849
"triplet_pairs","expressed_TRUE",25323,0.080567844386794
"triplet_pairs","expressed_TRUE",25337,0.0803738802730163
"triplet_pairs","expressed_TRUE",25350,0.080465372968603
"triplet_pairs","expressed_TRUE",25363,0.0802946290285122
"triplet_pairs","expressed_TRUE",25376,0.0799927667705825
"triplet_pairs","expressed_TRUE",25389,0.0799531411483304
"triplet_pairs","expressed_TRUE",25402,0.0800446338439172
"triplet_pairs","expressed_TRUE",25415,0.080136126539504
"triplet_pairs","expressed_TRUE",25428,0.0803587375529296
"triplet_pairs","expressed_TRUE",25441,0.0801879936128387
"triplet_pairs","expressed_TRUE",25454,0.0800172496727478
"triplet_pairs","expressed_TRUE",25467,0.0798465057326569
"triplet_pairs","expressed_TRUE",25480,0.0795446434747273
"triplet_pairs","expressed_TRUE",25494,0.0793506793609495
"triplet_pairs","expressed_TRUE",25507,0.0797044086922139
"triplet_pairs","expressed_TRUE",25520,0.0794025464342842
"triplet_pairs","expressed_TRUE",25533,0.0792318024941933
"triplet_pairs","expressed_TRUE",25546,0.0791921768719413
"triplet_pairs","expressed_TRUE",25559,0.0788903146140116
"triplet_pairs","expressed_TRUE",25572,0.0785884523560819
"triplet_pairs","expressed_TRUE",25585,0.0785488267338299
"triplet_pairs","expressed_TRUE",25598,0.0785092011115778
"triplet_pairs","expressed_TRUE",25611,0.0783384571714869
"triplet_pairs","expressed_TRUE",25624,0.0782988315492349
"triplet_pairs","expressed_TRUE",25637,0.0782592059269828
"triplet_pairs","expressed_TRUE",25651,0.0780652418132051
"triplet_pairs","expressed_TRUE",25664,0.0781567345087918
"triplet_pairs","expressed_TRUE",25677,0.0781171088865398
"triplet_pairs","expressed_TRUE",25690,0.0779463649464489
"triplet_pairs","expressed_TRUE",25703,0.0776445026885192
"triplet_pairs","expressed_TRUE",25716,0.0776048770662672
"triplet_pairs","expressed_TRUE",25729,0.0774341331261763
"triplet_pairs","expressed_TRUE",25742,0.0771322708682466
"triplet_pairs","expressed_TRUE",25755,0.0770926452459946
"triplet_pairs","expressed_TRUE",25768,0.0769219013059037
"triplet_pairs","expressed_TRUE",25781,0.0768822756836517
"triplet_pairs","expressed_TRUE",25795,0.0770816665233904
"triplet_pairs","expressed_TRUE",25808,0.0773042775368159
"triplet_pairs","expressed_TRUE",25821,0.0771335335967251
"triplet_pairs","expressed_TRUE",25834,0.077093907974473
"triplet_pairs","expressed_TRUE",25847,0.0767920457165433
"triplet_pairs","expressed_TRUE",25860,0.0772768933656466
"triplet_pairs","expressed_TRUE",25873,0.0772372677433945
"triplet_pairs","expressed_TRUE",25886,0.0770665238033036
"triplet_pairs","expressed_TRUE",25899,0.076764661545374
"triplet_pairs","expressed_TRUE",25912,0.0767250359231219
"triplet_pairs","expressed_TRUE",25925,0.0764231736651922
"triplet_pairs","expressed_TRUE",25938,0.0763835480429402
"triplet_pairs","expressed_TRUE",25952,0.0763207022470012
"triplet_pairs","expressed_TRUE",25965,0.0761499583069103
"triplet_pairs","expressed_TRUE",25978,0.0761103326846583
"triplet_pairs","expressed_TRUE",25991,0.0758084704267286
"triplet_pairs","expressed_TRUE",26004,0.0756377264866377
"triplet_pairs","expressed_TRUE",26017,0.0753358642287081
"triplet_pairs","expressed_TRUE",26030,0.0750340019707784
"triplet_pairs","expressed_TRUE",26043,0.0749943763485263
"triplet_pairs","expressed_TRUE",26056,0.0746925140905966
"triplet_pairs","expressed_TRUE",26069,0.0746528884683446
"triplet_pairs","expressed_TRUE",26082,0.0748754994817702
"triplet_pairs","expressed_TRUE",26096,0.0752060086393477
"triplet_pairs","expressed_TRUE",26109,0.0752975013349344
"triplet_pairs","expressed_TRUE",26122,0.0751267573948436
"triplet_pairs","expressed_TRUE",26135,0.0750871317725915
"triplet_pairs","expressed_TRUE",26148,0.0749163878325007
"triplet_pairs","expressed_TRUE",26161,0.074614525574571
"triplet_pairs","expressed_TRUE",26174,0.0745748999523189
"triplet_pairs","expressed_TRUE",26187,0.0747975109657445
"triplet_pairs","expressed_TRUE",26200,0.0748890036613313
"triplet_pairs","expressed_TRUE",26213,0.0748493780390792
"triplet_pairs","expressed_TRUE",26226,0.0745475157811495
"triplet_pairs","expressed_TRUE",26239,0.0745078901588975
"triplet_pairs","expressed_TRUE",26253,0.0743139260451197
"triplet_pairs","expressed_TRUE",26266,0.0741431821050288
"triplet_pairs","expressed_TRUE",26279,0.0743657931184544
"triplet_pairs","expressed_TRUE",26292,0.0740639308605247
"triplet_pairs","expressed_TRUE",26305,0.0741554235561115
"triplet_pairs","expressed_TRUE",26318,0.0741157979338595
"triplet_pairs","expressed_TRUE",26331,0.0740761723116074
"triplet_pairs","expressed_TRUE",26344,0.0740365466893554
"triplet_pairs","expressed_TRUE",26357,0.0737346844314257
"triplet_pairs","expressed_TRUE",26370,0.0738261771270124
"triplet_pairs","expressed_TRUE",26383,0.0739176698225992
"triplet_pairs","expressed_TRUE",26397,0.0737237057088214
"triplet_pairs","expressed_TRUE",26410,0.0736840800865694
"triplet_pairs","expressed_TRUE",26423,0.0736444544643173
"triplet_pairs","expressed_TRUE",26436,0.0734737105242265
"triplet_pairs","expressed_TRUE",26449,0.0734340849019744
"triplet_pairs","expressed_TRUE",26462,0.0731322226440447
"triplet_pairs","expressed_TRUE",26475,0.0730925970217927
"triplet_pairs","expressed_TRUE",26488,0.0730529713995406
"triplet_pairs","expressed_TRUE",26501,0.0728822274594498
"triplet_pairs","expressed_TRUE",26514,0.0728426018371977
"triplet_pairs","expressed_TRUE",26527,0.0728029762149457
"triplet_pairs","expressed_TRUE",26540,0.072501113957016
"triplet_pairs","expressed_TRUE",26554,0.0723071498432382
"triplet_pairs","expressed_TRUE",26567,0.0721364059031473
"triplet_pairs","expressed_TRUE",26580,0.0719656619630565
"triplet_pairs","expressed_TRUE",26593,0.0719260363408044
"triplet_pairs","expressed_TRUE",26606,0.0716241740828747
"triplet_pairs","expressed_TRUE",26619,0.071322311824945
"triplet_pairs","expressed_TRUE",26632,0.0710204495670154
"triplet_pairs","expressed_TRUE",26645,0.0709808239447633
"triplet_pairs","expressed_TRUE",26658,0.0709411983225113
"triplet_pairs","expressed_TRUE",26671,0.0707704543824204
"triplet_pairs","expressed_TRUE",26684,0.0707308287601683
"triplet_pairs","expressed_TRUE",26698,0.0710613379177459
"triplet_pairs","expressed_TRUE",26711,0.0710217122954938
"triplet_pairs","expressed_TRUE",26724,0.0709820866732418
"triplet_pairs","expressed_TRUE",26737,0.0710735793688285
"triplet_pairs","expressed_TRUE",26750,0.0707717171108988
"triplet_pairs","expressed_TRUE",26763,0.070600973170808
"triplet_pairs","expressed_TRUE",26776,0.0704302292307171
"triplet_pairs","expressed_TRUE",26789,0.070390603608465
"triplet_pairs","expressed_TRUE",26802,0.0704820963040518
"triplet_pairs","expressed_TRUE",26815,0.0703113523639609
"triplet_pairs","expressed_TRUE",26828,0.0701406084238701
"triplet_pairs","expressed_TRUE",26841,0.070100982801618
"triplet_pairs","expressed_TRUE",26855,0.0699070186878403
"triplet_pairs","expressed_TRUE",26868,0.0697362747477494
"triplet_pairs","expressed_TRUE",26881,0.0695655308076585
"triplet_pairs","expressed_TRUE",26894,0.0693947868675676
"triplet_pairs","expressed_TRUE",26907,0.0692240429274768
"triplet_pairs","expressed_TRUE",26920,0.0689221806695471
"triplet_pairs","expressed_TRUE",26933,0.0686203184116174
"triplet_pairs","expressed_TRUE",26946,0.0687118111072042
"triplet_pairs","expressed_TRUE",26959,0.0686721854849521
"triplet_pairs","expressed_TRUE",26972,0.0687636781805389
"triplet_pairs","expressed_TRUE",26985,0.068592934240448
"triplet_pairs","expressed_TRUE",26998,0.0682910719825183
"triplet_pairs","expressed_TRUE",27012,0.0682282261865794
"triplet_pairs","expressed_TRUE",27025,0.0681886005643273
"triplet_pairs","expressed_TRUE",27038,0.0682800932599141
"triplet_pairs","expressed_TRUE",27051,0.0679782310019844
"triplet_pairs","expressed_TRUE",27064,0.0684630786510876
"triplet_pairs","expressed_TRUE",27077,0.0681612163931579
"triplet_pairs","expressed_TRUE",27090,0.0685149457244224
"triplet_pairs","expressed_TRUE",27103,0.0684753201021703
"triplet_pairs","expressed_TRUE",27116,0.0681734578442406
"triplet_pairs","expressed_TRUE",27129,0.0678715955863109
"triplet_pairs","expressed_TRUE",27142,0.0678319699640589
"triplet_pairs","expressed_TRUE",27156,0.0675068875324423
"triplet_pairs","expressed_TRUE",27169,0.0674672619101902
"triplet_pairs","expressed_TRUE",27182,0.067558754605777
"triplet_pairs","expressed_TRUE",27195,0.0672568923478473
"triplet_pairs","expressed_TRUE",27208,0.0672172667255953
"triplet_pairs","expressed_TRUE",27221,0.0671776411033432
"triplet_pairs","expressed_TRUE",27234,0.0671380154810912
"triplet_pairs","expressed_TRUE",27247,0.0669672715410003
"triplet_pairs","expressed_TRUE",27260,0.0667965276009094
"triplet_pairs","expressed_TRUE",27273,0.0666257836608186
"triplet_pairs","expressed_TRUE",27286,0.0667172763564053
"triplet_pairs","expressed_TRUE",27299,0.0666776507341533
"triplet_pairs","expressed_TRUE",27313,0.0663525683025367
"triplet_pairs","expressed_TRUE",27326,0.0661818243624458
"triplet_pairs","expressed_TRUE",27339,0.0662733170580326
"triplet_pairs","expressed_TRUE",27352,0.0663648097536194
"triplet_pairs","expressed_TRUE",27365,0.0663251841313673
"triplet_pairs","expressed_TRUE",27378,0.0661544401912764
"triplet_pairs","expressed_TRUE",27391,0.066377051204702
"triplet_pairs","expressed_TRUE",27404,0.0664685439002888
"triplet_pairs","expressed_TRUE",27417,0.0662977999601979
"triplet_pairs","expressed_TRUE",27430,0.0661270560201071
"triplet_pairs","expressed_TRUE",27443,0.0659563120800162
"triplet_pairs","expressed_TRUE",27457,0.0656312296483996
"triplet_pairs","expressed_TRUE",27470,0.0655916040261476
"triplet_pairs","expressed_TRUE",27483,0.0652897417682179
"triplet_pairs","expressed_TRUE",27496,0.0656434710994823
"triplet_pairs","expressed_TRUE",27509,0.065734963795069
"triplet_pairs","expressed_TRUE",27522,0.0659575748084946
"triplet_pairs","expressed_TRUE",27535,0.0664424224575979
"triplet_pairs","expressed_TRUE",27548,0.0665339151531846
"triplet_pairs","expressed_TRUE",27561,0.0663631712130938
"triplet_pairs","expressed_TRUE",27574,0.0664546639086805
"triplet_pairs","expressed_TRUE",27587,0.0661528016507509
"triplet_pairs","expressed_TRUE",27600,0.0662442943463376
"triplet_pairs","expressed_TRUE",27614,0.0663125668682375
"triplet_pairs","expressed_TRUE",27627,0.0661418229281466
"triplet_pairs","expressed_TRUE",27640,0.0661021973058946
"triplet_pairs","expressed_TRUE",27653,0.0660625716836425
"triplet_pairs","expressed_TRUE",27666,0.0658918277435517
"triplet_pairs","expressed_TRUE",27679,0.0658522021212996
"triplet_pairs","expressed_TRUE",27692,0.0659436948168864
"triplet_pairs","expressed_TRUE",27705,0.0657729508767955
"triplet_pairs","expressed_TRUE",27718,0.0656022069367046
"triplet_pairs","expressed_TRUE",27731,0.0653003446787749
"triplet_pairs","expressed_TRUE",27744,0.0655229556922005
"triplet_pairs","expressed_TRUE",27758,0.0654601098962616
"triplet_pairs","expressed_TRUE",27771,0.0654204842740095
"triplet_pairs","expressed_TRUE",27784,0.0651186220160798
"triplet_pairs","expressed_TRUE",27797,0.064947878075989
"triplet_pairs","expressed_TRUE",27810,0.0649082524537369
"triplet_pairs","expressed_TRUE",27823,0.0646063901958072
"triplet_pairs","expressed_TRUE",27836,0.0643045279378776
"triplet_pairs","expressed_TRUE",27849,0.0641337839977867
"triplet_pairs","expressed_TRUE",27862,0.0640941583755346
"triplet_pairs","expressed_TRUE",27875,0.0637922961176049
"triplet_pairs","expressed_TRUE",27888,0.0636215521775141
"triplet_pairs","expressed_TRUE",27901,0.0633196899195844
"triplet_pairs","expressed_TRUE",27915,0.0632568441236454
"triplet_pairs","expressed_TRUE",27928,0.0630861001835546
"triplet_pairs","expressed_TRUE",27941,0.0627842379256249
"triplet_pairs","expressed_TRUE",27954,0.0624823756676952
"triplet_pairs","expressed_TRUE",27967,0.0624427500454431
"triplet_pairs","expressed_TRUE",27980,0.0626653610588687
"triplet_pairs","expressed_TRUE",27993,0.0627568537544555
"triplet_pairs","expressed_TRUE",28006,0.0625861098143646
"triplet_pairs","expressed_TRUE",28019,0.0622842475564349
"triplet_pairs","expressed_TRUE",28032,0.0622446219341829
"triplet_pairs","expressed_TRUE",28045,0.0623361146297697
"triplet_pairs","expressed_TRUE",28059,0.0624043871516695
"triplet_pairs","expressed_TRUE",28072,0.0624958798472563
"triplet_pairs","expressed_TRUE",28085,0.0628496091785207
"triplet_pairs","expressed_TRUE",28098,0.062547746920591
"triplet_pairs","expressed_TRUE",28111,0.062508121298339
"triplet_pairs","expressed_TRUE",28124,0.0624684956760869
"triplet_pairs","expressed_TRUE",28137,0.0624288700538349
"triplet_pairs","expressed_TRUE",28150,0.0623892444315828
"triplet_pairs","expressed_TRUE",28163,0.0620873821736531
"triplet_pairs","expressed_TRUE",28176,0.0619166382335623
"triplet_pairs","expressed_TRUE",28189,0.062008130929149
"triplet_pairs","expressed_TRUE",28202,0.0617062686712193
"triplet_pairs","expressed_TRUE",28216,0.0615123045574416
"triplet_pairs","expressed_TRUE",28229,0.0614726789351895
"triplet_pairs","expressed_TRUE",28242,0.0614330533129375
"triplet_pairs","expressed_TRUE",28255,0.0615245460085242
"triplet_pairs","expressed_TRUE",28268,0.0614849203862722
"triplet_pairs","expressed_TRUE",28281,0.0618386497175366
"triplet_pairs","expressed_TRUE",28294,0.0619301424131234
"triplet_pairs","expressed_TRUE",28307,0.0617593984730325
"triplet_pairs","expressed_TRUE",28320,0.0618508911686193
"triplet_pairs","expressed_TRUE",28333,0.0616801472285284
"triplet_pairs","expressed_TRUE",28346,0.0616405216062764
"triplet_pairs","expressed_TRUE",28359,0.0616008959840243
"triplet_pairs","expressed_TRUE",28373,0.0615380501880854
"triplet_pairs","expressed_TRUE",28386,0.0616295428836721
"triplet_pairs","expressed_TRUE",28399,0.0613276806257424
"triplet_pairs","expressed_TRUE",28412,0.0610258183678127
"triplet_pairs","expressed_TRUE",28425,0.0609861927455607
"triplet_pairs","expressed_TRUE",28438,0.0608154488054698
"triplet_pairs","expressed_TRUE",28451,0.0613002964545731
"triplet_pairs","expressed_TRUE",28464,0.0613917891501598
"triplet_pairs","expressed_TRUE",28477,0.061221045210069
"triplet_pairs","expressed_TRUE",28490,0.0609191829521393
"triplet_pairs","expressed_TRUE",28503,0.0608795573298872
"triplet_pairs","expressed_TRUE",28517,0.0606855932161094
"triplet_pairs","expressed_TRUE",28530,0.0605148492760186
"triplet_pairs","expressed_TRUE",28543,0.060868578607283
"triplet_pairs","expressed_TRUE",28556,0.0605667163493533
"triplet_pairs","expressed_TRUE",28569,0.0605270907271013
"triplet_pairs","expressed_TRUE",28582,0.0603563467870104
"triplet_pairs","expressed_TRUE",28595,0.0601856028469195
"triplet_pairs","expressed_TRUE",28608,0.0600148589068286
"triplet_pairs","expressed_TRUE",28621,0.0599752332845766
"triplet_pairs","expressed_TRUE",28634,0.0599356076623245
"triplet_pairs","expressed_TRUE",28647,0.060289336993589
"triplet_pairs","expressed_TRUE",28660,0.0601185930534981
"triplet_pairs","expressed_TRUE",28674,0.0599246289397203
"triplet_pairs","expressed_TRUE",28687,0.0598850033174683
"triplet_pairs","expressed_TRUE",28700,0.0597142593773774
"triplet_pairs","expressed_TRUE",28713,0.059936870390803
"triplet_pairs","expressed_TRUE",28726,0.0598972447685509
"triplet_pairs","expressed_TRUE",28739,0.0599887374641377
"triplet_pairs","expressed_TRUE",28752,0.0599491118418857
"triplet_pairs","expressed_TRUE",28765,0.0599094862196336
"triplet_pairs","expressed_TRUE",28778,0.0597387422795427
"triplet_pairs","expressed_TRUE",28791,0.0596991166572907
"triplet_pairs","expressed_TRUE",28804,0.0595283727171998
"triplet_pairs","expressed_TRUE",28818,0.0592032902855832
"triplet_pairs","expressed_TRUE",28831,0.0590325463454924
"triplet_pairs","expressed_TRUE",28844,0.0588618024054015
"triplet_pairs","expressed_TRUE",28857,0.0589532951009883
"triplet_pairs","expressed_TRUE",28870,0.0586514328430586
"triplet_pairs","expressed_TRUE",28883,0.0587429255386453
"triplet_pairs","expressed_TRUE",28896,0.0585721815985545
"triplet_pairs","expressed_TRUE",28909,0.0584014376584636
"triplet_pairs","expressed_TRUE",28922,0.0583618120362115
"triplet_pairs","expressed_TRUE",28935,0.0581910680961207
"triplet_pairs","expressed_TRUE",28948,0.0581514424738686
"triplet_pairs","expressed_TRUE",28961,0.0578495802159389
"triplet_pairs","expressed_TRUE",28975,0.0575244977843224
"triplet_pairs","expressed_TRUE",28988,0.0581404637512644
"triplet_pairs","expressed_TRUE",29001,0.0581008381290124
"triplet_pairs","expressed_TRUE",29014,0.0580612125067603
"triplet_pairs","expressed_TRUE",29027,0.0580215868845083
"triplet_pairs","expressed_TRUE",29040,0.0578508429444174
"triplet_pairs","expressed_TRUE",29053,0.0575489806864877
"triplet_pairs","expressed_TRUE",29066,0.0580338283355909
"triplet_pairs","expressed_TRUE",29079,0.0578630843955001
"triplet_pairs","expressed_TRUE",29092,0.057823458773248
"triplet_pairs","expressed_TRUE",29105,0.057783833150996
"triplet_pairs","expressed_TRUE",29119,0.0574587507193794
"triplet_pairs","expressed_TRUE",29132,0.0575502434149661
"triplet_pairs","expressed_TRUE",29145,0.0576417361105529
"triplet_pairs","expressed_TRUE",29158,0.0577332288061397
"triplet_pairs","expressed_TRUE",29171,0.0582180764552429
"triplet_pairs","expressed_TRUE",29184,0.0581784508329909
"triplet_pairs","expressed_TRUE",29197,0.0581388252107388
"triplet_pairs","expressed_TRUE",29210,0.0579680812706479
"triplet_pairs","expressed_TRUE",29223,0.0576662190127182
"triplet_pairs","expressed_TRUE",29236,0.0576265933904662
"triplet_pairs","expressed_TRUE",29249,0.0574558494503753
"triplet_pairs","expressed_TRUE",29262,0.0572851055102845
"triplet_pairs","expressed_TRUE",29276,0.0570911413965067
"triplet_pairs","expressed_TRUE",29289,0.056789279138577
"triplet_pairs","expressed_TRUE",29302,0.0567496535163249
"triplet_pairs","expressed_TRUE",29315,0.0565789095762341
"triplet_pairs","expressed_TRUE",29328,0.0564081656361432
"triplet_pairs","expressed_TRUE",29341,0.0562374216960523
"triplet_pairs","expressed_TRUE",29354,0.0561977960738003
"triplet_pairs","expressed_TRUE",29367,0.0565515254050647
"triplet_pairs","expressed_TRUE",29380,0.0565118997828127
"triplet_pairs","expressed_TRUE",29393,0.0564722741605606
"triplet_pairs","expressed_TRUE",29406,0.0563015302204697
"triplet_pairs","expressed_TRUE",29420,0.056107566106692
"triplet_pairs","expressed_TRUE",29433,0.0559368221666011
"triplet_pairs","expressed_TRUE",29446,0.055897196544349
"triplet_pairs","expressed_TRUE",29459,0.0555953342864193
"triplet_pairs","expressed_TRUE",29472,0.0556868269820061
"triplet_pairs","expressed_TRUE",29485,0.0561716746311094
"triplet_pairs","expressed_TRUE",29498,0.0558698123731797
"triplet_pairs","expressed_TRUE",29511,0.0556990684330888
"triplet_pairs","expressed_TRUE",29524,0.0555283244929979
"triplet_pairs","expressed_TRUE",29537,0.0553575805529071
"triplet_pairs","expressed_TRUE",29550,0.055317954930655
"triplet_pairs","expressed_TRUE",29563,0.055278329308403
"triplet_pairs","expressed_TRUE",29577,0.0553466018303028
"triplet_pairs","expressed_TRUE",29590,0.0550447395723731
"triplet_pairs","expressed_TRUE",29603,0.0547428773144434
"triplet_pairs","expressed_TRUE",29616,0.0547032516921914
"triplet_pairs","expressed_TRUE",29629,0.0544013894342617
"triplet_pairs","expressed_TRUE",29642,0.0542306454941708
"triplet_pairs","expressed_TRUE",29655,0.05405990155408
"triplet_pairs","expressed_TRUE",29668,0.0537580392961503
"triplet_pairs","expressed_TRUE",29681,0.0538495319917371
"triplet_pairs","expressed_TRUE",29694,0.0540721430051626
"triplet_pairs","expressed_TRUE",29707,0.053770280747233
"triplet_pairs","expressed_TRUE",29720,0.0539928917606585
"triplet_pairs","expressed_TRUE",29734,0.0537989276468808
"triplet_pairs","expressed_TRUE",29747,0.0534970653889511
"triplet_pairs","expressed_TRUE",29760,0.0535885580845379
"triplet_pairs","expressed_TRUE",29773,0.0532866958266082
"triplet_pairs","expressed_TRUE",29786,0.0532470702043561
"triplet_pairs","expressed_TRUE",29799,0.0533385628999429
"triplet_pairs","expressed_TRUE",29812,0.053167818959852
"triplet_pairs","expressed_TRUE",29825,0.0529970750197611
"triplet_pairs","expressed_TRUE",29838,0.0528263310796703
"triplet_pairs","expressed_TRUE",29851,0.0525244688217406
"triplet_pairs","expressed_TRUE",29864,0.0524848431994885
"triplet_pairs","expressed_TRUE",29878,0.0521597607678719
"triplet_pairs","expressed_TRUE",29891,0.0521201351456199
"triplet_pairs","expressed_TRUE",29904,0.0520805095233678
"triplet_pairs","expressed_TRUE",29917,0.0517786472654382
"triplet_pairs","expressed_TRUE",29930,0.0516079033253473
"triplet_pairs","expressed_TRUE",29943,0.0515682777030952
"triplet_pairs","expressed_TRUE",29956,0.051659770398682
"triplet_pairs","expressed_TRUE",29969,0.0517512630942688
"triplet_pairs","expressed_TRUE",29982,0.0517116374720167
"triplet_pairs","expressed_TRUE",29995,0.0516720118497647
"triplet_pairs","expressed_TRUE",30008,0.0517635045453514
"triplet_pairs","expressed_TRUE",30021,0.0514616422874218
"triplet_pairs","expressed_TRUE",30035,0.051267678173644
"triplet_pairs","expressed_TRUE",30048,0.0513591708692308
"triplet_pairs","expressed_TRUE",30061,0.0511884269291399
"triplet_pairs","expressed_TRUE",30074,0.0512799196247267
"triplet_pairs","expressed_TRUE",30087,0.050978057366797
"triplet_pairs","expressed_TRUE",30100,0.0512006683802226
"triplet_pairs","expressed_TRUE",30113,0.0511610427579705
"triplet_pairs","expressed_TRUE",30126,0.0509902988178796
"triplet_pairs","expressed_TRUE",30139,0.0512129098313052
"triplet_pairs","expressed_TRUE",30152,0.0510421658912144
"triplet_pairs","expressed_TRUE",30165,0.0510025402689623
"triplet_pairs","expressed_TRUE",30179,0.0508085761551845
"triplet_pairs","expressed_TRUE",30192,0.0506378322150937
"triplet_pairs","expressed_TRUE",30205,0.0504670882750028
"triplet_pairs","expressed_TRUE",30218,0.0505585809705896
"triplet_pairs","expressed_TRUE",30231,0.0507811919840152
"triplet_pairs","expressed_TRUE",30244,0.0510038029974408
"triplet_pairs","expressed_TRUE",30257,0.0509641773751887
"triplet_pairs","expressed_TRUE",30270,0.0507934334350978
"triplet_pairs","expressed_TRUE",30283,0.0508849261306846
"triplet_pairs","expressed_TRUE",30296,0.0507141821905937
"triplet_pairs","expressed_TRUE",30309,0.0508056748861805
"triplet_pairs","expressed_TRUE",30322,0.0506349309460896
"triplet_pairs","expressed_TRUE",30336,0.0505720851501507
"triplet_pairs","expressed_TRUE",30349,0.0504013412100598
"triplet_pairs","expressed_TRUE",30362,0.0506239522234854
"triplet_pairs","expressed_TRUE",30375,0.0507154449190722
"triplet_pairs","expressed_TRUE",30388,0.0506758192968201
"triplet_pairs","expressed_TRUE",30401,0.0505050753567293
"triplet_pairs","expressed_TRUE",30414,0.0504654497344772
"triplet_pairs","expressed_TRUE",30427,0.0502947057943863
"triplet_pairs","expressed_TRUE",30440,0.0503861984899731
"triplet_pairs","expressed_TRUE",30453,0.0500843362320434
"triplet_pairs","expressed_TRUE",30466,0.0500447106097914
"triplet_pairs","expressed_TRUE",30480,0.0499818648138524
"triplet_pairs","expressed_TRUE",30493,0.0496800025559227
"triplet_pairs","expressed_TRUE",30506,0.0495092586158319
"triplet_pairs","expressed_TRUE",30519,0.0494696329935798
"triplet_pairs","expressed_TRUE",30532,0.0495611256891666
"triplet_pairs","expressed_TRUE",30545,0.0493903817490757
"triplet_pairs","expressed_TRUE",30558,0.049088519491146
"triplet_pairs","expressed_TRUE",30571,0.049048893868894
"triplet_pairs","expressed_TRUE",30584,0.0491403865644807
"triplet_pairs","expressed_TRUE",30597,0.0489696426243899
"triplet_pairs","expressed_TRUE",30610,0.048798898684299
"triplet_pairs","expressed_TRUE",30623,0.0486281547442081
"triplet_pairs","expressed_TRUE",30637,0.0485653089482692
"triplet_pairs","expressed_TRUE",30650,0.0482634466903395
"triplet_pairs","expressed_TRUE",30663,0.0483549393859263
"triplet_pairs","expressed_TRUE",30676,0.0481841954458354
"triplet_pairs","expressed_TRUE",30689,0.0478823331879057
"triplet_pairs","expressed_TRUE",30702,0.0478427075656537
"triplet_pairs","expressed_TRUE",30715,0.0479342002612404
"triplet_pairs","expressed_TRUE",30728,0.0476323380033107
"triplet_pairs","expressed_TRUE",30741,0.0474615940632199
"triplet_pairs","expressed_TRUE",30754,0.0474219684409678
"triplet_pairs","expressed_TRUE",30767,0.047251224500877
"triplet_pairs","expressed_TRUE",30780,0.0470804805607861
"triplet_pairs","expressed_TRUE",30794,0.0471487530826859
"triplet_pairs","expressed_TRUE",30807,0.0471091274604339
"triplet_pairs","expressed_TRUE",30820,0.046938383520343
"triplet_pairs","expressed_TRUE",30833,0.0467676395802522
"triplet_pairs","expressed_TRUE",30846,0.0468591322758389
"triplet_pairs","expressed_TRUE",30859,0.0468195066535869
"triplet_pairs","expressed_TRUE",30872,0.046648762713496
"triplet_pairs","expressed_TRUE",30885,0.0464780187734051
"triplet_pairs","expressed_TRUE",30898,0.0465695114689919
"triplet_pairs","expressed_TRUE",30911,0.046398767528901
"triplet_pairs","expressed_TRUE",30924,0.0460969052709714
"triplet_pairs","expressed_TRUE",30938,0.0459029411571936
"triplet_pairs","expressed_TRUE",30951,0.0459944338527804
"triplet_pairs","expressed_TRUE",30964,0.0459548082305283
"triplet_pairs","expressed_TRUE",30977,0.0457840642904374
"triplet_pairs","expressed_TRUE",30990,0.0454822020325077
"triplet_pairs","expressed_TRUE",31003,0.0451803397745781
"triplet_pairs","expressed_TRUE",31016,0.0452718324701648
"triplet_pairs","expressed_TRUE",31029,0.045101088530074
"triplet_pairs","expressed_TRUE",31042,0.0450614629078219
"triplet_pairs","expressed_TRUE",31055,0.0450218372855699
"triplet_pairs","expressed_TRUE",31068,0.0451133299811566
"triplet_pairs","expressed_TRUE",31081,0.0450737043589046
"triplet_pairs","expressed_TRUE",31095,0.0448797402451268
"triplet_pairs","expressed_TRUE",31108,0.0447089963050359
"triplet_pairs","expressed_TRUE",31121,0.0450627256363004
"triplet_pairs","expressed_TRUE",31134,0.0447608633783707
"triplet_pairs","expressed_TRUE",31147,0.044459001120441
"triplet_pairs","expressed_TRUE",31160,0.0442882571803501
"triplet_pairs","expressed_TRUE",31173,0.0439863949224204
"triplet_pairs","expressed_TRUE",31186,0.0438156509823295
"triplet_pairs","expressed_TRUE",31199,0.0440382619957551
"triplet_pairs","expressed_TRUE",31212,0.0437363997378254
"triplet_pairs","expressed_TRUE",31225,0.0435656557977346
"triplet_pairs","expressed_TRUE",31239,0.0433716916839568
"triplet_pairs","expressed_TRUE",31252,0.0433320660617048
"triplet_pairs","expressed_TRUE",31265,0.0432924404394527
"triplet_pairs","expressed_TRUE",31278,0.0433839331350395
"triplet_pairs","expressed_TRUE",31291,0.0438687807841427
"triplet_pairs","expressed_TRUE",31304,0.0436980368440518
"triplet_pairs","expressed_TRUE",31317,0.0436584112217998
"triplet_pairs","expressed_TRUE",31330,0.0438810222352254
"triplet_pairs","expressed_TRUE",31343,0.0437102782951345
"triplet_pairs","expressed_TRUE",31356,0.0438017709907213
"triplet_pairs","expressed_TRUE",31369,0.0437621453684692
"triplet_pairs","expressed_TRUE",31382,0.043853638064056
"triplet_pairs","expressed_TRUE",31396,0.0436596739502782
"triplet_pairs","expressed_TRUE",31409,0.0434889300101874
"triplet_pairs","expressed_TRUE",31422,0.0431870677522577
"triplet_pairs","expressed_TRUE",31435,0.0430163238121668
"triplet_pairs","expressed_TRUE",31448,0.0429766981899148
"triplet_pairs","expressed_TRUE",31461,0.0426748359319851
"triplet_pairs","expressed_TRUE",31474,0.042635210309733
"triplet_pairs","expressed_TRUE",31487,0.042595584687481
"triplet_pairs","expressed_TRUE",31500,0.0425559590652289
"triplet_pairs","expressed_TRUE",31513,0.0426474517608157
"triplet_pairs","expressed_TRUE",31526,0.0427389444564025
"triplet_pairs","expressed_TRUE",31540,0.0428072169783023
"triplet_pairs","expressed_TRUE",31553,0.0425053547203726
"triplet_pairs","expressed_TRUE",31566,0.0424657290981206
"triplet_pairs","expressed_TRUE",31579,0.0424261034758685
"triplet_pairs","expressed_TRUE",31592,0.0422553595357777
"triplet_pairs","expressed_TRUE",31605,0.0422157339135256
"triplet_pairs","expressed_TRUE",31618,0.0421761082912736
"triplet_pairs","expressed_TRUE",31631,0.0421364826690215
"triplet_pairs","expressed_TRUE",31644,0.0418346204110918
"triplet_pairs","expressed_TRUE",31657,0.0417949947888398
"triplet_pairs","expressed_TRUE",31670,0.0418864874844265
"triplet_pairs","expressed_TRUE",31683,0.0421090984978521
"triplet_pairs","expressed_TRUE",31697,0.0423084893375908
"triplet_pairs","expressed_TRUE",31710,0.0426622186688552
"triplet_pairs","expressed_TRUE",31723,0.042753711364442
"triplet_pairs","expressed_TRUE",31736,0.0429763223778676
"triplet_pairs","expressed_TRUE",31749,0.0430678150734544
"triplet_pairs","expressed_TRUE",31762,0.0430281894512023
"triplet_pairs","expressed_TRUE",31775,0.0429885638289503
"triplet_pairs","expressed_TRUE",31788,0.043080056524537
"triplet_pairs","expressed_TRUE",31801,0.0429093125844462
"triplet_pairs","expressed_TRUE",31814,0.0432630419157106
"triplet_pairs","expressed_TRUE",31827,0.0429611796577809
"triplet_pairs","expressed_TRUE",31841,0.0428983338618419
"triplet_pairs","expressed_TRUE",31854,0.0427275899217511
"triplet_pairs","expressed_TRUE",31867,0.042687964299499
"triplet_pairs","expressed_TRUE",31880,0.0425172203594081
"triplet_pairs","expressed_TRUE",31893,0.0426087130549949
"triplet_pairs","expressed_TRUE",31906,0.0425690874327429
"triplet_pairs","expressed_TRUE",31919,0.0427916984461685
"triplet_pairs","expressed_TRUE",31932,0.0427520728239164
"triplet_pairs","expressed_TRUE",31945,0.0427124472016644
"triplet_pairs","expressed_TRUE",31958,0.0428039398972511
"triplet_pairs","expressed_TRUE",31971,0.0427643142749991
"triplet_pairs","expressed_TRUE",31984,0.0428558069705858
"triplet_pairs","expressed_TRUE",31998,0.0430551978103245
"triplet_pairs","expressed_TRUE",32011,0.0430155721880725
"triplet_pairs","expressed_TRUE",32024,0.0429759465658204
"triplet_pairs","expressed_TRUE",32037,0.0429363209435684
"triplet_pairs","expressed_TRUE",32050,0.043158931956994
"triplet_pairs","expressed_TRUE",32063,0.0429881880169031
"triplet_pairs","expressed_TRUE",32076,0.0429485623946511
"triplet_pairs","expressed_TRUE",32089,0.0430400550902378
"triplet_pairs","expressed_TRUE",32102,0.0431315477858246
"triplet_pairs","expressed_TRUE",32115,0.0429608038457337
"triplet_pairs","expressed_TRUE",32128,0.042658941587804
"triplet_pairs","expressed_TRUE",32141,0.0428815526012296
"triplet_pairs","expressed_TRUE",32155,0.0429498251231295
"triplet_pairs","expressed_TRUE",32168,0.0430413178187163
"triplet_pairs","expressed_TRUE",32181,0.0428705738786254
"triplet_pairs","expressed_TRUE",32194,0.0426998299385345
"triplet_pairs","expressed_TRUE",32207,0.0426602043162825
"triplet_pairs","expressed_TRUE",32220,0.0424894603761916
"triplet_pairs","expressed_TRUE",32233,0.0427120713896172
"triplet_pairs","expressed_TRUE",32246,0.0424102091316875
"triplet_pairs","expressed_TRUE",32259,0.0423705835094355
"triplet_pairs","expressed_TRUE",32272,0.0423309578871834
"triplet_pairs","expressed_TRUE",32285,0.0422913322649314
"triplet_pairs","expressed_TRUE",32299,0.0427529597403477
"triplet_pairs","expressed_TRUE",32312,0.0425822158002568
"triplet_pairs","expressed_TRUE",32325,0.0428048268136824
"triplet_pairs","expressed_TRUE",32338,0.0426340828735915
"triplet_pairs","expressed_TRUE",32351,0.0427255755691783
"triplet_pairs","expressed_TRUE",32364,0.0425548316290874
"triplet_pairs","expressed_TRUE",32377,0.0425152060068354
"triplet_pairs","expressed_TRUE",32390,0.042737817020261
"triplet_pairs","expressed_TRUE",32403,0.0426981913980089
"triplet_pairs","expressed_TRUE",32416,0.0429208024114345
"triplet_pairs","expressed_TRUE",32429,0.0427500584713437
"triplet_pairs","expressed_TRUE",32442,0.0425793145312528
"triplet_pairs","expressed_TRUE",32456,0.0422542320996362
"triplet_pairs","expressed_TRUE",32469,0.042345724795223
"triplet_pairs","expressed_TRUE",32482,0.0421749808551321
"triplet_pairs","expressed_TRUE",32495,0.0425287101863965
"triplet_pairs","expressed_TRUE",32508,0.0427513211998221
"triplet_pairs","expressed_TRUE",32521,0.04271169557757
"triplet_pairs","expressed_TRUE",32534,0.042672069955318
"triplet_pairs","expressed_TRUE",32547,0.0427635626509048
"triplet_pairs","expressed_TRUE",32560,0.0425928187108139
"triplet_pairs","expressed_TRUE",32573,0.0425531930885618
"triplet_pairs","expressed_TRUE",32586,0.0426446857841486
"triplet_pairs","expressed_TRUE",32600,0.0425818399882097
"triplet_pairs","expressed_TRUE",32613,0.0425422143659576
"triplet_pairs","expressed_TRUE",32626,0.0423714704258667
"triplet_pairs","expressed_TRUE",32639,0.0423318448036147
"triplet_pairs","expressed_TRUE",32652,0.0421611008635238
"triplet_pairs","expressed_TRUE",32665,0.041990356923433
"triplet_pairs","expressed_TRUE",32678,0.0416884946655033
"triplet_pairs","expressed_TRUE",32691,0.0419111056789289
"triplet_pairs","expressed_TRUE",32704,0.041740361738838
"triplet_pairs","expressed_TRUE",32717,0.0417007361165859
"triplet_pairs","expressed_TRUE",32730,0.0413988738586563
"triplet_pairs","expressed_TRUE",32743,0.0413592482364042
"triplet_pairs","expressed_TRUE",32757,0.0412964024404653
"triplet_pairs","expressed_TRUE",32770,0.0411256585003744
"triplet_pairs","expressed_TRUE",32783,0.0408237962424447
"triplet_pairs","expressed_TRUE",32796,0.0406530523023538
"triplet_pairs","expressed_TRUE",32809,0.040482308362263
"triplet_pairs","expressed_TRUE",32822,0.0405738010578497
"triplet_pairs","expressed_TRUE",32835,0.0404030571177589
"triplet_pairs","expressed_TRUE",32848,0.0401011948598292
"triplet_pairs","expressed_TRUE",32861,0.0403238058732548
"triplet_pairs","expressed_TRUE",32874,0.0405464168866803
"triplet_pairs","expressed_TRUE",32887,0.0402445546287507
"triplet_pairs","expressed_TRUE",32901,0.0403128271506505
"triplet_pairs","expressed_TRUE",32914,0.0401420832105597
"triplet_pairs","expressed_TRUE",32927,0.0399713392704688
"triplet_pairs","expressed_TRUE",32940,0.0398005953303779
"triplet_pairs","expressed_TRUE",32953,0.0397609697081259
"triplet_pairs","expressed_TRUE",32966,0.0398524624037126
"triplet_pairs","expressed_TRUE",32979,0.0395506001457829
"triplet_pairs","expressed_TRUE",32992,0.0397732111592085
"triplet_pairs","expressed_TRUE",33005,0.0397335855369565
"triplet_pairs","expressed_TRUE",33018,0.0395628415968656
"triplet_pairs","expressed_TRUE",33031,0.0393920976567748
"triplet_pairs","expressed_TRUE",33044,0.0393524720345227
"triplet_pairs","expressed_TRUE",33058,0.0392896262385838
"triplet_pairs","expressed_TRUE",33071,0.0392500006163317
"triplet_pairs","expressed_TRUE",33084,0.0392103749940797
"triplet_pairs","expressed_TRUE",33097,0.0390396310539888
"triplet_pairs","expressed_TRUE",33110,0.0390000054317367
"triplet_pairs","expressed_TRUE",33123,0.0389603798094847
"triplet_pairs","expressed_TRUE",33136,0.0389207541872326
"triplet_pairs","expressed_TRUE",33149,0.0390122468828194
"triplet_pairs","expressed_TRUE",33162,0.0387103846248897
"triplet_pairs","expressed_TRUE",33175,0.0390641139561541
"triplet_pairs","expressed_TRUE",33188,0.0394178432874185
"triplet_pairs","expressed_TRUE",33202,0.0393549974914796
"triplet_pairs","expressed_TRUE",33215,0.0393153718692275
"triplet_pairs","expressed_TRUE",33228,0.0395379828826531
"triplet_pairs","expressed_TRUE",33241,0.0393672389425623
"triplet_pairs","expressed_TRUE",33254,0.039458731638149
"triplet_pairs","expressed_TRUE",33267,0.039419106015897
"triplet_pairs","expressed_TRUE",33280,0.0392483620758061
"triplet_pairs","expressed_TRUE",33293,0.0390776181357152
"triplet_pairs","expressed_TRUE",33306,0.039169110831302
"triplet_pairs","expressed_TRUE",33319,0.0388672485733723
"triplet_pairs","expressed_TRUE",33332,0.0386965046332814
"triplet_pairs","expressed_TRUE",33345,0.0387879973288682
"triplet_pairs","expressed_TRUE",33359,0.0385940332150904
"triplet_pairs","expressed_TRUE",33372,0.0385544075928384
"triplet_pairs","expressed_TRUE",33385,0.0385147819705863
"triplet_pairs","expressed_TRUE",33398,0.0383440380304955
"triplet_pairs","expressed_TRUE",33411,0.0383044124082434
"triplet_pairs","expressed_TRUE",33424,0.038527023421669
"triplet_pairs","expressed_TRUE",33437,0.0383562794815782
"triplet_pairs","expressed_TRUE",33450,0.0383166538593261
"triplet_pairs","expressed_TRUE",33463,0.0381459099192352
"triplet_pairs","expressed_TRUE",33476,0.038237402614822
"triplet_pairs","expressed_TRUE",33489,0.0380666586747311
"triplet_pairs","expressed_TRUE",33502,0.0382892696881567
"triplet_pairs","expressed_TRUE",33516,0.0382264238922178
"triplet_pairs","expressed_TRUE",33529,0.0380556799521269
"triplet_pairs","expressed_TRUE",33542,0.0381471726477137
"triplet_pairs","expressed_TRUE",33555,0.0381075470254616
"triplet_pairs","expressed_TRUE",33568,0.0379368030853708
"triplet_pairs","expressed_TRUE",33581,0.0380282957809575
"triplet_pairs","expressed_TRUE",33594,0.0378575518408667
"triplet_pairs","expressed_TRUE",33607,0.0376868079007758
"triplet_pairs","expressed_TRUE",33620,0.0376471822785237
"triplet_pairs","expressed_TRUE",33633,0.0377386749741105
"triplet_pairs","expressed_TRUE",33646,0.0374368127161808
"triplet_pairs","expressed_TRUE",33660,0.037242848602403
"triplet_pairs","expressed_TRUE",33673,0.0370721046623122
"triplet_pairs","expressed_TRUE",33686,0.0369013607222213
"triplet_pairs","expressed_TRUE",33699,0.0369928534178081
"triplet_pairs","expressed_TRUE",33712,0.0370843461133948
"triplet_pairs","expressed_TRUE",33725,0.0367824838554652
"triplet_pairs","expressed_TRUE",33738,0.0367428582332131
"triplet_pairs","expressed_TRUE",33751,0.0369654692466387
"triplet_pairs","expressed_TRUE",33764,0.036663606988709
"triplet_pairs","expressed_TRUE",33777,0.0364928630486181
"triplet_pairs","expressed_TRUE",33790,0.0364532374263661
"triplet_pairs","expressed_TRUE",33803,0.0365447301219529
"triplet_pairs","expressed_TRUE",33817,0.0363507660081751
"triplet_pairs","expressed_TRUE",33830,0.0365733770216007
"triplet_pairs","expressed_TRUE",33843,0.0365337513993486
"triplet_pairs","expressed_TRUE",33856,0.0371497173662907
"triplet_pairs","expressed_TRUE",33869,0.0373723283797163
"triplet_pairs","expressed_TRUE",33882,0.037463821075303
"triplet_pairs","expressed_TRUE",33895,0.037424195453051
"triplet_pairs","expressed_TRUE",33908,0.0373845698307989
"triplet_pairs","expressed_TRUE",33921,0.0372138258907081
"triplet_pairs","expressed_TRUE",33934,0.0370430819506172
"triplet_pairs","expressed_TRUE",33947,0.0370034563283652
"triplet_pairs","expressed_TRUE",33961,0.037071728850265
"triplet_pairs","expressed_TRUE",33974,0.0372943398636906
"triplet_pairs","expressed_TRUE",33987,0.0372547142414386
"triplet_pairs","expressed_TRUE",34000,0.0369528519835089
"triplet_pairs","expressed_TRUE",34013,0.036782108043418
"triplet_pairs","expressed_TRUE",34026,0.0367424824211659
"triplet_pairs","expressed_TRUE",34039,0.0370962117524304
"triplet_pairs","expressed_TRUE",34052,0.0369254678123395
"triplet_pairs","expressed_TRUE",34065,0.0368858421900874
"triplet_pairs","expressed_TRUE",34078,0.0365839799321578
"triplet_pairs","expressed_TRUE",34091,0.0362821176742281
"triplet_pairs","expressed_TRUE",34104,0.036242492051976
"triplet_pairs","expressed_TRUE",34118,0.0360485279381982
"triplet_pairs","expressed_TRUE",34131,0.0358777839981074
"triplet_pairs","expressed_TRUE",34144,0.0358381583758553
"triplet_pairs","expressed_TRUE",34157,0.0360607693892809
"triplet_pairs","expressed_TRUE",34170,0.0361522620848677
"triplet_pairs","expressed_TRUE",34183,0.035850399826938
"triplet_pairs","expressed_TRUE",34196,0.0358107742046859
"triplet_pairs","expressed_TRUE",34209,0.0355089119467563
"triplet_pairs","expressed_TRUE",34222,0.0354692863245042
"triplet_pairs","expressed_TRUE",34235,0.0356918973379298
"triplet_pairs","expressed_TRUE",34248,0.0353900350800001
"triplet_pairs","expressed_TRUE",34262,0.0351960709662223
"triplet_pairs","expressed_TRUE",34275,0.0354186819796479
"triplet_pairs","expressed_TRUE",34288,0.0352479380395571
"triplet_pairs","expressed_TRUE",34301,0.0353394307351438
"triplet_pairs","expressed_TRUE",34314,0.035168686795053
"triplet_pairs","expressed_TRUE",34327,0.0351290611728009
"triplet_pairs","expressed_TRUE",34340,0.03495831723271
"triplet_pairs","expressed_TRUE",34353,0.0351809282461356
"triplet_pairs","expressed_TRUE",34366,0.0351413026238836
"triplet_pairs","expressed_TRUE",34379,0.0351016770016315
"triplet_pairs","expressed_TRUE",34392,0.0349309330615407
"triplet_pairs","expressed_TRUE",34405,0.0350224257571274
"triplet_pairs","expressed_TRUE",34419,0.0348284616433497
"triplet_pairs","expressed_TRUE",34432,0.03452659938542
"triplet_pairs","expressed_TRUE",34445,0.0346180920810067
"triplet_pairs","expressed_TRUE",34458,0.0344473481409159
"triplet_pairs","expressed_TRUE",34471,0.0344077225186638
"triplet_pairs","expressed_TRUE",34484,0.034236978578573
"triplet_pairs","expressed_TRUE",34497,0.0340662346384821
"triplet_pairs","expressed_TRUE",34510,0.0344199639697465
"triplet_pairs","expressed_TRUE",34523,0.0346425749831721
"triplet_pairs","expressed_TRUE",34536,0.03460294936092
"triplet_pairs","expressed_TRUE",34549,0.0344322054208292
"triplet_pairs","expressed_TRUE",34563,0.0346315962605679
"triplet_pairs","expressed_TRUE",34576,0.0345919706383158
"triplet_pairs","expressed_TRUE",34589,0.0345523450160638
"triplet_pairs","expressed_TRUE",34602,0.0343816010759729
"triplet_pairs","expressed_TRUE",34615,0.034210857135882
"triplet_pairs","expressed_TRUE",34628,0.0343023498314688
"triplet_pairs","expressed_TRUE",34641,0.0341316058913779
"triplet_pairs","expressed_TRUE",34654,0.0338297436334482
"triplet_pairs","expressed_TRUE",34667,0.0340523546468738
"triplet_pairs","expressed_TRUE",34680,0.0342749656602994
"triplet_pairs","expressed_TRUE",34693,0.0343664583558862
"triplet_pairs","expressed_TRUE",34706,0.0343268327336341
"triplet_pairs","expressed_TRUE",34720,0.0342639869376952
"triplet_pairs","expressed_TRUE",34733,0.0340932429976043
"triplet_pairs","expressed_TRUE",34746,0.0339224990575134
"triplet_pairs","expressed_TRUE",34759,0.0342762283887778
"triplet_pairs","expressed_TRUE",34772,0.0342366027665258
"triplet_pairs","expressed_TRUE",34785,0.0339347405085961
"triplet_pairs","expressed_TRUE",34798,0.0338951148863441
"triplet_pairs","expressed_TRUE",34811,0.033855489264092
"triplet_pairs","expressed_TRUE",34824,0.03381586364184
"triplet_pairs","expressed_TRUE",34837,0.0335140013839103
"triplet_pairs","expressed_TRUE",34850,0.0332121391259806
"triplet_pairs","expressed_TRUE",34863,0.0331725135037285
"triplet_pairs","expressed_TRUE",34877,0.0331096677077896
"triplet_pairs","expressed_TRUE",34890,0.0330700420855375
"triplet_pairs","expressed_TRUE",34903,0.0330304164632855
"triplet_pairs","expressed_TRUE",34916,0.0329907908410334
"triplet_pairs","expressed_TRUE",34929,0.0328200469009426
"triplet_pairs","expressed_TRUE",34942,0.0326493029608517
"triplet_pairs","expressed_TRUE",34955,0.0324785590207608
"triplet_pairs","expressed_TRUE",34968,0.0321766967628311
"triplet_pairs","expressed_TRUE",34981,0.0320059528227403
"triplet_pairs","expressed_TRUE",34994,0.0323596821540047
"triplet_pairs","expressed_TRUE",35007,0.0323200565317526
"triplet_pairs","expressed_TRUE",35021,0.032781684007169
"triplet_pairs","expressed_TRUE",35034,0.0331354133384334
"triplet_pairs","expressed_TRUE",35047,0.0334891426696978
"triplet_pairs","expressed_TRUE",35060,0.0333183987296069
"triplet_pairs","expressed_TRUE",35073,0.0334098914251937
"triplet_pairs","expressed_TRUE",35086,0.0337636207564581
"triplet_pairs","expressed_TRUE",35099,0.0335928768163672
"triplet_pairs","expressed_TRUE",35112,0.0335532511941152
"triplet_pairs","expressed_TRUE",35125,0.0333825072540243
"triplet_pairs","expressed_TRUE",35138,0.0332117633139334
"triplet_pairs","expressed_TRUE",35151,0.0330410193738426
"triplet_pairs","expressed_TRUE",35164,0.0327391571159129
"triplet_pairs","expressed_TRUE",35178,0.0324140746842963
"triplet_pairs","expressed_TRUE",35191,0.0323744490620442
"triplet_pairs","expressed_TRUE",35204,0.0322037051219534
"triplet_pairs","expressed_TRUE",35217,0.0322951978175401
"triplet_pairs","expressed_TRUE",35230,0.0322555721952881
"triplet_pairs","expressed_TRUE",35243,0.0324781832087137
"triplet_pairs","expressed_TRUE",35256,0.0324385575864616
"triplet_pairs","expressed_TRUE",35269,0.0321366953285319
"triplet_pairs","expressed_TRUE",35282,0.0323593063419575
"triplet_pairs","expressed_TRUE",35295,0.0323196807197055
"triplet_pairs","expressed_TRUE",35308,0.0321489367796146
"triplet_pairs","expressed_TRUE",35322,0.0319549726658368
"triplet_pairs","expressed_TRUE",35335,0.0319153470435848
"triplet_pairs","expressed_TRUE",35348,0.0317446031034939
"triplet_pairs","expressed_TRUE",35361,0.0319672141169195
"triplet_pairs","expressed_TRUE",35374,0.0317964701768286
"triplet_pairs","expressed_TRUE",35387,0.0317568445545766
"triplet_pairs","expressed_TRUE",35400,0.0317172189323245
"triplet_pairs","expressed_TRUE",35413,0.0315464749922337
"triplet_pairs","expressed_TRUE",35426,0.0316379676878204
"triplet_pairs","expressed_TRUE",35439,0.031860578701246
"triplet_pairs","expressed_TRUE",35452,0.0316898347611552
"triplet_pairs","expressed_TRUE",35465,0.0313879725032255
"triplet_pairs","expressed_TRUE",35479,0.0311940083894477
"triplet_pairs","expressed_TRUE",35492,0.0316788560385509
"triplet_pairs","expressed_TRUE",35505,0.0317703487341377
"triplet_pairs","expressed_TRUE",35518,0.0315996047940468
"triplet_pairs","expressed_TRUE",35531,0.0318222158074724
"triplet_pairs","expressed_TRUE",35544,0.0319137085030592
"triplet_pairs","expressed_TRUE",35557,0.0317429645629683
"triplet_pairs","expressed_TRUE",35570,0.0315722206228774
"triplet_pairs","expressed_TRUE",35583,0.0314014766827866
"triplet_pairs","expressed_TRUE",35596,0.0312307327426957
"triplet_pairs","expressed_TRUE",35609,0.0311911071204437
"triplet_pairs","expressed_TRUE",35623,0.0311282613245047
"triplet_pairs","expressed_TRUE",35636,0.0314819906557691
"triplet_pairs","expressed_TRUE",35649,0.0315734833513559
"triplet_pairs","expressed_TRUE",35662,0.0315338577291038
"triplet_pairs","expressed_TRUE",35675,0.0314942321068518
"triplet_pairs","expressed_TRUE",35688,0.0314546064845997
"triplet_pairs","expressed_TRUE",35701,0.0312838625445089
"triplet_pairs","expressed_TRUE",35714,0.031113118604418
"triplet_pairs","expressed_TRUE",35727,0.031073492982166
"triplet_pairs","expressed_TRUE",35740,0.0311649856777527
"triplet_pairs","expressed_TRUE",35753,0.030863123419823
"triplet_pairs","expressed_TRUE",35766,0.0306923794797322
"triplet_pairs","expressed_TRUE",35780,0.0310228886373097
"triplet_pairs","expressed_TRUE",35793,0.0309832630150576
"triplet_pairs","expressed_TRUE",35806,0.0308125190749668
"triplet_pairs","expressed_TRUE",35819,0.0305106568170371
"triplet_pairs","expressed_TRUE",35832,0.0306021495126238
"triplet_pairs","expressed_TRUE",35845,0.0306936422082106
"triplet_pairs","expressed_TRUE",35858,0.0306540165859586
"triplet_pairs","expressed_TRUE",35871,0.0307455092815453
"triplet_pairs","expressed_TRUE",35884,0.0307058836592933
"triplet_pairs","expressed_TRUE",35897,0.0306662580370412
"triplet_pairs","expressed_TRUE",35910,0.0303643957791115
"triplet_pairs","expressed_TRUE",35924,0.0300393133474949
"triplet_pairs","expressed_TRUE",35937,0.0299996877252429
"triplet_pairs","expressed_TRUE",35950,0.0302222987386685
"triplet_pairs","expressed_TRUE",35963,0.0304449097520941
"triplet_pairs","expressed_TRUE",35976,0.030405284129842
"triplet_pairs","expressed_TRUE",35989,0.0304967768254288
"triplet_pairs","expressed_TRUE",36002,0.0305882695210156
"triplet_pairs","expressed_TRUE",36015,0.0305486438987635
"triplet_pairs","expressed_TRUE",36028,0.0302467816408338
"triplet_pairs","expressed_TRUE",36041,0.0299449193829041
"triplet_pairs","expressed_TRUE",36054,0.0302986487141685
"triplet_pairs","expressed_TRUE",36067,0.0303901414097553
"triplet_pairs","expressed_TRUE",36081,0.0304584139316552
"triplet_pairs","expressed_TRUE",36094,0.030549906627242
"triplet_pairs","expressed_TRUE",36107,0.0303791626871511
"triplet_pairs","expressed_TRUE",36120,0.0304706553827379
"triplet_pairs","expressed_TRUE",36133,0.0305621480783246
"triplet_pairs","expressed_TRUE",36146,0.030915877409589
"triplet_pairs","expressed_TRUE",36159,0.0311384884230146
"triplet_pairs","expressed_TRUE",36172,0.0309677444829238
"triplet_pairs","expressed_TRUE",36185,0.0307970005428329
"triplet_pairs","expressed_TRUE",36198,0.0307573749205808
"triplet_pairs","expressed_TRUE",36211,0.0307177492983288
"triplet_pairs","expressed_TRUE",36224,0.0309403603117544
"triplet_pairs","expressed_TRUE",36238,0.0306152778801378
"triplet_pairs","expressed_TRUE",36251,0.0305756522578857
"triplet_pairs","expressed_TRUE",36264,0.0305360266356337
"triplet_pairs","expressed_TRUE",36277,0.0304964010133816
"triplet_pairs","expressed_TRUE",36290,0.0308501303446461
"triplet_pairs","expressed_TRUE",36303,0.0313349779937493
"triplet_pairs","expressed_TRUE",36316,0.0312953523714972
"triplet_pairs","expressed_TRUE",36329,0.0309934901135675
"triplet_pairs","expressed_TRUE",36342,0.0312161011269931
"triplet_pairs","expressed_TRUE",36355,0.0309142388690634
"triplet_pairs","expressed_TRUE",36368,0.031136849882489
"triplet_pairs","expressed_TRUE",36382,0.0310740040865501
"triplet_pairs","expressed_TRUE",36395,0.031034378464298
"triplet_pairs","expressed_TRUE",36408,0.0311258711598848
"triplet_pairs","expressed_TRUE",36421,0.0309551272197939
"triplet_pairs","expressed_TRUE",36434,0.0307843832797031
"triplet_pairs","expressed_TRUE",36447,0.030744757657451
"triplet_pairs","expressed_TRUE",36460,0.0304428953995213
"triplet_pairs","expressed_TRUE",36473,0.0306655064129469
"triplet_pairs","expressed_TRUE",36486,0.0306258807906949
"triplet_pairs","expressed_TRUE",36499,0.030455136850604
"triplet_pairs","expressed_TRUE",36512,0.0302843929105131
"triplet_pairs","expressed_TRUE",36525,0.0303758856060999
"triplet_pairs","expressed_TRUE",36539,0.0304441581279998
"triplet_pairs","expressed_TRUE",36552,0.0304045325057477
"triplet_pairs","expressed_TRUE",36565,0.0302337885656568
"triplet_pairs","expressed_TRUE",36578,0.0304563995790824
"triplet_pairs","expressed_TRUE",36591,0.0305478922746692
"triplet_pairs","expressed_TRUE",36604,0.0303771483345783
"triplet_pairs","expressed_TRUE",36617,0.0302064043944875
"triplet_pairs","expressed_TRUE",36630,0.0299045421365578
"triplet_pairs","expressed_TRUE",36643,0.0301271531499834
"triplet_pairs","expressed_TRUE",36656,0.0302186458455701
"triplet_pairs","expressed_TRUE",36669,0.0301790202233181
"triplet_pairs","expressed_TRUE",36683,0.030247292745218
"triplet_pairs","expressed_TRUE",36696,0.0302076671229659
"triplet_pairs","expressed_TRUE",36709,0.0299058048650362
"triplet_pairs","expressed_TRUE",36722,0.0297350609249454
"triplet_pairs","expressed_TRUE",36735,0.0295643169848545
"triplet_pairs","expressed_TRUE",36748,0.0295246913626024
"triplet_pairs","expressed_TRUE",36761,0.0293539474225116
"triplet_pairs","expressed_TRUE",36774,0.0294454401180983
"triplet_pairs","expressed_TRUE",36787,0.0296680511315239
"triplet_pairs","expressed_TRUE",36800,0.0294973071914331
"triplet_pairs","expressed_TRUE",36813,0.0293265632513422
"triplet_pairs","expressed_TRUE",36826,0.0292869376290901
"triplet_pairs","expressed_TRUE",36840,0.0290929735153124
"triplet_pairs","expressed_TRUE",36853,0.029315584528738
"triplet_pairs","expressed_TRUE",36866,0.0294070772243247
"triplet_pairs","expressed_TRUE",36879,0.0294985699199115
"triplet_pairs","expressed_TRUE",36892,0.0294589442976594
"triplet_pairs","expressed_TRUE",36905,0.0294193186754074
"triplet_pairs","expressed_TRUE",36918,0.0291174564174777
"triplet_pairs","expressed_TRUE",36931,0.028815594159548
"triplet_pairs","expressed_TRUE",36944,0.0285137319016183
"triplet_pairs","expressed_TRUE",36957,0.0283429879615275
"triplet_pairs","expressed_TRUE",36970,0.0280411257035978
"triplet_pairs","expressed_TRUE",36984,0.0277160432719812
"triplet_pairs","expressed_TRUE",36997,0.0278075359675679
"triplet_pairs","expressed_TRUE",37010,0.0281612652988324
"triplet_pairs","expressed_TRUE",37023,0.0282527579944191
"triplet_pairs","expressed_TRUE",37036,0.0280820140543283
"triplet_pairs","expressed_TRUE",37049,0.0279112701142374
"triplet_pairs","expressed_TRUE",37062,0.0280027628098242
"triplet_pairs","expressed_TRUE",37075,0.0279631371875721
"triplet_pairs","expressed_TRUE",37088,0.0281857482009977
"triplet_pairs","expressed_TRUE",37101,0.0282772408965845
"triplet_pairs","expressed_TRUE",37114,0.0279753786386548
"triplet_pairs","expressed_TRUE",37127,0.0279357530164027
"triplet_pairs","expressed_TRUE",37141,0.0282662621739802
"triplet_pairs","expressed_TRUE",37154,0.0284888731874058
"triplet_pairs","expressed_TRUE",37167,0.028318129247315
"triplet_pairs","expressed_TRUE",37180,0.0284096219429017
"triplet_pairs","expressed_TRUE",37193,0.0282388780028109
"triplet_pairs","expressed_TRUE",37206,0.0281992523805588
"triplet_pairs","expressed_TRUE",37219,0.0278973901226291
"triplet_pairs","expressed_TRUE",37232,0.0277266461825383
"triplet_pairs","expressed_TRUE",37245,0.0275559022424474
"triplet_pairs","expressed_TRUE",37258,0.027778513255873
"triplet_pairs","expressed_TRUE",37271,0.0276077693157821
"triplet_pairs","expressed_TRUE",37285,0.0278071601555208
"triplet_pairs","expressed_TRUE",37298,0.0276364162154299
"triplet_pairs","expressed_TRUE",37311,0.0275967905931779
"triplet_pairs","expressed_TRUE",37324,0.027426046653087
"triplet_pairs","expressed_TRUE",37337,0.027386421030835
"triplet_pairs","expressed_TRUE",37350,0.0270845587729053
"triplet_pairs","expressed_TRUE",37363,0.0267826965149756
"triplet_pairs","expressed_TRUE",37376,0.0267430708927235
"triplet_pairs","expressed_TRUE",37389,0.0268345635883103
"triplet_pairs","expressed_TRUE",37402,0.0265327013303806
"triplet_pairs","expressed_TRUE",37415,0.0264930757081286
"triplet_pairs","expressed_TRUE",37428,0.0264534500858765
"triplet_pairs","expressed_TRUE",37442,0.0262594859720987
"triplet_pairs","expressed_TRUE",37455,0.0263509786676855
"triplet_pairs","expressed_TRUE",37468,0.0264424713632723
"triplet_pairs","expressed_TRUE",37481,0.0264028457410202
"triplet_pairs","expressed_TRUE",37494,0.026494338436607
"triplet_pairs","expressed_TRUE",37507,0.0265858311321938
"triplet_pairs","expressed_TRUE",37520,0.0265462055099417
"triplet_pairs","expressed_TRUE",37533,0.0265065798876897
"triplet_pairs","expressed_TRUE",37546,0.0265980725832764
"triplet_pairs","expressed_TRUE",37559,0.0265584469610244
"triplet_pairs","expressed_TRUE",37572,0.0265188213387723
"triplet_pairs","expressed_TRUE",37585,0.0263480773986815
"triplet_pairs","expressed_TRUE",37599,0.0261541132849037
"triplet_pairs","expressed_TRUE",37612,0.0261144876626517
"triplet_pairs","expressed_TRUE",37625,0.0260748620403996
"triplet_pairs","expressed_TRUE",37638,0.0261663547359864
"triplet_pairs","expressed_TRUE",37651,0.0262578474315731
"triplet_pairs","expressed_TRUE",37664,0.0262182218093211
"triplet_pairs","expressed_TRUE",37677,0.0260474778692302
"triplet_pairs","expressed_TRUE",37690,0.0258767339291394
"triplet_pairs","expressed_TRUE",37703,0.0257059899890485
"triplet_pairs","expressed_TRUE",37716,0.0255352460489576
"triplet_pairs","expressed_TRUE",37729,0.0252333837910279
"triplet_pairs","expressed_TRUE",37743,0.025170537995089
"triplet_pairs","expressed_TRUE",37756,0.0251309123728369
"triplet_pairs","expressed_TRUE",37769,0.0249601684327461
"triplet_pairs","expressed_TRUE",37782,0.024920542810494
"triplet_pairs","expressed_TRUE",37795,0.0247497988704031
"triplet_pairs","expressed_TRUE",37808,0.0245790549303123
"triplet_pairs","expressed_TRUE",37821,0.024670547625899
"triplet_pairs","expressed_TRUE",37834,0.024630922003647
"triplet_pairs","expressed_TRUE",37847,0.0245912963813949
"triplet_pairs","expressed_TRUE",37860,0.0245516707591429
"triplet_pairs","expressed_TRUE",37873,0.0245120451368908
"triplet_pairs","expressed_TRUE",37886,0.0244724195146388
"triplet_pairs","expressed_TRUE",37900,0.0241473370830222
"triplet_pairs","expressed_TRUE",37913,0.0241077114607701
"triplet_pairs","expressed_TRUE",37926,0.0238058492028405
"triplet_pairs","expressed_TRUE",37939,0.024028460216266
"triplet_pairs","expressed_TRUE",37952,0.0238577162761752
"triplet_pairs","expressed_TRUE",37965,0.0238180906539231
"triplet_pairs","expressed_TRUE",37978,0.0236473467138323
"triplet_pairs","expressed_TRUE",37991,0.0234766027737414
"triplet_pairs","expressed_TRUE",38004,0.0231747405158117
"triplet_pairs","expressed_TRUE",38017,0.0233973515292373
"triplet_pairs","expressed_TRUE",38030,0.0230954892713076
"triplet_pairs","expressed_TRUE",38044,0.0232948801110463
"triplet_pairs","expressed_TRUE",38057,0.0233863728066331
"triplet_pairs","expressed_TRUE",38070,0.0234778655022198
"triplet_pairs","expressed_TRUE",38083,0.023307121562129
"triplet_pairs","expressed_TRUE",38096,0.0231363776220381
"triplet_pairs","expressed_TRUE",38109,0.0229656336819472
"triplet_pairs","expressed_TRUE",38122,0.0229260080596952
"triplet_pairs","expressed_TRUE",38135,0.0231486190731208
"triplet_pairs","expressed_TRUE",38148,0.0232401117687075
"triplet_pairs","expressed_TRUE",38161,0.0230693678286167
"triplet_pairs","expressed_TRUE",38174,0.0228986238885258
"triplet_pairs","expressed_TRUE",38187,0.0225967616305961
"triplet_pairs","expressed_TRUE",38201,0.0222716791989795
"triplet_pairs","expressed_TRUE",38214,0.0222320535767275
"triplet_pairs","expressed_TRUE",38227,0.0224546645901531
"triplet_pairs","expressed_TRUE",38240,0.0225461572857398
"triplet_pairs","expressed_TRUE",38253,0.022375413345649
"triplet_pairs","expressed_TRUE",38266,0.0225980243590745
"triplet_pairs","expressed_TRUE",38279,0.0225583987368225
"triplet_pairs","expressed_TRUE",38292,0.0225187731145704
"triplet_pairs","expressed_TRUE",38305,0.0226102658101572
"triplet_pairs","expressed_TRUE",38318,0.0224395218700663
"triplet_pairs","expressed_TRUE",38331,0.0225310145656531
"triplet_pairs","expressed_TRUE",38345,0.0224681687697142
"triplet_pairs","expressed_TRUE",38358,0.0222974248296233
"triplet_pairs","expressed_TRUE",38371,0.0221266808895324
"triplet_pairs","expressed_TRUE",38384,0.0219559369494416
"triplet_pairs","expressed_TRUE",38397,0.0219163113271895
"triplet_pairs","expressed_TRUE",38410,0.0221389223406151
"triplet_pairs","expressed_TRUE",38423,0.0222304150362019
"triplet_pairs","expressed_TRUE",38436,0.022059671096111
"triplet_pairs","expressed_TRUE",38449,0.0218889271560201
"triplet_pairs","expressed_TRUE",38462,0.0218493015337681
"triplet_pairs","expressed_TRUE",38475,0.0220719125471937
"triplet_pairs","expressed_TRUE",38488,0.0219011686071028
"triplet_pairs","expressed_TRUE",38502,0.0219694411290027
"triplet_pairs","expressed_TRUE",38515,0.0221920521424283
"triplet_pairs","expressed_TRUE",38528,0.0218901898844986
"triplet_pairs","expressed_TRUE",38541,0.0221128008979242
"triplet_pairs","expressed_TRUE",38554,0.0219420569578333
"triplet_pairs","expressed_TRUE",38567,0.0219024313355812
"triplet_pairs","expressed_TRUE",38580,0.021993924031168
"triplet_pairs","expressed_TRUE",38593,0.0220854167267548
"triplet_pairs","expressed_TRUE",38606,0.0217835544688251
"triplet_pairs","expressed_TRUE",38619,0.0216128105287342
"triplet_pairs","expressed_TRUE",38632,0.021704303224321
"triplet_pairs","expressed_TRUE",38645,0.0217957959199078
"triplet_pairs","expressed_TRUE",38659,0.0219951867596465
"triplet_pairs","expressed_TRUE",38672,0.0216933245017168
"triplet_pairs","expressed_TRUE",38685,0.0216536988794647
"triplet_pairs","expressed_TRUE",38698,0.0216140732572127
"triplet_pairs","expressed_TRUE",38711,0.0214433293171218
"triplet_pairs","expressed_TRUE",38724,0.0217970586483862
"triplet_pairs","expressed_TRUE",38737,0.0217574330261342
"triplet_pairs","expressed_TRUE",38750,0.0214555707682045
"triplet_pairs","expressed_TRUE",38763,0.0212848268281136
"triplet_pairs","expressed_TRUE",38776,0.0211140828880227
"triplet_pairs","expressed_TRUE",38789,0.0210744572657707
"triplet_pairs","expressed_TRUE",38803,0.0208804931519929
"triplet_pairs","expressed_TRUE",38816,0.0212342224832573
"triplet_pairs","expressed_TRUE",38829,0.0210634785431664
"triplet_pairs","expressed_TRUE",38842,0.0210238529209144
"triplet_pairs","expressed_TRUE",38855,0.0208531089808235
"triplet_pairs","expressed_TRUE",38868,0.0210757199942491
"triplet_pairs","expressed_TRUE",38881,0.0211672126898359
"triplet_pairs","expressed_TRUE",38894,0.020996468749745
"triplet_pairs","expressed_TRUE",38907,0.020956843127493
"triplet_pairs","expressed_TRUE",38920,0.0206549808695633
"triplet_pairs","expressed_TRUE",38933,0.0204842369294724
"triplet_pairs","expressed_TRUE",38946,0.0204446113072204
"triplet_pairs","expressed_TRUE",38960,0.0202506471934426
"triplet_pairs","expressed_TRUE",38973,0.0200799032533517
"triplet_pairs","expressed_TRUE",38986,0.0201713959489385
"triplet_pairs","expressed_TRUE",38999,0.0202628886445253
"triplet_pairs","expressed_TRUE",39012,0.0202232630222732
"triplet_pairs","expressed_TRUE",39025,0.0201836374000212
"triplet_pairs","expressed_TRUE",39038,0.0200128934599303
"triplet_pairs","expressed_TRUE",39051,0.0197110312020006
"triplet_pairs","expressed_TRUE",39064,0.0196714055797486
"triplet_pairs","expressed_TRUE",39077,0.0195006616396577
"triplet_pairs","expressed_TRUE",39090,0.0194610360174056
"triplet_pairs","expressed_TRUE",39104,0.0193981902214667
"triplet_pairs","expressed_TRUE",39117,0.0198830378705699
"triplet_pairs","expressed_TRUE",39130,0.019712293930479
"triplet_pairs","expressed_TRUE",39143,0.0200660232617435
"triplet_pairs","expressed_TRUE",39156,0.0198952793216526
"triplet_pairs","expressed_TRUE",39169,0.0199867720172394
"triplet_pairs","expressed_TRUE",39182,0.0196849097593097
"triplet_pairs","expressed_TRUE",39195,0.0196452841370576
"triplet_pairs","expressed_TRUE",39208,0.0197367768326444
"triplet_pairs","expressed_TRUE",39221,0.0196971512103923
"triplet_pairs","expressed_TRUE",39234,0.0196575255881403
"triplet_pairs","expressed_TRUE",39247,0.0196178999658882
"triplet_pairs","expressed_TRUE",39261,0.0194239358521105
"triplet_pairs","expressed_TRUE",39274,0.0193843102298584
"triplet_pairs","expressed_TRUE",39287,0.0192135662897676
"triplet_pairs","expressed_TRUE",39300,0.0193050589853543
"triplet_pairs","expressed_TRUE",39313,0.0196587883166187
"triplet_pairs","expressed_TRUE",39326,0.0196191626943667
"triplet_pairs","expressed_TRUE",39339,0.0195795370721146
"triplet_pairs","expressed_TRUE",39352,0.0196710297677014
"triplet_pairs","expressed_TRUE",39365,0.0196314041454494
"triplet_pairs","expressed_TRUE",39378,0.0194606602053585
"triplet_pairs","expressed_TRUE",39391,0.0194210345831064
"triplet_pairs","expressed_TRUE",39405,0.0194893071050063
"triplet_pairs","expressed_TRUE",39418,0.0193185631649154
"triplet_pairs","expressed_TRUE",39431,0.0191478192248246
"triplet_pairs","expressed_TRUE",39444,0.0193704302382502
"triplet_pairs","expressed_TRUE",39457,0.0191996862981593
"triplet_pairs","expressed_TRUE",39470,0.0191600606759072
"triplet_pairs","expressed_TRUE",39483,0.0191204350536552
"triplet_pairs","expressed_TRUE",39496,0.019211927749242
"triplet_pairs","expressed_TRUE",39509,0.0191723021269899
"triplet_pairs","expressed_TRUE",39522,0.0188704398690602
"triplet_pairs","expressed_TRUE",39535,0.0188308142468082
"triplet_pairs","expressed_TRUE",39548,0.0189223069423949
"triplet_pairs","expressed_TRUE",39562,0.0191216977821336
"triplet_pairs","expressed_TRUE",39575,0.019475427113398
"triplet_pairs","expressed_TRUE",39588,0.0193046831733072
"triplet_pairs","expressed_TRUE",39601,0.0192650575510551
"triplet_pairs","expressed_TRUE",39614,0.0190943136109642
"triplet_pairs","expressed_TRUE",39627,0.0187924513530346
"triplet_pairs","expressed_TRUE",39640,0.0188839440486213
"triplet_pairs","expressed_TRUE",39653,0.0187132001085305
"triplet_pairs","expressed_TRUE",39666,0.0188046928041172
"triplet_pairs","expressed_TRUE",39679,0.0185028305461875
"triplet_pairs","expressed_TRUE",39692,0.0183320866060967
"triplet_pairs","expressed_TRUE",39706,0.018793714081513
"triplet_pairs","expressed_TRUE",39719,0.0187540884592609
"triplet_pairs","expressed_TRUE",39732,0.0184522262013313
"triplet_pairs","expressed_TRUE",39745,0.0184126005790792
"triplet_pairs","expressed_TRUE",39758,0.018504093274666
"triplet_pairs","expressed_TRUE",39771,0.0184644676524139
"triplet_pairs","expressed_TRUE",39784,0.0182937237123231
"triplet_pairs","expressed_TRUE",39797,0.018254098090071
"triplet_pairs","expressed_TRUE",39810,0.018214472467819
"triplet_pairs","expressed_TRUE",39823,0.0183059651634057
"triplet_pairs","expressed_TRUE",39836,0.0185285761768313
"triplet_pairs","expressed_TRUE",39849,0.0183578322367405
"triplet_pairs","expressed_TRUE",39863,0.0182949864408015
"triplet_pairs","expressed_TRUE",39876,0.0182553608185495
"triplet_pairs","expressed_TRUE",39889,0.0180846168784586
"triplet_pairs","expressed_TRUE",39902,0.0185694645275618
"triplet_pairs","expressed_TRUE",39915,0.0185298389053098
"triplet_pairs","expressed_TRUE",39928,0.0188835682365742
"triplet_pairs","expressed_TRUE",39941,0.0192372975678386
"triplet_pairs","expressed_TRUE",39954,0.0191976719455865
"triplet_pairs","expressed_TRUE",39967,0.0192891646411733
"triplet_pairs","expressed_TRUE",39980,0.0191184207010824
"triplet_pairs","expressed_TRUE",39993,0.019341031714508
"triplet_pairs","expressed_TRUE",40006,0.019301406092256
"triplet_pairs","expressed_TRUE",40020,0.0189763236606394
"triplet_pairs","expressed_TRUE",40033,0.0190678163562262
"triplet_pairs","expressed_TRUE",40046,0.0191593090518129
"triplet_pairs","expressed_TRUE",40059,0.0193819200652385
"triplet_pairs","expressed_TRUE",40072,0.0196045310786641
"triplet_pairs","expressed_TRUE",40085,0.0194337871385732
"triplet_pairs","expressed_TRUE",40098,0.0197875164698376
"triplet_pairs","expressed_TRUE",40111,0.0196167725297468
"triplet_pairs","expressed_TRUE",40124,0.0195771469074947
"triplet_pairs","expressed_TRUE",40137,0.0196686396030815
"triplet_pairs","expressed_TRUE",40150,0.0197601322986683
"triplet_pairs","expressed_TRUE",40164,0.019959523138407
"triplet_pairs","expressed_TRUE",40177,0.0199198975161549
"triplet_pairs","expressed_TRUE",40190,0.0201425085295805
"triplet_pairs","expressed_TRUE",40203,0.0201028829073284
"triplet_pairs","expressed_TRUE",40216,0.0199321389672376
"triplet_pairs","expressed_TRUE",40229,0.0198925133449855
"triplet_pairs","expressed_TRUE",40242,0.0197217694048947
"triplet_pairs","expressed_TRUE",40255,0.0196821437826426
"triplet_pairs","expressed_TRUE",40268,0.0195113998425517
"triplet_pairs","expressed_TRUE",40281,0.0196028925381385
"triplet_pairs","expressed_TRUE",40294,0.0195632669158865
"triplet_pairs","expressed_TRUE",40307,0.0192614046579568
"triplet_pairs","expressed_TRUE",40321,0.0195919138155343
"triplet_pairs","expressed_TRUE",40334,0.0194211698754434
"triplet_pairs","expressed_TRUE",40347,0.0191193076175137
"triplet_pairs","expressed_TRUE",40360,0.0192108003131005
"triplet_pairs","expressed_TRUE",40373,0.0190400563730096
"triplet_pairs","expressed_TRUE",40386,0.0190004307507576
"triplet_pairs","expressed_TRUE",40399,0.0189608051285055
"triplet_pairs","expressed_TRUE",40412,0.0187900611884146
"triplet_pairs","expressed_TRUE",40425,0.0187504355661626
"triplet_pairs","expressed_TRUE",40438,0.0189730465795882
"triplet_pairs","expressed_TRUE",40451,0.0186711843216585
"triplet_pairs","expressed_TRUE",40465,0.0186083385257195
"triplet_pairs","expressed_TRUE",40478,0.0185687129034675
"triplet_pairs","expressed_TRUE",40491,0.0183979689633766
"triplet_pairs","expressed_TRUE",40504,0.0184894616589634
"triplet_pairs","expressed_TRUE",40517,0.0181875994010337
"triplet_pairs","expressed_TRUE",40530,0.0181479737787817
"triplet_pairs","expressed_TRUE",40543,0.0183705847922073
"triplet_pairs","expressed_TRUE",40556,0.0183309591699552
"triplet_pairs","expressed_TRUE",40569,0.0181602152298643
"triplet_pairs","expressed_TRUE",40582,0.0185139445611287
"triplet_pairs","expressed_TRUE",40595,0.0183432006210379
"triplet_pairs","expressed_TRUE",40608,0.0184346933166246
"triplet_pairs","expressed_TRUE",40622,0.0185029658385245
"triplet_pairs","expressed_TRUE",40635,0.0184633402162725
"triplet_pairs","expressed_TRUE",40648,0.0181614779583428
"triplet_pairs","expressed_TRUE",40661,0.0183840889717684
"triplet_pairs","expressed_TRUE",40674,0.0180822267138387
"triplet_pairs","expressed_TRUE",40687,0.017780364455909
"triplet_pairs","expressed_TRUE",40700,0.0180029754693346
"triplet_pairs","expressed_TRUE",40713,0.0177011132114049
"triplet_pairs","expressed_TRUE",40726,0.0176614875891528
"triplet_pairs","expressed_TRUE",40739,0.0177529802847396
"triplet_pairs","expressed_TRUE",40752,0.0178444729803264
"triplet_pairs","expressed_TRUE",40766,0.0179127455022262
"triplet_pairs","expressed_TRUE",40779,0.0181353565156518
"triplet_pairs","expressed_TRUE",40792,0.0182268492112386
"triplet_pairs","expressed_TRUE",40805,0.0179249869533089
"triplet_pairs","expressed_TRUE",40818,0.017754243013218
"triplet_pairs","expressed_TRUE",40831,0.0175834990731272
"triplet_pairs","expressed_TRUE",40844,0.0178061100865528
"triplet_pairs","expressed_TRUE",40857,0.0177664844643007
"triplet_pairs","expressed_TRUE",40870,0.017464622206371
"triplet_pairs","expressed_TRUE",40883,0.0178183515376354
"triplet_pairs","expressed_TRUE",40896,0.0184343175045775
"triplet_pairs","expressed_TRUE",40909,0.0183946918823254
"triplet_pairs","expressed_TRUE",40923,0.0183318460863865
"triplet_pairs","expressed_TRUE",40936,0.0181611021462956
"triplet_pairs","expressed_TRUE",40949,0.0178592398883659
"triplet_pairs","expressed_TRUE",40962,0.0178196142661139
"triplet_pairs","expressed_TRUE",40975,0.0180422252795395
"triplet_pairs","expressed_TRUE",40988,0.0182648362929651
"triplet_pairs","expressed_TRUE",41001,0.0183563289885518
"triplet_pairs","expressed_TRUE",41014,0.0185789400019774
"triplet_pairs","expressed_TRUE",41027,0.0186704326975642
"triplet_pairs","expressed_TRUE",41040,0.0188930437109898
"triplet_pairs","expressed_TRUE",41053,0.0187222997708989
"triplet_pairs","expressed_TRUE",41067,0.01865945397496
"triplet_pairs","expressed_TRUE",41080,0.0184887100348691
"triplet_pairs","expressed_TRUE",41093,0.0185802027304559
"triplet_pairs","expressed_TRUE",41106,0.0186716954260426
"triplet_pairs","expressed_TRUE",41119,0.0185009514859518
"triplet_pairs","expressed_TRUE",41132,0.0183302075458609
"triplet_pairs","expressed_TRUE",41145,0.0182905819236088
"triplet_pairs","expressed_TRUE",41158,0.0185131929370344
"triplet_pairs","expressed_TRUE",41171,0.0183424489969436
"triplet_pairs","expressed_TRUE",41184,0.0184339416925303
"triplet_pairs","expressed_TRUE",41197,0.0185254343881171
"triplet_pairs","expressed_TRUE",41210,0.0184858087658651
"triplet_pairs","expressed_TRUE",41224,0.0185540812877649
"triplet_pairs","expressed_TRUE",41237,0.0186455739833517
"triplet_pairs","expressed_TRUE",41250,0.0186059483610996
"triplet_pairs","expressed_TRUE",41263,0.0186974410566864
"triplet_pairs","expressed_TRUE",41276,0.0185266971165955
"triplet_pairs","expressed_TRUE",41289,0.0183559531765047
"triplet_pairs","expressed_TRUE",41302,0.018054090918575
"triplet_pairs","expressed_TRUE",41315,0.0180144652963229
"triplet_pairs","expressed_TRUE",41328,0.0178437213562321
"triplet_pairs","expressed_TRUE",41341,0.0180663323696577
"triplet_pairs","expressed_TRUE",41354,0.0178955884295668
"triplet_pairs","expressed_TRUE",41367,0.0177248444894759
"triplet_pairs","expressed_TRUE",41381,0.0179242353292146
"triplet_pairs","expressed_TRUE",41394,0.0176223730712849
"triplet_pairs","expressed_TRUE",41407,0.0175827474490329
"triplet_pairs","expressed_TRUE",41420,0.0175431218267808
"triplet_pairs","expressed_TRUE",41433,0.0173723778866899
"triplet_pairs","expressed_TRUE",41446,0.0173327522644379
"triplet_pairs","expressed_TRUE",41459,0.0174242449600247
"triplet_pairs","expressed_TRUE",41472,0.0173846193377726
"triplet_pairs","expressed_TRUE",41485,0.017738348669037
"triplet_pairs","expressed_TRUE",41498,0.0175676047289462
"triplet_pairs","expressed_TRUE",41511,0.0175279791066941
"triplet_pairs","expressed_TRUE",41525,0.0177273699464328
"triplet_pairs","expressed_TRUE",41538,0.0179499809598584
"triplet_pairs","expressed_TRUE",41551,0.0179103553376063
"triplet_pairs","expressed_TRUE",41564,0.0178707297153543
"triplet_pairs","expressed_TRUE",41577,0.0179622224109411
"triplet_pairs","expressed_TRUE",41590,0.0177914784708502
"triplet_pairs","expressed_TRUE",41603,0.0174896162129205
"triplet_pairs","expressed_TRUE",41616,0.0173188722728296
"triplet_pairs","expressed_TRUE",41629,0.0171481283327388
"triplet_pairs","expressed_TRUE",41642,0.0169773843926479
"triplet_pairs","expressed_TRUE",41655,0.0171999954060735
"triplet_pairs","expressed_TRUE",41668,0.0168981331481438
"triplet_pairs","expressed_TRUE",41682,0.016704169034366
"triplet_pairs","expressed_TRUE",41695,0.016664543412114
"triplet_pairs","expressed_TRUE",41708,0.0166249177898619
"triplet_pairs","expressed_TRUE",41721,0.0164541738497711
"triplet_pairs","expressed_TRUE",41734,0.0162834299096802
"triplet_pairs","expressed_TRUE",41747,0.016374922605267
"triplet_pairs","expressed_TRUE",41760,0.0163352969830149
"triplet_pairs","expressed_TRUE",41773,0.0162956713607629
"triplet_pairs","expressed_TRUE",41786,0.0162560457385108
"triplet_pairs","expressed_TRUE",41799,0.0162164201162588
"triplet_pairs","expressed_TRUE",41812,0.0161767944940067
"triplet_pairs","expressed_TRUE",41826,0.0165073036515842
"triplet_pairs","expressed_TRUE",41839,0.0162054413936545
"triplet_pairs","expressed_TRUE",41852,0.0162969340892413
"triplet_pairs","expressed_TRUE",41865,0.0161261901491504
"triplet_pairs","expressed_TRUE",41878,0.0159554462090596
"triplet_pairs","expressed_TRUE",41891,0.0159158205868075
"triplet_pairs","expressed_TRUE",41904,0.0157450766467166
"triplet_pairs","expressed_TRUE",41917,0.016098805977981
"triplet_pairs","expressed_TRUE",41930,0.0163214169914066
"triplet_pairs","expressed_TRUE",41943,0.0165440280048322
"triplet_pairs","expressed_TRUE",41956,0.016635520700419
"triplet_pairs","expressed_TRUE",41969,0.0168581317138446
"triplet_pairs","expressed_TRUE",41983,0.016533049282228
"triplet_pairs","expressed_TRUE",41996,0.0164934236599759
"triplet_pairs","expressed_TRUE",42009,0.0161915614020463
"triplet_pairs","expressed_TRUE",42022,0.0158896991441166
"triplet_pairs","expressed_TRUE",42035,0.0158500735218645
"triplet_pairs","expressed_TRUE",42048,0.0159415662174513
"triplet_pairs","expressed_TRUE",42061,0.0159019405951992
"triplet_pairs","expressed_TRUE",42074,0.0157311966551084
"triplet_pairs","expressed_TRUE",42087,0.0155604527150175
"triplet_pairs","expressed_TRUE",42100,0.0159141820462819
"triplet_pairs","expressed_TRUE",42113,0.0160056747418687
"triplet_pairs","expressed_TRUE",42127,0.0160739472637686
"triplet_pairs","expressed_TRUE",42140,0.0161654399593553
"triplet_pairs","expressed_TRUE",42153,0.0159946960192645
"triplet_pairs","expressed_TRUE",42166,0.0159550703970124
"triplet_pairs","expressed_TRUE",42179,0.0159154447747604
"triplet_pairs","expressed_TRUE",42192,0.0158758191525083
"triplet_pairs","expressed_TRUE",42205,0.0155739568945786
"triplet_pairs","expressed_TRUE",42218,0.0156654495901654
"triplet_pairs","expressed_TRUE",42231,0.0153635873322357
"triplet_pairs","expressed_TRUE",42244,0.0153239617099836
"triplet_pairs","expressed_TRUE",42257,0.0152843360877316
"triplet_pairs","expressed_TRUE",42270,0.015638065418996
"triplet_pairs","expressed_TRUE",42284,0.0153129829873794
"triplet_pairs","expressed_TRUE",42297,0.0150111207294497
"triplet_pairs","expressed_TRUE",42310,0.0148403767893589
"triplet_pairs","expressed_TRUE",42323,0.0148007511671068
"triplet_pairs","expressed_TRUE",42336,0.0147611255448548
"triplet_pairs","expressed_TRUE",42349,0.0147214999226027
"triplet_pairs","expressed_TRUE",42362,0.0145507559825118
"triplet_pairs","expressed_TRUE",42375,0.0147733669959374
"triplet_pairs","expressed_TRUE",42388,0.014995978009363
"triplet_pairs","expressed_TRUE",42401,0.014956352387111
"triplet_pairs","expressed_TRUE",42414,0.0146544901291813
"triplet_pairs","expressed_TRUE",42428,0.0145916443332423
"triplet_pairs","expressed_TRUE",42441,0.0146831370288291
"triplet_pairs","expressed_TRUE",42454,0.0146435114065771
"triplet_pairs","expressed_TRUE",42467,0.0147350041021638
"triplet_pairs","expressed_TRUE",42480,0.0148264967977506
"triplet_pairs","expressed_TRUE",42493,0.0145246345398209
"triplet_pairs","expressed_TRUE",42506,0.01435389059973
"triplet_pairs","expressed_TRUE",42519,0.0141831466596392
"triplet_pairs","expressed_TRUE",42532,0.0141435210373871
"triplet_pairs","expressed_TRUE",42545,0.0142350137329739
"triplet_pairs","expressed_TRUE",42558,0.0141953881107218
"triplet_pairs","expressed_TRUE",42571,0.0141557624884698
"triplet_pairs","expressed_TRUE",42585,0.0138306800568532
"triplet_pairs","expressed_TRUE",42598,0.0140532910702788
"triplet_pairs","expressed_TRUE",42611,0.0140136654480267
"triplet_pairs","expressed_TRUE",42624,0.0138429215079359
"triplet_pairs","expressed_TRUE",42637,0.0139344142035226
"triplet_pairs","expressed_TRUE",42650,0.0138947885812706
"triplet_pairs","expressed_TRUE",42663,0.0137240446411797
"triplet_pairs","expressed_TRUE",42676,0.0139466556546053
"triplet_pairs","expressed_TRUE",42689,0.0140381483501921
"triplet_pairs","expressed_TRUE",42702,0.0138674044101012
"triplet_pairs","expressed_TRUE",42715,0.0136966604700103
"triplet_pairs","expressed_TRUE",42728,0.0135259165299195
"triplet_pairs","expressed_TRUE",42742,0.0133319524161417
"triplet_pairs","expressed_TRUE",42755,0.013030090158212
"triplet_pairs","expressed_TRUE",42768,0.01299046453596
"triplet_pairs","expressed_TRUE",42781,0.0126886022780303
"triplet_pairs","expressed_TRUE",42794,0.0125178583379394
"triplet_pairs","expressed_TRUE",42807,0.0124782327156874
"triplet_pairs","expressed_TRUE",42820,0.0127008437291129
"triplet_pairs","expressed_TRUE",42833,0.0129234547425385
"triplet_pairs","expressed_TRUE",42846,0.0127527108024477
"triplet_pairs","expressed_TRUE",42859,0.0132375584515509
"triplet_pairs","expressed_TRUE",42872,0.0134601694649765
"triplet_pairs","expressed_TRUE",42886,0.0133973236690375
"triplet_pairs","expressed_TRUE",42899,0.0133576980467855
"triplet_pairs","expressed_TRUE",42912,0.0134491907423723
"triplet_pairs","expressed_TRUE",42925,0.0134095651201202
"triplet_pairs","expressed_TRUE",42938,0.0137632944513846
"triplet_pairs","expressed_TRUE",42951,0.0138547871469714
"triplet_pairs","expressed_TRUE",42964,0.0139462798425582
"triplet_pairs","expressed_TRUE",42977,0.0139066542203061
"triplet_pairs","expressed_TRUE",42990,0.0138670285980541
"triplet_pairs","expressed_TRUE",43003,0.013827402975802
"triplet_pairs","expressed_TRUE",43016,0.0139188956713888
"triplet_pairs","expressed_TRUE",43029,0.0137481517312979
"triplet_pairs","expressed_TRUE",43043,0.0135541876175201
"triplet_pairs","expressed_TRUE",43056,0.0135145619952681
"triplet_pairs","expressed_TRUE",43069,0.013474936373016
"triplet_pairs","expressed_TRUE",43082,0.0133041924329252
"triplet_pairs","expressed_TRUE",43095,0.0135268034463508
"triplet_pairs","expressed_TRUE",43108,0.0141427694132928
"triplet_pairs","expressed_TRUE",43121,0.0139720254732019
"triplet_pairs","expressed_TRUE",43134,0.0141946364866275
"triplet_pairs","expressed_TRUE",43147,0.0138927742286978
"triplet_pairs","expressed_TRUE",43160,0.0139842669242846
"triplet_pairs","expressed_TRUE",43173,0.0139446413020326
"triplet_pairs","expressed_TRUE",43187,0.0137506771882548
"triplet_pairs","expressed_TRUE",43200,0.0137110515660027
"triplet_pairs","expressed_TRUE",43213,0.0136714259437507
"triplet_pairs","expressed_TRUE",43226,0.0136318003214986
"triplet_pairs","expressed_TRUE",43239,0.0134610563814078
"triplet_pairs","expressed_TRUE",43252,0.0136836673948334
"triplet_pairs","expressed_TRUE",43265,0.0135129234547425
"triplet_pairs","expressed_TRUE",43278,0.0132110611968128
"triplet_pairs","expressed_TRUE",43291,0.0131714355745607
"triplet_pairs","expressed_TRUE",43304,0.0133940465879863
"triplet_pairs","expressed_TRUE",43317,0.0133544209657343
"triplet_pairs","expressed_TRUE",43330,0.0135770319791599
"triplet_pairs","expressed_TRUE",43344,0.0136453045010597
"triplet_pairs","expressed_TRUE",43357,0.0134745605609689
"triplet_pairs","expressed_TRUE",43370,0.0136971715743945
"triplet_pairs","expressed_TRUE",43383,0.0139197825878201
"triplet_pairs","expressed_TRUE",43396,0.0142735119190845
"triplet_pairs","expressed_TRUE",43409,0.0141027679789936
"triplet_pairs","expressed_TRUE",43422,0.0139320240389027
"triplet_pairs","expressed_TRUE",43435,0.0141546350523283
"triplet_pairs","expressed_TRUE",43448,0.0141150094300763
"triplet_pairs","expressed_TRUE",43461,0.0140753838078242
"triplet_pairs","expressed_TRUE",43474,0.0140357581855722
"triplet_pairs","expressed_TRUE",43488,0.0138417940717944
"triplet_pairs","expressed_TRUE",43501,0.0136710501317035
"triplet_pairs","expressed_TRUE",43514,0.0141558977808068
"triplet_pairs","expressed_TRUE",43527,0.0139851538407159
"triplet_pairs","expressed_TRUE",43540,0.0143388831719803
"triplet_pairs","expressed_TRUE",43553,0.0142992575497283
"triplet_pairs","expressed_TRUE",43566,0.0142596319274762
"triplet_pairs","expressed_TRUE",43579,0.0144822429409018
"triplet_pairs","expressed_TRUE",43592,0.0143114990008109
"triplet_pairs","expressed_TRUE",43605,0.0145341100142365
"triplet_pairs","expressed_TRUE",43618,0.0146256027098233
"triplet_pairs","expressed_TRUE",43631,0.0147170954054101
"triplet_pairs","expressed_TRUE",43645,0.0149164862451487
"triplet_pairs","expressed_TRUE",43658,0.0147457423050579
"triplet_pairs","expressed_TRUE",43671,0.014574998364967
"triplet_pairs","expressed_TRUE",43684,0.014535372742715
"triplet_pairs","expressed_TRUE",43697,0.0143646288026241
"triplet_pairs","expressed_TRUE",43710,0.014325003180372
"triplet_pairs","expressed_TRUE",43723,0.0140231409224423
"triplet_pairs","expressed_TRUE",43736,0.0138523969823515
"triplet_pairs","expressed_TRUE",43749,0.0136816530422606
"triplet_pairs","expressed_TRUE",43762,0.0133797907843309
"triplet_pairs","expressed_TRUE",43775,0.01320904684424
"triplet_pairs","expressed_TRUE",43789,0.0128839644126235
"triplet_pairs","expressed_TRUE",43802,0.0127132204725326
"triplet_pairs","expressed_TRUE",43815,0.0124113582146029
"triplet_pairs","expressed_TRUE",43828,0.012240614274512
"triplet_pairs","expressed_TRUE",43841,0.0120698703344212
"triplet_pairs","expressed_TRUE",43854,0.0122924813478467
"triplet_pairs","expressed_TRUE",43867,0.0125150923612723
"triplet_pairs","expressed_TRUE",43880,0.0122132301033426
"triplet_pairs","expressed_TRUE",43893,0.0120424861632518
"triplet_pairs","expressed_TRUE",43906,0.0118717422231609
"triplet_pairs","expressed_TRUE",43919,0.01170099828307
"triplet_pairs","expressed_TRUE",43932,0.011661372660818
"triplet_pairs","expressed_TRUE",43946,0.0113362902292014
"triplet_pairs","expressed_TRUE",43959,0.0114277829247882
"triplet_pairs","expressed_TRUE",43972,0.0116503939382138
"triplet_pairs","expressed_TRUE",43985,0.0117418866338005
"triplet_pairs","expressed_TRUE",43998,0.0118333793293873
"triplet_pairs","expressed_TRUE",44011,0.0120559903428129
"triplet_pairs","expressed_TRUE",44024,0.0117541280848832
"triplet_pairs","expressed_TRUE",44037,0.0115833841447923
"triplet_pairs","expressed_TRUE",44050,0.0119371134760567
"triplet_pairs","expressed_TRUE",44063,0.0118974878538047
"triplet_pairs","expressed_TRUE",44076,0.011595625595875
"triplet_pairs","expressed_TRUE",44089,0.011555999973623
"triplet_pairs","expressed_TRUE",44103,0.0112309175420064
"triplet_pairs","expressed_TRUE",44116,0.0113224102375931
"triplet_pairs","expressed_TRUE",44129,0.0111516662975023
"triplet_pairs","expressed_TRUE",44142,0.0108498040395726
"triplet_pairs","expressed_TRUE",44155,0.0106790600994817
"triplet_pairs","expressed_TRUE",44168,0.0107705527950685
"triplet_pairs","expressed_TRUE",44181,0.0105998088549776
"triplet_pairs","expressed_TRUE",44194,0.0105601832327256
"triplet_pairs","expressed_TRUE",44207,0.0103894392926347
"triplet_pairs","expressed_TRUE",44220,0.0102186953525438
"triplet_pairs","expressed_TRUE",44233,0.0101790697302918
"triplet_pairs","expressed_TRUE",44247,0.0101162239343528
"triplet_pairs","expressed_TRUE",44260,0.00994547999426195
"triplet_pairs","expressed_TRUE",44273,0.0099058543720099
"triplet_pairs","expressed_TRUE",44286,0.00986622874975785
"triplet_pairs","expressed_TRUE",44299,0.0100888397631834
"triplet_pairs","expressed_TRUE",44312,0.00991809582309257
"triplet_pairs","expressed_TRUE",44325,0.00961623356516288
"triplet_pairs","expressed_TRUE",44338,0.00957660794291083
"triplet_pairs","expressed_TRUE",44351,0.00979921895633642
"triplet_pairs","expressed_TRUE",44364,0.00975959333408437
"triplet_pairs","expressed_TRUE",44377,0.0095888493939935
"triplet_pairs","expressed_TRUE",44390,0.00954922377174145
"triplet_pairs","expressed_TRUE",44404,0.0094863779758025
"triplet_pairs","expressed_TRUE",44417,0.00944675235355045
"triplet_pairs","expressed_TRUE",44430,0.00927600841345958
"triplet_pairs","expressed_TRUE",44443,0.00923638279120753
"triplet_pairs","expressed_TRUE",44456,0.00919675716895548
"triplet_pairs","expressed_TRUE",44469,0.00928824986454225
"triplet_pairs","expressed_TRUE",44482,0.00898638760661256
"triplet_pairs","expressed_TRUE",44495,0.00868452534868287
"triplet_pairs","expressed_TRUE",44508,0.00838266309075319
"triplet_pairs","expressed_TRUE",44521,0.00834303746850114
"triplet_pairs","expressed_TRUE",44534,0.00843453016408791
"triplet_pairs","expressed_TRUE",44548,0.00850280268598778
"triplet_pairs","expressed_TRUE",44561,0.00846317706373573
"triplet_pairs","expressed_TRUE",44574,0.0085546697593225
"triplet_pairs","expressed_TRUE",44587,0.00825280750139281
"triplet_pairs","expressed_TRUE",44600,0.00808206356130194
"triplet_pairs","expressed_TRUE",44613,0.00778020130337225
"triplet_pairs","expressed_TRUE",44626,0.00813393063463666
"triplet_pairs","expressed_TRUE",44639,0.00796318669454579
"triplet_pairs","expressed_TRUE",44652,0.00779244275445492
"triplet_pairs","expressed_TRUE",44665,0.00801505376788051
"triplet_pairs","expressed_TRUE",44678,0.00797542814562846
"triplet_pairs","expressed_TRUE",44691,0.00806692084121523
"triplet_pairs","expressed_TRUE",44705,0.0081351933631151
"triplet_pairs","expressed_TRUE",44718,0.00809556774086305
"triplet_pairs","expressed_TRUE",44731,0.00831817875428864
"triplet_pairs","expressed_TRUE",44744,0.00827855313203659
"triplet_pairs","expressed_TRUE",44757,0.00810780919194572
"triplet_pairs","expressed_TRUE",44770,0.00833042020537131
"triplet_pairs","expressed_TRUE",44783,0.00842191290095808
"triplet_pairs","expressed_TRUE",44796,0.00825116896086721
"triplet_pairs","expressed_TRUE",44809,0.00834266165645398
"triplet_pairs","expressed_TRUE",44822,0.00817191771636311
"triplet_pairs","expressed_TRUE",44835,0.00800117377627224
"triplet_pairs","expressed_TRUE",44849,0.00767609134465565
"triplet_pairs","expressed_TRUE",44862,0.00750534740456478
"triplet_pairs","expressed_TRUE",44875,0.00746572178231273
"triplet_pairs","expressed_TRUE",44888,0.0075572144778995
"triplet_pairs","expressed_TRUE",44901,0.00738647053780863
"triplet_pairs","expressed_TRUE",44914,0.00708460827987894
"triplet_pairs","expressed_TRUE",44927,0.00717610097546571
"triplet_pairs","expressed_TRUE",44940,0.00687423871753603
"triplet_pairs","expressed_TRUE",44953,0.0069657314131228
"triplet_pairs","expressed_TRUE",44966,0.00692610579087075
"triplet_pairs","expressed_TRUE",44979,0.00675536185077988
"triplet_pairs","expressed_TRUE",44992,0.00658461791068901
"triplet_pairs","expressed_TRUE",45006,0.00717736370394416
"triplet_pairs","expressed_TRUE",45019,0.00713773808169211
"triplet_pairs","expressed_TRUE",45032,0.0073603490951177
"triplet_pairs","expressed_TRUE",45045,0.00758296010854329
"triplet_pairs","expressed_TRUE",45058,0.00767445280413006
"triplet_pairs","expressed_TRUE",45071,0.00763482718187801
"triplet_pairs","expressed_TRUE",45084,0.00759520155962596
"triplet_pairs","expressed_TRUE",45097,0.00768669425521273
"triplet_pairs","expressed_TRUE",45110,0.00751595031512186
"triplet_pairs","expressed_TRUE",45123,0.00760744301070863
"triplet_pairs","expressed_TRUE",45136,0.0076989357062954
"triplet_pairs","expressed_TRUE",45149,0.00765931008404335
"triplet_pairs","expressed_TRUE",45163,0.0075964642881044
"triplet_pairs","expressed_TRUE",45176,0.00768795698369117
"triplet_pairs","expressed_TRUE",45189,0.00791056799711676
"triplet_pairs","expressed_TRUE",45202,0.00826429732838117
"triplet_pairs","expressed_TRUE",45215,0.00835579002396794
"triplet_pairs","expressed_TRUE",45228,0.00831616440171589
"triplet_pairs","expressed_TRUE",45241,0.0086698937329803
"triplet_pairs","expressed_TRUE",45254,0.00836803147505061
"triplet_pairs","expressed_TRUE",45267,0.00845952417063738
"triplet_pairs","expressed_TRUE",45280,0.00855101686622415
"triplet_pairs","expressed_TRUE",45293,0.00838027292613328
"triplet_pairs","expressed_TRUE",45307,0.00844854544803315
"triplet_pairs","expressed_TRUE",45320,0.00827780150794228
"triplet_pairs","expressed_TRUE",45333,0.00823817588569023
"triplet_pairs","expressed_TRUE",45346,0.00819855026343818
"triplet_pairs","expressed_TRUE",45359,0.00789668800550849
"triplet_pairs","expressed_TRUE",45372,0.00785706238325644
"triplet_pairs","expressed_TRUE",45385,0.00807967339668203
"triplet_pairs","expressed_TRUE",45398,0.0081711660922688
"triplet_pairs","expressed_TRUE",45411,0.00826265878785557
"triplet_pairs","expressed_TRUE",45424,0.0080919148477647
"triplet_pairs","expressed_TRUE",45437,0.00779005258983501
"triplet_pairs","expressed_TRUE",45450,0.00748819033190532
"triplet_pairs","expressed_TRUE",45464,0.00742534453596637
"triplet_pairs","expressed_TRUE",45477,0.00738571891371432
"triplet_pairs","expressed_TRUE",45490,0.00721497497362345
"triplet_pairs","expressed_TRUE",45503,0.0071753493513714
"triplet_pairs","expressed_TRUE",45516,0.00726684204695817
"triplet_pairs","expressed_TRUE",45529,0.00709609810686731
"triplet_pairs","expressed_TRUE",45542,0.00692535416677644
"triplet_pairs","expressed_TRUE",45555,0.00688572854452439
"triplet_pairs","expressed_TRUE",45568,0.00710833955794998
"triplet_pairs","expressed_TRUE",45581,0.00733095057137557
"triplet_pairs","expressed_TRUE",45594,0.00794691653831761
"triplet_pairs","expressed_TRUE",45608,0.00788407074237867
"triplet_pairs","expressed_TRUE",45621,0.00810668175580426
"triplet_pairs","expressed_TRUE",45634,0.00793593781571339
"triplet_pairs","expressed_TRUE",45647,0.00815854882913898
"triplet_pairs","expressed_TRUE",45660,0.00785668657120929
"triplet_pairs","expressed_TRUE",45673,0.00781706094895724
"triplet_pairs","expressed_TRUE",45686,0.00830190859806047
"triplet_pairs","expressed_TRUE",45699,0.00839340129364723
"triplet_pairs","expressed_TRUE",45712,0.00835377567139519
"triplet_pairs","expressed_TRUE",45725,0.00818303173130432
"triplet_pairs","expressed_TRUE",45738,0.00801228779121345
"triplet_pairs","expressed_TRUE",45751,0.00823489880463904
"triplet_pairs","expressed_TRUE",45765,0.00804093469086127
"triplet_pairs","expressed_TRUE",45778,0.00813242738644804
"triplet_pairs","expressed_TRUE",45791,0.00809280176419599
"triplet_pairs","expressed_TRUE",45804,0.00805317614194394
"triplet_pairs","expressed_TRUE",45817,0.00814466883753071
"triplet_pairs","expressed_TRUE",45830,0.00823616153311748
"triplet_pairs","expressed_TRUE",45843,0.00806541759302661
"triplet_pairs","expressed_TRUE",45856,0.00868138355996866
"triplet_pairs","expressed_TRUE",45869,0.00877287625555543
"triplet_pairs","expressed_TRUE",45882,0.00873325063330338
"triplet_pairs","expressed_TRUE",45895,0.00869362501105133
"triplet_pairs","expressed_TRUE",45909,0.0087618975329512
"triplet_pairs","expressed_TRUE",45922,0.00911562686421561
"triplet_pairs","expressed_TRUE",45935,0.00881376460628592
"triplet_pairs","expressed_TRUE",45948,0.00890525730187269
"triplet_pairs","expressed_TRUE",45961,0.00886563167962064
"triplet_pairs","expressed_TRUE",45974,0.00895712437520741
"triplet_pairs","expressed_TRUE",45987,0.00878638043511654
"triplet_pairs","expressed_TRUE",46000,0.00887787313070331
"triplet_pairs","expressed_TRUE",46013,0.00857601087277362
"triplet_pairs","expressed_TRUE",46026,0.00840526693268275
"triplet_pairs","expressed_TRUE",46039,0.00862787794610834
"triplet_pairs","expressed_TRUE",46052,0.00871937064169511
"triplet_pairs","expressed_TRUE",46066,0.00878764316359498
"triplet_pairs","expressed_TRUE",46079,0.00914137249485939
"triplet_pairs","expressed_TRUE",46092,0.00910174687260734
"triplet_pairs","expressed_TRUE",46105,0.00893100293251647
"triplet_pairs","expressed_TRUE",46118,0.0087602589924256
"triplet_pairs","expressed_TRUE",46131,0.00858951505233473
"triplet_pairs","expressed_TRUE",46144,0.00841877111224386
"triplet_pairs","expressed_TRUE",46157,0.00851026380783063
"triplet_pairs","expressed_TRUE",46170,0.00833951986773976
"triplet_pairs","expressed_TRUE",46183,0.00843101256332653
"triplet_pairs","expressed_TRUE",46196,0.00826026862323566
"triplet_pairs","expressed_TRUE",46210,0.00832854114513553
"triplet_pairs","expressed_TRUE",46223,0.00815779720504466
"triplet_pairs","expressed_TRUE",46236,0.00824928990063144
"triplet_pairs","expressed_TRUE",46249,0.00820966427837939
"triplet_pairs","expressed_TRUE",46262,0.00830115697396615
"triplet_pairs","expressed_TRUE",46275,0.00813041303387529
"triplet_pairs","expressed_TRUE",46288,0.00822190572946205
"triplet_pairs","expressed_TRUE",46301,0.00805116178937119
"triplet_pairs","expressed_TRUE",46314,0.0077492995314415
"triplet_pairs","expressed_TRUE",46327,0.00744743727351181
"triplet_pairs","expressed_TRUE",46340,0.00727669333342094
"triplet_pairs","expressed_TRUE",46353,0.00723706771116889
"triplet_pairs","expressed_TRUE",46367,0.00717422191522994
"triplet_pairs","expressed_TRUE",46380,0.00700347797513907
"triplet_pairs","expressed_TRUE",46393,0.00709497067072584
"triplet_pairs","expressed_TRUE",46406,0.00692422673063497
"triplet_pairs","expressed_TRUE",46419,0.00701571942622174
"triplet_pairs","expressed_TRUE",46432,0.00697609380396969
"triplet_pairs","expressed_TRUE",46445,0.00680534986387882
"triplet_pairs","expressed_TRUE",46458,0.00676572424162677
"triplet_pairs","expressed_TRUE",46471,0.0065949803015359
"triplet_pairs","expressed_TRUE",46484,0.00642423636144503
"triplet_pairs","expressed_TRUE",46497,0.00625349242135416
"triplet_pairs","expressed_TRUE",46510,0.00608274848126329
"triplet_pairs","expressed_TRUE",46524,0.00588878436748552
"triplet_pairs","expressed_TRUE",46537,0.00598027706307229
"triplet_pairs","expressed_TRUE",46550,0.00580953312298142
"triplet_pairs","expressed_TRUE",46563,0.00550767086505174
"triplet_pairs","expressed_TRUE",46576,0.00546804524279969
"triplet_pairs","expressed_TRUE",46589,0.00542841962054764
"triplet_pairs","expressed_TRUE",46602,0.00538879399829559
"triplet_pairs","expressed_TRUE",46615,0.00574252332955999
"triplet_pairs","expressed_TRUE",46628,0.00596513434298558
"triplet_pairs","expressed_TRUE",46641,0.00592550872073354
"triplet_pairs","expressed_TRUE",46654,0.00575476478064267
"triplet_pairs","expressed_TRUE",46668,0.00569191898470372
"triplet_pairs","expressed_TRUE",46681,0.00591452999812931
"triplet_pairs","expressed_TRUE",46694,0.00574378605803844
"triplet_pairs","expressed_TRUE",46707,0.00583527875362521
"triplet_pairs","expressed_TRUE",46720,0.0060578897670508
"triplet_pairs","expressed_TRUE",46733,0.00614938246263757
"triplet_pairs","expressed_TRUE",46746,0.0059786385225467
"triplet_pairs","expressed_TRUE",46759,0.00567677626461701
"triplet_pairs","expressed_TRUE",46772,0.00550603232452614
"triplet_pairs","expressed_TRUE",46785,0.00546640670227409
"triplet_pairs","expressed_TRUE",46798,0.00542678108002204
"triplet_pairs","expressed_TRUE",46811,0.00564939209344763
"triplet_pairs","expressed_TRUE",46825,0.0057176646153475
"triplet_pairs","expressed_TRUE",46838,0.00567803899309545
"triplet_pairs","expressed_TRUE",46851,0.00603176832435986
"triplet_pairs","expressed_TRUE",46864,0.00599214270210781
"triplet_pairs","expressed_TRUE",46877,0.00582139876201694
"triplet_pairs","expressed_TRUE",46890,0.00565065482192607
"triplet_pairs","expressed_TRUE",46903,0.00574214751751284
"triplet_pairs","expressed_TRUE",46916,0.00570252189526079
"triplet_pairs","expressed_TRUE",46929,0.00579401459084756
"triplet_pairs","expressed_TRUE",46942,0.00562327065075669
"triplet_pairs","expressed_TRUE",46955,0.00558364502850464
"triplet_pairs","expressed_TRUE",46969,0.00552079923256569
"triplet_pairs","expressed_TRUE",46982,0.00548117361031364
"triplet_pairs","expressed_TRUE",46995,0.00544154798806159
"triplet_pairs","expressed_TRUE",47008,0.00553304068364836
"triplet_pairs","expressed_TRUE",47021,0.00536229674355749
"triplet_pairs","expressed_TRUE",47034,0.00532267112130544
"triplet_pairs","expressed_TRUE",47047,0.00515192718121457
"triplet_pairs","expressed_TRUE",47060,0.00524341987680134
"triplet_pairs","expressed_TRUE",47073,0.00494155761887165
"triplet_pairs","expressed_TRUE",47086,0.00463969536094196
"triplet_pairs","expressed_TRUE",47099,0.0044689514208511
"triplet_pairs","expressed_TRUE",47112,0.0048226807521155
"triplet_pairs","expressed_TRUE",47126,0.0050220715918542
"triplet_pairs","expressed_TRUE",47139,0.00498244596960215
"triplet_pairs","expressed_TRUE",47152,0.00468058371167246
"triplet_pairs","expressed_TRUE",47165,0.00490319472509805
"triplet_pairs","expressed_TRUE",47178,0.00473245078500718
"triplet_pairs","expressed_TRUE",47191,0.00456170684491631
"triplet_pairs","expressed_TRUE",47204,0.00465319954050308
"triplet_pairs","expressed_TRUE",47217,0.00461357391825103
"triplet_pairs","expressed_TRUE",47230,0.00431171166032134
"triplet_pairs","expressed_TRUE",47243,0.00427208603806929
"triplet_pairs","expressed_TRUE",47256,0.0039702237801396
"triplet_pairs","expressed_TRUE",47270,0.00403849630203947
"triplet_pairs","expressed_TRUE",47283,0.00399887067978742
"triplet_pairs","expressed_TRUE",47296,0.00409036337537419
"triplet_pairs","expressed_TRUE",47309,0.00431297438879978
"triplet_pairs","expressed_TRUE",47322,0.00427334876654773
"triplet_pairs","expressed_TRUE",47335,0.00397148650861804
"triplet_pairs","expressed_TRUE",47348,0.00406297920420481
"triplet_pairs","expressed_TRUE",47361,0.00389223526411394
"triplet_pairs","expressed_TRUE",47374,0.00359037300618425
"triplet_pairs","expressed_TRUE",47387,0.00368186570177102
"triplet_pairs","expressed_TRUE",47400,0.00351112176168015
"triplet_pairs","expressed_TRUE",47413,0.0034714961394281
"triplet_pairs","expressed_TRUE",47427,0.00327753202565033
"triplet_pairs","expressed_TRUE",47440,0.0033690247212371
"triplet_pairs","expressed_TRUE",47453,0.00332939909898505
"triplet_pairs","expressed_TRUE",47466,0.00315865515889418
"triplet_pairs","expressed_TRUE",47479,0.00338126617231977
"triplet_pairs","expressed_TRUE",47492,0.00347275886790654
"triplet_pairs","expressed_TRUE",47505,0.00343313324565449
"triplet_pairs","expressed_TRUE",47518,0.00339350762340244
"triplet_pairs","expressed_TRUE",47531,0.00335388200115039
"triplet_pairs","expressed_TRUE",47544,0.00383872965025362
"triplet_pairs","expressed_TRUE",47557,0.00379910402800157
"triplet_pairs","expressed_TRUE",47571,0.0042607315034179
"triplet_pairs","expressed_TRUE",47584,0.00422110588116585
"triplet_pairs","expressed_TRUE",47597,0.00444371689459144
"triplet_pairs","expressed_TRUE",47610,0.00427297295450057
"triplet_pairs","expressed_TRUE",47623,0.00449558396792616
"triplet_pairs","expressed_TRUE",47636,0.00445595834567411
"triplet_pairs","expressed_TRUE",47649,0.00441633272342206
"triplet_pairs","expressed_TRUE",47662,0.00450782541900883
"triplet_pairs","expressed_TRUE",47675,0.0045993181145956
"triplet_pairs","expressed_TRUE",47688,0.00442857417450474
"triplet_pairs","expressed_TRUE",47701,0.00438894855225269
"triplet_pairs","expressed_TRUE",47714,0.00434932293000064
"triplet_pairs","expressed_TRUE",47728,0.00467983208757815
"triplet_pairs","expressed_TRUE",47741,0.0046402064653261
"triplet_pairs","expressed_TRUE",47754,0.00446946252523523
"triplet_pairs","expressed_TRUE",47767,0.00429871858514436
"triplet_pairs","expressed_TRUE",47780,0.00412797464505349
"triplet_pairs","expressed_TRUE",47793,0.00408834902280144
"triplet_pairs","expressed_TRUE",47806,0.00417984171838821
"triplet_pairs","expressed_TRUE",47819,0.00427133441397498
"triplet_pairs","expressed_TRUE",47832,0.00462506374523939
"triplet_pairs","expressed_TRUE",47845,0.0049787930765038
"triplet_pairs","expressed_TRUE",47858,0.00520140408992939
"triplet_pairs","expressed_TRUE",47871,0.00529289678551616
"triplet_pairs","expressed_TRUE",47885,0.00523005098957721
"triplet_pairs","expressed_TRUE",47898,0.00532154368516398
"triplet_pairs","expressed_TRUE",47911,0.00541303638075075
"triplet_pairs","expressed_TRUE",47924,0.00524229244065988
"triplet_pairs","expressed_TRUE",47937,0.00494043018273019
"triplet_pairs","expressed_TRUE",47950,0.0046385679248005
"triplet_pairs","expressed_TRUE",47963,0.00473006062038727
"triplet_pairs","expressed_TRUE",47976,0.0045593166802964
"triplet_pairs","expressed_TRUE",47989,0.00451969105804435
"triplet_pairs","expressed_TRUE",48002,0.00434894711795348
"triplet_pairs","expressed_TRUE",48015,0.00430932149570143
"triplet_pairs","expressed_TRUE",48029,0.00411535738192366
"triplet_pairs","expressed_TRUE",48042,0.00407573175967161
"triplet_pairs","expressed_TRUE",48055,0.0042983427730972
"triplet_pairs","expressed_TRUE",48068,0.00452095378652279
"triplet_pairs","expressed_TRUE",48081,0.00474356479994838
"triplet_pairs","expressed_TRUE",48094,0.00457282085985751
"triplet_pairs","expressed_TRUE",48107,0.00453319523760546
"triplet_pairs","expressed_TRUE",48120,0.00423133297967577
"triplet_pairs","expressed_TRUE",48133,0.00432282567526254
"triplet_pairs","expressed_TRUE",48146,0.00454543668868813
"triplet_pairs","expressed_TRUE",48159,0.00424357443075844
"triplet_pairs","expressed_TRUE",48172,0.00407283049066757
"triplet_pairs","expressed_TRUE",48186,0.00440333964824508
"triplet_pairs","expressed_TRUE",48199,0.00423259570815421
"triplet_pairs","expressed_TRUE",48212,0.00432408840374098
"triplet_pairs","expressed_TRUE",48225,0.0040222261458113
"triplet_pairs","expressed_TRUE",48238,0.00385148220572043
"triplet_pairs","expressed_TRUE",48251,0.0039429749013072
"triplet_pairs","expressed_TRUE",48264,0.00364111264337751
"triplet_pairs","expressed_TRUE",48277,0.00347036870328664
"triplet_pairs","expressed_TRUE",48290,0.00343074308103459
"triplet_pairs","expressed_TRUE",48303,0.00365335409446018
"triplet_pairs","expressed_TRUE",48316,0.00348261015436931
"triplet_pairs","expressed_TRUE",48330,0.00315752772275272
"triplet_pairs","expressed_TRUE",48343,0.00311790210050067
"triplet_pairs","expressed_TRUE",48356,0.00281603984257098
"triplet_pairs","expressed_TRUE",48369,0.00290753253815775
"triplet_pairs","expressed_TRUE",48382,0.0028679069159057
"triplet_pairs","expressed_TRUE",48395,0.00295939961149247
"triplet_pairs","expressed_TRUE",48408,0.0027886556714016
"triplet_pairs","expressed_TRUE",48421,0.00274903004914955
"triplet_pairs","expressed_TRUE",48434,0.00244716779121986
"triplet_pairs","expressed_TRUE",48447,0.00253866048680663
"triplet_pairs","expressed_TRUE",48460,0.00249903486455458
"triplet_pairs","expressed_TRUE",48473,0.00245940924230253
"triplet_pairs","expressed_TRUE",48487,0.00239656344636358
"triplet_pairs","expressed_TRUE",48500,0.00222581950627271
"triplet_pairs","expressed_TRUE",48513,0.0024484305196983
"triplet_pairs","expressed_TRUE",48526,0.00240880489744625
"triplet_pairs","expressed_TRUE",48539,0.00250029759303302
"triplet_pairs","expressed_TRUE",48552,0.00219843533510333
"triplet_pairs","expressed_TRUE",48565,0.00189657307717364
"triplet_pairs","expressed_TRUE",48578,0.00185694745492159
"triplet_pairs","expressed_TRUE",48591,0.002210676786186
"triplet_pairs","expressed_TRUE",48604,0.00203993284609513
"triplet_pairs","expressed_TRUE",48617,0.00239366217735954
"triplet_pairs","expressed_TRUE",48631,0.00246193469925941
"triplet_pairs","expressed_TRUE",48644,0.00229119075916855
"triplet_pairs","expressed_TRUE",48657,0.0022515651369165
"triplet_pairs","expressed_TRUE",48670,0.00234305783250327
"triplet_pairs","expressed_TRUE",48683,0.00243455052809004
"triplet_pairs","expressed_TRUE",48696,0.00226380658799917
"triplet_pairs","expressed_TRUE",48709,0.00235529928358594
"triplet_pairs","expressed_TRUE",48722,0.00244679197917271
"triplet_pairs","expressed_TRUE",48735,0.00240716635692066
"triplet_pairs","expressed_TRUE",48748,0.00223642241682979
"triplet_pairs","expressed_TRUE",48761,0.0019345601589001
"triplet_pairs","expressed_TRUE",48774,0.00202605285448687
"triplet_pairs","expressed_TRUE",48788,0.00222544369422556
"triplet_pairs","expressed_TRUE",48801,0.00205469975413469
"triplet_pairs","expressed_TRUE",48814,0.00201507413188264
"triplet_pairs","expressed_TRUE",48827,0.00197544850963059
"triplet_pairs","expressed_TRUE",48840,0.0016735862517009
"triplet_pairs","expressed_TRUE",48853,0.00137172399377121
"triplet_pairs","expressed_TRUE",48866,0.00133209837151916
"triplet_pairs","expressed_TRUE",48879,0.00129247274926711
"triplet_pairs","expressed_TRUE",48892,0.000990610491337421
"triplet_pairs","expressed_TRUE",48905,0.000819866551246552
"triplet_pairs","expressed_TRUE",48918,0.000649122611155682
"triplet_pairs","expressed_TRUE",48932,0.000848513450894373
"triplet_pairs","expressed_TRUE",48945,0.000808887828642323
"triplet_pairs","expressed_TRUE",48958,0.000769262206390273
"triplet_pairs","expressed_TRUE",48971,0.000598518266299404
"triplet_pairs","expressed_TRUE",48984,0.000690010961886174
"triplet_pairs","expressed_TRUE",48997,0.000650385339634124
"triplet_pairs","expressed_TRUE",49010,0.000741878035220894
"triplet_pairs","expressed_TRUE",49023,0.000571134095130024
"triplet_pairs","expressed_TRUE",49036,0.000531508472877975
"triplet_pairs","expressed_TRUE",49049,0.000360764532787105
"triplet_pairs","expressed_TRUE",49062,0.000845612181890334
"triplet_pairs","expressed_TRUE",49075,0.000543749923960645
"triplet_pairs","expressed_TRUE",49089,0.000612022445860516
"triplet_pairs","expressed_TRUE",49102,0.000441278505769646
"triplet_pairs","expressed_TRUE",49115,0.000532771201356416
"triplet_pairs","expressed_TRUE",49128,0.000362027261265547
"triplet_pairs","expressed_TRUE",49141,0.000191283321174677
"triplet_pairs","expressed_TRUE",49154,0.000282776016761447
"triplet_pairs","expressed_TRUE",49167,0.000374268712348217
"triplet_pairs","expressed_TRUE",49180,0.000465761407934987
"triplet_pairs","expressed_TRUE",49193,0.000557254103521757
"triplet_pairs","expressed_TRUE",49206,0.000648746799108527
"triplet_pairs","expressed_TRUE",49219,0.000871357812534117
"triplet_pairs","expressed_TRUE",49232,0.00109396882595971
"triplet_pairs","expressed_TRUE",49246,0.000900004712181938
"triplet_pairs","expressed_TRUE",49259,0.00125373404344635
"triplet_pairs","expressed_TRUE",49272,0.00134522673903312
"triplet_pairs","expressed_TRUE",49285,0.00117448279894225
"triplet_pairs","expressed_TRUE",49298,0.00100373885885138
"triplet_pairs","expressed_TRUE",49311,0.000832994918760509
"triplet_pairs","expressed_TRUE",49324,0.0010556059321861
"triplet_pairs","expressed_TRUE",49337,0.00114709862777287
"triplet_pairs","expressed_TRUE",49350,0.00110747300552082
"triplet_pairs","expressed_TRUE",49363,0.00119896570110759
"triplet_pairs","expressed_TRUE",49376,0.00115934007885554
"triplet_pairs","expressed_TRUE",49390,0.00109649428291659
"triplet_pairs","expressed_TRUE",49403,0.00092575034282572
"triplet_pairs","expressed_TRUE",49416,0.000623888084896031
"triplet_pairs","expressed_TRUE",49429,0.000584262462643981
"triplet_pairs","expressed_TRUE",49442,0.000544636840391932
"triplet_pairs","expressed_TRUE",49455,0.000505011218139882
"triplet_pairs","expressed_TRUE",49468,0.000596503913726652
"triplet_pairs","expressed_TRUE",49481,0.000950233244991061
"triplet_pairs","expressed_TRUE",49494,0.000648370987061372
"triplet_pairs","expressed_TRUE",49507,0.000608745364809322
"triplet_pairs","expressed_TRUE",49520,0.000962474696073732
"triplet_pairs","expressed_TRUE",49533,0.00118508570949932
"triplet_pairs","expressed_TRUE",49547,0.00125335823139919
"triplet_pairs","expressed_TRUE",49560,0.000951495973469503
"triplet_pairs","expressed_TRUE",49573,0.000911870351217453
"triplet_pairs","expressed_TRUE",49586,0.000741126411126584
"triplet_pairs","expressed_TRUE",49599,0.000832619106713354
"triplet_pairs","expressed_TRUE",49612,0.000530756848783664
"triplet_pairs","expressed_TRUE",49625,0.000491131226531614
"triplet_pairs","expressed_TRUE",49638,0.000320387286440745
"triplet_pairs","expressed_TRUE",49651,0.000280761664188695
"triplet_pairs","expressed_TRUE",49664,-2.11005937409941e-05
"triplet_pairs","expressed_TRUE",49677,7.03921018457758e-05
"triplet_pairs","expressed_TRUE",49691,0.000138664623745647
"triplet_pairs","expressed_TRUE",49704,9.90390014935969e-05
"triplet_pairs","expressed_TRUE",49717,-7.17049385972727e-05
"triplet_pairs","expressed_TRUE",49730,-0.000242448878688142
"triplet_pairs","expressed_TRUE",49743,-0.000282074500940192
"triplet_pairs","expressed_TRUE",49756,-0.000452818441031062
"triplet_pairs","expressed_TRUE",49769,-0.000623562381121931
"triplet_pairs","expressed_TRUE",49782,-0.000269833049857522
"triplet_pairs","expressed_TRUE",49795,-0.000178340354270752
"triplet_pairs","expressed_TRUE",49808,-0.000480202612200441
"triplet_pairs","expressed_TRUE",49821,-0.000257591598774851
"triplet_pairs","expressed_TRUE",49834,-0.000428335538865721
"triplet_pairs","expressed_TRUE",49848,-0.00049118133480467
"triplet_pairs","expressed_TRUE",49861,-0.0003996886392179
"triplet_pairs","expressed_TRUE",49874,-0.000701550897147589
"triplet_pairs","expressed_TRUE",49887,-0.000478939883721999
"triplet_pairs","expressed_TRUE",49900,-0.000649683823812869
"triplet_pairs","expressed_TRUE",49913,-3.37178568708197e-05
"triplet_pairs","expressed_TRUE",49926,-0.000204461796961689
"triplet_pairs","expressed_TRUE",49939,-0.000506324054891379
"triplet_pairs","expressed_TRUE",49952,-0.000283713041465789
"triplet_pairs","expressed_TRUE",49965,-0.000585575299395478
"triplet_pairs","expressed_TRUE",49978,-0.000625200921647528
"triplet_pairs","expressed_TRUE",49992,-0.000163573446231198
"triplet_pairs","expressed_TRUE",50005,-0.000203199068483248
"triplet_pairs","expressed_TRUE",50018,-0.000242824690735297
"triplet_pairs","expressed_TRUE",50031,-0.000151331995148527
"triplet_pairs","expressed_TRUE",50044,-0.000322075935239397
"triplet_pairs","expressed_TRUE",50057,3.16533960250126e-05
"triplet_pairs","expressed_TRUE",50070,-0.000270208861904677
"triplet_pairs","expressed_TRUE",50083,-0.000440952801995546
"triplet_pairs","expressed_TRUE",50096,-0.000480578424247596
"triplet_pairs","expressed_TRUE",50109,-0.000257967410822006
"triplet_pairs","expressed_TRUE",50122,-0.000166474715235236
"triplet_pairs","expressed_TRUE",50135,-0.000206100337487286
"triplet_pairs","expressed_TRUE",50149,-0.000137827815587415
"triplet_pairs","expressed_TRUE",50162,-4.63351200006453e-05
"triplet_pairs","expressed_TRUE",50175,-8.59607422526951e-05
"triplet_pairs","expressed_TRUE",50188,-0.000256704682343565
"triplet_pairs","expressed_TRUE",50201,-0.000165211986756795
"triplet_pairs","expressed_TRUE",50214,-0.000335955926847664
"triplet_pairs","expressed_TRUE",50227,-0.000506699866938534
"triplet_pairs","expressed_TRUE",50240,-0.000415207171351764
"triplet_pairs","expressed_TRUE",50253,-0.000323714475764994
"triplet_pairs","expressed_TRUE",50266,-0.000232221780178224
"triplet_pairs","expressed_TRUE",50279,-0.000140729084591454
"triplet_pairs","expressed_TRUE",50293,-0.000334693198369223
"triplet_pairs","expressed_TRUE",50306,-0.000243200502782453
"triplet_pairs","expressed_TRUE",50319,-0.000413944442873322
"triplet_pairs","expressed_TRUE",50332,0.000202021524068727
"triplet_pairs","expressed_TRUE",50345,0.000162395901816677
"triplet_pairs","expressed_TRUE",50358,0.000122770279564627
"triplet_pairs","expressed_TRUE",50371,0.000345381292990217
"triplet_pairs","expressed_TRUE",50384,0.000436873988576987
"triplet_pairs","expressed_TRUE",50397,0.000135011730647298
"triplet_pairs","expressed_TRUE",50410,9.5386108395248e-05
"triplet_pairs","expressed_TRUE",50423,-7.53578316956215e-05
"triplet_pairs","expressed_TRUE",50436,-0.000246101771786491
"triplet_pairs","expressed_TRUE",50450,-0.00044006588556426
"triplet_pairs","expressed_TRUE",50463,-0.000610809825655129
"triplet_pairs","expressed_TRUE",50476,-0.000519317130068359
"triplet_pairs","expressed_TRUE",50489,-3.44694809651301e-05
"triplet_pairs","expressed_TRUE",50502,5.70232146216399e-05
"triplet_pairs","expressed_TRUE",50515,1.73975923695901e-05
"triplet_pairs","expressed_TRUE",50528,0.00010889028795636
"triplet_pairs","expressed_TRUE",50541,-6.18536521345095e-05
"triplet_pairs","expressed_TRUE",50554,-0.000101479274386559
"triplet_pairs","expressed_TRUE",50567,-0.000272223214477429
"triplet_pairs","expressed_TRUE",50580,8.15061167869807e-05
"triplet_pairs","expressed_TRUE",50593,4.1880494534931e-05
"triplet_pairs","expressed_TRUE",50607,-2.0965301404018e-05
"triplet_pairs","expressed_TRUE",50620,7.0527394182752e-05
"triplet_pairs","expressed_TRUE",50633,-0.000100216545908118
"triplet_pairs","expressed_TRUE",50646,-8.72385032134758e-06
"triplet_pairs","expressed_TRUE",50659,-4.83494725733974e-05
"triplet_pairs","expressed_TRUE",50672,-0.000219093412664267
"triplet_pairs","expressed_TRUE",50685,3.51760076132284e-06
"triplet_pairs","expressed_TRUE",50698,9.50102963480928e-05
"triplet_pairs","expressed_TRUE",50711,0.000186502991934863
"triplet_pairs","expressed_TRUE",50724,-0.000115359265994826
"triplet_pairs","expressed_TRUE",50737,-2.38665704080565e-05
"triplet_pairs","expressed_TRUE",50751,-8.67123663470055e-05
"triplet_pairs","expressed_TRUE",50764,4.78032923976451e-06
"triplet_pairs","expressed_TRUE",50777,9.62730248265345e-05
"triplet_pairs","expressed_TRUE",50790,5.66474025744847e-05
"triplet_pairs","expressed_TRUE",50803,0.000541495051677714
"triplet_pairs","expressed_TRUE",50816,0.000632987747264484
"triplet_pairs","expressed_TRUE",50829,0.000462243807173614
"triplet_pairs","expressed_TRUE",50842,0.000291499867082745
"triplet_pairs","expressed_TRUE",50855,0.000382992562669515
"triplet_pairs","expressed_TRUE",50868,0.000474485258256285
"triplet_pairs","expressed_TRUE",50881,0.000434859636004235
"triplet_pairs","expressed_TRUE",50894,0.000395234013752185
"triplet_pairs","expressed_TRUE",50908,0.000463506535652056
"triplet_pairs","expressed_TRUE",50921,0.000292762595561187
"triplet_pairs","expressed_TRUE",50934,0.000515373608986776
"triplet_pairs","expressed_TRUE",50947,0.000213511351057087
"triplet_pairs","expressed_TRUE",50960,0.000305004046643857
"triplet_pairs","expressed_TRUE",50973,0.000265378424391807
"triplet_pairs","expressed_TRUE",50986,0.000225752802139757
"triplet_pairs","expressed_TRUE",50999,5.50088620488879e-05
"triplet_pairs","expressed_TRUE",51012,1.53832397968381e-05
"triplet_pairs","expressed_TRUE",51025,0.000106875935383608
"triplet_pairs","expressed_TRUE",51038,-0.000194986322546081
"triplet_pairs","expressed_TRUE",51052,-0.00025783211848503
"triplet_pairs","expressed_TRUE",51065,9.58972127793793e-05
"triplet_pairs","expressed_TRUE",51078,0.000187389908366149
"triplet_pairs","expressed_TRUE",51091,-0.00011447234956354
"triplet_pairs","expressed_TRUE",51104,0.00010813866386205
"triplet_pairs","expressed_TRUE",51117,-6.26052762288198e-05
"triplet_pairs","expressed_TRUE",51130,0.00029112405503559
"triplet_pairs","expressed_TRUE",51143,-1.07382028940996e-05
"triplet_pairs","expressed_TRUE",51156,0.00021187281053149
"triplet_pairs","expressed_TRUE",51169,4.11288704406206e-05
"triplet_pairs","expressed_TRUE",51182,0.000132621566027391
"triplet_pairs","expressed_TRUE",51195,9.29959437753408e-05
"triplet_pairs","expressed_TRUE",51209,-0.000232086487841248
"triplet_pairs","expressed_TRUE",51222,0.000121642843423162
"triplet_pairs","expressed_TRUE",51235,8.20172211711121e-05
"triplet_pairs","expressed_TRUE",51248,-8.87267189197575e-05
"triplet_pairs","expressed_TRUE",51261,-0.000259470659010627
"triplet_pairs","expressed_TRUE",51274,-3.68596455850373e-05
"triplet_pairs","expressed_TRUE",51287,5.46330500017327e-05
"triplet_pairs","expressed_TRUE",51300,1.50074277496829e-05
"triplet_pairs","expressed_TRUE",51313,-2.46181945023669e-05
"triplet_pairs","expressed_TRUE",51326,-0.000195362134593236
"triplet_pairs","expressed_TRUE",51339,-0.000234987756845286
"triplet_pairs","expressed_TRUE",51353,-0.000297833552784235
"triplet_pairs","expressed_TRUE",51366,-0.000206340857197465
"triplet_pairs","expressed_TRUE",51379,-0.000245966479449515
"triplet_pairs","expressed_TRUE",51392,-0.000285592101701565
"triplet_pairs","expressed_TRUE",51405,-0.000456336041792434
"triplet_pairs","expressed_TRUE",51418,-0.000758198299722124
"triplet_pairs","expressed_TRUE",51431,-0.000928942239812993
"triplet_pairs","expressed_TRUE",51444,-0.00109968617990386
"triplet_pairs","expressed_TRUE",51457,-0.00127043011999473
"triplet_pairs","expressed_TRUE",51470,-0.00131005574224678
"triplet_pairs","expressed_TRUE",51483,-0.00121856304666001
"triplet_pairs","expressed_TRUE",51496,-0.000995952033234422
"triplet_pairs","expressed_TRUE",51510,-0.000927679511334551
"triplet_pairs","expressed_TRUE",51523,-0.000705068497908962
"triplet_pairs","expressed_TRUE",51536,-0.000875812437999831
"triplet_pairs","expressed_TRUE",51549,-0.000653201424574241
"triplet_pairs","expressed_TRUE",51562,-0.000955063682503931
"triplet_pairs","expressed_TRUE",51575,-0.000994689304755981
"triplet_pairs","expressed_TRUE",51588,-0.00116543324484685
"triplet_pairs","expressed_TRUE",51601,-0.00146729550277654
"triplet_pairs","expressed_TRUE",51614,-0.00150692112502859
"triplet_pairs","expressed_TRUE",51627,-0.00180878338295828
"triplet_pairs","expressed_TRUE",51640,-0.00158617236953269
"triplet_pairs","expressed_TRUE",51654,-0.00151789984763282
"triplet_pairs","expressed_TRUE",51667,-0.00129528883420723
"triplet_pairs","expressed_TRUE",51680,-0.0014660327742981
"triplet_pairs","expressed_TRUE",51693,-0.00137454007871133
"triplet_pairs","expressed_TRUE",51706,-0.00141416570096338
"triplet_pairs","expressed_TRUE",51719,-0.00171602795889307
"triplet_pairs","expressed_TRUE",51732,-0.00188677189898394
"triplet_pairs","expressed_TRUE",51745,-0.00205751583907481
"triplet_pairs","expressed_TRUE",51758,-0.00209714146132686
"triplet_pairs","expressed_TRUE",51771,-0.00226788540141773
"triplet_pairs","expressed_TRUE",51784,-0.00256974765934741
"triplet_pairs","expressed_TRUE",51797,-0.00247825496376064
"triplet_pairs","expressed_TRUE",51811,-0.00240998244186077
"triplet_pairs","expressed_TRUE",51824,-0.00258072638195164
"triplet_pairs","expressed_TRUE",51837,-0.00248923368636487
"triplet_pairs","expressed_TRUE",51850,-0.00265997762645574
"triplet_pairs","expressed_TRUE",51863,-0.00256848493086897
"triplet_pairs","expressed_TRUE",51876,-0.00273922887095984
"triplet_pairs","expressed_TRUE",51889,-0.00277885449321189
"triplet_pairs","expressed_TRUE",51902,-0.00281848011546394
"triplet_pairs","expressed_TRUE",51915,-0.00298922405555481
"triplet_pairs","expressed_TRUE",51928,-0.00289773135996804
"triplet_pairs","expressed_TRUE",51941,-0.00267512034654245
"triplet_pairs","expressed_TRUE",51954,-0.00232139101527804
"triplet_pairs","expressed_TRUE",51968,-0.00212200017553935
"triplet_pairs","expressed_TRUE",51981,-0.00242386243346904
"triplet_pairs","expressed_TRUE",51994,-0.00259460637355991
"triplet_pairs","expressed_TRUE",52007,-0.00210975872445668
"triplet_pairs","expressed_TRUE",52020,-0.00214938434670873
"triplet_pairs","expressed_TRUE",52033,-0.00218900996896078
"triplet_pairs","expressed_TRUE",52046,-0.00196639895553519
"triplet_pairs","expressed_TRUE",52059,-0.00161266962427078
"triplet_pairs","expressed_TRUE",52072,-0.00165229524652283
"triplet_pairs","expressed_TRUE",52085,-0.00169192086877488
"triplet_pairs","expressed_TRUE",52098,-0.00173154649102693
"triplet_pairs","expressed_TRUE",52112,-0.00166327396912706
"triplet_pairs","expressed_TRUE",52125,-0.00144066295570147
"triplet_pairs","expressed_TRUE",52138,-0.00161140689579234
"triplet_pairs","expressed_TRUE",52151,-0.00138879588236675
"triplet_pairs","expressed_TRUE",52164,-0.00103506655110234
"triplet_pairs","expressed_TRUE",52177,-0.000943573855515571
"triplet_pairs","expressed_TRUE",52190,-0.000983199477767621
"triplet_pairs","expressed_TRUE",52203,-0.000891706782180851
"triplet_pairs","expressed_TRUE",52216,-0.00106245072227172
"triplet_pairs","expressed_TRUE",52229,-0.00123319466236259
"triplet_pairs","expressed_TRUE",52242,-0.001010583648937
"triplet_pairs","expressed_TRUE",52255,-0.00105020927118905
"triplet_pairs","expressed_TRUE",52269,-0.000850818431450359
"triplet_pairs","expressed_TRUE",52282,-0.000759325735863589
"triplet_pairs","expressed_TRUE",52295,-0.000930069675954459
"triplet_pairs","expressed_TRUE",52308,-0.000707458662528869
"triplet_pairs","expressed_TRUE",52321,-0.000484847649103279
"triplet_pairs","expressed_TRUE",52334,-4.98732999343332e-17
"triplet_pairs","mediating_TRUE",1,9.24812725423102e-05
"triplet_pairs","mediating_TRUE",14,0.00129473781559234
"triplet_pairs","mediating_TRUE",27,0.00249699435864238
"triplet_pairs","mediating_TRUE",40,0.00369925090169241
"triplet_pairs","mediating_TRUE",53,0.00490150744474244
"triplet_pairs","mediating_TRUE",66,0.00610376398779247
"triplet_pairs","mediating_TRUE",80,0.00739850180338481
"triplet_pairs","mediating_TRUE",93,0.00860075834643485
"triplet_pairs","mediating_TRUE",106,0.00980301488948488
"triplet_pairs","mediating_TRUE",119,0.0110052714325349
"triplet_pairs","mediating_TRUE",132,0.0122075279755849
"triplet_pairs","mediating_TRUE",145,0.013409784518635
"triplet_pairs","mediating_TRUE",158,0.014612041061685
"triplet_pairs","mediating_TRUE",171,0.015814297604735
"triplet_pairs","mediating_TRUE",184,0.0170165541477851
"triplet_pairs","mediating_TRUE",197,0.0182188106908351
"triplet_pairs","mediating_TRUE",210,0.0194210672338851
"triplet_pairs","mediating_TRUE",223,0.0206233237769352
"triplet_pairs","mediating_TRUE",237,0.0219180615925275
"triplet_pairs","mediating_TRUE",250,0.0231203181355775
"triplet_pairs","mediating_TRUE",263,0.0243225746786276
"triplet_pairs","mediating_TRUE",276,0.0255248312216776
"triplet_pairs","mediating_TRUE",289,0.0267270877647276
"triplet_pairs","mediating_TRUE",302,0.0279293443077777
"triplet_pairs","mediating_TRUE",315,0.0291316008508277
"triplet_pairs","mediating_TRUE",328,0.0303338573938777
"triplet_pairs","mediating_TRUE",341,0.0315361139369278
"triplet_pairs","mediating_TRUE",354,0.0327383704799778
"triplet_pairs","mediating_TRUE",367,0.0339406270230278
"triplet_pairs","mediating_TRUE",381,0.0352353648386202
"triplet_pairs","mediating_TRUE",394,0.0364376213816702
"triplet_pairs","mediating_TRUE",407,0.0376398779247202
"triplet_pairs","mediating_TRUE",420,0.0388421344677703
"triplet_pairs","mediating_TRUE",433,0.0400443910108203
"triplet_pairs","mediating_TRUE",446,0.0412466475538703
"triplet_pairs","mediating_TRUE",459,0.0424489040969204
"triplet_pairs","mediating_TRUE",472,0.0436511606399704
"triplet_pairs","mediating_TRUE",485,0.0448534171830204
"triplet_pairs","mediating_TRUE",498,0.0460556737260705
"triplet_pairs","mediating_TRUE",511,0.0472579302691205
"triplet_pairs","mediating_TRUE",524,0.0484601868121705
"triplet_pairs","mediating_TRUE",538,0.0497549246277629
"triplet_pairs","mediating_TRUE",551,0.0509571811708129
"triplet_pairs","mediating_TRUE",564,0.0521594377138629
"triplet_pairs","mediating_TRUE",577,0.053361694256913
"triplet_pairs","mediating_TRUE",590,0.054563950799963
"triplet_pairs","mediating_TRUE",603,0.055766207343013
"triplet_pairs","mediating_TRUE",616,0.0569684638860631
"triplet_pairs","mediating_TRUE",629,0.0581707204291131
"triplet_pairs","mediating_TRUE",642,0.0593729769721631
"triplet_pairs","mediating_TRUE",655,0.0605752335152132
"triplet_pairs","mediating_TRUE",668,0.0617774900582632
"triplet_pairs","mediating_TRUE",681,0.0629797466013132
"triplet_pairs","mediating_TRUE",695,0.0642744844169056
"triplet_pairs","mediating_TRUE",708,0.0654767409599556
"triplet_pairs","mediating_TRUE",721,0.0666789975030056
"triplet_pairs","mediating_TRUE",734,0.0678812540460557
"triplet_pairs","mediating_TRUE",747,0.0690835105891057
"triplet_pairs","mediating_TRUE",760,0.0702857671321557
"triplet_pairs","mediating_TRUE",773,0.0714880236752058
"triplet_pairs","mediating_TRUE",786,0.0726902802182558
"triplet_pairs","mediating_TRUE",799,0.0738925367613058
"triplet_pairs","mediating_TRUE",812,0.0750947933043559
"triplet_pairs","mediating_TRUE",825,0.0762970498474059
"triplet_pairs","mediating_TRUE",839,0.0775917876629982
"triplet_pairs","mediating_TRUE",852,0.0787940442060483
"triplet_pairs","mediating_TRUE",865,0.0799963007490983
"triplet_pairs","mediating_TRUE",878,0.0811985572921483
"triplet_pairs","mediating_TRUE",891,0.0824008138351984
"triplet_pairs","mediating_TRUE",904,0.0836030703782484
"triplet_pairs","mediating_TRUE",917,0.0848053269212984
"triplet_pairs","mediating_TRUE",930,0.0860075834643485
"triplet_pairs","mediating_TRUE",943,0.0872098400073985
"triplet_pairs","mediating_TRUE",956,0.0884120965504485
"triplet_pairs","mediating_TRUE",969,0.0896143530934986
"triplet_pairs","mediating_TRUE",982,0.0908166096365486
"triplet_pairs","mediating_TRUE",996,0.0921113474521409
"triplet_pairs","mediating_TRUE",1009,0.093313603995191
"triplet_pairs","mediating_TRUE",1022,0.094515860538241
"triplet_pairs","mediating_TRUE",1035,0.095718117081291
"triplet_pairs","mediating_TRUE",1048,0.0969203736243411
"triplet_pairs","mediating_TRUE",1061,0.0981226301673911
"triplet_pairs","mediating_TRUE",1074,0.0993248867104411
"triplet_pairs","mediating_TRUE",1087,0.100527143253491
"triplet_pairs","mediating_TRUE",1100,0.101729399796541
"triplet_pairs","mediating_TRUE",1113,0.102931656339591
"triplet_pairs","mediating_TRUE",1126,0.104133912882641
"triplet_pairs","mediating_TRUE",1140,0.105428650698234
"triplet_pairs","mediating_TRUE",1153,0.106630907241284
"triplet_pairs","mediating_TRUE",1166,0.107833163784334
"triplet_pairs","mediating_TRUE",1179,0.109035420327384
"triplet_pairs","mediating_TRUE",1192,0.110237676870434
"triplet_pairs","mediating_TRUE",1205,0.111439933413484
"triplet_pairs","mediating_TRUE",1218,0.112642189956534
"triplet_pairs","mediating_TRUE",1231,0.113844446499584
"triplet_pairs","mediating_TRUE",1244,0.115046703042634
"triplet_pairs","mediating_TRUE",1257,0.116248959585684
"triplet_pairs","mediating_TRUE",1270,0.117451216128734
"triplet_pairs","mediating_TRUE",1283,0.118653472671784
"triplet_pairs","mediating_TRUE",1297,0.119948210487376
"triplet_pairs","mediating_TRUE",1310,0.121150467030426
"triplet_pairs","mediating_TRUE",1323,0.122352723573476
"triplet_pairs","mediating_TRUE",1336,0.123554980116526
"triplet_pairs","mediating_TRUE",1349,0.124757236659576
"triplet_pairs","mediating_TRUE",1362,0.125959493202626
"triplet_pairs","mediating_TRUE",1375,0.127161749745677
"triplet_pairs","mediating_TRUE",1388,0.128364006288727
"triplet_pairs","mediating_TRUE",1401,0.129566262831777
"triplet_pairs","mediating_TRUE",1414,0.130768519374827
"triplet_pairs","mediating_TRUE",1427,0.131970775917877
"triplet_pairs","mediating_TRUE",1441,0.133265513733469
"triplet_pairs","mediating_TRUE",1454,0.134467770276519
"triplet_pairs","mediating_TRUE",1467,0.135670026819569
"triplet_pairs","mediating_TRUE",1480,0.136872283362619
"triplet_pairs","mediating_TRUE",1493,0.138074539905669
"triplet_pairs","mediating_TRUE",1506,0.139276796448719
"triplet_pairs","mediating_TRUE",1519,0.140479052991769
"triplet_pairs","mediating_TRUE",1532,0.141681309534819
"triplet_pairs","mediating_TRUE",1545,0.142883566077869
"triplet_pairs","mediating_TRUE",1558,0.144085822620919
"triplet_pairs","mediating_TRUE",1571,0.145288079163969
"triplet_pairs","mediating_TRUE",1584,0.146490335707019
"triplet_pairs","mediating_TRUE",1598,0.147785073522612
"triplet_pairs","mediating_TRUE",1611,0.148987330065662
"triplet_pairs","mediating_TRUE",1624,0.150189586608712
"triplet_pairs","mediating_TRUE",1637,0.151391843151762
"triplet_pairs","mediating_TRUE",1650,0.152594099694812
"triplet_pairs","mediating_TRUE",1663,0.153796356237862
"triplet_pairs","mediating_TRUE",1676,0.154998612780912
"triplet_pairs","mediating_TRUE",1689,0.156200869323962
"triplet_pairs","mediating_TRUE",1702,0.157403125867012
"triplet_pairs","mediating_TRUE",1715,0.158605382410062
"triplet_pairs","mediating_TRUE",1728,0.159807638953112
"triplet_pairs","mediating_TRUE",1742,0.161102376768704
"triplet_pairs","mediating_TRUE",1755,0.162304633311754
"triplet_pairs","mediating_TRUE",1768,0.163506889854804
"triplet_pairs","mediating_TRUE",1781,0.164709146397854
"triplet_pairs","mediating_TRUE",1794,0.165911402940904
"triplet_pairs","mediating_TRUE",1807,0.167113659483955
"triplet_pairs","mediating_TRUE",1820,0.168315916027005
"triplet_pairs","mediating_TRUE",1833,0.169518172570055
"triplet_pairs","mediating_TRUE",1846,0.170720429113105
"triplet_pairs","mediating_TRUE",1859,0.171922685656155
"triplet_pairs","mediating_TRUE",1872,0.173124942199205
"triplet_pairs","mediating_TRUE",1885,0.174327198742255
"triplet_pairs","mediating_TRUE",1899,0.175621936557847
"triplet_pairs","mediating_TRUE",1912,0.176824193100897
"triplet_pairs","mediating_TRUE",1925,0.178026449643947
"triplet_pairs","mediating_TRUE",1938,0.179228706186997
"triplet_pairs","mediating_TRUE",1951,0.180430962730047
"triplet_pairs","mediating_TRUE",1964,0.181633219273097
"triplet_pairs","mediating_TRUE",1977,0.182835475816147
"triplet_pairs","mediating_TRUE",1990,0.184037732359197
"triplet_pairs","mediating_TRUE",2003,0.185239988902247
"triplet_pairs","mediating_TRUE",2016,0.186442245445297
"triplet_pairs","mediating_TRUE",2029,0.187644501988347
"triplet_pairs","mediating_TRUE",2042,0.188846758531397
"triplet_pairs","mediating_TRUE",2056,0.19014149634699
"triplet_pairs","mediating_TRUE",2069,0.19134375289004
"triplet_pairs","mediating_TRUE",2082,0.19254600943309
"triplet_pairs","mediating_TRUE",2095,0.19374826597614
"triplet_pairs","mediating_TRUE",2108,0.19495052251919
"triplet_pairs","mediating_TRUE",2121,0.19615277906224
"triplet_pairs","mediating_TRUE",2134,0.19735503560529
"triplet_pairs","mediating_TRUE",2147,0.19855729214834
"triplet_pairs","mediating_TRUE",2160,0.19975954869139
"triplet_pairs","mediating_TRUE",2173,0.20096180523444
"triplet_pairs","mediating_TRUE",2186,0.20216406177749
"triplet_pairs","mediating_TRUE",2200,0.203458799593082
"triplet_pairs","mediating_TRUE",2213,0.204661056136132
"triplet_pairs","mediating_TRUE",2226,0.205863312679182
"triplet_pairs","mediating_TRUE",2239,0.207065569222232
"triplet_pairs","mediating_TRUE",2252,0.208267825765283
"triplet_pairs","mediating_TRUE",2265,0.209470082308333
"triplet_pairs","mediating_TRUE",2278,0.210672338851383
"triplet_pairs","mediating_TRUE",2291,0.211874595394433
"triplet_pairs","mediating_TRUE",2304,0.213076851937483
"triplet_pairs","mediating_TRUE",2317,0.214279108480533
"triplet_pairs","mediating_TRUE",2330,0.215481365023583
"triplet_pairs","mediating_TRUE",2343,0.216683621566633
"triplet_pairs","mediating_TRUE",2357,0.217978359382225
"triplet_pairs","mediating_TRUE",2370,0.219180615925275
"triplet_pairs","mediating_TRUE",2383,0.220382872468325
"triplet_pairs","mediating_TRUE",2396,0.221585129011375
"triplet_pairs","mediating_TRUE",2409,0.222787385554425
"triplet_pairs","mediating_TRUE",2422,0.223989642097475
"triplet_pairs","mediating_TRUE",2435,0.225191898640525
"triplet_pairs","mediating_TRUE",2448,0.226394155183575
"triplet_pairs","mediating_TRUE",2461,0.227596411726625
"triplet_pairs","mediating_TRUE",2474,0.228798668269675
"triplet_pairs","mediating_TRUE",2487,0.230000924812725
"triplet_pairs","mediating_TRUE",2501,0.231295662628318
"triplet_pairs","mediating_TRUE",2514,0.232497919171368
"triplet_pairs","mediating_TRUE",2527,0.233700175714418
"triplet_pairs","mediating_TRUE",2540,0.234902432257468
"triplet_pairs","mediating_TRUE",2553,0.236104688800518
"triplet_pairs","mediating_TRUE",2566,0.237306945343568
"triplet_pairs","mediating_TRUE",2579,0.238509201886618
"triplet_pairs","mediating_TRUE",2592,0.239711458429668
"triplet_pairs","mediating_TRUE",2605,0.240913714972718
"triplet_pairs","mediating_TRUE",2618,0.242115971515768
"triplet_pairs","mediating_TRUE",2631,0.243318228058818
"triplet_pairs","mediating_TRUE",2644,0.244520484601868
"triplet_pairs","mediating_TRUE",2658,0.24581522241746
"triplet_pairs","mediating_TRUE",2671,0.24701747896051
"triplet_pairs","mediating_TRUE",2684,0.248219735503561
"triplet_pairs","mediating_TRUE",2697,0.249421992046611
"triplet_pairs","mediating_TRUE",2710,0.250624248589661
"triplet_pairs","mediating_TRUE",2723,0.251826505132711
"triplet_pairs","mediating_TRUE",2736,0.253028761675761
"triplet_pairs","mediating_TRUE",2749,0.254231018218811
"triplet_pairs","mediating_TRUE",2762,0.255433274761861
"triplet_pairs","mediating_TRUE",2775,0.256635531304911
"triplet_pairs","mediating_TRUE",2788,0.257837787847961
"triplet_pairs","mediating_TRUE",2802,0.259132525663553
"triplet_pairs","mediating_TRUE",2815,0.260334782206603
"triplet_pairs","mediating_TRUE",2828,0.261537038749653
"triplet_pairs","mediating_TRUE",2841,0.262739295292703
"triplet_pairs","mediating_TRUE",2854,0.263941551835753
"triplet_pairs","mediating_TRUE",2867,0.265143808378803
"triplet_pairs","mediating_TRUE",2880,0.266346064921853
"triplet_pairs","mediating_TRUE",2893,0.267548321464903
"triplet_pairs","mediating_TRUE",2906,0.268750578007953
"triplet_pairs","mediating_TRUE",2919,0.269952834551003
"triplet_pairs","mediating_TRUE",2932,0.271155091094053
"triplet_pairs","mediating_TRUE",2945,0.272357347637104
"triplet_pairs","mediating_TRUE",2959,0.273652085452696
"triplet_pairs","mediating_TRUE",2972,0.274854341995746
"triplet_pairs","mediating_TRUE",2985,0.276056598538796
"triplet_pairs","mediating_TRUE",2998,0.277258855081846
"triplet_pairs","mediating_TRUE",3011,0.278461111624896
"triplet_pairs","mediating_TRUE",3024,0.279663368167946
"triplet_pairs","mediating_TRUE",3037,0.280865624710996
"triplet_pairs","mediating_TRUE",3050,0.282067881254046
"triplet_pairs","mediating_TRUE",3063,0.283270137797096
"triplet_pairs","mediating_TRUE",3076,0.284472394340146
"triplet_pairs","mediating_TRUE",3089,0.285674650883196
"triplet_pairs","mediating_TRUE",3103,0.286969388698789
"triplet_pairs","mediating_TRUE",3116,0.288171645241839
"triplet_pairs","mediating_TRUE",3129,0.289373901784889
"triplet_pairs","mediating_TRUE",3142,0.290576158327939
"triplet_pairs","mediating_TRUE",3155,0.291778414870989
"triplet_pairs","mediating_TRUE",3168,0.292980671414039
"triplet_pairs","mediating_TRUE",3181,0.294182927957089
"triplet_pairs","mediating_TRUE",3194,0.295385184500139
"triplet_pairs","mediating_TRUE",3207,0.296587441043189
"triplet_pairs","mediating_TRUE",3220,0.297789697586239
"triplet_pairs","mediating_TRUE",3233,0.298991954129289
"triplet_pairs","mediating_TRUE",3246,0.300194210672339
"triplet_pairs","mediating_TRUE",3260,0.301488948487931
"triplet_pairs","mediating_TRUE",3273,0.302691205030981
"triplet_pairs","mediating_TRUE",3286,0.303893461574031
"triplet_pairs","mediating_TRUE",3299,0.305095718117081
"triplet_pairs","mediating_TRUE",3312,0.306297974660131
"triplet_pairs","mediating_TRUE",3325,0.307500231203181
"triplet_pairs","mediating_TRUE",3338,0.308702487746231
"triplet_pairs","mediating_TRUE",3351,0.309904744289281
"triplet_pairs","mediating_TRUE",3364,0.311107000832331
"triplet_pairs","mediating_TRUE",3377,0.312309257375381
"triplet_pairs","mediating_TRUE",3390,0.313511513918432
"triplet_pairs","mediating_TRUE",3403,0.314713770461482
"triplet_pairs","mediating_TRUE",3417,0.316008508277074
"triplet_pairs","mediating_TRUE",3430,0.317210764820124
"triplet_pairs","mediating_TRUE",3443,0.318413021363174
"triplet_pairs","mediating_TRUE",3456,0.319615277906224
"triplet_pairs","mediating_TRUE",3469,0.320817534449274
"triplet_pairs","mediating_TRUE",3482,0.322019790992324
"triplet_pairs","mediating_TRUE",3495,0.323222047535374
"triplet_pairs","mediating_TRUE",3508,0.324424304078424
"triplet_pairs","mediating_TRUE",3521,0.325626560621474
"triplet_pairs","mediating_TRUE",3534,0.326828817164524
"triplet_pairs","mediating_TRUE",3547,0.328031073707574
"triplet_pairs","mediating_TRUE",3561,0.329325811523167
"triplet_pairs","mediating_TRUE",3574,0.330528068066217
"triplet_pairs","mediating_TRUE",3587,0.331730324609267
"triplet_pairs","mediating_TRUE",3600,0.332932581152317
"triplet_pairs","mediating_TRUE",3613,0.334134837695367
"triplet_pairs","mediating_TRUE",3626,0.335337094238417
"triplet_pairs","mediating_TRUE",3639,0.336539350781467
"triplet_pairs","mediating_TRUE",3652,0.337741607324517
"triplet_pairs","mediating_TRUE",3665,0.338943863867567
"triplet_pairs","mediating_TRUE",3678,0.340146120410617
"triplet_pairs","mediating_TRUE",3691,0.341348376953667
"triplet_pairs","mediating_TRUE",3704,0.342550633496717
"triplet_pairs","mediating_TRUE",3718,0.343845371312309
"triplet_pairs","mediating_TRUE",3731,0.345047627855359
"triplet_pairs","mediating_TRUE",3744,0.346249884398409
"triplet_pairs","mediating_TRUE",3757,0.347452140941459
"triplet_pairs","mediating_TRUE",3770,0.348654397484509
"triplet_pairs","mediating_TRUE",3783,0.349856654027559
"triplet_pairs","mediating_TRUE",3796,0.351058910570609
"triplet_pairs","mediating_TRUE",3809,0.352261167113659
"triplet_pairs","mediating_TRUE",3822,0.35346342365671
"triplet_pairs","mediating_TRUE",3835,0.35466568019976
"triplet_pairs","mediating_TRUE",3848,0.35586793674281
"triplet_pairs","mediating_TRUE",3862,0.357162674558402
"triplet_pairs","mediating_TRUE",3875,0.358364931101452
"triplet_pairs","mediating_TRUE",3888,0.359567187644502
"triplet_pairs","mediating_TRUE",3901,0.360769444187552
"triplet_pairs","mediating_TRUE",3914,0.361971700730602
"triplet_pairs","mediating_TRUE",3927,0.363173957273652
"triplet_pairs","mediating_TRUE",3940,0.364376213816702
"triplet_pairs","mediating_TRUE",3953,0.365578470359752
"triplet_pairs","mediating_TRUE",3966,0.366780726902802
"triplet_pairs","mediating_TRUE",3979,0.367982983445852
"triplet_pairs","mediating_TRUE",3992,0.369185239988902
"triplet_pairs","mediating_TRUE",4005,0.370387496531952
"triplet_pairs","mediating_TRUE",4019,0.371682234347545
"triplet_pairs","mediating_TRUE",4032,0.372884490890595
"triplet_pairs","mediating_TRUE",4045,0.374086747433645
"triplet_pairs","mediating_TRUE",4058,0.375289003976695
"triplet_pairs","mediating_TRUE",4071,0.376491260519745
"triplet_pairs","mediating_TRUE",4084,0.377693517062795
"triplet_pairs","mediating_TRUE",4097,0.378895773605845
"triplet_pairs","mediating_TRUE",4110,0.380098030148895
"triplet_pairs","mediating_TRUE",4123,0.381300286691945
"triplet_pairs","mediating_TRUE",4136,0.382502543234995
"triplet_pairs","mediating_TRUE",4149,0.383704799778045
"triplet_pairs","mediating_TRUE",4163,0.384999537593637
"triplet_pairs","mediating_TRUE",4176,0.386201794136687
"triplet_pairs","mediating_TRUE",4189,0.387404050679737
"triplet_pairs","mediating_TRUE",4202,0.388606307222787
"triplet_pairs","mediating_TRUE",4215,0.389808563765837
"triplet_pairs","mediating_TRUE",4228,0.391010820308887
"triplet_pairs","mediating_TRUE",4241,0.392213076851937
"triplet_pairs","mediating_TRUE",4254,0.393415333394988
"triplet_pairs","mediating_TRUE",4267,0.394617589938038
"triplet_pairs","mediating_TRUE",4280,0.395819846481088
"triplet_pairs","mediating_TRUE",4293,0.397022103024138
"triplet_pairs","mediating_TRUE",4306,0.398224359567188
"triplet_pairs","mediating_TRUE",4320,0.39951909738278
"triplet_pairs","mediating_TRUE",4333,0.40072135392583
"triplet_pairs","mediating_TRUE",4346,0.40192361046888
"triplet_pairs","mediating_TRUE",4359,0.40312586701193
"triplet_pairs","mediating_TRUE",4372,0.40432812355498
"triplet_pairs","mediating_TRUE",4385,0.40553038009803
"triplet_pairs","mediating_TRUE",4398,0.40673263664108
"triplet_pairs","mediating_TRUE",4411,0.40793489318413
"triplet_pairs","mediating_TRUE",4424,0.40913714972718
"triplet_pairs","mediating_TRUE",4437,0.41033940627023
"triplet_pairs","mediating_TRUE",4450,0.41154166281328
"triplet_pairs","mediating_TRUE",4464,0.412836400628873
"triplet_pairs","mediating_TRUE",4477,0.414038657171923
"triplet_pairs","mediating_TRUE",4490,0.415240913714973
"triplet_pairs","mediating_TRUE",4503,0.416443170258023
"triplet_pairs","mediating_TRUE",4516,0.417645426801073
"triplet_pairs","mediating_TRUE",4529,0.418847683344123
"triplet_pairs","mediating_TRUE",4542,0.420049939887173
"triplet_pairs","mediating_TRUE",4555,0.421252196430223
"triplet_pairs","mediating_TRUE",4568,0.422454452973273
"triplet_pairs","mediating_TRUE",4581,0.423656709516323
"triplet_pairs","mediating_TRUE",4594,0.424858966059373
"triplet_pairs","mediating_TRUE",4607,0.426061222602423
"triplet_pairs","mediating_TRUE",4621,0.427355960418015
"triplet_pairs","mediating_TRUE",4634,0.428558216961065
"triplet_pairs","mediating_TRUE",4647,0.429760473504115
"triplet_pairs","mediating_TRUE",4660,0.430962730047165
"triplet_pairs","mediating_TRUE",4673,0.432164986590215
"triplet_pairs","mediating_TRUE",4686,0.433367243133265
"triplet_pairs","mediating_TRUE",4699,0.434569499676316
"triplet_pairs","mediating_TRUE",4712,0.435771756219366
"triplet_pairs","mediating_TRUE",4725,0.436974012762416
"triplet_pairs","mediating_TRUE",4738,0.438176269305466
"triplet_pairs","mediating_TRUE",4751,0.439378525848516
"triplet_pairs","mediating_TRUE",4764,0.440580782391566
"triplet_pairs","mediating_TRUE",4778,0.441875520207158
"triplet_pairs","mediating_TRUE",4791,0.443077776750208
"triplet_pairs","mediating_TRUE",4804,0.444280033293258
"triplet_pairs","mediating_TRUE",4817,0.445482289836308
"triplet_pairs","mediating_TRUE",4830,0.446684546379358
"triplet_pairs","mediating_TRUE",4843,0.447886802922408
"triplet_pairs","mediating_TRUE",4856,0.449089059465458
"triplet_pairs","mediating_TRUE",4869,0.450291316008508
"triplet_pairs","mediating_TRUE",4882,0.451493572551558
"triplet_pairs","mediating_TRUE",4895,0.452695829094608
"triplet_pairs","mediating_TRUE",4908,0.453898085637658
"triplet_pairs","mediating_TRUE",4922,0.455192823453251
"triplet_pairs","mediating_TRUE",4935,0.456395079996301
"triplet_pairs","mediating_TRUE",4948,0.457597336539351
"triplet_pairs","mediating_TRUE",4961,0.458799593082401
"triplet_pairs","mediating_TRUE",4974,0.460001849625451
"triplet_pairs","mediating_TRUE",4987,0.461204106168501
"triplet_pairs","mediating_TRUE",5000,0.462406362711551
"triplet_pairs","mediating_TRUE",5013,0.463608619254601
"triplet_pairs","mediating_TRUE",5026,0.464810875797651
"triplet_pairs","mediating_TRUE",5039,0.466013132340701
"triplet_pairs","mediating_TRUE",5052,0.467215388883751
"triplet_pairs","mediating_TRUE",5065,0.468417645426801
"triplet_pairs","mediating_TRUE",5079,0.469712383242393
"triplet_pairs","mediating_TRUE",5092,0.470914639785443
"triplet_pairs","mediating_TRUE",5105,0.472116896328493
"triplet_pairs","mediating_TRUE",5118,0.473319152871543
"triplet_pairs","mediating_TRUE",5131,0.474521409414594
"triplet_pairs","mediating_TRUE",5144,0.475723665957644
"triplet_pairs","mediating_TRUE",5157,0.476925922500694
"triplet_pairs","mediating_TRUE",5170,0.478128179043744
"triplet_pairs","mediating_TRUE",5183,0.479330435586794
"triplet_pairs","mediating_TRUE",5196,0.480532692129844
"triplet_pairs","mediating_TRUE",5209,0.481734948672894
"triplet_pairs","mediating_TRUE",5223,0.483029686488486
"triplet_pairs","mediating_TRUE",5236,0.484231943031536
"triplet_pairs","mediating_TRUE",5249,0.485434199574586
"triplet_pairs","mediating_TRUE",5262,0.486636456117636
"triplet_pairs","mediating_TRUE",5275,0.487838712660686
"triplet_pairs","mediating_TRUE",5288,0.489040969203736
"triplet_pairs","mediating_TRUE",5301,0.490243225746786
"triplet_pairs","mediating_TRUE",5314,0.491445482289836
"triplet_pairs","mediating_TRUE",5327,0.492647738832886
"triplet_pairs","mediating_TRUE",5340,0.493849995375936
"triplet_pairs","mediating_TRUE",5353,0.495052251918986
"triplet_pairs","mediating_TRUE",5366,0.496254508462036
"triplet_pairs","mediating_TRUE",5380,0.497549246277629
"triplet_pairs","mediating_TRUE",5393,0.498751502820679
"triplet_pairs","mediating_TRUE",5406,0.499953759363729
"triplet_pairs","mediating_TRUE",5419,0.501156015906779
"triplet_pairs","mediating_TRUE",5432,0.502358272449829
"triplet_pairs","mediating_TRUE",5445,0.503560528992879
"triplet_pairs","mediating_TRUE",5458,0.504762785535929
"triplet_pairs","mediating_TRUE",5471,0.505965042078979
"triplet_pairs","mediating_TRUE",5484,0.507167298622029
"triplet_pairs","mediating_TRUE",5497,0.508369555165079
"triplet_pairs","mediating_TRUE",5510,0.509571811708129
"triplet_pairs","mediating_TRUE",5524,0.510866549523721
"triplet_pairs","mediating_TRUE",5537,0.512068806066771
"triplet_pairs","mediating_TRUE",5550,0.513271062609821
"triplet_pairs","mediating_TRUE",5563,0.514473319152872
"triplet_pairs","mediating_TRUE",5576,0.515675575695922
"triplet_pairs","mediating_TRUE",5589,0.516877832238972
"triplet_pairs","mediating_TRUE",5602,0.518080088782022
"triplet_pairs","mediating_TRUE",5615,0.519282345325072
"triplet_pairs","mediating_TRUE",5628,0.520484601868122
"triplet_pairs","mediating_TRUE",5641,0.521686858411172
"triplet_pairs","mediating_TRUE",5654,0.522889114954222
"triplet_pairs","mediating_TRUE",5667,0.524091371497272
"triplet_pairs","mediating_TRUE",5681,0.525386109312864
"triplet_pairs","mediating_TRUE",5694,0.526588365855914
"triplet_pairs","mediating_TRUE",5707,0.527790622398964
"triplet_pairs","mediating_TRUE",5720,0.528992878942014
"triplet_pairs","mediating_TRUE",5733,0.530195135485064
"triplet_pairs","mediating_TRUE",5746,0.531397392028114
"triplet_pairs","mediating_TRUE",5759,0.532599648571164
"triplet_pairs","mediating_TRUE",5772,0.533801905114214
"triplet_pairs","mediating_TRUE",5785,0.535004161657264
"triplet_pairs","mediating_TRUE",5798,0.536206418200314
"triplet_pairs","mediating_TRUE",5811,0.537408674743364
"triplet_pairs","mediating_TRUE",5825,0.538703412558957
"triplet_pairs","mediating_TRUE",5838,0.539905669102007
"triplet_pairs","mediating_TRUE",5851,0.541107925645057
"triplet_pairs","mediating_TRUE",5864,0.542310182188107
"triplet_pairs","mediating_TRUE",5877,0.543512438731157
"triplet_pairs","mediating_TRUE",5890,0.544714695274207
"triplet_pairs","mediating_TRUE",5903,0.545916951817257
"triplet_pairs","mediating_TRUE",5916,0.547119208360307
"triplet_pairs","mediating_TRUE",5929,0.548321464903357
"triplet_pairs","mediating_TRUE",5942,0.549523721446407
"triplet_pairs","mediating_TRUE",5955,0.550725977989457
"triplet_pairs","mediating_TRUE",5968,0.551928234532507
"triplet_pairs","mediating_TRUE",5982,0.553222972348099
"triplet_pairs","mediating_TRUE",5995,0.55442522889115
"triplet_pairs","mediating_TRUE",6008,0.555627485434199
"triplet_pairs","mediating_TRUE",6021,0.55682974197725
"triplet_pairs","mediating_TRUE",6034,0.5580319985203
"triplet_pairs","mediating_TRUE",6047,0.55923425506335
"triplet_pairs","mediating_TRUE",6060,0.5604365116064
"triplet_pairs","mediating_TRUE",6073,0.56163876814945
"triplet_pairs","mediating_TRUE",6086,0.5628410246925
"triplet_pairs","mediating_TRUE",6099,0.56404328123555
"triplet_pairs","mediating_TRUE",6112,0.5652455377786
"triplet_pairs","mediating_TRUE",6125,0.56644779432165
"triplet_pairs","mediating_TRUE",6139,0.567742532137242
"triplet_pairs","mediating_TRUE",6152,0.568944788680292
"triplet_pairs","mediating_TRUE",6165,0.570147045223342
"triplet_pairs","mediating_TRUE",6178,0.571349301766392
"triplet_pairs","mediating_TRUE",6191,0.572551558309442
"triplet_pairs","mediating_TRUE",6204,0.573753814852492
"triplet_pairs","mediating_TRUE",6217,0.574956071395542
"triplet_pairs","mediating_TRUE",6230,0.576158327938592
"triplet_pairs","mediating_TRUE",6243,0.577360584481642
"triplet_pairs","mediating_TRUE",6256,0.578562841024692
"triplet_pairs","mediating_TRUE",6269,0.579765097567743
"triplet_pairs","mediating_TRUE",6283,0.581059835383335
"triplet_pairs","mediating_TRUE",6296,0.582262091926385
"triplet_pairs","mediating_TRUE",6309,0.583464348469435
"triplet_pairs","mediating_TRUE",6322,0.584666605012485
"triplet_pairs","mediating_TRUE",6335,0.585868861555535
"triplet_pairs","mediating_TRUE",6348,0.587071118098585
"triplet_pairs","mediating_TRUE",6361,0.588273374641635
"triplet_pairs","mediating_TRUE",6374,0.589475631184685
"triplet_pairs","mediating_TRUE",6387,0.590677887727735
"triplet_pairs","mediating_TRUE",6400,0.591880144270785
"triplet_pairs","mediating_TRUE",6413,0.593082400813835
"triplet_pairs","mediating_TRUE",6426,0.594284657356885
"triplet_pairs","mediating_TRUE",6440,0.595579395172477
"triplet_pairs","mediating_TRUE",6453,0.596781651715528
"triplet_pairs","mediating_TRUE",6466,0.597983908258578
"triplet_pairs","mediating_TRUE",6479,0.599186164801628
"triplet_pairs","mediating_TRUE",6492,0.600388421344678
"triplet_pairs","mediating_TRUE",6505,0.601590677887728
"triplet_pairs","mediating_TRUE",6518,0.602792934430778
"triplet_pairs","mediating_TRUE",6531,0.603995190973828
"triplet_pairs","mediating_TRUE",6544,0.605197447516878
"triplet_pairs","mediating_TRUE",6557,0.606399704059928
"triplet_pairs","mediating_TRUE",6570,0.607601960602978
"triplet_pairs","mediating_TRUE",6584,0.60889669841857
"triplet_pairs","mediating_TRUE",6597,0.61009895496162
"triplet_pairs","mediating_TRUE",6610,0.61130121150467
"triplet_pairs","mediating_TRUE",6623,0.61250346804772
"triplet_pairs","mediating_TRUE",6636,0.61370572459077
"triplet_pairs","mediating_TRUE",6649,0.61490798113382
"triplet_pairs","mediating_TRUE",6662,0.61611023767687
"triplet_pairs","mediating_TRUE",6675,0.61731249421992
"triplet_pairs","mediating_TRUE",6688,0.61851475076297
"triplet_pairs","mediating_TRUE",6701,0.619717007306021
"triplet_pairs","mediating_TRUE",6714,0.62091926384907
"triplet_pairs","mediating_TRUE",6727,0.622121520392121
"triplet_pairs","mediating_TRUE",6741,0.623416258207713
"triplet_pairs","mediating_TRUE",6754,0.624618514750763
"triplet_pairs","mediating_TRUE",6767,0.625820771293813
"triplet_pairs","mediating_TRUE",6780,0.627023027836863
"triplet_pairs","mediating_TRUE",6793,0.628225284379913
"triplet_pairs","mediating_TRUE",6806,0.629427540922963
"triplet_pairs","mediating_TRUE",6819,0.630629797466013
"triplet_pairs","mediating_TRUE",6832,0.631832054009063
"triplet_pairs","mediating_TRUE",6845,0.633034310552113
"triplet_pairs","mediating_TRUE",6858,0.634236567095163
"triplet_pairs","mediating_TRUE",6871,0.635438823638213
"triplet_pairs","mediating_TRUE",6885,0.636733561453806
"triplet_pairs","mediating_TRUE",6898,0.637935817996856
"triplet_pairs","mediating_TRUE",6911,0.639138074539906
"triplet_pairs","mediating_TRUE",6924,0.640340331082956
"triplet_pairs","mediating_TRUE",6937,0.641542587626006
"triplet_pairs","mediating_TRUE",6950,0.642744844169056
"triplet_pairs","mediating_TRUE",6963,0.643947100712106
"triplet_pairs","mediating_TRUE",6976,0.645149357255156
"triplet_pairs","mediating_TRUE",6989,0.646351613798206
"triplet_pairs","mediating_TRUE",7002,0.647553870341256
"triplet_pairs","mediating_TRUE",7015,0.648756126884306
"triplet_pairs","mediating_TRUE",7028,0.649958383427356
"triplet_pairs","mediating_TRUE",7042,0.651253121242948
"triplet_pairs","mediating_TRUE",7055,0.652455377785998
"triplet_pairs","mediating_TRUE",7068,0.653657634329048
"triplet_pairs","mediating_TRUE",7081,0.654859890872098
"triplet_pairs","mediating_TRUE",7094,0.656062147415148
"triplet_pairs","mediating_TRUE",7107,0.657264403958198
"triplet_pairs","mediating_TRUE",7120,0.658466660501248
"triplet_pairs","mediating_TRUE",7133,0.659668917044299
"triplet_pairs","mediating_TRUE",7146,0.660871173587348
"triplet_pairs","mediating_TRUE",7159,0.662073430130399
"triplet_pairs","mediating_TRUE",7172,0.663275686673449
"triplet_pairs","mediating_TRUE",7186,0.664570424489041
"triplet_pairs","mediating_TRUE",7199,0.665772681032091
"triplet_pairs","mediating_TRUE",7212,0.666974937575141
"triplet_pairs","mediating_TRUE",7225,0.668177194118191
"triplet_pairs","mediating_TRUE",7238,0.669379450661241
"triplet_pairs","mediating_TRUE",7251,0.670581707204291
"triplet_pairs","mediating_TRUE",7264,0.671783963747341
"triplet_pairs","mediating_TRUE",7277,0.672986220290391
"triplet_pairs","mediating_TRUE",7290,0.674188476833441
"triplet_pairs","mediating_TRUE",7303,0.675390733376491
"triplet_pairs","mediating_TRUE",7316,0.676592989919541
"triplet_pairs","mediating_TRUE",7329,0.677795246462591
"triplet_pairs","mediating_TRUE",7343,0.679089984278184
"triplet_pairs","mediating_TRUE",7356,0.680292240821234
"triplet_pairs","mediating_TRUE",7369,0.681494497364284
"triplet_pairs","mediating_TRUE",7382,0.682696753907334
"triplet_pairs","mediating_TRUE",7395,0.683899010450384
"triplet_pairs","mediating_TRUE",7408,0.685101266993434
"triplet_pairs","mediating_TRUE",7421,0.686303523536484
"triplet_pairs","mediating_TRUE",7434,0.687505780079534
"triplet_pairs","mediating_TRUE",7447,0.688708036622584
"triplet_pairs","mediating_TRUE",7460,0.689910293165634
"triplet_pairs","mediating_TRUE",7473,0.691112549708684
"triplet_pairs","mediating_TRUE",7486,0.692314806251734
"triplet_pairs","mediating_TRUE",7500,0.693609544067326
"triplet_pairs","mediating_TRUE",7513,0.694811800610376
"triplet_pairs","mediating_TRUE",7526,0.696014057153426
"triplet_pairs","mediating_TRUE",7539,0.697216313696476
"triplet_pairs","mediating_TRUE",7552,0.698418570239526
"triplet_pairs","mediating_TRUE",7565,0.699620826782576
"triplet_pairs","mediating_TRUE",7578,0.700823083325626
"triplet_pairs","mediating_TRUE",7591,0.702025339868677
"triplet_pairs","mediating_TRUE",7604,0.703227596411727
"triplet_pairs","mediating_TRUE",7617,0.704429852954777
"triplet_pairs","mediating_TRUE",7630,0.705632109497827
"triplet_pairs","mediating_TRUE",7644,0.706926847313419
"triplet_pairs","mediating_TRUE",7657,0.708129103856469
"triplet_pairs","mediating_TRUE",7670,0.709331360399519
"triplet_pairs","mediating_TRUE",7683,0.710533616942569
"triplet_pairs","mediating_TRUE",7696,0.711735873485619
"triplet_pairs","mediating_TRUE",7709,0.712938130028669
"triplet_pairs","mediating_TRUE",7722,0.714140386571719
"triplet_pairs","mediating_TRUE",7735,0.715342643114769
"triplet_pairs","mediating_TRUE",7748,0.716544899657819
"triplet_pairs","mediating_TRUE",7761,0.717747156200869
"triplet_pairs","mediating_TRUE",7774,0.718949412743919
"triplet_pairs","mediating_TRUE",7787,0.720151669286969
"triplet_pairs","mediating_TRUE",7801,0.721446407102562
"triplet_pairs","mediating_TRUE",7814,0.722648663645612
"triplet_pairs","mediating_TRUE",7827,0.723850920188662
"triplet_pairs","mediating_TRUE",7840,0.725053176731712
"triplet_pairs","mediating_TRUE",7853,0.726255433274762
"triplet_pairs","mediating_TRUE",7866,0.727457689817812
"triplet_pairs","mediating_TRUE",7879,0.728659946360862
"triplet_pairs","mediating_TRUE",7892,0.729862202903912
"triplet_pairs","mediating_TRUE",7905,0.731064459446962
"triplet_pairs","mediating_TRUE",7918,0.732266715990012
"triplet_pairs","mediating_TRUE",7931,0.733468972533062
"triplet_pairs","mediating_TRUE",7945,0.734763710348654
"triplet_pairs","mediating_TRUE",7958,0.735965966891704
"triplet_pairs","mediating_TRUE",7971,0.737168223434754
"triplet_pairs","mediating_TRUE",7984,0.738370479977804
"triplet_pairs","mediating_TRUE",7997,0.739572736520854
"triplet_pairs","mediating_TRUE",8010,0.740774993063904
"triplet_pairs","mediating_TRUE",8023,0.741977249606955
"triplet_pairs","mediating_TRUE",8036,0.743179506150005
"triplet_pairs","mediating_TRUE",8049,0.744381762693055
"triplet_pairs","mediating_TRUE",8062,0.745584019236105
"triplet_pairs","mediating_TRUE",8075,0.746786275779155
"triplet_pairs","mediating_TRUE",8088,0.747988532322205
"triplet_pairs","mediating_TRUE",8102,0.749283270137797
"triplet_pairs","mediating_TRUE",8115,0.750485526680847
"triplet_pairs","mediating_TRUE",8128,0.751687783223897
"triplet_pairs","mediating_TRUE",8141,0.752890039766947
"triplet_pairs","mediating_TRUE",8154,0.754092296309997
"triplet_pairs","mediating_TRUE",8167,0.755294552853047
"triplet_pairs","mediating_TRUE",8180,0.756496809396097
"triplet_pairs","mediating_TRUE",8193,0.757699065939147
"triplet_pairs","mediating_TRUE",8206,0.758901322482197
"triplet_pairs","mediating_TRUE",8219,0.760103579025247
"triplet_pairs","mediating_TRUE",8232,0.761305835568297
"triplet_pairs","mediating_TRUE",8246,0.76260057338389
"triplet_pairs","mediating_TRUE",8259,0.76380282992694
"triplet_pairs","mediating_TRUE",8272,0.76500508646999
"triplet_pairs","mediating_TRUE",8285,0.76620734301304
"triplet_pairs","mediating_TRUE",8298,0.76740959955609
"triplet_pairs","mediating_TRUE",8311,0.76861185609914
"triplet_pairs","mediating_TRUE",8324,0.76981411264219
"triplet_pairs","mediating_TRUE",8337,0.77101636918524
"triplet_pairs","mediating_TRUE",8350,0.77221862572829
"triplet_pairs","mediating_TRUE",8363,0.77342088227134
"triplet_pairs","mediating_TRUE",8376,0.77462313881439
"triplet_pairs","mediating_TRUE",8389,0.77582539535744
"triplet_pairs","mediating_TRUE",8403,0.777120133173032
"triplet_pairs","mediating_TRUE",8416,0.778322389716082
"triplet_pairs","mediating_TRUE",8429,0.779524646259132
"triplet_pairs","mediating_TRUE",8442,0.780726902802182
"triplet_pairs","mediating_TRUE",8455,0.781929159345233
"triplet_pairs","mediating_TRUE",8468,0.783131415888283
"triplet_pairs","mediating_TRUE",8481,0.784333672431333
"triplet_pairs","mediating_TRUE",8494,0.785535928974383
"triplet_pairs","mediating_TRUE",8507,0.786738185517433
"triplet_pairs","mediating_TRUE",8520,0.787940442060483
"triplet_pairs","mediating_TRUE",8533,0.789142698603533
"triplet_pairs","mediating_TRUE",8546,0.790344955146583
"triplet_pairs","mediating_TRUE",8560,0.791639692962175
"triplet_pairs","mediating_TRUE",8573,0.792841949505225
"triplet_pairs","mediating_TRUE",8586,0.794044206048275
"triplet_pairs","mediating_TRUE",8599,0.795246462591325
"triplet_pairs","mediating_TRUE",8612,0.796448719134375
"triplet_pairs","mediating_TRUE",8625,0.797650975677425
"triplet_pairs","mediating_TRUE",8638,0.798853232220475
"triplet_pairs","mediating_TRUE",8651,0.800055488763525
"triplet_pairs","mediating_TRUE",8664,0.801257745306575
"triplet_pairs","mediating_TRUE",8677,0.802460001849625
"triplet_pairs","mediating_TRUE",8690,0.803662258392675
"triplet_pairs","mediating_TRUE",8704,0.804956996208268
"triplet_pairs","mediating_TRUE",8717,0.806159252751318
"triplet_pairs","mediating_TRUE",8730,0.807361509294368
"triplet_pairs","mediating_TRUE",8743,0.808563765837418
"triplet_pairs","mediating_TRUE",8756,0.809766022380468
"triplet_pairs","mediating_TRUE",8769,0.810968278923518
"triplet_pairs","mediating_TRUE",8782,0.812170535466568
"triplet_pairs","mediating_TRUE",8795,0.813372792009618
"triplet_pairs","mediating_TRUE",8808,0.814575048552668
"triplet_pairs","mediating_TRUE",8821,0.815777305095718
"triplet_pairs","mediating_TRUE",8834,0.816979561638768
"triplet_pairs","mediating_TRUE",8847,0.818181818181818
"triplet_pairs","mediating_TRUE",8861,0.81947655599741
"triplet_pairs","mediating_TRUE",8874,0.82067881254046
"triplet_pairs","mediating_TRUE",8887,0.821881069083511
"triplet_pairs","mediating_TRUE",8900,0.823083325626561
"triplet_pairs","mediating_TRUE",8913,0.824285582169611
"triplet_pairs","mediating_TRUE",8926,0.825487838712661
"triplet_pairs","mediating_TRUE",8939,0.826690095255711
"triplet_pairs","mediating_TRUE",8952,0.827892351798761
"triplet_pairs","mediating_TRUE",8965,0.829094608341811
"triplet_pairs","mediating_TRUE",8978,0.830296864884861
"triplet_pairs","mediating_TRUE",8991,0.831499121427911
"triplet_pairs","mediating_TRUE",9005,0.832793859243503
"triplet_pairs","mediating_TRUE",9018,0.833996115786553
"triplet_pairs","mediating_TRUE",9031,0.835198372329603
"triplet_pairs","mediating_TRUE",9044,0.836400628872653
"triplet_pairs","mediating_TRUE",9057,0.837602885415703
"triplet_pairs","mediating_TRUE",9070,0.838805141958753
"triplet_pairs","mediating_TRUE",9083,0.840007398501803
"triplet_pairs","mediating_TRUE",9096,0.841209655044853
"triplet_pairs","mediating_TRUE",9109,0.842411911587903
"triplet_pairs","mediating_TRUE",9122,0.843614168130953
"triplet_pairs","mediating_TRUE",9135,0.844816424674003
"triplet_pairs","mediating_TRUE",9148,0.846018681217053
"triplet_pairs","mediating_TRUE",9162,0.847313419032646
"triplet_pairs","mediating_TRUE",9175,0.848515675575696
"triplet_pairs","mediating_TRUE",9188,0.849717932118746
"triplet_pairs","mediating_TRUE",9201,0.850920188661796
"triplet_pairs","mediating_TRUE",9214,0.852122445204846
"triplet_pairs","mediating_TRUE",9227,0.853324701747896
"triplet_pairs","mediating_TRUE",9240,0.854526958290946
"triplet_pairs","mediating_TRUE",9253,0.855729214833996
"triplet_pairs","mediating_TRUE",9266,0.856931471377046
"triplet_pairs","mediating_TRUE",9279,0.858133727920096
"triplet_pairs","mediating_TRUE",9292,0.859335984463146
"triplet_pairs","mediating_TRUE",9306,0.860630722278738
"triplet_pairs","mediating_TRUE",9319,0.861832978821789
"triplet_pairs","mediating_TRUE",9332,0.863035235364839
"triplet_pairs","mediating_TRUE",9345,0.864237491907889
"triplet_pairs","mediating_TRUE",9358,0.865439748450939
"triplet_pairs","mediating_TRUE",9371,0.866642004993989
"triplet_pairs","mediating_TRUE",9384,0.867844261537039
"triplet_pairs","mediating_TRUE",9397,0.869046518080089
"triplet_pairs","mediating_TRUE",9410,0.870248774623139
"triplet_pairs","mediating_TRUE",9423,0.871451031166189
"triplet_pairs","mediating_TRUE",9436,0.872653287709239
"triplet_pairs","mediating_TRUE",9449,0.873855544252289
"triplet_pairs","mediating_TRUE",9463,0.875150282067881
"triplet_pairs","mediating_TRUE",9476,0.876352538610931
"triplet_pairs","mediating_TRUE",9489,0.877554795153981
"triplet_pairs","mediating_TRUE",9502,0.878757051697031
"triplet_pairs","mediating_TRUE",9515,0.879959308240081
"triplet_pairs","mediating_TRUE",9528,0.881161564783131
"triplet_pairs","mediating_TRUE",9541,0.882363821326181
"triplet_pairs","mediating_TRUE",9554,0.883566077869231
"triplet_pairs","mediating_TRUE",9567,0.884768334412281
"triplet_pairs","mediating_TRUE",9580,0.885970590955331
"triplet_pairs","mediating_TRUE",9593,0.887172847498382
"triplet_pairs","mediating_TRUE",9607,0.888467585313974
"triplet_pairs","mediating_TRUE",9620,0.889669841857024
"triplet_pairs","mediating_TRUE",9633,0.890872098400074
"triplet_pairs","mediating_TRUE",9646,0.892074354943124
"triplet_pairs","mediating_TRUE",9659,0.893276611486174
"triplet_pairs","mediating_TRUE",9672,0.894478868029224
"triplet_pairs","mediating_TRUE",9685,0.895681124572274
"triplet_pairs","mediating_TRUE",9698,0.896883381115324
"triplet_pairs","mediating_TRUE",9711,0.898085637658374
"triplet_pairs","mediating_TRUE",9724,0.899287894201424
"triplet_pairs","mediating_TRUE",9737,0.900490150744474
"triplet_pairs","mediating_TRUE",9750,0.901692407287524
"triplet_pairs","mediating_TRUE",9764,0.902987145103117
"triplet_pairs","mediating_TRUE",9777,0.904189401646167
"triplet_pairs","mediating_TRUE",9790,0.905391658189217
"triplet_pairs","mediating_TRUE",9803,0.906593914732267
"triplet_pairs","mediating_TRUE",9816,0.907796171275317
"triplet_pairs","mediating_TRUE",9829,0.908998427818367
"triplet_pairs","mediating_TRUE",9842,0.910200684361417
"triplet_pairs","mediating_TRUE",9855,0.911402940904467
"triplet_pairs","mediating_TRUE",9868,0.912605197447517
"triplet_pairs","mediating_TRUE",9881,0.913807453990567
"triplet_pairs","mediating_TRUE",9894,0.915009710533617
"triplet_pairs","mediating_TRUE",9907,0.916211967076667
"triplet_pairs","mediating_TRUE",9921,0.917506704892259
"triplet_pairs","mediating_TRUE",9934,0.918708961435309
"triplet_pairs","mediating_TRUE",9947,0.919911217978359
"triplet_pairs","mediating_TRUE",9960,0.921113474521409
"triplet_pairs","mediating_TRUE",9973,0.922315731064459
"triplet_pairs","mediating_TRUE",9986,0.923517987607509
"triplet_pairs","mediating_TRUE",9999,0.924720244150559
"triplet_pairs","mediating_TRUE",10012,0.925922500693609
"triplet_pairs","mediating_TRUE",10025,0.927124757236659
"triplet_pairs","mediating_TRUE",10038,0.928327013779709
"triplet_pairs","mediating_TRUE",10051,0.92952927032276
"triplet_pairs","mediating_TRUE",10065,0.930824008138352
"triplet_pairs","mediating_TRUE",10078,0.932026264681402
"triplet_pairs","mediating_TRUE",10091,0.933228521224452
"triplet_pairs","mediating_TRUE",10104,0.934430777767502
"triplet_pairs","mediating_TRUE",10117,0.935633034310552
"triplet_pairs","mediating_TRUE",10130,0.936835290853602
"triplet_pairs","mediating_TRUE",10143,0.938037547396652
"triplet_pairs","mediating_TRUE",10156,0.939239803939702
"triplet_pairs","mediating_TRUE",10169,0.940442060482752
"triplet_pairs","mediating_TRUE",10182,0.941644317025802
"triplet_pairs","mediating_TRUE",10195,0.942846573568852
"triplet_pairs","mediating_TRUE",10208,0.944048830111902
"triplet_pairs","mediating_TRUE",10222,0.945343567927495
"triplet_pairs","mediating_TRUE",10235,0.946545824470545
"triplet_pairs","mediating_TRUE",10248,0.947748081013595
"triplet_pairs","mediating_TRUE",10261,0.948950337556645
"triplet_pairs","mediating_TRUE",10274,0.950152594099695
"triplet_pairs","mediating_TRUE",10287,0.951354850642745
"triplet_pairs","mediating_TRUE",10300,0.952557107185795
"triplet_pairs","mediating_TRUE",10313,0.953759363728845
"triplet_pairs","mediating_TRUE",10326,0.954961620271895
"triplet_pairs","mediating_TRUE",10339,0.956163876814945
"triplet_pairs","mediating_TRUE",10352,0.957366133357995
"triplet_pairs","mediating_TRUE",10366,0.958660871173587
"triplet_pairs","mediating_TRUE",10379,0.959863127716637
"triplet_pairs","mediating_TRUE",10392,0.961065384259687
"triplet_pairs","mediating_TRUE",10405,0.962267640802737
"triplet_pairs","mediating_TRUE",10418,0.963469897345787
"triplet_pairs","mediating_TRUE",10431,0.964672153888837
"triplet_pairs","mediating_TRUE",10444,0.965874410431887
"triplet_pairs","mediating_TRUE",10457,0.967076666974937
"triplet_pairs","mediating_TRUE",10470,0.968278923517987
"triplet_pairs","mediating_TRUE",10483,0.969481180061038
"triplet_pairs","mediating_TRUE",10496,0.970683436604088
"triplet_pairs","mediating_TRUE",10509,0.971885693147138
"triplet_pairs","mediating_TRUE",10523,0.97318043096273
"triplet_pairs","mediating_TRUE",10536,0.97438268750578
"triplet_pairs","mediating_TRUE",10549,0.97558494404883
"triplet_pairs","mediating_TRUE",10562,0.97678720059188
"triplet_pairs","mediating_TRUE",10575,0.97798945713493
"triplet_pairs","mediating_TRUE",10588,0.97919171367798
"triplet_pairs","mediating_TRUE",10601,0.98039397022103
"triplet_pairs","mediating_TRUE",10614,0.98159622676408
"triplet_pairs","mediating_TRUE",10627,0.98279848330713
"triplet_pairs","mediating_TRUE",10640,0.98400073985018
"triplet_pairs","mediating_TRUE",10653,0.98520299639323
"triplet_pairs","mediating_TRUE",10667,0.986497734208823
"triplet_pairs","mediating_TRUE",10680,0.987699990751873
"triplet_pairs","mediating_TRUE",10693,0.988902247294923
"triplet_pairs","mediating_TRUE",10706,0.990104503837973
"triplet_pairs","mediating_TRUE",10719,0.991306760381023
"triplet_pairs","mediating_TRUE",10732,0.992509016924073
"triplet_pairs","mediating_TRUE",10745,0.993711273467123
"triplet_pairs","mediating_TRUE",10758,0.994913530010173
"triplet_pairs","mediating_TRUE",10771,0.996115786553223
"triplet_pairs","mediating_TRUE",10784,0.997318043096273
"triplet_pairs","mediating_TRUE",10797,0.998520299639323
"triplet_pairs","mediating_TRUE",10810,0.999722556182373
"triplet_pairs","mediating_TRUE",10824,0.999735073818068
"triplet_pairs","mediating_TRUE",10837,0.999421979239421
"triplet_pairs","mediating_TRUE",10850,0.999108884660774
"triplet_pairs","mediating_TRUE",10863,0.998795790082127
"triplet_pairs","mediating_TRUE",10876,0.99848269550348
"triplet_pairs","mediating_TRUE",10889,0.998169600924833
"triplet_pairs","mediating_TRUE",10902,0.997856506346186
"triplet_pairs","mediating_TRUE",10915,0.997543411767539
"triplet_pairs","mediating_TRUE",10928,0.997230317188892
"triplet_pairs","mediating_TRUE",10941,0.996917222610245
"triplet_pairs","mediating_TRUE",10954,0.996604128031598
"triplet_pairs","mediating_TRUE",10968,0.996266949254594
"triplet_pairs","mediating_TRUE",10981,0.995953854675947
"triplet_pairs","mediating_TRUE",10994,0.9956407600973
"triplet_pairs","mediating_TRUE",11007,0.995327665518653
"triplet_pairs","mediating_TRUE",11020,0.995014570940006
"triplet_pairs","mediating_TRUE",11033,0.994701476361359
"triplet_pairs","mediating_TRUE",11046,0.994388381782712
"triplet_pairs","mediating_TRUE",11059,0.994075287204065
"triplet_pairs","mediating_TRUE",11072,0.993762192625418
"triplet_pairs","mediating_TRUE",11085,0.993449098046771
"triplet_pairs","mediating_TRUE",11098,0.993136003468124
"triplet_pairs","mediating_TRUE",11111,0.992822908889478
"triplet_pairs","mediating_TRUE",11125,0.992485730112473
"triplet_pairs","mediating_TRUE",11138,0.992172635533826
"triplet_pairs","mediating_TRUE",11151,0.991859540955179
"triplet_pairs","mediating_TRUE",11164,0.991546446376532
"triplet_pairs","mediating_TRUE",11177,0.991233351797885
"triplet_pairs","mediating_TRUE",11190,0.990920257219238
"triplet_pairs","mediating_TRUE",11203,0.990607162640591
"triplet_pairs","mediating_TRUE",11216,0.990294068061944
"triplet_pairs","mediating_TRUE",11229,0.989980973483297
"triplet_pairs","mediating_TRUE",11242,0.989667878904651
"triplet_pairs","mediating_TRUE",11255,0.989354784326004
"triplet_pairs","mediating_TRUE",11268,0.989041689747357
"triplet_pairs","mediating_TRUE",11282,0.988704510970352
"triplet_pairs","mediating_TRUE",11295,0.988391416391705
"triplet_pairs","mediating_TRUE",11308,0.988078321813058
"triplet_pairs","mediating_TRUE",11321,0.987765227234411
"triplet_pairs","mediating_TRUE",11334,0.987452132655764
"triplet_pairs","mediating_TRUE",11347,0.987139038077117
"triplet_pairs","mediating_TRUE",11360,0.986825943498471
"triplet_pairs","mediating_TRUE",11373,0.986512848919824
"triplet_pairs","mediating_TRUE",11386,0.986199754341177
"triplet_pairs","mediating_TRUE",11399,0.98588665976253
"triplet_pairs","mediating_TRUE",11412,0.985573565183883
"triplet_pairs","mediating_TRUE",11426,0.985236386406878
"triplet_pairs","mediating_TRUE",11439,0.984923291828231
"triplet_pairs","mediating_TRUE",11452,0.984610197249584
"triplet_pairs","mediating_TRUE",11465,0.984297102670938
"triplet_pairs","mediating_TRUE",11478,0.983984008092291
"triplet_pairs","mediating_TRUE",11491,0.983670913513644
"triplet_pairs","mediating_TRUE",11504,0.983357818934997
"triplet_pairs","mediating_TRUE",11517,0.98304472435635
"triplet_pairs","mediating_TRUE",11530,0.982731629777703
"triplet_pairs","mediating_TRUE",11543,0.982418535199056
"triplet_pairs","mediating_TRUE",11556,0.982105440620409
"triplet_pairs","mediating_TRUE",11569,0.981792346041762
"triplet_pairs","mediating_TRUE",11583,0.981455167264757
"triplet_pairs","mediating_TRUE",11596,0.981142072686111
"triplet_pairs","mediating_TRUE",11609,0.980828978107464
"triplet_pairs","mediating_TRUE",11622,0.980515883528817
"triplet_pairs","mediating_TRUE",11635,0.98020278895017
"triplet_pairs","mediating_TRUE",11648,0.979889694371523
"triplet_pairs","mediating_TRUE",11661,0.979576599792876
"triplet_pairs","mediating_TRUE",11674,0.979263505214229
"triplet_pairs","mediating_TRUE",11687,0.978950410635582
"triplet_pairs","mediating_TRUE",11700,0.978637316056935
"triplet_pairs","mediating_TRUE",11713,0.978324221478288
"triplet_pairs","mediating_TRUE",11727,0.977987042701284
"triplet_pairs","mediating_TRUE",11740,0.977673948122637
"triplet_pairs","mediating_TRUE",11753,0.97736085354399
"triplet_pairs","mediating_TRUE",11766,0.977047758965343
"triplet_pairs","mediating_TRUE",11779,0.976734664386696
"triplet_pairs","mediating_TRUE",11792,0.976421569808049
"triplet_pairs","mediating_TRUE",11805,0.976108475229402
"triplet_pairs","mediating_TRUE",11818,0.975795380650755
"triplet_pairs","mediating_TRUE",11831,0.975482286072108
"triplet_pairs","mediating_TRUE",11844,0.975169191493461
"triplet_pairs","mediating_TRUE",11857,0.974856096914814
"triplet_pairs","mediating_TRUE",11870,0.974543002336167
"triplet_pairs","mediating_TRUE",11884,0.974205823559163
"triplet_pairs","mediating_TRUE",11897,0.973892728980516
"triplet_pairs","mediating_TRUE",11910,0.973579634401869
"triplet_pairs","mediating_TRUE",11923,0.973266539823222
"triplet_pairs","mediating_TRUE",11936,0.972953445244575
"triplet_pairs","mediating_TRUE",11949,0.972640350665928
"triplet_pairs","mediating_TRUE",11962,0.972327256087281
"triplet_pairs","mediating_TRUE",11975,0.972014161508634
"triplet_pairs","mediating_TRUE",11988,0.971701066929987
"triplet_pairs","mediating_TRUE",12001,0.97138797235134
"triplet_pairs","mediating_TRUE",12014,0.971074877772693
"triplet_pairs","mediating_TRUE",12028,0.970737698995689
"triplet_pairs","mediating_TRUE",12041,0.970424604417042
"triplet_pairs","mediating_TRUE",12054,0.970111509838395
"triplet_pairs","mediating_TRUE",12067,0.969798415259748
"triplet_pairs","mediating_TRUE",12080,0.969485320681101
"triplet_pairs","mediating_TRUE",12093,0.969172226102454
"triplet_pairs","mediating_TRUE",12106,0.968859131523807
"triplet_pairs","mediating_TRUE",12119,0.96854603694516
"triplet_pairs","mediating_TRUE",12132,0.968232942366513
"triplet_pairs","mediating_TRUE",12145,0.967919847787866
"triplet_pairs","mediating_TRUE",12158,0.967606753209219
"triplet_pairs","mediating_TRUE",12171,0.967293658630572
"triplet_pairs","mediating_TRUE",12185,0.966956479853568
"triplet_pairs","mediating_TRUE",12198,0.966643385274921
"triplet_pairs","mediating_TRUE",12211,0.966330290696274
"triplet_pairs","mediating_TRUE",12224,0.966017196117627
"triplet_pairs","mediating_TRUE",12237,0.96570410153898
"triplet_pairs","mediating_TRUE",12250,0.965391006960333
"triplet_pairs","mediating_TRUE",12263,0.965077912381686
"triplet_pairs","mediating_TRUE",12276,0.964764817803039
"triplet_pairs","mediating_TRUE",12289,0.964451723224392
"triplet_pairs","mediating_TRUE",12302,0.964138628645745
"triplet_pairs","mediating_TRUE",12315,0.963825534067098
"triplet_pairs","mediating_TRUE",12329,0.963488355290094
"triplet_pairs","mediating_TRUE",12342,0.963175260711447
"triplet_pairs","mediating_TRUE",12355,0.9628621661328
"triplet_pairs","mediating_TRUE",12368,0.962549071554153
"triplet_pairs","mediating_TRUE",12381,0.962235976975506
"triplet_pairs","mediating_TRUE",12394,0.961922882396859
"triplet_pairs","mediating_TRUE",12407,0.961609787818212
"triplet_pairs","mediating_TRUE",12420,0.961296693239565
"triplet_pairs","mediating_TRUE",12433,0.960983598660918
"triplet_pairs","mediating_TRUE",12446,0.960670504082272
"triplet_pairs","mediating_TRUE",12459,0.960357409503625
"triplet_pairs","mediating_TRUE",12472,0.960044314924978
"triplet_pairs","mediating_TRUE",12486,0.959707136147973
"triplet_pairs","mediating_TRUE",12499,0.959394041569326
"triplet_pairs","mediating_TRUE",12512,0.959080946990679
"triplet_pairs","mediating_TRUE",12525,0.958767852412032
"triplet_pairs","mediating_TRUE",12538,0.958454757833385
"triplet_pairs","mediating_TRUE",12551,0.958141663254738
"triplet_pairs","mediating_TRUE",12564,0.957828568676091
"triplet_pairs","mediating_TRUE",12577,0.957515474097445
"triplet_pairs","mediating_TRUE",12590,0.957202379518798
"triplet_pairs","mediating_TRUE",12603,0.956889284940151
"triplet_pairs","mediating_TRUE",12616,0.956576190361504
"triplet_pairs","mediating_TRUE",12629,0.956263095782857
"triplet_pairs","mediating_TRUE",12643,0.955925917005852
"triplet_pairs","mediating_TRUE",12656,0.955612822427205
"triplet_pairs","mediating_TRUE",12669,0.955299727848558
"triplet_pairs","mediating_TRUE",12682,0.954986633269912
"triplet_pairs","mediating_TRUE",12695,0.954673538691264
"triplet_pairs","mediating_TRUE",12708,0.954360444112618
"triplet_pairs","mediating_TRUE",12721,0.954047349533971
"triplet_pairs","mediating_TRUE",12734,0.953734254955324
"triplet_pairs","mediating_TRUE",12747,0.953421160376677
"triplet_pairs","mediating_TRUE",12760,0.95310806579803
"triplet_pairs","mediating_TRUE",12773,0.952794971219383
"triplet_pairs","mediating_TRUE",12787,0.952457792442378
"triplet_pairs","mediating_TRUE",12800,0.952144697863731
"triplet_pairs","mediating_TRUE",12813,0.951831603285085
"triplet_pairs","mediating_TRUE",12826,0.951518508706438
"triplet_pairs","mediating_TRUE",12839,0.951205414127791
"triplet_pairs","mediating_TRUE",12852,0.950892319549144
"triplet_pairs","mediating_TRUE",12865,0.950579224970497
"triplet_pairs","mediating_TRUE",12878,0.95026613039185
"triplet_pairs","mediating_TRUE",12891,0.949953035813203
"triplet_pairs","mediating_TRUE",12904,0.949639941234556
"triplet_pairs","mediating_TRUE",12917,0.949326846655909
"triplet_pairs","mediating_TRUE",12930,0.949013752077262
"triplet_pairs","mediating_TRUE",12944,0.948676573300258
"triplet_pairs","mediating_TRUE",12957,0.948363478721611
"triplet_pairs","mediating_TRUE",12970,0.948050384142964
"triplet_pairs","mediating_TRUE",12983,0.947737289564317
"triplet_pairs","mediating_TRUE",12996,0.94742419498567
"triplet_pairs","mediating_TRUE",13009,0.947111100407023
"triplet_pairs","mediating_TRUE",13022,0.946798005828376
"triplet_pairs","mediating_TRUE",13035,0.946484911249729
"triplet_pairs","mediating_TRUE",13048,0.946171816671082
"triplet_pairs","mediating_TRUE",13061,0.945858722092435
"triplet_pairs","mediating_TRUE",13074,0.945545627513788
"triplet_pairs","mediating_TRUE",13088,0.945208448736784
"triplet_pairs","mediating_TRUE",13101,0.944895354158137
"triplet_pairs","mediating_TRUE",13114,0.94458225957949
"triplet_pairs","mediating_TRUE",13127,0.944269165000843
"triplet_pairs","mediating_TRUE",13140,0.943956070422196
"triplet_pairs","mediating_TRUE",13153,0.943642975843549
"triplet_pairs","mediating_TRUE",13166,0.943329881264902
"triplet_pairs","mediating_TRUE",13179,0.943016786686255
"triplet_pairs","mediating_TRUE",13192,0.942703692107608
"triplet_pairs","mediating_TRUE",13205,0.942390597528961
"triplet_pairs","mediating_TRUE",13218,0.942077502950314
"triplet_pairs","mediating_TRUE",13231,0.941764408371667
"triplet_pairs","mediating_TRUE",13245,0.941427229594663
"triplet_pairs","mediating_TRUE",13258,0.941114135016016
"triplet_pairs","mediating_TRUE",13271,0.940801040437369
"triplet_pairs","mediating_TRUE",13284,0.940487945858722
"triplet_pairs","mediating_TRUE",13297,0.940174851280075
"triplet_pairs","mediating_TRUE",13310,0.939861756701428
"triplet_pairs","mediating_TRUE",13323,0.939548662122781
"triplet_pairs","mediating_TRUE",13336,0.939235567544134
"triplet_pairs","mediating_TRUE",13349,0.938922472965487
"triplet_pairs","mediating_TRUE",13362,0.93860937838684
"triplet_pairs","mediating_TRUE",13375,0.938296283808193
"triplet_pairs","mediating_TRUE",13389,0.937959105031189
"triplet_pairs","mediating_TRUE",13402,0.937646010452542
"triplet_pairs","mediating_TRUE",13415,0.937332915873895
"triplet_pairs","mediating_TRUE",13428,0.937019821295248
"triplet_pairs","mediating_TRUE",13441,0.936706726716601
"triplet_pairs","mediating_TRUE",13454,0.936393632137954
"triplet_pairs","mediating_TRUE",13467,0.936080537559307
"triplet_pairs","mediating_TRUE",13480,0.93576744298066
"triplet_pairs","mediating_TRUE",13493,0.935454348402013
"triplet_pairs","mediating_TRUE",13506,0.935141253823366
"triplet_pairs","mediating_TRUE",13519,0.934828159244719
"triplet_pairs","mediating_TRUE",13532,0.934515064666072
"triplet_pairs","mediating_TRUE",13546,0.934177885889068
"triplet_pairs","mediating_TRUE",13559,0.933864791310421
"triplet_pairs","mediating_TRUE",13572,0.933551696731774
"triplet_pairs","mediating_TRUE",13585,0.933238602153127
"triplet_pairs","mediating_TRUE",13598,0.93292550757448
"triplet_pairs","mediating_TRUE",13611,0.932612412995833
"triplet_pairs","mediating_TRUE",13624,0.932299318417186
"triplet_pairs","mediating_TRUE",13637,0.931986223838539
"triplet_pairs","mediating_TRUE",13650,0.931673129259892
"triplet_pairs","mediating_TRUE",13663,0.931360034681246
"triplet_pairs","mediating_TRUE",13676,0.931046940102598
"triplet_pairs","mediating_TRUE",13690,0.930709761325594
"triplet_pairs","mediating_TRUE",13703,0.930396666746947
"triplet_pairs","mediating_TRUE",13716,0.9300835721683
"triplet_pairs","mediating_TRUE",13729,0.929770477589653
"triplet_pairs","mediating_TRUE",13742,0.929457383011006
"triplet_pairs","mediating_TRUE",13755,0.929144288432359
"triplet_pairs","mediating_TRUE",13768,0.928831193853712
"triplet_pairs","mediating_TRUE",13781,0.928518099275065
"triplet_pairs","mediating_TRUE",13794,0.928205004696419
"triplet_pairs","mediating_TRUE",13807,0.927891910117772
"triplet_pairs","mediating_TRUE",13820,0.927578815539125
"triplet_pairs","mediating_TRUE",13833,0.927265720960478
"triplet_pairs","mediating_TRUE",13847,0.926928542183473
"triplet_pairs","mediating_TRUE",13860,0.926615447604826
"triplet_pairs","mediating_TRUE",13873,0.926302353026179
"triplet_pairs","mediating_TRUE",13886,0.925989258447532
"triplet_pairs","mediating_TRUE",13899,0.925676163868886
"triplet_pairs","mediating_TRUE",13912,0.925363069290238
"triplet_pairs","mediating_TRUE",13925,0.925049974711592
"triplet_pairs","mediating_TRUE",13938,0.924736880132945
"triplet_pairs","mediating_TRUE",13951,0.924423785554298
"triplet_pairs","mediating_TRUE",13964,0.924110690975651
"triplet_pairs","mediating_TRUE",13977,0.923797596397004
"triplet_pairs","mediating_TRUE",13990,0.923484501818357
"triplet_pairs","mediating_TRUE",14004,0.923147323041352
"triplet_pairs","mediating_TRUE",14017,0.922834228462705
"triplet_pairs","mediating_TRUE",14030,0.922521133884059
"triplet_pairs","mediating_TRUE",14043,0.922208039305412
"triplet_pairs","mediating_TRUE",14056,0.921894944726765
"triplet_pairs","mediating_TRUE",14069,0.921581850148118
"triplet_pairs","mediating_TRUE",14082,0.921268755569471
"triplet_pairs","mediating_TRUE",14095,0.920955660990824
"triplet_pairs","mediating_TRUE",14108,0.920642566412177
"triplet_pairs","mediating_TRUE",14121,0.92032947183353
"triplet_pairs","mediating_TRUE",14134,0.920016377254883
"triplet_pairs","mediating_TRUE",14148,0.919679198477878
"triplet_pairs","mediating_TRUE",14161,0.919366103899232
"triplet_pairs","mediating_TRUE",14174,0.919053009320585
"triplet_pairs","mediating_TRUE",14187,0.918739914741938
"triplet_pairs","mediating_TRUE",14200,0.918426820163291
"triplet_pairs","mediating_TRUE",14213,0.918113725584644
"triplet_pairs","mediating_TRUE",14226,0.917800631005997
"triplet_pairs","mediating_TRUE",14239,0.91748753642735
"triplet_pairs","mediating_TRUE",14252,0.917174441848703
"triplet_pairs","mediating_TRUE",14265,0.916861347270056
"triplet_pairs","mediating_TRUE",14278,0.916548252691409
"triplet_pairs","mediating_TRUE",14291,0.916235158112762
"triplet_pairs","mediating_TRUE",14305,0.915897979335758
"triplet_pairs","mediating_TRUE",14318,0.915584884757111
"triplet_pairs","mediating_TRUE",14331,0.915271790178464
"triplet_pairs","mediating_TRUE",14344,0.914958695599817
"triplet_pairs","mediating_TRUE",14357,0.91464560102117
"triplet_pairs","mediating_TRUE",14370,0.914332506442523
"triplet_pairs","mediating_TRUE",14383,0.914019411863876
"triplet_pairs","mediating_TRUE",14396,0.913706317285229
"triplet_pairs","mediating_TRUE",14409,0.913393222706582
"triplet_pairs","mediating_TRUE",14422,0.913080128127935
"triplet_pairs","mediating_TRUE",14435,0.912767033549288
"triplet_pairs","mediating_TRUE",14449,0.912429854772284
"triplet_pairs","mediating_TRUE",14462,0.912116760193637
"triplet_pairs","mediating_TRUE",14475,0.91180366561499
"triplet_pairs","mediating_TRUE",14488,0.911490571036343
"triplet_pairs","mediating_TRUE",14501,0.911177476457696
"triplet_pairs","mediating_TRUE",14514,0.910864381879049
"triplet_pairs","mediating_TRUE",14527,0.910551287300402
"triplet_pairs","mediating_TRUE",14540,0.910238192721755
"triplet_pairs","mediating_TRUE",14553,0.909925098143108
"triplet_pairs","mediating_TRUE",14566,0.909612003564461
"triplet_pairs","mediating_TRUE",14579,0.909298908985814
"triplet_pairs","mediating_TRUE",14592,0.908985814407167
"triplet_pairs","mediating_TRUE",14606,0.908648635630163
"triplet_pairs","mediating_TRUE",14619,0.908335541051516
"triplet_pairs","mediating_TRUE",14632,0.908022446472869
"triplet_pairs","mediating_TRUE",14645,0.907709351894222
"triplet_pairs","mediating_TRUE",14658,0.907396257315575
"triplet_pairs","mediating_TRUE",14671,0.907083162736928
"triplet_pairs","mediating_TRUE",14684,0.906770068158281
"triplet_pairs","mediating_TRUE",14697,0.906456973579634
"triplet_pairs","mediating_TRUE",14710,0.906143879000987
"triplet_pairs","mediating_TRUE",14723,0.90583078442234
"triplet_pairs","mediating_TRUE",14736,0.905517689843693
"triplet_pairs","mediating_TRUE",14750,0.905180511066689
"triplet_pairs","mediating_TRUE",14763,0.904867416488042
"triplet_pairs","mediating_TRUE",14776,0.904554321909395
"triplet_pairs","mediating_TRUE",14789,0.904241227330748
"triplet_pairs","mediating_TRUE",14802,0.903928132752101
"triplet_pairs","mediating_TRUE",14815,0.903615038173454
"triplet_pairs","mediating_TRUE",14828,0.903301943594807
"triplet_pairs","mediating_TRUE",14841,0.90298884901616
"triplet_pairs","mediating_TRUE",14854,0.902675754437513
"triplet_pairs","mediating_TRUE",14867,0.902362659858866
"triplet_pairs","mediating_TRUE",14880,0.90204956528022
"triplet_pairs","mediating_TRUE",14893,0.901736470701572
"triplet_pairs","mediating_TRUE",14907,0.901399291924568
"triplet_pairs","mediating_TRUE",14920,0.901086197345921
"triplet_pairs","mediating_TRUE",14933,0.900773102767274
"triplet_pairs","mediating_TRUE",14946,0.900460008188627
"triplet_pairs","mediating_TRUE",14959,0.90014691360998
"triplet_pairs","mediating_TRUE",14972,0.899833819031333
"triplet_pairs","mediating_TRUE",14985,0.899520724452686
"triplet_pairs","mediating_TRUE",14998,0.899207629874039
"triplet_pairs","mediating_TRUE",15011,0.898894535295393
"triplet_pairs","mediating_TRUE",15024,0.898581440716746
"triplet_pairs","mediating_TRUE",15037,0.898268346138099
"triplet_pairs","mediating_TRUE",15050,0.897955251559452
"triplet_pairs","mediating_TRUE",15064,0.897618072782447
"triplet_pairs","mediating_TRUE",15077,0.8973049782038
"triplet_pairs","mediating_TRUE",15090,0.896991883625153
"triplet_pairs","mediating_TRUE",15103,0.896678789046506
"triplet_pairs","mediating_TRUE",15116,0.896365694467859
"triplet_pairs","mediating_TRUE",15129,0.896052599889212
"triplet_pairs","mediating_TRUE",15142,0.895739505310566
"triplet_pairs","mediating_TRUE",15155,0.895426410731919
"triplet_pairs","mediating_TRUE",15168,0.895113316153272
"triplet_pairs","mediating_TRUE",15181,0.894800221574625
"triplet_pairs","mediating_TRUE",15194,0.894487126995978
"triplet_pairs","mediating_TRUE",15208,0.894149948218973
"triplet_pairs","mediating_TRUE",15221,0.893836853640326
"triplet_pairs","mediating_TRUE",15234,0.893523759061679
"triplet_pairs","mediating_TRUE",15247,0.893210664483033
"triplet_pairs","mediating_TRUE",15260,0.892897569904386
"triplet_pairs","mediating_TRUE",15273,0.892584475325739
"triplet_pairs","mediating_TRUE",15286,0.892271380747092
"triplet_pairs","mediating_TRUE",15299,0.891958286168445
"triplet_pairs","mediating_TRUE",15312,0.891645191589798
"triplet_pairs","mediating_TRUE",15325,0.891332097011151
"triplet_pairs","mediating_TRUE",15338,0.891019002432504
"triplet_pairs","mediating_TRUE",15351,0.890705907853857
"triplet_pairs","mediating_TRUE",15365,0.890368729076852
"triplet_pairs","mediating_TRUE",15378,0.890055634498206
"triplet_pairs","mediating_TRUE",15391,0.889742539919559
"triplet_pairs","mediating_TRUE",15404,0.889429445340912
"triplet_pairs","mediating_TRUE",15417,0.889116350762265
"triplet_pairs","mediating_TRUE",15430,0.888803256183618
"triplet_pairs","mediating_TRUE",15443,0.888490161604971
"triplet_pairs","mediating_TRUE",15456,0.888177067026324
"triplet_pairs","mediating_TRUE",15469,0.887863972447677
"triplet_pairs","mediating_TRUE",15482,0.88755087786903
"triplet_pairs","mediating_TRUE",15495,0.887237783290383
"triplet_pairs","mediating_TRUE",15509,0.886900604513379
"triplet_pairs","mediating_TRUE",15522,0.886587509934732
"triplet_pairs","mediating_TRUE",15535,0.886274415356085
"triplet_pairs","mediating_TRUE",15548,0.885961320777438
"triplet_pairs","mediating_TRUE",15561,0.885648226198791
"triplet_pairs","mediating_TRUE",15574,0.885335131620144
"triplet_pairs","mediating_TRUE",15587,0.885022037041497
"triplet_pairs","mediating_TRUE",15600,0.88470894246285
"triplet_pairs","mediating_TRUE",15613,0.884395847884203
"triplet_pairs","mediating_TRUE",15626,0.884082753305556
"triplet_pairs","mediating_TRUE",15639,0.883769658726909
"triplet_pairs","mediating_TRUE",15652,0.883456564148262
"triplet_pairs","mediating_TRUE",15666,0.883119385371258
"triplet_pairs","mediating_TRUE",15679,0.882806290792611
"triplet_pairs","mediating_TRUE",15692,0.882493196213964
"triplet_pairs","mediating_TRUE",15705,0.882180101635317
"triplet_pairs","mediating_TRUE",15718,0.88186700705667
"triplet_pairs","mediating_TRUE",15731,0.881553912478023
"triplet_pairs","mediating_TRUE",15744,0.881240817899376
"triplet_pairs","mediating_TRUE",15757,0.880927723320729
"triplet_pairs","mediating_TRUE",15770,0.880614628742082
"triplet_pairs","mediating_TRUE",15783,0.880301534163435
"triplet_pairs","mediating_TRUE",15796,0.879988439584788
"triplet_pairs","mediating_TRUE",15810,0.879651260807784
"triplet_pairs","mediating_TRUE",15823,0.879338166229137
"triplet_pairs","mediating_TRUE",15836,0.87902507165049
"triplet_pairs","mediating_TRUE",15849,0.878711977071843
"triplet_pairs","mediating_TRUE",15862,0.878398882493196
"triplet_pairs","mediating_TRUE",15875,0.878085787914549
"triplet_pairs","mediating_TRUE",15888,0.877772693335902
"triplet_pairs","mediating_TRUE",15901,0.877459598757255
"triplet_pairs","mediating_TRUE",15914,0.877146504178608
"triplet_pairs","mediating_TRUE",15927,0.876833409599961
"triplet_pairs","mediating_TRUE",15940,0.876520315021314
"triplet_pairs","mediating_TRUE",15953,0.876207220442667
"triplet_pairs","mediating_TRUE",15967,0.875870041665663
"triplet_pairs","mediating_TRUE",15980,0.875556947087016
"triplet_pairs","mediating_TRUE",15993,0.875243852508369
"triplet_pairs","mediating_TRUE",16006,0.874930757929722
"triplet_pairs","mediating_TRUE",16019,0.874617663351075
"triplet_pairs","mediating_TRUE",16032,0.874304568772428
"triplet_pairs","mediating_TRUE",16045,0.873991474193781
"triplet_pairs","mediating_TRUE",16058,0.873678379615134
"triplet_pairs","mediating_TRUE",16071,0.873365285036487
"triplet_pairs","mediating_TRUE",16084,0.87305219045784
"triplet_pairs","mediating_TRUE",16097,0.872739095879193
"triplet_pairs","mediating_TRUE",16111,0.872401917102189
"triplet_pairs","mediating_TRUE",16124,0.872088822523542
"triplet_pairs","mediating_TRUE",16137,0.871775727944895
"triplet_pairs","mediating_TRUE",16150,0.871462633366248
"triplet_pairs","mediating_TRUE",16163,0.871149538787601
"triplet_pairs","mediating_TRUE",16176,0.870836444208954
"triplet_pairs","mediating_TRUE",16189,0.870523349630307
"triplet_pairs","mediating_TRUE",16202,0.87021025505166
"triplet_pairs","mediating_TRUE",16215,0.869897160473013
"triplet_pairs","mediating_TRUE",16228,0.869584065894367
"triplet_pairs","mediating_TRUE",16241,0.86927097131572
"triplet_pairs","mediating_TRUE",16254,0.868957876737073
"triplet_pairs","mediating_TRUE",16268,0.868620697960068
"triplet_pairs","mediating_TRUE",16281,0.868307603381421
"triplet_pairs","mediating_TRUE",16294,0.867994508802774
"triplet_pairs","mediating_TRUE",16307,0.867681414224127
"triplet_pairs","mediating_TRUE",16320,0.86736831964548
"triplet_pairs","mediating_TRUE",16333,0.867055225066833
"triplet_pairs","mediating_TRUE",16346,0.866742130488186
"triplet_pairs","mediating_TRUE",16359,0.86642903590954
"triplet_pairs","mediating_TRUE",16372,0.866115941330893
"triplet_pairs","mediating_TRUE",16385,0.865802846752246
"triplet_pairs","mediating_TRUE",16398,0.865489752173599
"triplet_pairs","mediating_TRUE",16411,0.865176657594952
"triplet_pairs","mediating_TRUE",16425,0.864839478817947
"triplet_pairs","mediating_TRUE",16438,0.8645263842393
"triplet_pairs","mediating_TRUE",16451,0.864213289660653
"triplet_pairs","mediating_TRUE",16464,0.863900195082006
"triplet_pairs","mediating_TRUE",16477,0.86358710050336
"triplet_pairs","mediating_TRUE",16490,0.863274005924713
"triplet_pairs","mediating_TRUE",16503,0.862960911346066
"triplet_pairs","mediating_TRUE",16516,0.862647816767419
"triplet_pairs","mediating_TRUE",16529,0.862334722188772
"triplet_pairs","mediating_TRUE",16542,0.862021627610125
"triplet_pairs","mediating_TRUE",16555,0.861708533031478
"triplet_pairs","mediating_TRUE",16569,0.861371354254473
"triplet_pairs","mediating_TRUE",16582,0.861058259675826
"triplet_pairs","mediating_TRUE",16595,0.86074516509718
"triplet_pairs","mediating_TRUE",16608,0.860432070518533
"triplet_pairs","mediating_TRUE",16621,0.860118975939886
"triplet_pairs","mediating_TRUE",16634,0.859805881361239
"triplet_pairs","mediating_TRUE",16647,0.859492786782592
"triplet_pairs","mediating_TRUE",16660,0.859179692203945
"triplet_pairs","mediating_TRUE",16673,0.858866597625298
"triplet_pairs","mediating_TRUE",16686,0.858553503046651
"triplet_pairs","mediating_TRUE",16699,0.858240408468004
"triplet_pairs","mediating_TRUE",16712,0.857927313889357
"triplet_pairs","mediating_TRUE",16726,0.857590135112353
"triplet_pairs","mediating_TRUE",16739,0.857277040533706
"triplet_pairs","mediating_TRUE",16752,0.856963945955059
"triplet_pairs","mediating_TRUE",16765,0.856650851376412
"triplet_pairs","mediating_TRUE",16778,0.856337756797765
"triplet_pairs","mediating_TRUE",16791,0.856024662219118
"triplet_pairs","mediating_TRUE",16804,0.855711567640471
"triplet_pairs","mediating_TRUE",16817,0.855398473061824
"triplet_pairs","mediating_TRUE",16830,0.855085378483177
"triplet_pairs","mediating_TRUE",16843,0.85477228390453
"triplet_pairs","mediating_TRUE",16856,0.854459189325883
"triplet_pairs","mediating_TRUE",16870,0.854122010548879
"triplet_pairs","mediating_TRUE",16883,0.853808915970232
"triplet_pairs","mediating_TRUE",16896,0.853495821391585
"triplet_pairs","mediating_TRUE",16909,0.853182726812938
"triplet_pairs","mediating_TRUE",16922,0.852869632234291
"triplet_pairs","mediating_TRUE",16935,0.852556537655644
"triplet_pairs","mediating_TRUE",16948,0.852243443076997
"triplet_pairs","mediating_TRUE",16961,0.85193034849835
"triplet_pairs","mediating_TRUE",16974,0.851617253919703
"triplet_pairs","mediating_TRUE",16987,0.851304159341056
"triplet_pairs","mediating_TRUE",17000,0.850991064762409
"triplet_pairs","mediating_TRUE",17013,0.850677970183762
"triplet_pairs","mediating_TRUE",17027,0.850340791406758
"triplet_pairs","mediating_TRUE",17040,0.850027696828111
"triplet_pairs","mediating_TRUE",17053,0.849714602249464
"triplet_pairs","mediating_TRUE",17066,0.849401507670817
"triplet_pairs","mediating_TRUE",17079,0.84908841309217
"triplet_pairs","mediating_TRUE",17092,0.848775318513523
"triplet_pairs","mediating_TRUE",17105,0.848462223934876
"triplet_pairs","mediating_TRUE",17118,0.848149129356229
"triplet_pairs","mediating_TRUE",17131,0.847836034777582
"triplet_pairs","mediating_TRUE",17144,0.847522940198935
"triplet_pairs","mediating_TRUE",17157,0.847209845620288
"triplet_pairs","mediating_TRUE",17171,0.846872666843284
"triplet_pairs","mediating_TRUE",17184,0.846559572264637
"triplet_pairs","mediating_TRUE",17197,0.84624647768599
"triplet_pairs","mediating_TRUE",17210,0.845933383107343
"triplet_pairs","mediating_TRUE",17223,0.845620288528696
"triplet_pairs","mediating_TRUE",17236,0.845307193950049
"triplet_pairs","mediating_TRUE",17249,0.844994099371402
"triplet_pairs","mediating_TRUE",17262,0.844681004792755
"triplet_pairs","mediating_TRUE",17275,0.844367910214108
"triplet_pairs","mediating_TRUE",17288,0.844054815635461
"triplet_pairs","mediating_TRUE",17301,0.843741721056814
"triplet_pairs","mediating_TRUE",17314,0.843428626478167
"triplet_pairs","mediating_TRUE",17328,0.843091447701163
"triplet_pairs","mediating_TRUE",17341,0.842778353122516
"triplet_pairs","mediating_TRUE",17354,0.842465258543869
"triplet_pairs","mediating_TRUE",17367,0.842152163965222
"triplet_pairs","mediating_TRUE",17380,0.841839069386575
"triplet_pairs","mediating_TRUE",17393,0.841525974807928
"triplet_pairs","mediating_TRUE",17406,0.841212880229281
"triplet_pairs","mediating_TRUE",17419,0.840899785650634
"triplet_pairs","mediating_TRUE",17432,0.840586691071987
"triplet_pairs","mediating_TRUE",17445,0.84027359649334
"triplet_pairs","mediating_TRUE",17458,0.839960501914694
"triplet_pairs","mediating_TRUE",17472,0.839623323137689
"triplet_pairs","mediating_TRUE",17485,0.839310228559042
"triplet_pairs","mediating_TRUE",17498,0.838997133980395
"triplet_pairs","mediating_TRUE",17511,0.838684039401748
"triplet_pairs","mediating_TRUE",17524,0.838370944823101
"triplet_pairs","mediating_TRUE",17537,0.838057850244454
"triplet_pairs","mediating_TRUE",17550,0.837744755665807
"triplet_pairs","mediating_TRUE",17563,0.83743166108716
"triplet_pairs","mediating_TRUE",17576,0.837118566508514
"triplet_pairs","mediating_TRUE",17589,0.836805471929867
"triplet_pairs","mediating_TRUE",17602,0.83649237735122
"triplet_pairs","mediating_TRUE",17615,0.836179282772573
"triplet_pairs","mediating_TRUE",17629,0.835842103995568
"triplet_pairs","mediating_TRUE",17642,0.835529009416921
"triplet_pairs","mediating_TRUE",17655,0.835215914838274
"triplet_pairs","mediating_TRUE",17668,0.834902820259627
"triplet_pairs","mediating_TRUE",17681,0.83458972568098
"triplet_pairs","mediating_TRUE",17694,0.834276631102334
"triplet_pairs","mediating_TRUE",17707,0.833963536523687
"triplet_pairs","mediating_TRUE",17720,0.83365044194504
"triplet_pairs","mediating_TRUE",17733,0.833337347366393
"triplet_pairs","mediating_TRUE",17746,0.833024252787746
"triplet_pairs","mediating_TRUE",17759,0.832711158209099
"triplet_pairs","mediating_TRUE",17772,0.832398063630452
"triplet_pairs","mediating_TRUE",17786,0.832060884853447
"triplet_pairs","mediating_TRUE",17799,0.831747790274801
"triplet_pairs","mediating_TRUE",17812,0.831434695696153
"triplet_pairs","mediating_TRUE",17825,0.831121601117507
"triplet_pairs","mediating_TRUE",17838,0.83080850653886
"triplet_pairs","mediating_TRUE",17851,0.830495411960213
"triplet_pairs","mediating_TRUE",17864,0.830182317381566
"triplet_pairs","mediating_TRUE",17877,0.829869222802919
"triplet_pairs","mediating_TRUE",17890,0.829556128224272
"triplet_pairs","mediating_TRUE",17903,0.829243033645625
"triplet_pairs","mediating_TRUE",17916,0.828929939066978
"triplet_pairs","mediating_TRUE",17930,0.828592760289974
"triplet_pairs","mediating_TRUE",17943,0.828279665711327
"triplet_pairs","mediating_TRUE",17956,0.82796657113268
"triplet_pairs","mediating_TRUE",17969,0.827653476554033
"triplet_pairs","mediating_TRUE",17982,0.827340381975386
"triplet_pairs","mediating_TRUE",17995,0.827027287396739
"triplet_pairs","mediating_TRUE",18008,0.826714192818092
"triplet_pairs","mediating_TRUE",18021,0.826401098239445
"triplet_pairs","mediating_TRUE",18034,0.826088003660798
"triplet_pairs","mediating_TRUE",18047,0.825774909082151
"triplet_pairs","mediating_TRUE",18060,0.825461814503504
"triplet_pairs","mediating_TRUE",18073,0.825148719924857
"triplet_pairs","mediating_TRUE",18087,0.824811541147853
"triplet_pairs","mediating_TRUE",18100,0.824498446569206
"triplet_pairs","mediating_TRUE",18113,0.824185351990559
"triplet_pairs","mediating_TRUE",18126,0.823872257411912
"triplet_pairs","mediating_TRUE",18139,0.823559162833265
"triplet_pairs","mediating_TRUE",18152,0.823246068254618
"triplet_pairs","mediating_TRUE",18165,0.822932973675971
"triplet_pairs","mediating_TRUE",18178,0.822619879097324
"triplet_pairs","mediating_TRUE",18191,0.822306784518677
"triplet_pairs","mediating_TRUE",18204,0.82199368994003
"triplet_pairs","mediating_TRUE",18217,0.821680595361383
"triplet_pairs","mediating_TRUE",18231,0.821343416584379
"triplet_pairs","mediating_TRUE",18244,0.821030322005732
"triplet_pairs","mediating_TRUE",18257,0.820717227427085
"triplet_pairs","mediating_TRUE",18270,0.820404132848438
"triplet_pairs","mediating_TRUE",18283,0.820091038269791
"triplet_pairs","mediating_TRUE",18296,0.819777943691144
"triplet_pairs","mediating_TRUE",18309,0.819464849112497
"triplet_pairs","mediating_TRUE",18322,0.81915175453385
"triplet_pairs","mediating_TRUE",18335,0.818838659955203
"triplet_pairs","mediating_TRUE",18348,0.818525565376556
"triplet_pairs","mediating_TRUE",18361,0.818212470797909
"triplet_pairs","mediating_TRUE",18374,0.817899376219262
"triplet_pairs","mediating_TRUE",18388,0.817562197442258
"triplet_pairs","mediating_TRUE",18401,0.817249102863611
"triplet_pairs","mediating_TRUE",18414,0.816936008284964
"triplet_pairs","mediating_TRUE",18427,0.816622913706317
"triplet_pairs","mediating_TRUE",18440,0.81630981912767
"triplet_pairs","mediating_TRUE",18453,0.815996724549023
"triplet_pairs","mediating_TRUE",18466,0.815683629970376
"triplet_pairs","mediating_TRUE",18479,0.815370535391729
"triplet_pairs","mediating_TRUE",18492,0.815057440813082
"triplet_pairs","mediating_TRUE",18505,0.814744346234435
"triplet_pairs","mediating_TRUE",18518,0.814431251655788
"triplet_pairs","mediating_TRUE",18532,0.814094072878784
"triplet_pairs","mediating_TRUE",18545,0.813780978300137
"triplet_pairs","mediating_TRUE",18558,0.81346788372149
"triplet_pairs","mediating_TRUE",18571,0.813154789142843
"triplet_pairs","mediating_TRUE",18584,0.812841694564196
"triplet_pairs","mediating_TRUE",18597,0.812528599985549
"triplet_pairs","mediating_TRUE",18610,0.812215505406902
"triplet_pairs","mediating_TRUE",18623,0.811902410828255
"triplet_pairs","mediating_TRUE",18636,0.811589316249608
"triplet_pairs","mediating_TRUE",18649,0.811276221670961
"triplet_pairs","mediating_TRUE",18662,0.810963127092314
"triplet_pairs","mediating_TRUE",18675,0.810650032513668
"triplet_pairs","mediating_TRUE",18689,0.810312853736663
"triplet_pairs","mediating_TRUE",18702,0.809999759158016
"triplet_pairs","mediating_TRUE",18715,0.809686664579369
"triplet_pairs","mediating_TRUE",18728,0.809373570000722
"triplet_pairs","mediating_TRUE",18741,0.809060475422075
"triplet_pairs","mediating_TRUE",18754,0.808747380843428
"triplet_pairs","mediating_TRUE",18767,0.808434286264781
"triplet_pairs","mediating_TRUE",18780,0.808121191686134
"triplet_pairs","mediating_TRUE",18793,0.807808097107487
"triplet_pairs","mediating_TRUE",18806,0.807495002528841
"triplet_pairs","mediating_TRUE",18819,0.807181907950194
"triplet_pairs","mediating_TRUE",18833,0.806844729173189
"triplet_pairs","mediating_TRUE",18846,0.806531634594542
"triplet_pairs","mediating_TRUE",18859,0.806218540015895
"triplet_pairs","mediating_TRUE",18872,0.805905445437248
"triplet_pairs","mediating_TRUE",18885,0.805592350858601
"triplet_pairs","mediating_TRUE",18898,0.805279256279954
"triplet_pairs","mediating_TRUE",18911,0.804966161701308
"triplet_pairs","mediating_TRUE",18924,0.804653067122661
"triplet_pairs","mediating_TRUE",18937,0.804339972544014
"triplet_pairs","mediating_TRUE",18950,0.804026877965367
"triplet_pairs","mediating_TRUE",18963,0.80371378338672
"triplet_pairs","mediating_TRUE",18976,0.803400688808073
"triplet_pairs","mediating_TRUE",18990,0.803063510031068
"triplet_pairs","mediating_TRUE",19003,0.802750415452421
"triplet_pairs","mediating_TRUE",19016,0.802437320873775
"triplet_pairs","mediating_TRUE",19029,0.802124226295127
"triplet_pairs","mediating_TRUE",19042,0.801811131716481
"triplet_pairs","mediating_TRUE",19055,0.801498037137834
"triplet_pairs","mediating_TRUE",19068,0.801184942559187
"triplet_pairs","mediating_TRUE",19081,0.80087184798054
"triplet_pairs","mediating_TRUE",19094,0.800558753401893
"triplet_pairs","mediating_TRUE",19107,0.800245658823246
"triplet_pairs","mediating_TRUE",19120,0.799932564244599
"triplet_pairs","mediating_TRUE",19133,0.799619469665952
"triplet_pairs","mediating_TRUE",19147,0.799282290888948
"triplet_pairs","mediating_TRUE",19160,0.798969196310301
"triplet_pairs","mediating_TRUE",19173,0.798656101731654
"triplet_pairs","mediating_TRUE",19186,0.798343007153007
"triplet_pairs","mediating_TRUE",19199,0.79802991257436
"triplet_pairs","mediating_TRUE",19212,0.797716817995713
"triplet_pairs","mediating_TRUE",19225,0.797403723417066
"triplet_pairs","mediating_TRUE",19238,0.797090628838419
"triplet_pairs","mediating_TRUE",19251,0.796777534259772
"triplet_pairs","mediating_TRUE",19264,0.796464439681125
"triplet_pairs","mediating_TRUE",19277,0.796151345102478
"triplet_pairs","mediating_TRUE",19291,0.795814166325474
"triplet_pairs","mediating_TRUE",19304,0.795501071746827
"triplet_pairs","mediating_TRUE",19317,0.79518797716818
"triplet_pairs","mediating_TRUE",19330,0.794874882589533
"triplet_pairs","mediating_TRUE",19343,0.794561788010886
"triplet_pairs","mediating_TRUE",19356,0.794248693432239
"triplet_pairs","mediating_TRUE",19369,0.793935598853592
"triplet_pairs","mediating_TRUE",19382,0.793622504274945
"triplet_pairs","mediating_TRUE",19395,0.793309409696298
"triplet_pairs","mediating_TRUE",19408,0.792996315117651
"triplet_pairs","mediating_TRUE",19421,0.792683220539004
"triplet_pairs","mediating_TRUE",19434,0.792370125960357
"triplet_pairs","mediating_TRUE",19448,0.792032947183353
"triplet_pairs","mediating_TRUE",19461,0.791719852604706
"triplet_pairs","mediating_TRUE",19474,0.791406758026059
"triplet_pairs","mediating_TRUE",19487,0.791093663447412
"triplet_pairs","mediating_TRUE",19500,0.790780568868765
"triplet_pairs","mediating_TRUE",19513,0.790467474290118
"triplet_pairs","mediating_TRUE",19526,0.790154379711471
"triplet_pairs","mediating_TRUE",19539,0.789841285132824
"triplet_pairs","mediating_TRUE",19552,0.789528190554177
"triplet_pairs","mediating_TRUE",19565,0.78921509597553
"triplet_pairs","mediating_TRUE",19578,0.788902001396883
"triplet_pairs","mediating_TRUE",19592,0.788564822619879
"triplet_pairs","mediating_TRUE",19605,0.788251728041232
"triplet_pairs","mediating_TRUE",19618,0.787938633462585
"triplet_pairs","mediating_TRUE",19631,0.787625538883938
"triplet_pairs","mediating_TRUE",19644,0.787312444305291
"triplet_pairs","mediating_TRUE",19657,0.786999349726644
"triplet_pairs","mediating_TRUE",19670,0.786686255147997
"triplet_pairs","mediating_TRUE",19683,0.78637316056935
"triplet_pairs","mediating_TRUE",19696,0.786060065990703
"triplet_pairs","mediating_TRUE",19709,0.785746971412056
"triplet_pairs","mediating_TRUE",19722,0.785433876833409
"triplet_pairs","mediating_TRUE",19735,0.785120782254762
"triplet_pairs","mediating_TRUE",19749,0.784783603477758
"triplet_pairs","mediating_TRUE",19762,0.784470508899111
"triplet_pairs","mediating_TRUE",19775,0.784157414320464
"triplet_pairs","mediating_TRUE",19788,0.783844319741817
"triplet_pairs","mediating_TRUE",19801,0.78353122516317
"triplet_pairs","mediating_TRUE",19814,0.783218130584523
"triplet_pairs","mediating_TRUE",19827,0.782905036005876
"triplet_pairs","mediating_TRUE",19840,0.782591941427229
"triplet_pairs","mediating_TRUE",19853,0.782278846848582
"triplet_pairs","mediating_TRUE",19866,0.781965752269935
"triplet_pairs","mediating_TRUE",19879,0.781652657691288
"triplet_pairs","mediating_TRUE",19893,0.781315478914284
"triplet_pairs","mediating_TRUE",19906,0.781002384335637
"triplet_pairs","mediating_TRUE",19919,0.78068928975699
"triplet_pairs","mediating_TRUE",19932,0.780376195178343
"triplet_pairs","mediating_TRUE",19945,0.780063100599696
"triplet_pairs","mediating_TRUE",19958,0.779750006021049
"triplet_pairs","mediating_TRUE",19971,0.779436911442402
"triplet_pairs","mediating_TRUE",19984,0.779123816863755
"triplet_pairs","mediating_TRUE",19997,0.778810722285109
"triplet_pairs","mediating_TRUE",20010,0.778497627706461
"triplet_pairs","mediating_TRUE",20023,0.778184533127815
"triplet_pairs","mediating_TRUE",20036,0.777871438549168
"triplet_pairs","mediating_TRUE",20050,0.777534259772163
"triplet_pairs","mediating_TRUE",20063,0.777221165193516
"triplet_pairs","mediating_TRUE",20076,0.776908070614869
"triplet_pairs","mediating_TRUE",20089,0.776594976036222
"triplet_pairs","mediating_TRUE",20102,0.776281881457575
"triplet_pairs","mediating_TRUE",20115,0.775968786878928
"triplet_pairs","mediating_TRUE",20128,0.775655692300282
"triplet_pairs","mediating_TRUE",20141,0.775342597721634
"triplet_pairs","mediating_TRUE",20154,0.775029503142988
"triplet_pairs","mediating_TRUE",20167,0.774716408564341
"triplet_pairs","mediating_TRUE",20180,0.774403313985694
"triplet_pairs","mediating_TRUE",20194,0.774066135208689
"triplet_pairs","mediating_TRUE",20207,0.773753040630042
"triplet_pairs","mediating_TRUE",20220,0.773439946051395
"triplet_pairs","mediating_TRUE",20233,0.773126851472748
"triplet_pairs","mediating_TRUE",20246,0.772813756894101
"triplet_pairs","mediating_TRUE",20259,0.772500662315455
"triplet_pairs","mediating_TRUE",20272,0.772187567736808
"triplet_pairs","mediating_TRUE",20285,0.771874473158161
"triplet_pairs","mediating_TRUE",20298,0.771561378579514
"triplet_pairs","mediating_TRUE",20311,0.771248284000867
"triplet_pairs","mediating_TRUE",20324,0.77093518942222
"triplet_pairs","mediating_TRUE",20337,0.770622094843573
"triplet_pairs","mediating_TRUE",20351,0.770284916066568
"triplet_pairs","mediating_TRUE",20364,0.769971821487922
"triplet_pairs","mediating_TRUE",20377,0.769658726909275
"triplet_pairs","mediating_TRUE",20390,0.769345632330628
"triplet_pairs","mediating_TRUE",20403,0.769032537751981
"triplet_pairs","mediating_TRUE",20416,0.768719443173334
"triplet_pairs","mediating_TRUE",20429,0.768406348594687
"triplet_pairs","mediating_TRUE",20442,0.76809325401604
"triplet_pairs","mediating_TRUE",20455,0.767780159437393
"triplet_pairs","mediating_TRUE",20468,0.767467064858746
"triplet_pairs","mediating_TRUE",20481,0.767153970280099
"triplet_pairs","mediating_TRUE",20494,0.766840875701452
"triplet_pairs","mediating_TRUE",20508,0.766503696924448
"triplet_pairs","mediating_TRUE",20521,0.766190602345801
"triplet_pairs","mediating_TRUE",20534,0.765877507767154
"triplet_pairs","mediating_TRUE",20547,0.765564413188507
"triplet_pairs","mediating_TRUE",20560,0.76525131860986
"triplet_pairs","mediating_TRUE",20573,0.764938224031213
"triplet_pairs","mediating_TRUE",20586,0.764625129452566
"triplet_pairs","mediating_TRUE",20599,0.764312034873919
"triplet_pairs","mediating_TRUE",20612,0.763998940295272
"triplet_pairs","mediating_TRUE",20625,0.763685845716625
"triplet_pairs","mediating_TRUE",20638,0.763372751137978
"triplet_pairs","mediating_TRUE",20652,0.763035572360974
"triplet_pairs","mediating_TRUE",20665,0.762722477782327
"triplet_pairs","mediating_TRUE",20678,0.76240938320368
"triplet_pairs","mediating_TRUE",20691,0.762096288625033
"triplet_pairs","mediating_TRUE",20704,0.761783194046386
"triplet_pairs","mediating_TRUE",20717,0.761470099467739
"triplet_pairs","mediating_TRUE",20730,0.761157004889092
"triplet_pairs","mediating_TRUE",20743,0.760843910310445
"triplet_pairs","mediating_TRUE",20756,0.760530815731798
"triplet_pairs","mediating_TRUE",20769,0.760217721153151
"triplet_pairs","mediating_TRUE",20782,0.759904626574504
"triplet_pairs","mediating_TRUE",20795,0.759591531995857
"triplet_pairs","mediating_TRUE",20809,0.759254353218853
"triplet_pairs","mediating_TRUE",20822,0.758941258640206
"triplet_pairs","mediating_TRUE",20835,0.758628164061559
"triplet_pairs","mediating_TRUE",20848,0.758315069482912
"triplet_pairs","mediating_TRUE",20861,0.758001974904265
"triplet_pairs","mediating_TRUE",20874,0.757688880325618
"triplet_pairs","mediating_TRUE",20887,0.757375785746971
"triplet_pairs","mediating_TRUE",20900,0.757062691168324
"triplet_pairs","mediating_TRUE",20913,0.756749596589677
"triplet_pairs","mediating_TRUE",20926,0.75643650201103
"triplet_pairs","mediating_TRUE",20939,0.756123407432383
"triplet_pairs","mediating_TRUE",20953,0.755786228655379
"triplet_pairs","mediating_TRUE",20966,0.755473134076732
"triplet_pairs","mediating_TRUE",20979,0.755160039498085
"triplet_pairs","mediating_TRUE",20992,0.754846944919438
"triplet_pairs","mediating_TRUE",21005,0.754533850340791
"triplet_pairs","mediating_TRUE",21018,0.754220755762144
"triplet_pairs","mediating_TRUE",21031,0.753907661183497
"triplet_pairs","mediating_TRUE",21044,0.75359456660485
"triplet_pairs","mediating_TRUE",21057,0.753281472026203
"triplet_pairs","mediating_TRUE",21070,0.752968377447556
"triplet_pairs","mediating_TRUE",21083,0.752655282868909
"triplet_pairs","mediating_TRUE",21096,0.752342188290262
"triplet_pairs","mediating_TRUE",21110,0.752005009513258
"triplet_pairs","mediating_TRUE",21123,0.751691914934611
"triplet_pairs","mediating_TRUE",21136,0.751378820355964
"triplet_pairs","mediating_TRUE",21149,0.751065725777317
"triplet_pairs","mediating_TRUE",21162,0.75075263119867
"triplet_pairs","mediating_TRUE",21175,0.750439536620023
"triplet_pairs","mediating_TRUE",21188,0.750126442041376
"triplet_pairs","mediating_TRUE",21201,0.749813347462729
"triplet_pairs","mediating_TRUE",21214,0.749500252884082
"triplet_pairs","mediating_TRUE",21227,0.749187158305435
"triplet_pairs","mediating_TRUE",21240,0.748874063726789
"triplet_pairs","mediating_TRUE",21254,0.748536884949784
"triplet_pairs","mediating_TRUE",21267,0.748223790371137
"triplet_pairs","mediating_TRUE",21280,0.74791069579249
"triplet_pairs","mediating_TRUE",21293,0.747597601213843
"triplet_pairs","mediating_TRUE",21306,0.747284506635196
"triplet_pairs","mediating_TRUE",21319,0.746971412056549
"triplet_pairs","mediating_TRUE",21332,0.746658317477902
"triplet_pairs","mediating_TRUE",21345,0.746345222899256
"triplet_pairs","mediating_TRUE",21358,0.746032128320609
"triplet_pairs","mediating_TRUE",21371,0.745719033741962
"triplet_pairs","mediating_TRUE",21384,0.745405939163315
"triplet_pairs","mediating_TRUE",21397,0.745092844584668
"triplet_pairs","mediating_TRUE",21411,0.744755665807663
"triplet_pairs","mediating_TRUE",21424,0.744442571229016
"triplet_pairs","mediating_TRUE",21437,0.744129476650369
"triplet_pairs","mediating_TRUE",21450,0.743816382071722
"triplet_pairs","mediating_TRUE",21463,0.743503287493075
"triplet_pairs","mediating_TRUE",21476,0.743190192914429
"triplet_pairs","mediating_TRUE",21489,0.742877098335782
"triplet_pairs","mediating_TRUE",21502,0.742564003757135
"triplet_pairs","mediating_TRUE",21515,0.742250909178488
"triplet_pairs","mediating_TRUE",21528,0.741937814599841
"triplet_pairs","mediating_TRUE",21541,0.741624720021194
"triplet_pairs","mediating_TRUE",21555,0.741287541244189
"triplet_pairs","mediating_TRUE",21568,0.740974446665542
"triplet_pairs","mediating_TRUE",21581,0.740661352086895
"triplet_pairs","mediating_TRUE",21594,0.740348257508249
"triplet_pairs","mediating_TRUE",21607,0.740035162929602
"triplet_pairs","mediating_TRUE",21620,0.739722068350955
"triplet_pairs","mediating_TRUE",21633,0.739408973772308
"triplet_pairs","mediating_TRUE",21646,0.739095879193661
"triplet_pairs","mediating_TRUE",21659,0.738782784615014
"triplet_pairs","mediating_TRUE",21672,0.738469690036367
"triplet_pairs","mediating_TRUE",21685,0.73815659545772
"triplet_pairs","mediating_TRUE",21698,0.737843500879073
"triplet_pairs","mediating_TRUE",21712,0.737506322102069
"triplet_pairs","mediating_TRUE",21725,0.737193227523422
"triplet_pairs","mediating_TRUE",21738,0.736880132944775
"triplet_pairs","mediating_TRUE",21751,0.736567038366128
"triplet_pairs","mediating_TRUE",21764,0.736253943787481
"triplet_pairs","mediating_TRUE",21777,0.735940849208834
"triplet_pairs","mediating_TRUE",21790,0.735627754630187
"triplet_pairs","mediating_TRUE",21803,0.73531466005154
"triplet_pairs","mediating_TRUE",21816,0.735001565472893
"triplet_pairs","mediating_TRUE",21829,0.734688470894246
"triplet_pairs","mediating_TRUE",21842,0.734375376315599
"triplet_pairs","mediating_TRUE",21855,0.734062281736952
"triplet_pairs","mediating_TRUE",21869,0.733725102959948
"triplet_pairs","mediating_TRUE",21882,0.733412008381301
"triplet_pairs","mediating_TRUE",21895,0.733098913802654
"triplet_pairs","mediating_TRUE",21908,0.732785819224007
"triplet_pairs","mediating_TRUE",21921,0.73247272464536
"triplet_pairs","mediating_TRUE",21934,0.732159630066713
"triplet_pairs","mediating_TRUE",21947,0.731846535488066
"triplet_pairs","mediating_TRUE",21960,0.731533440909419
"triplet_pairs","mediating_TRUE",21973,0.731220346330772
"triplet_pairs","mediating_TRUE",21986,0.730907251752125
"triplet_pairs","mediating_TRUE",21999,0.730594157173478
"triplet_pairs","mediating_TRUE",22013,0.730256978396474
"triplet_pairs","mediating_TRUE",22026,0.729943883817827
"triplet_pairs","mediating_TRUE",22039,0.72963078923918
"triplet_pairs","mediating_TRUE",22052,0.729317694660533
"triplet_pairs","mediating_TRUE",22065,0.729004600081886
"triplet_pairs","mediating_TRUE",22078,0.728691505503239
"triplet_pairs","mediating_TRUE",22091,0.728378410924592
"triplet_pairs","mediating_TRUE",22104,0.728065316345945
"triplet_pairs","mediating_TRUE",22117,0.727752221767298
"triplet_pairs","mediating_TRUE",22130,0.727439127188651
"triplet_pairs","mediating_TRUE",22143,0.727126032610004
"triplet_pairs","mediating_TRUE",22156,0.726812938031357
"triplet_pairs","mediating_TRUE",22170,0.726475759254353
"triplet_pairs","mediating_TRUE",22183,0.726162664675706
"triplet_pairs","mediating_TRUE",22196,0.725849570097059
"triplet_pairs","mediating_TRUE",22209,0.725536475518412
"triplet_pairs","mediating_TRUE",22222,0.725223380939765
"triplet_pairs","mediating_TRUE",22235,0.724910286361118
"triplet_pairs","mediating_TRUE",22248,0.724597191782471
"triplet_pairs","mediating_TRUE",22261,0.724284097203824
"triplet_pairs","mediating_TRUE",22274,0.723971002625177
"triplet_pairs","mediating_TRUE",22287,0.72365790804653
"triplet_pairs","mediating_TRUE",22300,0.723344813467883
"triplet_pairs","mediating_TRUE",22314,0.723007634690879
"triplet_pairs","mediating_TRUE",22327,0.722694540112232
"triplet_pairs","mediating_TRUE",22340,0.722381445533585
"triplet_pairs","mediating_TRUE",22353,0.722068350954938
"triplet_pairs","mediating_TRUE",22366,0.721755256376291
"triplet_pairs","mediating_TRUE",22379,0.721442161797644
"triplet_pairs","mediating_TRUE",22392,0.721129067218997
"triplet_pairs","mediating_TRUE",22405,0.72081597264035
"triplet_pairs","mediating_TRUE",22418,0.720502878061703
"triplet_pairs","mediating_TRUE",22431,0.720189783483056
"triplet_pairs","mediating_TRUE",22444,0.719876688904409
"triplet_pairs","mediating_TRUE",22457,0.719563594325763
"triplet_pairs","mediating_TRUE",22471,0.719226415548758
"triplet_pairs","mediating_TRUE",22484,0.718913320970111
"triplet_pairs","mediating_TRUE",22497,0.718600226391464
"triplet_pairs","mediating_TRUE",22510,0.718287131812817
"triplet_pairs","mediating_TRUE",22523,0.71797403723417
"triplet_pairs","mediating_TRUE",22536,0.717660942655523
"triplet_pairs","mediating_TRUE",22549,0.717347848076876
"triplet_pairs","mediating_TRUE",22562,0.717034753498229
"triplet_pairs","mediating_TRUE",22575,0.716721658919583
"triplet_pairs","mediating_TRUE",22588,0.716408564340936
"triplet_pairs","mediating_TRUE",22601,0.716095469762289
"triplet_pairs","mediating_TRUE",22615,0.715758290985284
"triplet_pairs","mediating_TRUE",22628,0.715445196406637
"triplet_pairs","mediating_TRUE",22641,0.71513210182799
"triplet_pairs","mediating_TRUE",22654,0.714819007249343
"triplet_pairs","mediating_TRUE",22667,0.714505912670696
"triplet_pairs","mediating_TRUE",22680,0.714192818092049
"triplet_pairs","mediating_TRUE",22693,0.713879723513403
"triplet_pairs","mediating_TRUE",22706,0.713566628934756
"triplet_pairs","mediating_TRUE",22719,0.713253534356109
"triplet_pairs","mediating_TRUE",22732,0.712940439777462
"triplet_pairs","mediating_TRUE",22745,0.712627345198815
"triplet_pairs","mediating_TRUE",22758,0.712314250620168
"triplet_pairs","mediating_TRUE",22772,0.711977071843163
"triplet_pairs","mediating_TRUE",22785,0.711663977264516
"triplet_pairs","mediating_TRUE",22798,0.711350882685869
"triplet_pairs","mediating_TRUE",22811,0.711037788107223
"triplet_pairs","mediating_TRUE",22824,0.710724693528576
"triplet_pairs","mediating_TRUE",22837,0.710411598949929
"triplet_pairs","mediating_TRUE",22850,0.710098504371282
"triplet_pairs","mediating_TRUE",22863,0.709785409792635
"triplet_pairs","mediating_TRUE",22876,0.709472315213988
"triplet_pairs","mediating_TRUE",22889,0.709159220635341
"triplet_pairs","mediating_TRUE",22902,0.708846126056694
"triplet_pairs","mediating_TRUE",22915,0.708533031478047
"triplet_pairs","mediating_TRUE",22929,0.708195852701042
"triplet_pairs","mediating_TRUE",22942,0.707882758122396
"triplet_pairs","mediating_TRUE",22955,0.707569663543749
"triplet_pairs","mediating_TRUE",22968,0.707256568965102
"triplet_pairs","mediating_TRUE",22981,0.706943474386455
"triplet_pairs","mediating_TRUE",22994,0.706630379807808
"triplet_pairs","mediating_TRUE",23007,0.706317285229161
"triplet_pairs","mediating_TRUE",23020,0.706004190650514
"triplet_pairs","mediating_TRUE",23033,0.705691096071867
"triplet_pairs","mediating_TRUE",23046,0.70537800149322
"triplet_pairs","mediating_TRUE",23059,0.705064906914573
"triplet_pairs","mediating_TRUE",23073,0.704727728137569
"triplet_pairs","mediating_TRUE",23086,0.704414633558922
"triplet_pairs","mediating_TRUE",23099,0.704101538980275
"triplet_pairs","mediating_TRUE",23112,0.703788444401628
"triplet_pairs","mediating_TRUE",23125,0.703475349822981
"triplet_pairs","mediating_TRUE",23138,0.703162255244334
"triplet_pairs","mediating_TRUE",23151,0.702849160665687
"triplet_pairs","mediating_TRUE",23164,0.70253606608704
"triplet_pairs","mediating_TRUE",23177,0.702222971508393
"triplet_pairs","mediating_TRUE",23190,0.701909876929746
"triplet_pairs","mediating_TRUE",23203,0.701596782351099
"triplet_pairs","mediating_TRUE",23216,0.701283687772452
"triplet_pairs","mediating_TRUE",23230,0.700946508995448
"triplet_pairs","mediating_TRUE",23243,0.700633414416801
"triplet_pairs","mediating_TRUE",23256,0.700320319838154
"triplet_pairs","mediating_TRUE",23269,0.700007225259507
"triplet_pairs","mediating_TRUE",23282,0.69969413068086
"triplet_pairs","mediating_TRUE",23295,0.699381036102213
"triplet_pairs","mediating_TRUE",23308,0.699067941523566
"triplet_pairs","mediating_TRUE",23321,0.698754846944919
"triplet_pairs","mediating_TRUE",23334,0.698441752366272
"triplet_pairs","mediating_TRUE",23347,0.698128657787625
"triplet_pairs","mediating_TRUE",23360,0.697815563208978
"triplet_pairs","mediating_TRUE",23374,0.697478384431974
"triplet_pairs","mediating_TRUE",23387,0.697165289853327
"triplet_pairs","mediating_TRUE",23400,0.69685219527468
"triplet_pairs","mediating_TRUE",23413,0.696539100696033
"triplet_pairs","mediating_TRUE",23426,0.696226006117386
"triplet_pairs","mediating_TRUE",23439,0.695912911538739
"triplet_pairs","mediating_TRUE",23452,0.695599816960092
"triplet_pairs","mediating_TRUE",23465,0.695286722381445
"triplet_pairs","mediating_TRUE",23478,0.694973627802798
"triplet_pairs","mediating_TRUE",23491,0.694660533224151
"triplet_pairs","mediating_TRUE",23504,0.694347438645504
"triplet_pairs","mediating_TRUE",23517,0.694034344066857
"triplet_pairs","mediating_TRUE",23531,0.693697165289853
"triplet_pairs","mediating_TRUE",23544,0.693384070711206
"triplet_pairs","mediating_TRUE",23557,0.693070976132559
"triplet_pairs","mediating_TRUE",23570,0.692757881553912
"triplet_pairs","mediating_TRUE",23583,0.692444786975265
"triplet_pairs","mediating_TRUE",23596,0.692131692396618
"triplet_pairs","mediating_TRUE",23609,0.691818597817971
"triplet_pairs","mediating_TRUE",23622,0.691505503239324
"triplet_pairs","mediating_TRUE",23635,0.691192408660677
"triplet_pairs","mediating_TRUE",23648,0.69087931408203
"triplet_pairs","mediating_TRUE",23661,0.690566219503383
"triplet_pairs","mediating_TRUE",23675,0.690229040726379
"triplet_pairs","mediating_TRUE",23688,0.689915946147732
"triplet_pairs","mediating_TRUE",23701,0.689602851569085
"triplet_pairs","mediating_TRUE",23714,0.689289756990438
"triplet_pairs","mediating_TRUE",23727,0.688976662411791
"triplet_pairs","mediating_TRUE",23740,0.688663567833144
"triplet_pairs","mediating_TRUE",23753,0.688350473254497
"triplet_pairs","mediating_TRUE",23766,0.68803737867585
"triplet_pairs","mediating_TRUE",23779,0.687724284097203
"triplet_pairs","mediating_TRUE",23792,0.687411189518557
"triplet_pairs","mediating_TRUE",23805,0.68709809493991
"triplet_pairs","mediating_TRUE",23818,0.686785000361263
"triplet_pairs","mediating_TRUE",23832,0.686447821584258
"triplet_pairs","mediating_TRUE",23845,0.686134727005611
"triplet_pairs","mediating_TRUE",23858,0.685821632426964
"triplet_pairs","mediating_TRUE",23871,0.685508537848317
"triplet_pairs","mediating_TRUE",23884,0.68519544326967
"triplet_pairs","mediating_TRUE",23897,0.684882348691023
"triplet_pairs","mediating_TRUE",23910,0.684569254112376
"triplet_pairs","mediating_TRUE",23923,0.68425615953373
"triplet_pairs","mediating_TRUE",23936,0.683943064955083
"triplet_pairs","mediating_TRUE",23949,0.683629970376436
"triplet_pairs","mediating_TRUE",23962,0.683316875797789
"triplet_pairs","mediating_TRUE",23976,0.682979697020784
"triplet_pairs","mediating_TRUE",23989,0.682666602442137
"triplet_pairs","mediating_TRUE",24002,0.68235350786349
"triplet_pairs","mediating_TRUE",24015,0.682040413284843
"triplet_pairs","mediating_TRUE",24028,0.681727318706197
"triplet_pairs","mediating_TRUE",24041,0.68141422412755
"triplet_pairs","mediating_TRUE",24054,0.681101129548903
"triplet_pairs","mediating_TRUE",24067,0.680788034970256
"triplet_pairs","mediating_TRUE",24080,0.680474940391609
"triplet_pairs","mediating_TRUE",24093,0.680161845812962
"triplet_pairs","mediating_TRUE",24106,0.679848751234315
"triplet_pairs","mediating_TRUE",24119,0.679535656655668
"triplet_pairs","mediating_TRUE",24133,0.679198477878663
"triplet_pairs","mediating_TRUE",24146,0.678885383300016
"triplet_pairs","mediating_TRUE",24159,0.67857228872137
"triplet_pairs","mediating_TRUE",24172,0.678259194142723
"triplet_pairs","mediating_TRUE",24185,0.677946099564076
"triplet_pairs","mediating_TRUE",24198,0.677633004985429
"triplet_pairs","mediating_TRUE",24211,0.677319910406782
"triplet_pairs","mediating_TRUE",24224,0.677006815828135
"triplet_pairs","mediating_TRUE",24237,0.676693721249488
"triplet_pairs","mediating_TRUE",24250,0.676380626670841
"triplet_pairs","mediating_TRUE",24263,0.676067532092194
"triplet_pairs","mediating_TRUE",24276,0.675754437513547
"triplet_pairs","mediating_TRUE",24290,0.675417258736543
"triplet_pairs","mediating_TRUE",24303,0.675104164157896
"triplet_pairs","mediating_TRUE",24316,0.674791069579249
"triplet_pairs","mediating_TRUE",24329,0.674477975000602
"triplet_pairs","mediating_TRUE",24342,0.674164880421955
"triplet_pairs","mediating_TRUE",24355,0.673851785843308
"triplet_pairs","mediating_TRUE",24368,0.673538691264661
"triplet_pairs","mediating_TRUE",24381,0.673225596686014
"triplet_pairs","mediating_TRUE",24394,0.672912502107367
"triplet_pairs","mediating_TRUE",24407,0.67259940752872
"triplet_pairs","mediating_TRUE",24420,0.672286312950073
"triplet_pairs","mediating_TRUE",24434,0.671949134173069
"triplet_pairs","mediating_TRUE",24447,0.671636039594422
"triplet_pairs","mediating_TRUE",24460,0.671322945015775
"triplet_pairs","mediating_TRUE",24473,0.671009850437128
"triplet_pairs","mediating_TRUE",24486,0.670696755858481
"triplet_pairs","mediating_TRUE",24499,0.670383661279834
"triplet_pairs","mediating_TRUE",24512,0.670070566701187
"triplet_pairs","mediating_TRUE",24525,0.66975747212254
"triplet_pairs","mediating_TRUE",24538,0.669444377543893
"triplet_pairs","mediating_TRUE",24551,0.669131282965246
"triplet_pairs","mediating_TRUE",24564,0.668818188386599
"triplet_pairs","mediating_TRUE",24577,0.668505093807952
"triplet_pairs","mediating_TRUE",24591,0.668167915030948
"triplet_pairs","mediating_TRUE",24604,0.667854820452301
"triplet_pairs","mediating_TRUE",24617,0.667541725873654
"triplet_pairs","mediating_TRUE",24630,0.667228631295007
"triplet_pairs","mediating_TRUE",24643,0.66691553671636
"triplet_pairs","mediating_TRUE",24656,0.666602442137713
"triplet_pairs","mediating_TRUE",24669,0.666289347559066
"triplet_pairs","mediating_TRUE",24682,0.665976252980419
"triplet_pairs","mediating_TRUE",24695,0.665663158401772
"triplet_pairs","mediating_TRUE",24708,0.665350063823125
"triplet_pairs","mediating_TRUE",24721,0.665036969244478
"triplet_pairs","mediating_TRUE",24735,0.664699790467474
"triplet_pairs","mediating_TRUE",24748,0.664386695888827
"triplet_pairs","mediating_TRUE",24761,0.66407360131018
"triplet_pairs","mediating_TRUE",24774,0.663760506731533
"triplet_pairs","mediating_TRUE",24787,0.663447412152886
"triplet_pairs","mediating_TRUE",24800,0.663134317574239
"triplet_pairs","mediating_TRUE",24813,0.662821222995592
"triplet_pairs","mediating_TRUE",24826,0.662508128416945
"triplet_pairs","mediating_TRUE",24839,0.662195033838298
"triplet_pairs","mediating_TRUE",24852,0.661881939259651
"triplet_pairs","mediating_TRUE",24865,0.661568844681004
"triplet_pairs","mediating_TRUE",24878,0.661255750102357
"triplet_pairs","mediating_TRUE",24892,0.660918571325353
"triplet_pairs","mediating_TRUE",24905,0.660605476746706
"triplet_pairs","mediating_TRUE",24918,0.660292382168059
"triplet_pairs","mediating_TRUE",24931,0.659979287589412
"triplet_pairs","mediating_TRUE",24944,0.659666193010765
"triplet_pairs","mediating_TRUE",24957,0.659353098432118
"triplet_pairs","mediating_TRUE",24970,0.659040003853471
"triplet_pairs","mediating_TRUE",24983,0.658726909274824
"triplet_pairs","mediating_TRUE",24996,0.658413814696177
"triplet_pairs","mediating_TRUE",25009,0.658100720117531
"triplet_pairs","mediating_TRUE",25022,0.657787625538884
"triplet_pairs","mediating_TRUE",25036,0.657450446761879
"triplet_pairs","mediating_TRUE",25049,0.657137352183232
"triplet_pairs","mediating_TRUE",25062,0.656824257604585
"triplet_pairs","mediating_TRUE",25075,0.656511163025938
"triplet_pairs","mediating_TRUE",25088,0.656198068447291
"triplet_pairs","mediating_TRUE",25101,0.655884973868644
"triplet_pairs","mediating_TRUE",25114,0.655571879289997
"triplet_pairs","mediating_TRUE",25127,0.65525878471135
"triplet_pairs","mediating_TRUE",25140,0.654945690132704
"triplet_pairs","mediating_TRUE",25153,0.654632595554057
"triplet_pairs","mediating_TRUE",25166,0.65431950097541
"triplet_pairs","mediating_TRUE",25179,0.654006406396763
"triplet_pairs","mediating_TRUE",25193,0.653669227619758
"triplet_pairs","mediating_TRUE",25206,0.653356133041111
"triplet_pairs","mediating_TRUE",25219,0.653043038462464
"triplet_pairs","mediating_TRUE",25232,0.652729943883817
"triplet_pairs","mediating_TRUE",25245,0.652416849305171
"triplet_pairs","mediating_TRUE",25258,0.652103754726523
"triplet_pairs","mediating_TRUE",25271,0.651790660147877
"triplet_pairs","mediating_TRUE",25284,0.65147756556923
"triplet_pairs","mediating_TRUE",25297,0.651164470990583
"triplet_pairs","mediating_TRUE",25310,0.650851376411936
"triplet_pairs","mediating_TRUE",25323,0.650538281833289
"triplet_pairs","mediating_TRUE",25337,0.650201103056284
"triplet_pairs","mediating_TRUE",25350,0.649888008477637
"triplet_pairs","mediating_TRUE",25363,0.64957491389899
"triplet_pairs","mediating_TRUE",25376,0.649261819320344
"triplet_pairs","mediating_TRUE",25389,0.648948724741697
"triplet_pairs","mediating_TRUE",25402,0.64863563016305
"triplet_pairs","mediating_TRUE",25415,0.648322535584403
"triplet_pairs","mediating_TRUE",25428,0.648009441005756
"triplet_pairs","mediating_TRUE",25441,0.647696346427109
"triplet_pairs","mediating_TRUE",25454,0.647383251848462
"triplet_pairs","mediating_TRUE",25467,0.647070157269815
"triplet_pairs","mediating_TRUE",25480,0.646757062691168
"triplet_pairs","mediating_TRUE",25494,0.646419883914163
"triplet_pairs","mediating_TRUE",25507,0.646106789335517
"triplet_pairs","mediating_TRUE",25520,0.64579369475687
"triplet_pairs","mediating_TRUE",25533,0.645480600178223
"triplet_pairs","mediating_TRUE",25546,0.645167505599576
"triplet_pairs","mediating_TRUE",25559,0.644854411020929
"triplet_pairs","mediating_TRUE",25572,0.644541316442282
"triplet_pairs","mediating_TRUE",25585,0.644228221863635
"triplet_pairs","mediating_TRUE",25598,0.643915127284988
"triplet_pairs","mediating_TRUE",25611,0.643602032706341
"triplet_pairs","mediating_TRUE",25624,0.643288938127694
"triplet_pairs","mediating_TRUE",25637,0.642975843549047
"triplet_pairs","mediating_TRUE",25651,0.642638664772043
"triplet_pairs","mediating_TRUE",25664,0.642325570193396
"triplet_pairs","mediating_TRUE",25677,0.642012475614749
"triplet_pairs","mediating_TRUE",25690,0.641699381036102
"triplet_pairs","mediating_TRUE",25703,0.641386286457455
"triplet_pairs","mediating_TRUE",25716,0.641073191878808
"triplet_pairs","mediating_TRUE",25729,0.640760097300161
"triplet_pairs","mediating_TRUE",25742,0.640447002721514
"triplet_pairs","mediating_TRUE",25755,0.640133908142867
"triplet_pairs","mediating_TRUE",25768,0.63982081356422
"triplet_pairs","mediating_TRUE",25781,0.639507718985573
"triplet_pairs","mediating_TRUE",25795,0.639170540208569
"triplet_pairs","mediating_TRUE",25808,0.638857445629922
"triplet_pairs","mediating_TRUE",25821,0.638544351051275
"triplet_pairs","mediating_TRUE",25834,0.638231256472628
"triplet_pairs","mediating_TRUE",25847,0.637918161893981
"triplet_pairs","mediating_TRUE",25860,0.637605067315334
"triplet_pairs","mediating_TRUE",25873,0.637291972736687
"triplet_pairs","mediating_TRUE",25886,0.63697887815804
"triplet_pairs","mediating_TRUE",25899,0.636665783579393
"triplet_pairs","mediating_TRUE",25912,0.636352689000746
"triplet_pairs","mediating_TRUE",25925,0.636039594422099
"triplet_pairs","mediating_TRUE",25938,0.635726499843452
"triplet_pairs","mediating_TRUE",25952,0.635389321066448
"triplet_pairs","mediating_TRUE",25965,0.635076226487801
"triplet_pairs","mediating_TRUE",25978,0.634763131909154
"triplet_pairs","mediating_TRUE",25991,0.634450037330507
"triplet_pairs","mediating_TRUE",26004,0.63413694275186
"triplet_pairs","mediating_TRUE",26017,0.633823848173213
"triplet_pairs","mediating_TRUE",26030,0.633510753594566
"triplet_pairs","mediating_TRUE",26043,0.633197659015919
"triplet_pairs","mediating_TRUE",26056,0.632884564437272
"triplet_pairs","mediating_TRUE",26069,0.632571469858625
"triplet_pairs","mediating_TRUE",26082,0.632258375279978
"triplet_pairs","mediating_TRUE",26096,0.631921196502974
"triplet_pairs","mediating_TRUE",26109,0.631608101924327
"triplet_pairs","mediating_TRUE",26122,0.63129500734568
"triplet_pairs","mediating_TRUE",26135,0.630981912767033
"triplet_pairs","mediating_TRUE",26148,0.630668818188386
"triplet_pairs","mediating_TRUE",26161,0.630355723609739
"triplet_pairs","mediating_TRUE",26174,0.630042629031092
"triplet_pairs","mediating_TRUE",26187,0.629729534452445
"triplet_pairs","mediating_TRUE",26200,0.629416439873798
"triplet_pairs","mediating_TRUE",26213,0.629103345295151
"triplet_pairs","mediating_TRUE",26226,0.628790250716505
"triplet_pairs","mediating_TRUE",26239,0.628477156137858
"triplet_pairs","mediating_TRUE",26253,0.628139977360853
"triplet_pairs","mediating_TRUE",26266,0.627826882782206
"triplet_pairs","mediating_TRUE",26279,0.627513788203559
"triplet_pairs","mediating_TRUE",26292,0.627200693624912
"triplet_pairs","mediating_TRUE",26305,0.626887599046265
"triplet_pairs","mediating_TRUE",26318,0.626574504467618
"triplet_pairs","mediating_TRUE",26331,0.626261409888971
"triplet_pairs","mediating_TRUE",26344,0.625948315310324
"triplet_pairs","mediating_TRUE",26357,0.625635220731678
"triplet_pairs","mediating_TRUE",26370,0.625322126153031
"triplet_pairs","mediating_TRUE",26383,0.625009031574384
"triplet_pairs","mediating_TRUE",26397,0.624671852797379
"triplet_pairs","mediating_TRUE",26410,0.624358758218732
"triplet_pairs","mediating_TRUE",26423,0.624045663640085
"triplet_pairs","mediating_TRUE",26436,0.623732569061438
"triplet_pairs","mediating_TRUE",26449,0.623419474482791
"triplet_pairs","mediating_TRUE",26462,0.623106379904145
"triplet_pairs","mediating_TRUE",26475,0.622793285325497
"triplet_pairs","mediating_TRUE",26488,0.622480190746851
"triplet_pairs","mediating_TRUE",26501,0.622167096168204
"triplet_pairs","mediating_TRUE",26514,0.621854001589557
"triplet_pairs","mediating_TRUE",26527,0.62154090701091
"triplet_pairs","mediating_TRUE",26540,0.621227812432263
"triplet_pairs","mediating_TRUE",26554,0.620890633655258
"triplet_pairs","mediating_TRUE",26567,0.620577539076611
"triplet_pairs","mediating_TRUE",26580,0.620264444497964
"triplet_pairs","mediating_TRUE",26593,0.619951349919318
"triplet_pairs","mediating_TRUE",26606,0.619638255340671
"triplet_pairs","mediating_TRUE",26619,0.619325160762024
"triplet_pairs","mediating_TRUE",26632,0.619012066183377
"triplet_pairs","mediating_TRUE",26645,0.61869897160473
"triplet_pairs","mediating_TRUE",26658,0.618385877026083
"triplet_pairs","mediating_TRUE",26671,0.618072782447436
"triplet_pairs","mediating_TRUE",26684,0.617759687868789
"triplet_pairs","mediating_TRUE",26698,0.617422509091784
"triplet_pairs","mediating_TRUE",26711,0.617109414513137
"triplet_pairs","mediating_TRUE",26724,0.616796319934491
"triplet_pairs","mediating_TRUE",26737,0.616483225355844
"triplet_pairs","mediating_TRUE",26750,0.616170130777197
"triplet_pairs","mediating_TRUE",26763,0.61585703619855
"triplet_pairs","mediating_TRUE",26776,0.615543941619903
"triplet_pairs","mediating_TRUE",26789,0.615230847041256
"triplet_pairs","mediating_TRUE",26802,0.614917752462609
"triplet_pairs","mediating_TRUE",26815,0.614604657883962
"triplet_pairs","mediating_TRUE",26828,0.614291563305315
"triplet_pairs","mediating_TRUE",26841,0.613978468726668
"triplet_pairs","mediating_TRUE",26855,0.613641289949664
"triplet_pairs","mediating_TRUE",26868,0.613328195371017
"triplet_pairs","mediating_TRUE",26881,0.61301510079237
"triplet_pairs","mediating_TRUE",26894,0.612702006213723
"triplet_pairs","mediating_TRUE",26907,0.612388911635076
"triplet_pairs","mediating_TRUE",26920,0.612075817056429
"triplet_pairs","mediating_TRUE",26933,0.611762722477782
"triplet_pairs","mediating_TRUE",26946,0.611449627899135
"triplet_pairs","mediating_TRUE",26959,0.611136533320488
"triplet_pairs","mediating_TRUE",26972,0.610823438741841
"triplet_pairs","mediating_TRUE",26985,0.610510344163194
"triplet_pairs","mediating_TRUE",26998,0.610197249584547
"triplet_pairs","mediating_TRUE",27012,0.609860070807543
"triplet_pairs","mediating_TRUE",27025,0.609546976228896
"triplet_pairs","mediating_TRUE",27038,0.609233881650249
"triplet_pairs","mediating_TRUE",27051,0.608920787071602
"triplet_pairs","mediating_TRUE",27064,0.608607692492955
"triplet_pairs","mediating_TRUE",27077,0.608294597914308
"triplet_pairs","mediating_TRUE",27090,0.607981503335661
"triplet_pairs","mediating_TRUE",27103,0.607668408757014
"triplet_pairs","mediating_TRUE",27116,0.607355314178367
"triplet_pairs","mediating_TRUE",27129,0.60704221959972
"triplet_pairs","mediating_TRUE",27142,0.606729125021073
"triplet_pairs","mediating_TRUE",27156,0.606391946244069
"triplet_pairs","mediating_TRUE",27169,0.606078851665422
"triplet_pairs","mediating_TRUE",27182,0.605765757086775
"triplet_pairs","mediating_TRUE",27195,0.605452662508128
"triplet_pairs","mediating_TRUE",27208,0.605139567929481
"triplet_pairs","mediating_TRUE",27221,0.604826473350834
"triplet_pairs","mediating_TRUE",27234,0.604513378772187
"triplet_pairs","mediating_TRUE",27247,0.60420028419354
"triplet_pairs","mediating_TRUE",27260,0.603887189614893
"triplet_pairs","mediating_TRUE",27273,0.603574095036246
"triplet_pairs","mediating_TRUE",27286,0.603261000457599
"triplet_pairs","mediating_TRUE",27299,0.602947905878952
"triplet_pairs","mediating_TRUE",27313,0.602610727101948
"triplet_pairs","mediating_TRUE",27326,0.602297632523301
"triplet_pairs","mediating_TRUE",27339,0.601984537944654
"triplet_pairs","mediating_TRUE",27352,0.601671443366007
"triplet_pairs","mediating_TRUE",27365,0.60135834878736
"triplet_pairs","mediating_TRUE",27378,0.601045254208713
"triplet_pairs","mediating_TRUE",27391,0.600732159630066
"triplet_pairs","mediating_TRUE",27404,0.600419065051419
"triplet_pairs","mediating_TRUE",27417,0.600105970472772
"triplet_pairs","mediating_TRUE",27430,0.599792875894125
"triplet_pairs","mediating_TRUE",27443,0.599479781315479
"triplet_pairs","mediating_TRUE",27457,0.599142602538474
"triplet_pairs","mediating_TRUE",27470,0.598829507959827
"triplet_pairs","mediating_TRUE",27483,0.59851641338118
"triplet_pairs","mediating_TRUE",27496,0.598203318802533
"triplet_pairs","mediating_TRUE",27509,0.597890224223886
"triplet_pairs","mediating_TRUE",27522,0.597577129645239
"triplet_pairs","mediating_TRUE",27535,0.597264035066592
"triplet_pairs","mediating_TRUE",27548,0.596950940487945
"triplet_pairs","mediating_TRUE",27561,0.596637845909298
"triplet_pairs","mediating_TRUE",27574,0.596324751330652
"triplet_pairs","mediating_TRUE",27587,0.596011656752005
"triplet_pairs","mediating_TRUE",27600,0.595698562173358
"triplet_pairs","mediating_TRUE",27614,0.595361383396353
"triplet_pairs","mediating_TRUE",27627,0.595048288817706
"triplet_pairs","mediating_TRUE",27640,0.594735194239059
"triplet_pairs","mediating_TRUE",27653,0.594422099660412
"triplet_pairs","mediating_TRUE",27666,0.594109005081765
"triplet_pairs","mediating_TRUE",27679,0.593795910503118
"triplet_pairs","mediating_TRUE",27692,0.593482815924471
"triplet_pairs","mediating_TRUE",27705,0.593169721345825
"triplet_pairs","mediating_TRUE",27718,0.592856626767178
"triplet_pairs","mediating_TRUE",27731,0.592543532188531
"triplet_pairs","mediating_TRUE",27744,0.592230437609884
"triplet_pairs","mediating_TRUE",27758,0.591893258832879
"triplet_pairs","mediating_TRUE",27771,0.591580164254232
"triplet_pairs","mediating_TRUE",27784,0.591267069675585
"triplet_pairs","mediating_TRUE",27797,0.590953975096938
"triplet_pairs","mediating_TRUE",27810,0.590640880518292
"triplet_pairs","mediating_TRUE",27823,0.590327785939645
"triplet_pairs","mediating_TRUE",27836,0.590014691360998
"triplet_pairs","mediating_TRUE",27849,0.589701596782351
"triplet_pairs","mediating_TRUE",27862,0.589388502203704
"triplet_pairs","mediating_TRUE",27875,0.589075407625057
"triplet_pairs","mediating_TRUE",27888,0.58876231304641
"triplet_pairs","mediating_TRUE",27901,0.588449218467763
"triplet_pairs","mediating_TRUE",27915,0.588112039690758
"triplet_pairs","mediating_TRUE",27928,0.587798945112112
"triplet_pairs","mediating_TRUE",27941,0.587485850533465
"triplet_pairs","mediating_TRUE",27954,0.587172755954818
"triplet_pairs","mediating_TRUE",27967,0.586859661376171
"triplet_pairs","mediating_TRUE",27980,0.586546566797524
"triplet_pairs","mediating_TRUE",27993,0.586233472218877
"triplet_pairs","mediating_TRUE",28006,0.58592037764023
"triplet_pairs","mediating_TRUE",28019,0.585607283061583
"triplet_pairs","mediating_TRUE",28032,0.585294188482936
"triplet_pairs","mediating_TRUE",28045,0.584981093904289
"triplet_pairs","mediating_TRUE",28059,0.584643915127285
"triplet_pairs","mediating_TRUE",28072,0.584330820548638
"triplet_pairs","mediating_TRUE",28085,0.584017725969991
"triplet_pairs","mediating_TRUE",28098,0.583704631391344
"triplet_pairs","mediating_TRUE",28111,0.583391536812697
"triplet_pairs","mediating_TRUE",28124,0.58307844223405
"triplet_pairs","mediating_TRUE",28137,0.582765347655403
"triplet_pairs","mediating_TRUE",28150,0.582452253076756
"triplet_pairs","mediating_TRUE",28163,0.582139158498109
"triplet_pairs","mediating_TRUE",28176,0.581826063919462
"triplet_pairs","mediating_TRUE",28189,0.581512969340815
"triplet_pairs","mediating_TRUE",28202,0.581199874762168
"triplet_pairs","mediating_TRUE",28216,0.580862695985164
"triplet_pairs","mediating_TRUE",28229,0.580549601406517
"triplet_pairs","mediating_TRUE",28242,0.58023650682787
"triplet_pairs","mediating_TRUE",28255,0.579923412249223
"triplet_pairs","mediating_TRUE",28268,0.579610317670576
"triplet_pairs","mediating_TRUE",28281,0.579297223091929
"triplet_pairs","mediating_TRUE",28294,0.578984128513282
"triplet_pairs","mediating_TRUE",28307,0.578671033934635
"triplet_pairs","mediating_TRUE",28320,0.578357939355988
"triplet_pairs","mediating_TRUE",28333,0.578044844777341
"triplet_pairs","mediating_TRUE",28346,0.577731750198694
"triplet_pairs","mediating_TRUE",28359,0.577418655620047
"triplet_pairs","mediating_TRUE",28373,0.577081476843043
"triplet_pairs","mediating_TRUE",28386,0.576768382264396
"triplet_pairs","mediating_TRUE",28399,0.576455287685749
"triplet_pairs","mediating_TRUE",28412,0.576142193107102
"triplet_pairs","mediating_TRUE",28425,0.575829098528455
"triplet_pairs","mediating_TRUE",28438,0.575516003949808
"triplet_pairs","mediating_TRUE",28451,0.575202909371161
"triplet_pairs","mediating_TRUE",28464,0.574889814792514
"triplet_pairs","mediating_TRUE",28477,0.574576720213867
"triplet_pairs","mediating_TRUE",28490,0.57426362563522
"triplet_pairs","mediating_TRUE",28503,0.573950531056573
"triplet_pairs","mediating_TRUE",28517,0.573613352279569
"triplet_pairs","mediating_TRUE",28530,0.573300257700922
"triplet_pairs","mediating_TRUE",28543,0.572987163122275
"triplet_pairs","mediating_TRUE",28556,0.572674068543628
"triplet_pairs","mediating_TRUE",28569,0.572360973964981
"triplet_pairs","mediating_TRUE",28582,0.572047879386334
"triplet_pairs","mediating_TRUE",28595,0.571734784807687
"triplet_pairs","mediating_TRUE",28608,0.57142169022904
"triplet_pairs","mediating_TRUE",28621,0.571108595650393
"triplet_pairs","mediating_TRUE",28634,0.570795501071746
"triplet_pairs","mediating_TRUE",28647,0.570482406493099
"triplet_pairs","mediating_TRUE",28660,0.570169311914452
"triplet_pairs","mediating_TRUE",28674,0.569832133137448
"triplet_pairs","mediating_TRUE",28687,0.569519038558801
"triplet_pairs","mediating_TRUE",28700,0.569205943980154
"triplet_pairs","mediating_TRUE",28713,0.568892849401507
"triplet_pairs","mediating_TRUE",28726,0.56857975482286
"triplet_pairs","mediating_TRUE",28739,0.568266660244213
"triplet_pairs","mediating_TRUE",28752,0.567953565665566
"triplet_pairs","mediating_TRUE",28765,0.567640471086919
"triplet_pairs","mediating_TRUE",28778,0.567327376508272
"triplet_pairs","mediating_TRUE",28791,0.567014281929626
"triplet_pairs","mediating_TRUE",28804,0.566701187350979
"triplet_pairs","mediating_TRUE",28818,0.566364008573974
"triplet_pairs","mediating_TRUE",28831,0.566050913995327
"triplet_pairs","mediating_TRUE",28844,0.56573781941668
"triplet_pairs","mediating_TRUE",28857,0.565424724838033
"triplet_pairs","mediating_TRUE",28870,0.565111630259386
"triplet_pairs","mediating_TRUE",28883,0.564798535680739
"triplet_pairs","mediating_TRUE",28896,0.564485441102092
"triplet_pairs","mediating_TRUE",28909,0.564172346523446
"triplet_pairs","mediating_TRUE",28922,0.563859251944799
"triplet_pairs","mediating_TRUE",28935,0.563546157366152
"triplet_pairs","mediating_TRUE",28948,0.563233062787505
"triplet_pairs","mediating_TRUE",28961,0.562919968208858
"triplet_pairs","mediating_TRUE",28975,0.562582789431853
"triplet_pairs","mediating_TRUE",28988,0.562269694853206
"triplet_pairs","mediating_TRUE",29001,0.561956600274559
"triplet_pairs","mediating_TRUE",29014,0.561643505695912
"triplet_pairs","mediating_TRUE",29027,0.561330411117265
"triplet_pairs","mediating_TRUE",29040,0.561017316538619
"triplet_pairs","mediating_TRUE",29053,0.560704221959972
"triplet_pairs","mediating_TRUE",29066,0.560391127381325
"triplet_pairs","mediating_TRUE",29079,0.560078032802678
"triplet_pairs","mediating_TRUE",29092,0.559764938224031
"triplet_pairs","mediating_TRUE",29105,0.559451843645384
"triplet_pairs","mediating_TRUE",29119,0.559114664868379
"triplet_pairs","mediating_TRUE",29132,0.558801570289732
"triplet_pairs","mediating_TRUE",29145,0.558488475711086
"triplet_pairs","mediating_TRUE",29158,0.558175381132439
"triplet_pairs","mediating_TRUE",29171,0.557862286553792
"triplet_pairs","mediating_TRUE",29184,0.557549191975145
"triplet_pairs","mediating_TRUE",29197,0.557236097396498
"triplet_pairs","mediating_TRUE",29210,0.556923002817851
"triplet_pairs","mediating_TRUE",29223,0.556609908239204
"triplet_pairs","mediating_TRUE",29236,0.556296813660557
"triplet_pairs","mediating_TRUE",29249,0.55598371908191
"triplet_pairs","mediating_TRUE",29262,0.555670624503263
"triplet_pairs","mediating_TRUE",29276,0.555333445726259
"triplet_pairs","mediating_TRUE",29289,0.555020351147612
"triplet_pairs","mediating_TRUE",29302,0.554707256568965
"triplet_pairs","mediating_TRUE",29315,0.554394161990318
"triplet_pairs","mediating_TRUE",29328,0.554081067411671
"triplet_pairs","mediating_TRUE",29341,0.553767972833024
"triplet_pairs","mediating_TRUE",29354,0.553454878254377
"triplet_pairs","mediating_TRUE",29367,0.55314178367573
"triplet_pairs","mediating_TRUE",29380,0.552828689097083
"triplet_pairs","mediating_TRUE",29393,0.552515594518436
"triplet_pairs","mediating_TRUE",29406,0.552202499939789
"triplet_pairs","mediating_TRUE",29420,0.551865321162785
"triplet_pairs","mediating_TRUE",29433,0.551552226584138
"triplet_pairs","mediating_TRUE",29446,0.551239132005491
"triplet_pairs","mediating_TRUE",29459,0.550926037426844
"triplet_pairs","mediating_TRUE",29472,0.550612942848197
"triplet_pairs","mediating_TRUE",29485,0.55029984826955
"triplet_pairs","mediating_TRUE",29498,0.549986753690903
"triplet_pairs","mediating_TRUE",29511,0.549673659112256
"triplet_pairs","mediating_TRUE",29524,0.549360564533609
"triplet_pairs","mediating_TRUE",29537,0.549047469954962
"triplet_pairs","mediating_TRUE",29550,0.548734375376315
"triplet_pairs","mediating_TRUE",29563,0.548421280797668
"triplet_pairs","mediating_TRUE",29577,0.548084102020664
"triplet_pairs","mediating_TRUE",29590,0.547771007442017
"triplet_pairs","mediating_TRUE",29603,0.54745791286337
"triplet_pairs","mediating_TRUE",29616,0.547144818284723
"triplet_pairs","mediating_TRUE",29629,0.546831723706076
"triplet_pairs","mediating_TRUE",29642,0.546518629127429
"triplet_pairs","mediating_TRUE",29655,0.546205534548782
"triplet_pairs","mediating_TRUE",29668,0.545892439970135
"triplet_pairs","mediating_TRUE",29681,0.545579345391488
"triplet_pairs","mediating_TRUE",29694,0.545266250812841
"triplet_pairs","mediating_TRUE",29707,0.544953156234194
"triplet_pairs","mediating_TRUE",29720,0.544640061655547
"triplet_pairs","mediating_TRUE",29734,0.544302882878543
"triplet_pairs","mediating_TRUE",29747,0.543989788299896
"triplet_pairs","mediating_TRUE",29760,0.543676693721249
"triplet_pairs","mediating_TRUE",29773,0.543363599142602
"triplet_pairs","mediating_TRUE",29786,0.543050504563955
"triplet_pairs","mediating_TRUE",29799,0.542737409985308
"triplet_pairs","mediating_TRUE",29812,0.542424315406661
"triplet_pairs","mediating_TRUE",29825,0.542111220828014
"triplet_pairs","mediating_TRUE",29838,0.541798126249367
"triplet_pairs","mediating_TRUE",29851,0.54148503167072
"triplet_pairs","mediating_TRUE",29864,0.541171937092073
"triplet_pairs","mediating_TRUE",29878,0.540834758315069
"triplet_pairs","mediating_TRUE",29891,0.540521663736422
"triplet_pairs","mediating_TRUE",29904,0.540208569157775
"triplet_pairs","mediating_TRUE",29917,0.539895474579128
"triplet_pairs","mediating_TRUE",29930,0.539582380000481
"triplet_pairs","mediating_TRUE",29943,0.539269285421834
"triplet_pairs","mediating_TRUE",29956,0.538956190843187
"triplet_pairs","mediating_TRUE",29969,0.53864309626454
"triplet_pairs","mediating_TRUE",29982,0.538330001685893
"triplet_pairs","mediating_TRUE",29995,0.538016907107246
"triplet_pairs","mediating_TRUE",30008,0.537703812528599
"triplet_pairs","mediating_TRUE",30021,0.537390717949953
"triplet_pairs","mediating_TRUE",30035,0.537053539172948
"triplet_pairs","mediating_TRUE",30048,0.536740444594301
"triplet_pairs","mediating_TRUE",30061,0.536427350015654
"triplet_pairs","mediating_TRUE",30074,0.536114255437007
"triplet_pairs","mediating_TRUE",30087,0.53580116085836
"triplet_pairs","mediating_TRUE",30100,0.535488066279713
"triplet_pairs","mediating_TRUE",30113,0.535174971701066
"triplet_pairs","mediating_TRUE",30126,0.53486187712242
"triplet_pairs","mediating_TRUE",30139,0.534548782543773
"triplet_pairs","mediating_TRUE",30152,0.534235687965126
"triplet_pairs","mediating_TRUE",30165,0.533922593386479
"triplet_pairs","mediating_TRUE",30179,0.533585414609474
"triplet_pairs","mediating_TRUE",30192,0.533272320030827
"triplet_pairs","mediating_TRUE",30205,0.53295922545218
"triplet_pairs","mediating_TRUE",30218,0.532646130873533
"triplet_pairs","mediating_TRUE",30231,0.532333036294886
"triplet_pairs","mediating_TRUE",30244,0.532019941716239
"triplet_pairs","mediating_TRUE",30257,0.531706847137593
"triplet_pairs","mediating_TRUE",30270,0.531393752558946
"triplet_pairs","mediating_TRUE",30283,0.531080657980299
"triplet_pairs","mediating_TRUE",30296,0.530767563401652
"triplet_pairs","mediating_TRUE",30309,0.530454468823005
"triplet_pairs","mediating_TRUE",30322,0.530141374244358
"triplet_pairs","mediating_TRUE",30336,0.529804195467353
"triplet_pairs","mediating_TRUE",30349,0.529491100888706
"triplet_pairs","mediating_TRUE",30362,0.52917800631006
"triplet_pairs","mediating_TRUE",30375,0.528864911731412
"triplet_pairs","mediating_TRUE",30388,0.528551817152766
"triplet_pairs","mediating_TRUE",30401,0.528238722574119
"triplet_pairs","mediating_TRUE",30414,0.527925627995472
"triplet_pairs","mediating_TRUE",30427,0.527612533416825
"triplet_pairs","mediating_TRUE",30440,0.527299438838178
"triplet_pairs","mediating_TRUE",30453,0.526986344259531
"triplet_pairs","mediating_TRUE",30466,0.526673249680884
"triplet_pairs","mediating_TRUE",30480,0.526336070903879
"triplet_pairs","mediating_TRUE",30493,0.526022976325233
"triplet_pairs","mediating_TRUE",30506,0.525709881746586
"triplet_pairs","mediating_TRUE",30519,0.525396787167939
"triplet_pairs","mediating_TRUE",30532,0.525083692589292
"triplet_pairs","mediating_TRUE",30545,0.524770598010645
"triplet_pairs","mediating_TRUE",30558,0.524457503431998
"triplet_pairs","mediating_TRUE",30571,0.524144408853351
"triplet_pairs","mediating_TRUE",30584,0.523831314274704
"triplet_pairs","mediating_TRUE",30597,0.523518219696057
"triplet_pairs","mediating_TRUE",30610,0.52320512511741
"triplet_pairs","mediating_TRUE",30623,0.522892030538763
"triplet_pairs","mediating_TRUE",30637,0.522554851761759
"triplet_pairs","mediating_TRUE",30650,0.522241757183112
"triplet_pairs","mediating_TRUE",30663,0.521928662604465
"triplet_pairs","mediating_TRUE",30676,0.521615568025818
"triplet_pairs","mediating_TRUE",30689,0.521302473447171
"triplet_pairs","mediating_TRUE",30702,0.520989378868524
"triplet_pairs","mediating_TRUE",30715,0.520676284289877
"triplet_pairs","mediating_TRUE",30728,0.52036318971123
"triplet_pairs","mediating_TRUE",30741,0.520050095132583
"triplet_pairs","mediating_TRUE",30754,0.519737000553936
"triplet_pairs","mediating_TRUE",30767,0.519423905975289
"triplet_pairs","mediating_TRUE",30780,0.519110811396642
"triplet_pairs","mediating_TRUE",30794,0.518773632619638
"triplet_pairs","mediating_TRUE",30807,0.518460538040991
"triplet_pairs","mediating_TRUE",30820,0.518147443462344
"triplet_pairs","mediating_TRUE",30833,0.517834348883697
"triplet_pairs","mediating_TRUE",30846,0.51752125430505
"triplet_pairs","mediating_TRUE",30859,0.517208159726403
"triplet_pairs","mediating_TRUE",30872,0.516895065147756
"triplet_pairs","mediating_TRUE",30885,0.516581970569109
"triplet_pairs","mediating_TRUE",30898,0.516268875990462
"triplet_pairs","mediating_TRUE",30911,0.515955781411815
"triplet_pairs","mediating_TRUE",30924,0.515642686833168
"triplet_pairs","mediating_TRUE",30938,0.515305508056164
"triplet_pairs","mediating_TRUE",30951,0.514992413477517
"triplet_pairs","mediating_TRUE",30964,0.51467931889887
"triplet_pairs","mediating_TRUE",30977,0.514366224320223
"triplet_pairs","mediating_TRUE",30990,0.514053129741576
"triplet_pairs","mediating_TRUE",31003,0.513740035162929
"triplet_pairs","mediating_TRUE",31016,0.513426940584282
"triplet_pairs","mediating_TRUE",31029,0.513113846005635
"triplet_pairs","mediating_TRUE",31042,0.512800751426988
"triplet_pairs","mediating_TRUE",31055,0.512487656848341
"triplet_pairs","mediating_TRUE",31068,0.512174562269694
"triplet_pairs","mediating_TRUE",31081,0.511861467691047
"triplet_pairs","mediating_TRUE",31095,0.511524288914043
"triplet_pairs","mediating_TRUE",31108,0.511211194335396
"triplet_pairs","mediating_TRUE",31121,0.510898099756749
"triplet_pairs","mediating_TRUE",31134,0.510585005178102
"triplet_pairs","mediating_TRUE",31147,0.510271910599455
"triplet_pairs","mediating_TRUE",31160,0.509958816020808
"triplet_pairs","mediating_TRUE",31173,0.509645721442161
"triplet_pairs","mediating_TRUE",31186,0.509332626863514
"triplet_pairs","mediating_TRUE",31199,0.509019532284867
"triplet_pairs","mediating_TRUE",31212,0.50870643770622
"triplet_pairs","mediating_TRUE",31225,0.508393343127573
"triplet_pairs","mediating_TRUE",31239,0.508056164350569
"triplet_pairs","mediating_TRUE",31252,0.507743069771922
"triplet_pairs","mediating_TRUE",31265,0.507429975193275
"triplet_pairs","mediating_TRUE",31278,0.507116880614628
"triplet_pairs","mediating_TRUE",31291,0.506803786035981
"triplet_pairs","mediating_TRUE",31304,0.506490691457334
"triplet_pairs","mediating_TRUE",31317,0.506177596878687
"triplet_pairs","mediating_TRUE",31330,0.50586450230004
"triplet_pairs","mediating_TRUE",31343,0.505551407721394
"triplet_pairs","mediating_TRUE",31356,0.505238313142746
"triplet_pairs","mediating_TRUE",31369,0.5049252185641
"triplet_pairs","mediating_TRUE",31382,0.504612123985453
"triplet_pairs","mediating_TRUE",31396,0.504274945208448
"triplet_pairs","mediating_TRUE",31409,0.503961850629801
"triplet_pairs","mediating_TRUE",31422,0.503648756051154
"triplet_pairs","mediating_TRUE",31435,0.503335661472507
"triplet_pairs","mediating_TRUE",31448,0.50302256689386
"triplet_pairs","mediating_TRUE",31461,0.502709472315213
"triplet_pairs","mediating_TRUE",31474,0.502396377736567
"triplet_pairs","mediating_TRUE",31487,0.50208328315792
"triplet_pairs","mediating_TRUE",31500,0.501770188579273
"triplet_pairs","mediating_TRUE",31513,0.501457094000626
"triplet_pairs","mediating_TRUE",31526,0.501143999421979
"triplet_pairs","mediating_TRUE",31540,0.500806820644974
"triplet_pairs","mediating_TRUE",31553,0.500493726066327
"triplet_pairs","mediating_TRUE",31566,0.50018063148768
"triplet_pairs","mediating_TRUE",31579,0.499867536909033
"triplet_pairs","mediating_TRUE",31592,0.499554442330387
"triplet_pairs","mediating_TRUE",31605,0.49924134775174
"triplet_pairs","mediating_TRUE",31618,0.498928253173093
"triplet_pairs","mediating_TRUE",31631,0.498615158594446
"triplet_pairs","mediating_TRUE",31644,0.498302064015799
"triplet_pairs","mediating_TRUE",31657,0.497988969437152
"triplet_pairs","mediating_TRUE",31670,0.497675874858505
"triplet_pairs","mediating_TRUE",31683,0.497362780279858
"triplet_pairs","mediating_TRUE",31697,0.497025601502853
"triplet_pairs","mediating_TRUE",31710,0.496712506924206
"triplet_pairs","mediating_TRUE",31723,0.49639941234556
"triplet_pairs","mediating_TRUE",31736,0.496086317766913
"triplet_pairs","mediating_TRUE",31749,0.495773223188266
"triplet_pairs","mediating_TRUE",31762,0.495460128609619
"triplet_pairs","mediating_TRUE",31775,0.495147034030972
"triplet_pairs","mediating_TRUE",31788,0.494833939452325
"triplet_pairs","mediating_TRUE",31801,0.494520844873678
"triplet_pairs","mediating_TRUE",31814,0.494207750295031
"triplet_pairs","mediating_TRUE",31827,0.493894655716384
"triplet_pairs","mediating_TRUE",31841,0.49355747693938
"triplet_pairs","mediating_TRUE",31854,0.493244382360733
"triplet_pairs","mediating_TRUE",31867,0.492931287782086
"triplet_pairs","mediating_TRUE",31880,0.492618193203439
"triplet_pairs","mediating_TRUE",31893,0.492305098624792
"triplet_pairs","mediating_TRUE",31906,0.491992004046145
"triplet_pairs","mediating_TRUE",31919,0.491678909467498
"triplet_pairs","mediating_TRUE",31932,0.491365814888851
"triplet_pairs","mediating_TRUE",31945,0.491052720310204
"triplet_pairs","mediating_TRUE",31958,0.490739625731557
"triplet_pairs","mediating_TRUE",31971,0.49042653115291
"triplet_pairs","mediating_TRUE",31984,0.490113436574263
"triplet_pairs","mediating_TRUE",31998,0.489776257797259
"triplet_pairs","mediating_TRUE",32011,0.489463163218612
"triplet_pairs","mediating_TRUE",32024,0.489150068639965
"triplet_pairs","mediating_TRUE",32037,0.488836974061318
"triplet_pairs","mediating_TRUE",32050,0.488523879482671
"triplet_pairs","mediating_TRUE",32063,0.488210784904024
"triplet_pairs","mediating_TRUE",32076,0.487897690325377
"triplet_pairs","mediating_TRUE",32089,0.48758459574673
"triplet_pairs","mediating_TRUE",32102,0.487271501168083
"triplet_pairs","mediating_TRUE",32115,0.486958406589436
"triplet_pairs","mediating_TRUE",32128,0.486645312010789
"triplet_pairs","mediating_TRUE",32141,0.486332217432142
"triplet_pairs","mediating_TRUE",32155,0.485995038655138
"triplet_pairs","mediating_TRUE",32168,0.485681944076491
"triplet_pairs","mediating_TRUE",32181,0.485368849497844
"triplet_pairs","mediating_TRUE",32194,0.485055754919197
"triplet_pairs","mediating_TRUE",32207,0.48474266034055
"triplet_pairs","mediating_TRUE",32220,0.484429565761903
"triplet_pairs","mediating_TRUE",32233,0.484116471183256
"triplet_pairs","mediating_TRUE",32246,0.483803376604609
"triplet_pairs","mediating_TRUE",32259,0.483490282025962
"triplet_pairs","mediating_TRUE",32272,0.483177187447315
"triplet_pairs","mediating_TRUE",32285,0.482864092868668
"triplet_pairs","mediating_TRUE",32299,0.482526914091664
"triplet_pairs","mediating_TRUE",32312,0.482213819513017
"triplet_pairs","mediating_TRUE",32325,0.48190072493437
"triplet_pairs","mediating_TRUE",32338,0.481587630355723
"triplet_pairs","mediating_TRUE",32351,0.481274535777076
"triplet_pairs","mediating_TRUE",32364,0.480961441198429
"triplet_pairs","mediating_TRUE",32377,0.480648346619782
"triplet_pairs","mediating_TRUE",32390,0.480335252041135
"triplet_pairs","mediating_TRUE",32403,0.480022157462488
"triplet_pairs","mediating_TRUE",32416,0.479709062883841
"triplet_pairs","mediating_TRUE",32429,0.479395968305194
"triplet_pairs","mediating_TRUE",32442,0.479082873726548
"triplet_pairs","mediating_TRUE",32456,0.478745694949543
"triplet_pairs","mediating_TRUE",32469,0.478432600370896
"triplet_pairs","mediating_TRUE",32482,0.478119505792249
"triplet_pairs","mediating_TRUE",32495,0.477806411213602
"triplet_pairs","mediating_TRUE",32508,0.477493316634955
"triplet_pairs","mediating_TRUE",32521,0.477180222056308
"triplet_pairs","mediating_TRUE",32534,0.476867127477661
"triplet_pairs","mediating_TRUE",32547,0.476554032899014
"triplet_pairs","mediating_TRUE",32560,0.476240938320368
"triplet_pairs","mediating_TRUE",32573,0.475927843741721
"triplet_pairs","mediating_TRUE",32586,0.475614749163074
"triplet_pairs","mediating_TRUE",32600,0.475277570386069
"triplet_pairs","mediating_TRUE",32613,0.474964475807422
"triplet_pairs","mediating_TRUE",32626,0.474651381228775
"triplet_pairs","mediating_TRUE",32639,0.474338286650128
"triplet_pairs","mediating_TRUE",32652,0.474025192071481
"triplet_pairs","mediating_TRUE",32665,0.473712097492834
"triplet_pairs","mediating_TRUE",32678,0.473399002914188
"triplet_pairs","mediating_TRUE",32691,0.473085908335541
"triplet_pairs","mediating_TRUE",32704,0.472772813756894
"triplet_pairs","mediating_TRUE",32717,0.472459719178247
"triplet_pairs","mediating_TRUE",32730,0.4721466245996
"triplet_pairs","mediating_TRUE",32743,0.471833530020953
"triplet_pairs","mediating_TRUE",32757,0.471496351243948
"triplet_pairs","mediating_TRUE",32770,0.471183256665301
"triplet_pairs","mediating_TRUE",32783,0.470870162086654
"triplet_pairs","mediating_TRUE",32796,0.470557067508007
"triplet_pairs","mediating_TRUE",32809,0.470243972929361
"triplet_pairs","mediating_TRUE",32822,0.469930878350714
"triplet_pairs","mediating_TRUE",32835,0.469617783772067
"triplet_pairs","mediating_TRUE",32848,0.46930468919342
"triplet_pairs","mediating_TRUE",32861,0.468991594614773
"triplet_pairs","mediating_TRUE",32874,0.468678500036126
"triplet_pairs","mediating_TRUE",32887,0.468365405457479
"triplet_pairs","mediating_TRUE",32901,0.468028226680474
"triplet_pairs","mediating_TRUE",32914,0.467715132101827
"triplet_pairs","mediating_TRUE",32927,0.467402037523181
"triplet_pairs","mediating_TRUE",32940,0.467088942944534
"triplet_pairs","mediating_TRUE",32953,0.466775848365887
"triplet_pairs","mediating_TRUE",32966,0.46646275378724
"triplet_pairs","mediating_TRUE",32979,0.466149659208593
"triplet_pairs","mediating_TRUE",32992,0.465836564629946
"triplet_pairs","mediating_TRUE",33005,0.465523470051299
"triplet_pairs","mediating_TRUE",33018,0.465210375472652
"triplet_pairs","mediating_TRUE",33031,0.464897280894005
"triplet_pairs","mediating_TRUE",33044,0.464584186315358
"triplet_pairs","mediating_TRUE",33058,0.464247007538354
"triplet_pairs","mediating_TRUE",33071,0.463933912959707
"triplet_pairs","mediating_TRUE",33084,0.46362081838106
"triplet_pairs","mediating_TRUE",33097,0.463307723802413
"triplet_pairs","mediating_TRUE",33110,0.462994629223766
"triplet_pairs","mediating_TRUE",33123,0.462681534645119
"triplet_pairs","mediating_TRUE",33136,0.462368440066472
"triplet_pairs","mediating_TRUE",33149,0.462055345487825
"triplet_pairs","mediating_TRUE",33162,0.461742250909178
"triplet_pairs","mediating_TRUE",33175,0.461429156330531
"triplet_pairs","mediating_TRUE",33188,0.461116061751884
"triplet_pairs","mediating_TRUE",33202,0.46077888297488
"triplet_pairs","mediating_TRUE",33215,0.460465788396233
"triplet_pairs","mediating_TRUE",33228,0.460152693817586
"triplet_pairs","mediating_TRUE",33241,0.459839599238939
"triplet_pairs","mediating_TRUE",33254,0.459526504660292
"triplet_pairs","mediating_TRUE",33267,0.459213410081645
"triplet_pairs","mediating_TRUE",33280,0.458900315502998
"triplet_pairs","mediating_TRUE",33293,0.458587220924351
"triplet_pairs","mediating_TRUE",33306,0.458274126345704
"triplet_pairs","mediating_TRUE",33319,0.457961031767057
"triplet_pairs","mediating_TRUE",33332,0.45764793718841
"triplet_pairs","mediating_TRUE",33345,0.457334842609763
"triplet_pairs","mediating_TRUE",33359,0.456997663832759
"triplet_pairs","mediating_TRUE",33372,0.456684569254112
"triplet_pairs","mediating_TRUE",33385,0.456371474675465
"triplet_pairs","mediating_TRUE",33398,0.456058380096818
"triplet_pairs","mediating_TRUE",33411,0.455745285518171
"triplet_pairs","mediating_TRUE",33424,0.455432190939524
"triplet_pairs","mediating_TRUE",33437,0.455119096360877
"triplet_pairs","mediating_TRUE",33450,0.45480600178223
"triplet_pairs","mediating_TRUE",33463,0.454492907203583
"triplet_pairs","mediating_TRUE",33476,0.454179812624936
"triplet_pairs","mediating_TRUE",33489,0.453866718046289
"triplet_pairs","mediating_TRUE",33502,0.453553623467642
"triplet_pairs","mediating_TRUE",33516,0.453216444690638
"triplet_pairs","mediating_TRUE",33529,0.452903350111991
"triplet_pairs","mediating_TRUE",33542,0.452590255533344
"triplet_pairs","mediating_TRUE",33555,0.452277160954697
"triplet_pairs","mediating_TRUE",33568,0.45196406637605
"triplet_pairs","mediating_TRUE",33581,0.451650971797403
"triplet_pairs","mediating_TRUE",33594,0.451337877218756
"triplet_pairs","mediating_TRUE",33607,0.451024782640109
"triplet_pairs","mediating_TRUE",33620,0.450711688061462
"triplet_pairs","mediating_TRUE",33633,0.450398593482815
"triplet_pairs","mediating_TRUE",33646,0.450085498904168
"triplet_pairs","mediating_TRUE",33660,0.449748320127164
"triplet_pairs","mediating_TRUE",33673,0.449435225548517
"triplet_pairs","mediating_TRUE",33686,0.44912213096987
"triplet_pairs","mediating_TRUE",33699,0.448809036391223
"triplet_pairs","mediating_TRUE",33712,0.448495941812576
"triplet_pairs","mediating_TRUE",33725,0.448182847233929
"triplet_pairs","mediating_TRUE",33738,0.447869752655282
"triplet_pairs","mediating_TRUE",33751,0.447556658076635
"triplet_pairs","mediating_TRUE",33764,0.447243563497988
"triplet_pairs","mediating_TRUE",33777,0.446930468919342
"triplet_pairs","mediating_TRUE",33790,0.446617374340695
"triplet_pairs","mediating_TRUE",33803,0.446304279762048
"triplet_pairs","mediating_TRUE",33817,0.445967100985043
"triplet_pairs","mediating_TRUE",33830,0.445654006406396
"triplet_pairs","mediating_TRUE",33843,0.445340911827749
"triplet_pairs","mediating_TRUE",33856,0.445027817249102
"triplet_pairs","mediating_TRUE",33869,0.444714722670455
"triplet_pairs","mediating_TRUE",33882,0.444401628091808
"triplet_pairs","mediating_TRUE",33895,0.444088533513162
"triplet_pairs","mediating_TRUE",33908,0.443775438934515
"triplet_pairs","mediating_TRUE",33921,0.443462344355868
"triplet_pairs","mediating_TRUE",33934,0.443149249777221
"triplet_pairs","mediating_TRUE",33947,0.442836155198574
"triplet_pairs","mediating_TRUE",33961,0.442498976421569
"triplet_pairs","mediating_TRUE",33974,0.442185881842922
"triplet_pairs","mediating_TRUE",33987,0.441872787264275
"triplet_pairs","mediating_TRUE",34000,0.441559692685628
"triplet_pairs","mediating_TRUE",34013,0.441246598106982
"triplet_pairs","mediating_TRUE",34026,0.440933503528335
"triplet_pairs","mediating_TRUE",34039,0.440620408949688
"triplet_pairs","mediating_TRUE",34052,0.440307314371041
"triplet_pairs","mediating_TRUE",34065,0.439994219792394
"triplet_pairs","mediating_TRUE",34078,0.439681125213747
"triplet_pairs","mediating_TRUE",34091,0.4393680306351
"triplet_pairs","mediating_TRUE",34104,0.439054936056453
"triplet_pairs","mediating_TRUE",34118,0.438717757279448
"triplet_pairs","mediating_TRUE",34131,0.438404662700802
"triplet_pairs","mediating_TRUE",34144,0.438091568122155
"triplet_pairs","mediating_TRUE",34157,0.437778473543508
"triplet_pairs","mediating_TRUE",34170,0.437465378964861
"triplet_pairs","mediating_TRUE",34183,0.437152284386214
"triplet_pairs","mediating_TRUE",34196,0.436839189807567
"triplet_pairs","mediating_TRUE",34209,0.43652609522892
"triplet_pairs","mediating_TRUE",34222,0.436213000650273
"triplet_pairs","mediating_TRUE",34235,0.435899906071626
"triplet_pairs","mediating_TRUE",34248,0.435586811492979
"triplet_pairs","mediating_TRUE",34262,0.435249632715975
"triplet_pairs","mediating_TRUE",34275,0.434936538137328
"triplet_pairs","mediating_TRUE",34288,0.434623443558681
"triplet_pairs","mediating_TRUE",34301,0.434310348980034
"triplet_pairs","mediating_TRUE",34314,0.433997254401387
"triplet_pairs","mediating_TRUE",34327,0.43368415982274
"triplet_pairs","mediating_TRUE",34340,0.433371065244093
"triplet_pairs","mediating_TRUE",34353,0.433057970665446
"triplet_pairs","mediating_TRUE",34366,0.432744876086799
"triplet_pairs","mediating_TRUE",34379,0.432431781508152
"triplet_pairs","mediating_TRUE",34392,0.432118686929505
"triplet_pairs","mediating_TRUE",34405,0.431805592350858
"triplet_pairs","mediating_TRUE",34419,0.431468413573854
"triplet_pairs","mediating_TRUE",34432,0.431155318995207
"triplet_pairs","mediating_TRUE",34445,0.43084222441656
"triplet_pairs","mediating_TRUE",34458,0.430529129837913
"triplet_pairs","mediating_TRUE",34471,0.430216035259266
"triplet_pairs","mediating_TRUE",34484,0.429902940680619
"triplet_pairs","mediating_TRUE",34497,0.429589846101972
"triplet_pairs","mediating_TRUE",34510,0.429276751523325
"triplet_pairs","mediating_TRUE",34523,0.428963656944678
"triplet_pairs","mediating_TRUE",34536,0.428650562366031
"triplet_pairs","mediating_TRUE",34549,0.428337467787384
"triplet_pairs","mediating_TRUE",34563,0.42800028901038
"triplet_pairs","mediating_TRUE",34576,0.427687194431733
"triplet_pairs","mediating_TRUE",34589,0.427374099853086
"triplet_pairs","mediating_TRUE",34602,0.427061005274439
"triplet_pairs","mediating_TRUE",34615,0.426747910695792
"triplet_pairs","mediating_TRUE",34628,0.426434816117145
"triplet_pairs","mediating_TRUE",34641,0.426121721538498
"triplet_pairs","mediating_TRUE",34654,0.425808626959851
"triplet_pairs","mediating_TRUE",34667,0.425495532381204
"triplet_pairs","mediating_TRUE",34680,0.425182437802557
"triplet_pairs","mediating_TRUE",34693,0.42486934322391
"triplet_pairs","mediating_TRUE",34706,0.424556248645263
"triplet_pairs","mediating_TRUE",34720,0.424219069868259
"triplet_pairs","mediating_TRUE",34733,0.423905975289612
"triplet_pairs","mediating_TRUE",34746,0.423592880710965
"triplet_pairs","mediating_TRUE",34759,0.423279786132318
"triplet_pairs","mediating_TRUE",34772,0.422966691553671
"triplet_pairs","mediating_TRUE",34785,0.422653596975024
"triplet_pairs","mediating_TRUE",34798,0.422340502396377
"triplet_pairs","mediating_TRUE",34811,0.42202740781773
"triplet_pairs","mediating_TRUE",34824,0.421714313239083
"triplet_pairs","mediating_TRUE",34837,0.421401218660436
"triplet_pairs","mediating_TRUE",34850,0.421088124081789
"triplet_pairs","mediating_TRUE",34863,0.420775029503142
"triplet_pairs","mediating_TRUE",34877,0.420437850726138
"triplet_pairs","mediating_TRUE",34890,0.420124756147491
"triplet_pairs","mediating_TRUE",34903,0.419811661568844
"triplet_pairs","mediating_TRUE",34916,0.419498566990197
"triplet_pairs","mediating_TRUE",34929,0.41918547241155
"triplet_pairs","mediating_TRUE",34942,0.418872377832903
"triplet_pairs","mediating_TRUE",34955,0.418559283254256
"triplet_pairs","mediating_TRUE",34968,0.418246188675609
"triplet_pairs","mediating_TRUE",34981,0.417933094096962
"triplet_pairs","mediating_TRUE",34994,0.417619999518316
"triplet_pairs","mediating_TRUE",35007,0.417306904939669
"triplet_pairs","mediating_TRUE",35021,0.416969726162664
"triplet_pairs","mediating_TRUE",35034,0.416656631584017
"triplet_pairs","mediating_TRUE",35047,0.41634353700537
"triplet_pairs","mediating_TRUE",35060,0.416030442426723
"triplet_pairs","mediating_TRUE",35073,0.415717347848076
"triplet_pairs","mediating_TRUE",35086,0.415404253269429
"triplet_pairs","mediating_TRUE",35099,0.415091158690783
"triplet_pairs","mediating_TRUE",35112,0.414778064112136
"triplet_pairs","mediating_TRUE",35125,0.414464969533489
"triplet_pairs","mediating_TRUE",35138,0.414151874954842
"triplet_pairs","mediating_TRUE",35151,0.413838780376195
"triplet_pairs","mediating_TRUE",35164,0.413525685797548
"triplet_pairs","mediating_TRUE",35178,0.413188507020543
"triplet_pairs","mediating_TRUE",35191,0.412875412441896
"triplet_pairs","mediating_TRUE",35204,0.412562317863249
"triplet_pairs","mediating_TRUE",35217,0.412249223284603
"triplet_pairs","mediating_TRUE",35230,0.411936128705956
"triplet_pairs","mediating_TRUE",35243,0.411623034127309
"triplet_pairs","mediating_TRUE",35256,0.411309939548662
"triplet_pairs","mediating_TRUE",35269,0.410996844970015
"triplet_pairs","mediating_TRUE",35282,0.410683750391368
"triplet_pairs","mediating_TRUE",35295,0.410370655812721
"triplet_pairs","mediating_TRUE",35308,0.410057561234074
"triplet_pairs","mediating_TRUE",35322,0.409720382457069
"triplet_pairs","mediating_TRUE",35335,0.409407287878422
"triplet_pairs","mediating_TRUE",35348,0.409094193299776
"triplet_pairs","mediating_TRUE",35361,0.408781098721129
"triplet_pairs","mediating_TRUE",35374,0.408468004142482
"triplet_pairs","mediating_TRUE",35387,0.408154909563835
"triplet_pairs","mediating_TRUE",35400,0.407841814985188
"triplet_pairs","mediating_TRUE",35413,0.407528720406541
"triplet_pairs","mediating_TRUE",35426,0.407215625827894
"triplet_pairs","mediating_TRUE",35439,0.406902531249247
"triplet_pairs","mediating_TRUE",35452,0.4065894366706
"triplet_pairs","mediating_TRUE",35465,0.406276342091953
"triplet_pairs","mediating_TRUE",35479,0.405939163314949
"triplet_pairs","mediating_TRUE",35492,0.405626068736302
"triplet_pairs","mediating_TRUE",35505,0.405312974157655
"triplet_pairs","mediating_TRUE",35518,0.404999879579008
"triplet_pairs","mediating_TRUE",35531,0.404686785000361
"triplet_pairs","mediating_TRUE",35544,0.404373690421714
"triplet_pairs","mediating_TRUE",35557,0.404060595843067
"triplet_pairs","mediating_TRUE",35570,0.40374750126442
"triplet_pairs","mediating_TRUE",35583,0.403434406685773
"triplet_pairs","mediating_TRUE",35596,0.403121312107126
"triplet_pairs","mediating_TRUE",35609,0.402808217528479
"triplet_pairs","mediating_TRUE",35623,0.402471038751475
"triplet_pairs","mediating_TRUE",35636,0.402157944172828
"triplet_pairs","mediating_TRUE",35649,0.401844849594181
"triplet_pairs","mediating_TRUE",35662,0.401531755015534
"triplet_pairs","mediating_TRUE",35675,0.401218660436887
"triplet_pairs","mediating_TRUE",35688,0.40090556585824
"triplet_pairs","mediating_TRUE",35701,0.400592471279593
"triplet_pairs","mediating_TRUE",35714,0.400279376700946
"triplet_pairs","mediating_TRUE",35727,0.399966282122299
"triplet_pairs","mediating_TRUE",35740,0.399653187543652
"triplet_pairs","mediating_TRUE",35753,0.399340092965005
"triplet_pairs","mediating_TRUE",35766,0.399026998386358
"triplet_pairs","mediating_TRUE",35780,0.398689819609354
"triplet_pairs","mediating_TRUE",35793,0.398376725030707
"triplet_pairs","mediating_TRUE",35806,0.39806363045206
"triplet_pairs","mediating_TRUE",35819,0.397750535873413
"triplet_pairs","mediating_TRUE",35832,0.397437441294766
"triplet_pairs","mediating_TRUE",35845,0.397124346716119
"triplet_pairs","mediating_TRUE",35858,0.396811252137472
"triplet_pairs","mediating_TRUE",35871,0.396498157558825
"triplet_pairs","mediating_TRUE",35884,0.396185062980178
"triplet_pairs","mediating_TRUE",35897,0.395871968401531
"triplet_pairs","mediating_TRUE",35910,0.395558873822884
"triplet_pairs","mediating_TRUE",35924,0.39522169504588
"triplet_pairs","mediating_TRUE",35937,0.394908600467233
"triplet_pairs","mediating_TRUE",35950,0.394595505888586
"triplet_pairs","mediating_TRUE",35963,0.394282411309939
"triplet_pairs","mediating_TRUE",35976,0.393969316731292
"triplet_pairs","mediating_TRUE",35989,0.393656222152645
"triplet_pairs","mediating_TRUE",36002,0.393343127573998
"triplet_pairs","mediating_TRUE",36015,0.393030032995351
"triplet_pairs","mediating_TRUE",36028,0.392716938416704
"triplet_pairs","mediating_TRUE",36041,0.392403843838057
"triplet_pairs","mediating_TRUE",36054,0.39209074925941
"triplet_pairs","mediating_TRUE",36067,0.391777654680763
"triplet_pairs","mediating_TRUE",36081,0.391440475903759
"triplet_pairs","mediating_TRUE",36094,0.391127381325112
"triplet_pairs","mediating_TRUE",36107,0.390814286746465
"triplet_pairs","mediating_TRUE",36120,0.390501192167818
"triplet_pairs","mediating_TRUE",36133,0.390188097589171
"triplet_pairs","mediating_TRUE",36146,0.389875003010524
"triplet_pairs","mediating_TRUE",36159,0.389561908431877
"triplet_pairs","mediating_TRUE",36172,0.38924881385323
"triplet_pairs","mediating_TRUE",36185,0.388935719274583
"triplet_pairs","mediating_TRUE",36198,0.388622624695937
"triplet_pairs","mediating_TRUE",36211,0.38830953011729
"triplet_pairs","mediating_TRUE",36224,0.387996435538643
"triplet_pairs","mediating_TRUE",36238,0.387659256761638
"triplet_pairs","mediating_TRUE",36251,0.387346162182991
"triplet_pairs","mediating_TRUE",36264,0.387033067604344
"triplet_pairs","mediating_TRUE",36277,0.386719973025697
"triplet_pairs","mediating_TRUE",36290,0.38640687844705
"triplet_pairs","mediating_TRUE",36303,0.386093783868403
"triplet_pairs","mediating_TRUE",36316,0.385780689289757
"triplet_pairs","mediating_TRUE",36329,0.38546759471111
"triplet_pairs","mediating_TRUE",36342,0.385154500132463
"triplet_pairs","mediating_TRUE",36355,0.384841405553816
"triplet_pairs","mediating_TRUE",36368,0.384528310975169
"triplet_pairs","mediating_TRUE",36382,0.384191132198164
"triplet_pairs","mediating_TRUE",36395,0.383878037619517
"triplet_pairs","mediating_TRUE",36408,0.38356494304087
"triplet_pairs","mediating_TRUE",36421,0.383251848462223
"triplet_pairs","mediating_TRUE",36434,0.382938753883577
"triplet_pairs","mediating_TRUE",36447,0.38262565930493
"triplet_pairs","mediating_TRUE",36460,0.382312564726283
"triplet_pairs","mediating_TRUE",36473,0.381999470147636
"triplet_pairs","mediating_TRUE",36486,0.381686375568989
"triplet_pairs","mediating_TRUE",36499,0.381373280990342
"triplet_pairs","mediating_TRUE",36512,0.381060186411695
"triplet_pairs","mediating_TRUE",36525,0.380747091833048
"triplet_pairs","mediating_TRUE",36539,0.380409913056043
"triplet_pairs","mediating_TRUE",36552,0.380096818477397
"triplet_pairs","mediating_TRUE",36565,0.37978372389875
"triplet_pairs","mediating_TRUE",36578,0.379470629320103
"triplet_pairs","mediating_TRUE",36591,0.379157534741456
"triplet_pairs","mediating_TRUE",36604,0.378844440162809
"triplet_pairs","mediating_TRUE",36617,0.378531345584162
"triplet_pairs","mediating_TRUE",36630,0.378218251005515
"triplet_pairs","mediating_TRUE",36643,0.377905156426868
"triplet_pairs","mediating_TRUE",36656,0.377592061848221
"triplet_pairs","mediating_TRUE",36669,0.377278967269574
"triplet_pairs","mediating_TRUE",36683,0.37694178849257
"triplet_pairs","mediating_TRUE",36696,0.376628693913923
"triplet_pairs","mediating_TRUE",36709,0.376315599335276
"triplet_pairs","mediating_TRUE",36722,0.376002504756629
"triplet_pairs","mediating_TRUE",36735,0.375689410177982
"triplet_pairs","mediating_TRUE",36748,0.375376315599335
"triplet_pairs","mediating_TRUE",36761,0.375063221020688
"triplet_pairs","mediating_TRUE",36774,0.374750126442041
"triplet_pairs","mediating_TRUE",36787,0.374437031863394
"triplet_pairs","mediating_TRUE",36800,0.374123937284747
"triplet_pairs","mediating_TRUE",36813,0.3738108427061
"triplet_pairs","mediating_TRUE",36826,0.373497748127453
"triplet_pairs","mediating_TRUE",36840,0.373160569350449
"triplet_pairs","mediating_TRUE",36853,0.372847474771802
"triplet_pairs","mediating_TRUE",36866,0.372534380193155
"triplet_pairs","mediating_TRUE",36879,0.372221285614508
"triplet_pairs","mediating_TRUE",36892,0.371908191035861
"triplet_pairs","mediating_TRUE",36905,0.371595096457214
"triplet_pairs","mediating_TRUE",36918,0.371282001878567
"triplet_pairs","mediating_TRUE",36931,0.37096890729992
"triplet_pairs","mediating_TRUE",36944,0.370655812721273
"triplet_pairs","mediating_TRUE",36957,0.370342718142626
"triplet_pairs","mediating_TRUE",36970,0.370029623563979
"triplet_pairs","mediating_TRUE",36984,0.369692444786975
"triplet_pairs","mediating_TRUE",36997,0.369379350208328
"triplet_pairs","mediating_TRUE",37010,0.369066255629681
"triplet_pairs","mediating_TRUE",37023,0.368753161051034
"triplet_pairs","mediating_TRUE",37036,0.368440066472387
"triplet_pairs","mediating_TRUE",37049,0.36812697189374
"triplet_pairs","mediating_TRUE",37062,0.367813877315093
"triplet_pairs","mediating_TRUE",37075,0.367500782736446
"triplet_pairs","mediating_TRUE",37088,0.367187688157799
"triplet_pairs","mediating_TRUE",37101,0.366874593579152
"triplet_pairs","mediating_TRUE",37114,0.366561499000505
"triplet_pairs","mediating_TRUE",37127,0.366248404421858
"triplet_pairs","mediating_TRUE",37141,0.365911225644854
"triplet_pairs","mediating_TRUE",37154,0.365598131066207
"triplet_pairs","mediating_TRUE",37167,0.36528503648756
"triplet_pairs","mediating_TRUE",37180,0.364971941908913
"triplet_pairs","mediating_TRUE",37193,0.364658847330266
"triplet_pairs","mediating_TRUE",37206,0.364345752751619
"triplet_pairs","mediating_TRUE",37219,0.364032658172972
"triplet_pairs","mediating_TRUE",37232,0.363719563594325
"triplet_pairs","mediating_TRUE",37245,0.363406469015678
"triplet_pairs","mediating_TRUE",37258,0.363093374437031
"triplet_pairs","mediating_TRUE",37271,0.362780279858384
"triplet_pairs","mediating_TRUE",37285,0.36244310108138
"triplet_pairs","mediating_TRUE",37298,0.362130006502733
"triplet_pairs","mediating_TRUE",37311,0.361816911924086
"triplet_pairs","mediating_TRUE",37324,0.361503817345439
"triplet_pairs","mediating_TRUE",37337,0.361190722766792
"triplet_pairs","mediating_TRUE",37350,0.360877628188145
"triplet_pairs","mediating_TRUE",37363,0.360564533609498
"triplet_pairs","mediating_TRUE",37376,0.360251439030851
"triplet_pairs","mediating_TRUE",37389,0.359938344452204
"triplet_pairs","mediating_TRUE",37402,0.359625249873557
"triplet_pairs","mediating_TRUE",37415,0.359312155294911
"triplet_pairs","mediating_TRUE",37428,0.358999060716264
"triplet_pairs","mediating_TRUE",37442,0.358661881939259
"triplet_pairs","mediating_TRUE",37455,0.358348787360612
"triplet_pairs","mediating_TRUE",37468,0.358035692781965
"triplet_pairs","mediating_TRUE",37481,0.357722598203318
"triplet_pairs","mediating_TRUE",37494,0.357409503624671
"triplet_pairs","mediating_TRUE",37507,0.357096409046024
"triplet_pairs","mediating_TRUE",37520,0.356783314467377
"triplet_pairs","mediating_TRUE",37533,0.356470219888731
"triplet_pairs","mediating_TRUE",37546,0.356157125310084
"triplet_pairs","mediating_TRUE",37559,0.355844030731437
"triplet_pairs","mediating_TRUE",37572,0.35553093615279
"triplet_pairs","mediating_TRUE",37585,0.355217841574143
"triplet_pairs","mediating_TRUE",37599,0.354880662797138
"triplet_pairs","mediating_TRUE",37612,0.354567568218491
"triplet_pairs","mediating_TRUE",37625,0.354254473639844
"triplet_pairs","mediating_TRUE",37638,0.353941379061197
"triplet_pairs","mediating_TRUE",37651,0.353628284482551
"triplet_pairs","mediating_TRUE",37664,0.353315189903904
"triplet_pairs","mediating_TRUE",37677,0.353002095325257
"triplet_pairs","mediating_TRUE",37690,0.35268900074661
"triplet_pairs","mediating_TRUE",37703,0.352375906167963
"triplet_pairs","mediating_TRUE",37716,0.352062811589316
"triplet_pairs","mediating_TRUE",37729,0.351749717010669
"triplet_pairs","mediating_TRUE",37743,0.351412538233664
"triplet_pairs","mediating_TRUE",37756,0.351099443655017
"triplet_pairs","mediating_TRUE",37769,0.350786349076371
"triplet_pairs","mediating_TRUE",37782,0.350473254497724
"triplet_pairs","mediating_TRUE",37795,0.350160159919077
"triplet_pairs","mediating_TRUE",37808,0.34984706534043
"triplet_pairs","mediating_TRUE",37821,0.349533970761783
"triplet_pairs","mediating_TRUE",37834,0.349220876183136
"triplet_pairs","mediating_TRUE",37847,0.348907781604489
"triplet_pairs","mediating_TRUE",37860,0.348594687025842
"triplet_pairs","mediating_TRUE",37873,0.348281592447195
"triplet_pairs","mediating_TRUE",37886,0.347968497868548
"triplet_pairs","mediating_TRUE",37900,0.347631319091544
"triplet_pairs","mediating_TRUE",37913,0.347318224512897
"triplet_pairs","mediating_TRUE",37926,0.34700512993425
"triplet_pairs","mediating_TRUE",37939,0.346692035355603
"triplet_pairs","mediating_TRUE",37952,0.346378940776956
"triplet_pairs","mediating_TRUE",37965,0.346065846198309
"triplet_pairs","mediating_TRUE",37978,0.345752751619662
"triplet_pairs","mediating_TRUE",37991,0.345439657041015
"triplet_pairs","mediating_TRUE",38004,0.345126562462368
"triplet_pairs","mediating_TRUE",38017,0.344813467883721
"triplet_pairs","mediating_TRUE",38030,0.344500373305074
"triplet_pairs","mediating_TRUE",38044,0.34416319452807
"triplet_pairs","mediating_TRUE",38057,0.343850099949423
"triplet_pairs","mediating_TRUE",38070,0.343537005370776
"triplet_pairs","mediating_TRUE",38083,0.343223910792129
"triplet_pairs","mediating_TRUE",38096,0.342910816213482
"triplet_pairs","mediating_TRUE",38109,0.342597721634835
"triplet_pairs","mediating_TRUE",38122,0.342284627056188
"triplet_pairs","mediating_TRUE",38135,0.341971532477541
"triplet_pairs","mediating_TRUE",38148,0.341658437898894
"triplet_pairs","mediating_TRUE",38161,0.341345343320247
"triplet_pairs","mediating_TRUE",38174,0.3410322487416
"triplet_pairs","mediating_TRUE",38187,0.340719154162953
"triplet_pairs","mediating_TRUE",38201,0.340381975385949
"triplet_pairs","mediating_TRUE",38214,0.340068880807302
"triplet_pairs","mediating_TRUE",38227,0.339755786228655
"triplet_pairs","mediating_TRUE",38240,0.339442691650008
"triplet_pairs","mediating_TRUE",38253,0.339129597071361
"triplet_pairs","mediating_TRUE",38266,0.338816502492714
"triplet_pairs","mediating_TRUE",38279,0.338503407914067
"triplet_pairs","mediating_TRUE",38292,0.33819031333542
"triplet_pairs","mediating_TRUE",38305,0.337877218756773
"triplet_pairs","mediating_TRUE",38318,0.337564124178126
"triplet_pairs","mediating_TRUE",38331,0.337251029599479
"triplet_pairs","mediating_TRUE",38345,0.336913850822475
"triplet_pairs","mediating_TRUE",38358,0.336600756243828
"triplet_pairs","mediating_TRUE",38371,0.336287661665181
"triplet_pairs","mediating_TRUE",38384,0.335974567086534
"triplet_pairs","mediating_TRUE",38397,0.335661472507887
"triplet_pairs","mediating_TRUE",38410,0.33534837792924
"triplet_pairs","mediating_TRUE",38423,0.335035283350593
"triplet_pairs","mediating_TRUE",38436,0.334722188771946
"triplet_pairs","mediating_TRUE",38449,0.334409094193299
"triplet_pairs","mediating_TRUE",38462,0.334095999614652
"triplet_pairs","mediating_TRUE",38475,0.333782905036005
"triplet_pairs","mediating_TRUE",38488,0.333469810457358
"triplet_pairs","mediating_TRUE",38502,0.333132631680354
"triplet_pairs","mediating_TRUE",38515,0.332819537101707
"triplet_pairs","mediating_TRUE",38528,0.33250644252306
"triplet_pairs","mediating_TRUE",38541,0.332193347944413
"triplet_pairs","mediating_TRUE",38554,0.331880253365766
"triplet_pairs","mediating_TRUE",38567,0.331567158787119
"triplet_pairs","mediating_TRUE",38580,0.331254064208472
"triplet_pairs","mediating_TRUE",38593,0.330940969629825
"triplet_pairs","mediating_TRUE",38606,0.330627875051178
"triplet_pairs","mediating_TRUE",38619,0.330314780472531
"triplet_pairs","mediating_TRUE",38632,0.330001685893885
"triplet_pairs","mediating_TRUE",38645,0.329688591315238
"triplet_pairs","mediating_TRUE",38659,0.329351412538233
"triplet_pairs","mediating_TRUE",38672,0.329038317959586
"triplet_pairs","mediating_TRUE",38685,0.328725223380939
"triplet_pairs","mediating_TRUE",38698,0.328412128802292
"triplet_pairs","mediating_TRUE",38711,0.328099034223645
"triplet_pairs","mediating_TRUE",38724,0.327785939644998
"triplet_pairs","mediating_TRUE",38737,0.327472845066351
"triplet_pairs","mediating_TRUE",38750,0.327159750487705
"triplet_pairs","mediating_TRUE",38763,0.326846655909058
"triplet_pairs","mediating_TRUE",38776,0.326533561330411
"triplet_pairs","mediating_TRUE",38789,0.326220466751764
"triplet_pairs","mediating_TRUE",38803,0.325883287974759
"triplet_pairs","mediating_TRUE",38816,0.325570193396112
"triplet_pairs","mediating_TRUE",38829,0.325257098817465
"triplet_pairs","mediating_TRUE",38842,0.324944004238818
"triplet_pairs","mediating_TRUE",38855,0.324630909660171
"triplet_pairs","mediating_TRUE",38868,0.324317815081525
"triplet_pairs","mediating_TRUE",38881,0.324004720502878
"triplet_pairs","mediating_TRUE",38894,0.323691625924231
"triplet_pairs","mediating_TRUE",38907,0.323378531345584
"triplet_pairs","mediating_TRUE",38920,0.323065436766937
"triplet_pairs","mediating_TRUE",38933,0.32275234218829
"triplet_pairs","mediating_TRUE",38946,0.322439247609643
"triplet_pairs","mediating_TRUE",38960,0.322102068832638
"triplet_pairs","mediating_TRUE",38973,0.321788974253991
"triplet_pairs","mediating_TRUE",38986,0.321475879675345
"triplet_pairs","mediating_TRUE",38999,0.321162785096698
"triplet_pairs","mediating_TRUE",39012,0.320849690518051
"triplet_pairs","mediating_TRUE",39025,0.320536595939404
"triplet_pairs","mediating_TRUE",39038,0.320223501360757
"triplet_pairs","mediating_TRUE",39051,0.31991040678211
"triplet_pairs","mediating_TRUE",39064,0.319597312203463
"triplet_pairs","mediating_TRUE",39077,0.319284217624816
"triplet_pairs","mediating_TRUE",39090,0.318971123046169
"triplet_pairs","mediating_TRUE",39104,0.318633944269165
"triplet_pairs","mediating_TRUE",39117,0.318320849690518
"triplet_pairs","mediating_TRUE",39130,0.318007755111871
"triplet_pairs","mediating_TRUE",39143,0.317694660533224
"triplet_pairs","mediating_TRUE",39156,0.317381565954577
"triplet_pairs","mediating_TRUE",39169,0.31706847137593
"triplet_pairs","mediating_TRUE",39182,0.316755376797283
"triplet_pairs","mediating_TRUE",39195,0.316442282218636
"triplet_pairs","mediating_TRUE",39208,0.316129187639989
"triplet_pairs","mediating_TRUE",39221,0.315816093061342
"triplet_pairs","mediating_TRUE",39234,0.315502998482695
"triplet_pairs","mediating_TRUE",39247,0.315189903904048
"triplet_pairs","mediating_TRUE",39261,0.314852725127044
"triplet_pairs","mediating_TRUE",39274,0.314539630548397
"triplet_pairs","mediating_TRUE",39287,0.31422653596975
"triplet_pairs","mediating_TRUE",39300,0.313913441391103
"triplet_pairs","mediating_TRUE",39313,0.313600346812456
"triplet_pairs","mediating_TRUE",39326,0.313287252233809
"triplet_pairs","mediating_TRUE",39339,0.312974157655162
"triplet_pairs","mediating_TRUE",39352,0.312661063076515
"triplet_pairs","mediating_TRUE",39365,0.312347968497868
"triplet_pairs","mediating_TRUE",39378,0.312034873919221
"triplet_pairs","mediating_TRUE",39391,0.311721779340574
"triplet_pairs","mediating_TRUE",39405,0.31138460056357
"triplet_pairs","mediating_TRUE",39418,0.311071505984923
"triplet_pairs","mediating_TRUE",39431,0.310758411406276
"triplet_pairs","mediating_TRUE",39444,0.310445316827629
"triplet_pairs","mediating_TRUE",39457,0.310132222248982
"triplet_pairs","mediating_TRUE",39470,0.309819127670335
"triplet_pairs","mediating_TRUE",39483,0.309506033091688
"triplet_pairs","mediating_TRUE",39496,0.309192938513041
"triplet_pairs","mediating_TRUE",39509,0.308879843934394
"triplet_pairs","mediating_TRUE",39522,0.308566749355747
"triplet_pairs","mediating_TRUE",39535,0.3082536547771
"triplet_pairs","mediating_TRUE",39548,0.307940560198453
"triplet_pairs","mediating_TRUE",39562,0.307603381421449
"triplet_pairs","mediating_TRUE",39575,0.307290286842802
"triplet_pairs","mediating_TRUE",39588,0.306977192264155
"triplet_pairs","mediating_TRUE",39601,0.306664097685508
"triplet_pairs","mediating_TRUE",39614,0.306351003106861
"triplet_pairs","mediating_TRUE",39627,0.306037908528214
"triplet_pairs","mediating_TRUE",39640,0.305724813949567
"triplet_pairs","mediating_TRUE",39653,0.30541171937092
"triplet_pairs","mediating_TRUE",39666,0.305098624792273
"triplet_pairs","mediating_TRUE",39679,0.304785530213626
"triplet_pairs","mediating_TRUE",39692,0.304472435634979
"triplet_pairs","mediating_TRUE",39706,0.304135256857975
"triplet_pairs","mediating_TRUE",39719,0.303822162279328
"triplet_pairs","mediating_TRUE",39732,0.303509067700681
"triplet_pairs","mediating_TRUE",39745,0.303195973122034
"triplet_pairs","mediating_TRUE",39758,0.302882878543387
"triplet_pairs","mediating_TRUE",39771,0.30256978396474
"triplet_pairs","mediating_TRUE",39784,0.302256689386093
"triplet_pairs","mediating_TRUE",39797,0.301943594807446
"triplet_pairs","mediating_TRUE",39810,0.301630500228799
"triplet_pairs","mediating_TRUE",39823,0.301317405650152
"triplet_pairs","mediating_TRUE",39836,0.301004311071506
"triplet_pairs","mediating_TRUE",39849,0.300691216492859
"triplet_pairs","mediating_TRUE",39863,0.300354037715854
"triplet_pairs","mediating_TRUE",39876,0.300040943137207
"triplet_pairs","mediating_TRUE",39889,0.29972784855856
"triplet_pairs","mediating_TRUE",39902,0.299414753979913
"triplet_pairs","mediating_TRUE",39915,0.299101659401266
"triplet_pairs","mediating_TRUE",39928,0.298788564822619
"triplet_pairs","mediating_TRUE",39941,0.298475470243972
"triplet_pairs","mediating_TRUE",39954,0.298162375665325
"triplet_pairs","mediating_TRUE",39967,0.297849281086679
"triplet_pairs","mediating_TRUE",39980,0.297536186508032
"triplet_pairs","mediating_TRUE",39993,0.297223091929385
"triplet_pairs","mediating_TRUE",40006,0.296909997350738
"triplet_pairs","mediating_TRUE",40020,0.296572818573733
"triplet_pairs","mediating_TRUE",40033,0.296259723995086
"triplet_pairs","mediating_TRUE",40046,0.295946629416439
"triplet_pairs","mediating_TRUE",40059,0.295633534837792
"triplet_pairs","mediating_TRUE",40072,0.295320440259146
"triplet_pairs","mediating_TRUE",40085,0.295007345680499
"triplet_pairs","mediating_TRUE",40098,0.294694251101852
"triplet_pairs","mediating_TRUE",40111,0.294381156523205
"triplet_pairs","mediating_TRUE",40124,0.294068061944558
"triplet_pairs","mediating_TRUE",40137,0.293754967365911
"triplet_pairs","mediating_TRUE",40150,0.293441872787264
"triplet_pairs","mediating_TRUE",40164,0.293104694010259
"triplet_pairs","mediating_TRUE",40177,0.292791599431612
"triplet_pairs","mediating_TRUE",40190,0.292478504852966
"triplet_pairs","mediating_TRUE",40203,0.292165410274319
"triplet_pairs","mediating_TRUE",40216,0.291852315695672
"triplet_pairs","mediating_TRUE",40229,0.291539221117025
"triplet_pairs","mediating_TRUE",40242,0.291226126538378
"triplet_pairs","mediating_TRUE",40255,0.290913031959731
"triplet_pairs","mediating_TRUE",40268,0.290599937381084
"triplet_pairs","mediating_TRUE",40281,0.290286842802437
"triplet_pairs","mediating_TRUE",40294,0.28997374822379
"triplet_pairs","mediating_TRUE",40307,0.289660653645143
"triplet_pairs","mediating_TRUE",40321,0.289323474868139
"triplet_pairs","mediating_TRUE",40334,0.289010380289492
"triplet_pairs","mediating_TRUE",40347,0.288697285710845
"triplet_pairs","mediating_TRUE",40360,0.288384191132198
"triplet_pairs","mediating_TRUE",40373,0.288071096553551
"triplet_pairs","mediating_TRUE",40386,0.287758001974904
"triplet_pairs","mediating_TRUE",40399,0.287444907396257
"triplet_pairs","mediating_TRUE",40412,0.28713181281761
"triplet_pairs","mediating_TRUE",40425,0.286818718238963
"triplet_pairs","mediating_TRUE",40438,0.286505623660316
"triplet_pairs","mediating_TRUE",40451,0.286192529081669
"triplet_pairs","mediating_TRUE",40465,0.285855350304665
"triplet_pairs","mediating_TRUE",40478,0.285542255726018
"triplet_pairs","mediating_TRUE",40491,0.285229161147371
"triplet_pairs","mediating_TRUE",40504,0.284916066568724
"triplet_pairs","mediating_TRUE",40517,0.284602971990077
"triplet_pairs","mediating_TRUE",40530,0.28428987741143
"triplet_pairs","mediating_TRUE",40543,0.283976782832783
"triplet_pairs","mediating_TRUE",40556,0.283663688254136
"triplet_pairs","mediating_TRUE",40569,0.283350593675489
"triplet_pairs","mediating_TRUE",40582,0.283037499096842
"triplet_pairs","mediating_TRUE",40595,0.282724404518195
"triplet_pairs","mediating_TRUE",40608,0.282411309939548
"triplet_pairs","mediating_TRUE",40622,0.282074131162544
"triplet_pairs","mediating_TRUE",40635,0.281761036583897
"triplet_pairs","mediating_TRUE",40648,0.28144794200525
"triplet_pairs","mediating_TRUE",40661,0.281134847426603
"triplet_pairs","mediating_TRUE",40674,0.280821752847956
"triplet_pairs","mediating_TRUE",40687,0.280508658269309
"triplet_pairs","mediating_TRUE",40700,0.280195563690662
"triplet_pairs","mediating_TRUE",40713,0.279882469112015
"triplet_pairs","mediating_TRUE",40726,0.279569374533368
"triplet_pairs","mediating_TRUE",40739,0.279256279954721
"triplet_pairs","mediating_TRUE",40752,0.278943185376074
"triplet_pairs","mediating_TRUE",40766,0.27860600659907
"triplet_pairs","mediating_TRUE",40779,0.278292912020423
"triplet_pairs","mediating_TRUE",40792,0.277979817441776
"triplet_pairs","mediating_TRUE",40805,0.277666722863129
"triplet_pairs","mediating_TRUE",40818,0.277353628284482
"triplet_pairs","mediating_TRUE",40831,0.277040533705835
"triplet_pairs","mediating_TRUE",40844,0.276727439127188
"triplet_pairs","mediating_TRUE",40857,0.276414344548541
"triplet_pairs","mediating_TRUE",40870,0.276101249969894
"triplet_pairs","mediating_TRUE",40883,0.275788155391247
"triplet_pairs","mediating_TRUE",40896,0.2754750608126
"triplet_pairs","mediating_TRUE",40909,0.275161966233953
"triplet_pairs","mediating_TRUE",40923,0.274824787456949
"triplet_pairs","mediating_TRUE",40936,0.274511692878302
"triplet_pairs","mediating_TRUE",40949,0.274198598299655
"triplet_pairs","mediating_TRUE",40962,0.273885503721008
"triplet_pairs","mediating_TRUE",40975,0.273572409142361
"triplet_pairs","mediating_TRUE",40988,0.273259314563714
"triplet_pairs","mediating_TRUE",41001,0.272946219985067
"triplet_pairs","mediating_TRUE",41014,0.27263312540642
"triplet_pairs","mediating_TRUE",41027,0.272320030827773
"triplet_pairs","mediating_TRUE",41040,0.272006936249126
"triplet_pairs","mediating_TRUE",41053,0.27169384167048
"triplet_pairs","mediating_TRUE",41067,0.271356662893475
"triplet_pairs","mediating_TRUE",41080,0.271043568314828
"triplet_pairs","mediating_TRUE",41093,0.270730473736181
"triplet_pairs","mediating_TRUE",41106,0.270417379157534
"triplet_pairs","mediating_TRUE",41119,0.270104284578887
"triplet_pairs","mediating_TRUE",41132,0.26979119000024
"triplet_pairs","mediating_TRUE",41145,0.269478095421593
"triplet_pairs","mediating_TRUE",41158,0.269165000842946
"triplet_pairs","mediating_TRUE",41171,0.2688519062643
"triplet_pairs","mediating_TRUE",41184,0.268538811685653
"triplet_pairs","mediating_TRUE",41197,0.268225717107006
"triplet_pairs","mediating_TRUE",41210,0.267912622528359
"triplet_pairs","mediating_TRUE",41224,0.267575443751354
"triplet_pairs","mediating_TRUE",41237,0.267262349172707
"triplet_pairs","mediating_TRUE",41250,0.26694925459406
"triplet_pairs","mediating_TRUE",41263,0.266636160015413
"triplet_pairs","mediating_TRUE",41276,0.266323065436766
"triplet_pairs","mediating_TRUE",41289,0.26600997085812
"triplet_pairs","mediating_TRUE",41302,0.265696876279473
"triplet_pairs","mediating_TRUE",41315,0.265383781700826
"triplet_pairs","mediating_TRUE",41328,0.265070687122179
"triplet_pairs","mediating_TRUE",41341,0.264757592543532
"triplet_pairs","mediating_TRUE",41354,0.264444497964885
"triplet_pairs","mediating_TRUE",41367,0.264131403386238
"triplet_pairs","mediating_TRUE",41381,0.263794224609233
"triplet_pairs","mediating_TRUE",41394,0.263481130030586
"triplet_pairs","mediating_TRUE",41407,0.26316803545194
"triplet_pairs","mediating_TRUE",41420,0.262854940873293
"triplet_pairs","mediating_TRUE",41433,0.262541846294646
"triplet_pairs","mediating_TRUE",41446,0.262228751715999
"triplet_pairs","mediating_TRUE",41459,0.261915657137352
"triplet_pairs","mediating_TRUE",41472,0.261602562558705
"triplet_pairs","mediating_TRUE",41485,0.261289467980058
"triplet_pairs","mediating_TRUE",41498,0.260976373401411
"triplet_pairs","mediating_TRUE",41511,0.260663278822764
"triplet_pairs","mediating_TRUE",41525,0.26032610004576
"triplet_pairs","mediating_TRUE",41538,0.260013005467113
"triplet_pairs","mediating_TRUE",41551,0.259699910888466
"triplet_pairs","mediating_TRUE",41564,0.259386816309819
"triplet_pairs","mediating_TRUE",41577,0.259073721731172
"triplet_pairs","mediating_TRUE",41590,0.258760627152525
"triplet_pairs","mediating_TRUE",41603,0.258447532573878
"triplet_pairs","mediating_TRUE",41616,0.258134437995231
"triplet_pairs","mediating_TRUE",41629,0.257821343416584
"triplet_pairs","mediating_TRUE",41642,0.257508248837937
"triplet_pairs","mediating_TRUE",41655,0.25719515425929
"triplet_pairs","mediating_TRUE",41668,0.256882059680643
"triplet_pairs","mediating_TRUE",41682,0.256544880903639
"triplet_pairs","mediating_TRUE",41695,0.256231786324992
"triplet_pairs","mediating_TRUE",41708,0.255918691746345
"triplet_pairs","mediating_TRUE",41721,0.255605597167698
"triplet_pairs","mediating_TRUE",41734,0.255292502589051
"triplet_pairs","mediating_TRUE",41747,0.254979408010404
"triplet_pairs","mediating_TRUE",41760,0.254666313431757
"triplet_pairs","mediating_TRUE",41773,0.25435321885311
"triplet_pairs","mediating_TRUE",41786,0.254040124274463
"triplet_pairs","mediating_TRUE",41799,0.253727029695816
"triplet_pairs","mediating_TRUE",41812,0.253413935117169
"triplet_pairs","mediating_TRUE",41826,0.253076756340165
"triplet_pairs","mediating_TRUE",41839,0.252763661761518
"triplet_pairs","mediating_TRUE",41852,0.252450567182871
"triplet_pairs","mediating_TRUE",41865,0.252137472604224
"triplet_pairs","mediating_TRUE",41878,0.251824378025577
"triplet_pairs","mediating_TRUE",41891,0.25151128344693
"triplet_pairs","mediating_TRUE",41904,0.251198188868283
"triplet_pairs","mediating_TRUE",41917,0.250885094289636
"triplet_pairs","mediating_TRUE",41930,0.250571999710989
"triplet_pairs","mediating_TRUE",41943,0.250258905132342
"triplet_pairs","mediating_TRUE",41956,0.249945810553695
"triplet_pairs","mediating_TRUE",41969,0.249632715975048
"triplet_pairs","mediating_TRUE",41983,0.249295537198044
"triplet_pairs","mediating_TRUE",41996,0.248982442619397
"triplet_pairs","mediating_TRUE",42009,0.24866934804075
"triplet_pairs","mediating_TRUE",42022,0.248356253462103
"triplet_pairs","mediating_TRUE",42035,0.248043158883456
"triplet_pairs","mediating_TRUE",42048,0.247730064304809
"triplet_pairs","mediating_TRUE",42061,0.247416969726162
"triplet_pairs","mediating_TRUE",42074,0.247103875147515
"triplet_pairs","mediating_TRUE",42087,0.246790780568868
"triplet_pairs","mediating_TRUE",42100,0.246477685990221
"triplet_pairs","mediating_TRUE",42113,0.246164591411574
"triplet_pairs","mediating_TRUE",42127,0.24582741263457
"triplet_pairs","mediating_TRUE",42140,0.245514318055923
"triplet_pairs","mediating_TRUE",42153,0.245201223477276
"triplet_pairs","mediating_TRUE",42166,0.244888128898629
"triplet_pairs","mediating_TRUE",42179,0.244575034319982
"triplet_pairs","mediating_TRUE",42192,0.244261939741335
"triplet_pairs","mediating_TRUE",42205,0.243948845162688
"triplet_pairs","mediating_TRUE",42218,0.243635750584041
"triplet_pairs","mediating_TRUE",42231,0.243322656005394
"triplet_pairs","mediating_TRUE",42244,0.243009561426747
"triplet_pairs","mediating_TRUE",42257,0.242696466848101
"triplet_pairs","mediating_TRUE",42270,0.242383372269454
"triplet_pairs","mediating_TRUE",42284,0.242046193492449
"triplet_pairs","mediating_TRUE",42297,0.241733098913802
"triplet_pairs","mediating_TRUE",42310,0.241420004335155
"triplet_pairs","mediating_TRUE",42323,0.241106909756508
"triplet_pairs","mediating_TRUE",42336,0.240793815177861
"triplet_pairs","mediating_TRUE",42349,0.240480720599214
"triplet_pairs","mediating_TRUE",42362,0.240167626020567
"triplet_pairs","mediating_TRUE",42375,0.239854531441921
"triplet_pairs","mediating_TRUE",42388,0.239541436863274
"triplet_pairs","mediating_TRUE",42401,0.239228342284627
"triplet_pairs","mediating_TRUE",42414,0.23891524770598
"triplet_pairs","mediating_TRUE",42428,0.238578068928975
"triplet_pairs","mediating_TRUE",42441,0.238264974350328
"triplet_pairs","mediating_TRUE",42454,0.237951879771681
"triplet_pairs","mediating_TRUE",42467,0.237638785193034
"triplet_pairs","mediating_TRUE",42480,0.237325690614387
"triplet_pairs","mediating_TRUE",42493,0.237012596035741
"triplet_pairs","mediating_TRUE",42506,0.236699501457094
"triplet_pairs","mediating_TRUE",42519,0.236386406878447
"triplet_pairs","mediating_TRUE",42532,0.2360733122998
"triplet_pairs","mediating_TRUE",42545,0.235760217721153
"triplet_pairs","mediating_TRUE",42558,0.235447123142506
"triplet_pairs","mediating_TRUE",42571,0.235134028563859
"triplet_pairs","mediating_TRUE",42585,0.234796849786854
"triplet_pairs","mediating_TRUE",42598,0.234483755208207
"triplet_pairs","mediating_TRUE",42611,0.234170660629561
"triplet_pairs","mediating_TRUE",42624,0.233857566050914
"triplet_pairs","mediating_TRUE",42637,0.233544471472267
"triplet_pairs","mediating_TRUE",42650,0.23323137689362
"triplet_pairs","mediating_TRUE",42663,0.232918282314973
"triplet_pairs","mediating_TRUE",42676,0.232605187736326
"triplet_pairs","mediating_TRUE",42689,0.232292093157679
"triplet_pairs","mediating_TRUE",42702,0.231978998579032
"triplet_pairs","mediating_TRUE",42715,0.231665904000385
"triplet_pairs","mediating_TRUE",42728,0.231352809421738
"triplet_pairs","mediating_TRUE",42742,0.231015630644734
"triplet_pairs","mediating_TRUE",42755,0.230702536066087
"triplet_pairs","mediating_TRUE",42768,0.23038944148744
"triplet_pairs","mediating_TRUE",42781,0.230076346908793
"triplet_pairs","mediating_TRUE",42794,0.229763252330146
"triplet_pairs","mediating_TRUE",42807,0.229450157751499
"triplet_pairs","mediating_TRUE",42820,0.229137063172852
"triplet_pairs","mediating_TRUE",42833,0.228823968594205
"triplet_pairs","mediating_TRUE",42846,0.228510874015558
"triplet_pairs","mediating_TRUE",42859,0.228197779436911
"triplet_pairs","mediating_TRUE",42872,0.227884684858264
"triplet_pairs","mediating_TRUE",42886,0.22754750608126
"triplet_pairs","mediating_TRUE",42899,0.227234411502613
"triplet_pairs","mediating_TRUE",42912,0.226921316923966
"triplet_pairs","mediating_TRUE",42925,0.226608222345319
"triplet_pairs","mediating_TRUE",42938,0.226295127766672
"triplet_pairs","mediating_TRUE",42951,0.225982033188025
"triplet_pairs","mediating_TRUE",42964,0.225668938609378
"triplet_pairs","mediating_TRUE",42977,0.225355844030731
"triplet_pairs","mediating_TRUE",42990,0.225042749452084
"triplet_pairs","mediating_TRUE",43003,0.224729654873437
"triplet_pairs","mediating_TRUE",43016,0.22441656029479
"triplet_pairs","mediating_TRUE",43029,0.224103465716143
"triplet_pairs","mediating_TRUE",43043,0.223766286939139
"triplet_pairs","mediating_TRUE",43056,0.223453192360492
"triplet_pairs","mediating_TRUE",43069,0.223140097781845
"triplet_pairs","mediating_TRUE",43082,0.222827003203198
"triplet_pairs","mediating_TRUE",43095,0.222513908624551
"triplet_pairs","mediating_TRUE",43108,0.222200814045904
"triplet_pairs","mediating_TRUE",43121,0.221887719467257
"triplet_pairs","mediating_TRUE",43134,0.22157462488861
"triplet_pairs","mediating_TRUE",43147,0.221261530309963
"triplet_pairs","mediating_TRUE",43160,0.220948435731316
"triplet_pairs","mediating_TRUE",43173,0.220635341152669
"triplet_pairs","mediating_TRUE",43187,0.220298162375665
"triplet_pairs","mediating_TRUE",43200,0.219985067797018
"triplet_pairs","mediating_TRUE",43213,0.219671973218371
"triplet_pairs","mediating_TRUE",43226,0.219358878639724
"triplet_pairs","mediating_TRUE",43239,0.219045784061077
"triplet_pairs","mediating_TRUE",43252,0.21873268948243
"triplet_pairs","mediating_TRUE",43265,0.218419594903783
"triplet_pairs","mediating_TRUE",43278,0.218106500325136
"triplet_pairs","mediating_TRUE",43291,0.217793405746489
"triplet_pairs","mediating_TRUE",43304,0.217480311167842
"triplet_pairs","mediating_TRUE",43317,0.217167216589195
"triplet_pairs","mediating_TRUE",43330,0.216854122010548
"triplet_pairs","mediating_TRUE",43344,0.216516943233544
"triplet_pairs","mediating_TRUE",43357,0.216203848654897
"triplet_pairs","mediating_TRUE",43370,0.21589075407625
"triplet_pairs","mediating_TRUE",43383,0.215577659497603
"triplet_pairs","mediating_TRUE",43396,0.215264564918956
"triplet_pairs","mediating_TRUE",43409,0.214951470340309
"triplet_pairs","mediating_TRUE",43422,0.214638375761662
"triplet_pairs","mediating_TRUE",43435,0.214325281183015
"triplet_pairs","mediating_TRUE",43448,0.214012186604368
"triplet_pairs","mediating_TRUE",43461,0.213699092025721
"triplet_pairs","mediating_TRUE",43474,0.213385997447075
"triplet_pairs","mediating_TRUE",43488,0.21304881867007
"triplet_pairs","mediating_TRUE",43501,0.212735724091423
"triplet_pairs","mediating_TRUE",43514,0.212422629512776
"triplet_pairs","mediating_TRUE",43527,0.212109534934129
"triplet_pairs","mediating_TRUE",43540,0.211796440355482
"triplet_pairs","mediating_TRUE",43553,0.211483345776835
"triplet_pairs","mediating_TRUE",43566,0.211170251198188
"triplet_pairs","mediating_TRUE",43579,0.210857156619541
"triplet_pairs","mediating_TRUE",43592,0.210544062040895
"triplet_pairs","mediating_TRUE",43605,0.210230967462248
"triplet_pairs","mediating_TRUE",43618,0.209917872883601
"triplet_pairs","mediating_TRUE",43631,0.209604778304954
"triplet_pairs","mediating_TRUE",43645,0.209267599527949
"triplet_pairs","mediating_TRUE",43658,0.208954504949302
"triplet_pairs","mediating_TRUE",43671,0.208641410370655
"triplet_pairs","mediating_TRUE",43684,0.208328315792008
"triplet_pairs","mediating_TRUE",43697,0.208015221213361
"triplet_pairs","mediating_TRUE",43710,0.207702126634715
"triplet_pairs","mediating_TRUE",43723,0.207389032056068
"triplet_pairs","mediating_TRUE",43736,0.207075937477421
"triplet_pairs","mediating_TRUE",43749,0.206762842898774
"triplet_pairs","mediating_TRUE",43762,0.206449748320127
"triplet_pairs","mediating_TRUE",43775,0.20613665374148
"triplet_pairs","mediating_TRUE",43789,0.205799474964475
"triplet_pairs","mediating_TRUE",43802,0.205486380385828
"triplet_pairs","mediating_TRUE",43815,0.205173285807181
"triplet_pairs","mediating_TRUE",43828,0.204860191228535
"triplet_pairs","mediating_TRUE",43841,0.204547096649888
"triplet_pairs","mediating_TRUE",43854,0.204234002071241
"triplet_pairs","mediating_TRUE",43867,0.203920907492594
"triplet_pairs","mediating_TRUE",43880,0.203607812913947
"triplet_pairs","mediating_TRUE",43893,0.2032947183353
"triplet_pairs","mediating_TRUE",43906,0.202981623756653
"triplet_pairs","mediating_TRUE",43919,0.202668529178006
"triplet_pairs","mediating_TRUE",43932,0.202355434599359
"triplet_pairs","mediating_TRUE",43946,0.202018255822355
"triplet_pairs","mediating_TRUE",43959,0.201705161243708
"triplet_pairs","mediating_TRUE",43972,0.201392066665061
"triplet_pairs","mediating_TRUE",43985,0.201078972086414
"triplet_pairs","mediating_TRUE",43998,0.200765877507767
"triplet_pairs","mediating_TRUE",44011,0.20045278292912
"triplet_pairs","mediating_TRUE",44024,0.200139688350473
"triplet_pairs","mediating_TRUE",44037,0.199826593771826
"triplet_pairs","mediating_TRUE",44050,0.199513499193179
"triplet_pairs","mediating_TRUE",44063,0.199200404614532
"triplet_pairs","mediating_TRUE",44076,0.198887310035885
"triplet_pairs","mediating_TRUE",44089,0.198574215457238
"triplet_pairs","mediating_TRUE",44103,0.198237036680234
"triplet_pairs","mediating_TRUE",44116,0.197923942101587
"triplet_pairs","mediating_TRUE",44129,0.19761084752294
"triplet_pairs","mediating_TRUE",44142,0.197297752944293
"triplet_pairs","mediating_TRUE",44155,0.196984658365646
"triplet_pairs","mediating_TRUE",44168,0.196671563786999
"triplet_pairs","mediating_TRUE",44181,0.196358469208352
"triplet_pairs","mediating_TRUE",44194,0.196045374629705
"triplet_pairs","mediating_TRUE",44207,0.195732280051058
"triplet_pairs","mediating_TRUE",44220,0.195419185472411
"triplet_pairs","mediating_TRUE",44233,0.195106090893764
"triplet_pairs","mediating_TRUE",44247,0.19476891211676
"triplet_pairs","mediating_TRUE",44260,0.194455817538113
"triplet_pairs","mediating_TRUE",44273,0.194142722959466
"triplet_pairs","mediating_TRUE",44286,0.193829628380819
"triplet_pairs","mediating_TRUE",44299,0.193516533802172
"triplet_pairs","mediating_TRUE",44312,0.193203439223525
"triplet_pairs","mediating_TRUE",44325,0.192890344644878
"triplet_pairs","mediating_TRUE",44338,0.192577250066231
"triplet_pairs","mediating_TRUE",44351,0.192264155487584
"triplet_pairs","mediating_TRUE",44364,0.191951060908937
"triplet_pairs","mediating_TRUE",44377,0.19163796633029
"triplet_pairs","mediating_TRUE",44390,0.191324871751643
"triplet_pairs","mediating_TRUE",44404,0.190987692974639
"triplet_pairs","mediating_TRUE",44417,0.190674598395992
"triplet_pairs","mediating_TRUE",44430,0.190361503817345
"triplet_pairs","mediating_TRUE",44443,0.190048409238698
"triplet_pairs","mediating_TRUE",44456,0.189735314660051
"triplet_pairs","mediating_TRUE",44469,0.189422220081404
"triplet_pairs","mediating_TRUE",44482,0.189109125502757
"triplet_pairs","mediating_TRUE",44495,0.18879603092411
"triplet_pairs","mediating_TRUE",44508,0.188482936345463
"triplet_pairs","mediating_TRUE",44521,0.188169841766816
"triplet_pairs","mediating_TRUE",44534,0.187856747188169
"triplet_pairs","mediating_TRUE",44548,0.187519568411165
"triplet_pairs","mediating_TRUE",44561,0.187206473832518
"triplet_pairs","mediating_TRUE",44574,0.186893379253871
"triplet_pairs","mediating_TRUE",44587,0.186580284675224
"triplet_pairs","mediating_TRUE",44600,0.186267190096577
"triplet_pairs","mediating_TRUE",44613,0.18595409551793
"triplet_pairs","mediating_TRUE",44626,0.185641000939283
"triplet_pairs","mediating_TRUE",44639,0.185327906360636
"triplet_pairs","mediating_TRUE",44652,0.185014811781989
"triplet_pairs","mediating_TRUE",44665,0.184701717203342
"triplet_pairs","mediating_TRUE",44678,0.184388622624696
"triplet_pairs","mediating_TRUE",44691,0.184075528046049
"triplet_pairs","mediating_TRUE",44705,0.183738349269044
"triplet_pairs","mediating_TRUE",44718,0.183425254690397
"triplet_pairs","mediating_TRUE",44731,0.18311216011175
"triplet_pairs","mediating_TRUE",44744,0.182799065533103
"triplet_pairs","mediating_TRUE",44757,0.182485970954456
"triplet_pairs","mediating_TRUE",44770,0.182172876375809
"triplet_pairs","mediating_TRUE",44783,0.181859781797162
"triplet_pairs","mediating_TRUE",44796,0.181546687218515
"triplet_pairs","mediating_TRUE",44809,0.181233592639869
"triplet_pairs","mediating_TRUE",44822,0.180920498061222
"triplet_pairs","mediating_TRUE",44835,0.180607403482575
"triplet_pairs","mediating_TRUE",44849,0.18027022470557
"triplet_pairs","mediating_TRUE",44862,0.179957130126923
"triplet_pairs","mediating_TRUE",44875,0.179644035548276
"triplet_pairs","mediating_TRUE",44888,0.179330940969629
"triplet_pairs","mediating_TRUE",44901,0.179017846390982
"triplet_pairs","mediating_TRUE",44914,0.178704751812335
"triplet_pairs","mediating_TRUE",44927,0.178391657233689
"triplet_pairs","mediating_TRUE",44940,0.178078562655042
"triplet_pairs","mediating_TRUE",44953,0.177765468076395
"triplet_pairs","mediating_TRUE",44966,0.177452373497748
"triplet_pairs","mediating_TRUE",44979,0.177139278919101
"triplet_pairs","mediating_TRUE",44992,0.176826184340454
"triplet_pairs","mediating_TRUE",45006,0.176489005563449
"triplet_pairs","mediating_TRUE",45019,0.176175910984802
"triplet_pairs","mediating_TRUE",45032,0.175862816406156
"triplet_pairs","mediating_TRUE",45045,0.175549721827509
"triplet_pairs","mediating_TRUE",45058,0.175236627248862
"triplet_pairs","mediating_TRUE",45071,0.174923532670215
"triplet_pairs","mediating_TRUE",45084,0.174610438091568
"triplet_pairs","mediating_TRUE",45097,0.174297343512921
"triplet_pairs","mediating_TRUE",45110,0.173984248934274
"triplet_pairs","mediating_TRUE",45123,0.173671154355627
"triplet_pairs","mediating_TRUE",45136,0.17335805977698
"triplet_pairs","mediating_TRUE",45149,0.173044965198333
"triplet_pairs","mediating_TRUE",45163,0.172707786421329
"triplet_pairs","mediating_TRUE",45176,0.172394691842682
"triplet_pairs","mediating_TRUE",45189,0.172081597264035
"triplet_pairs","mediating_TRUE",45202,0.171768502685388
"triplet_pairs","mediating_TRUE",45215,0.171455408106741
"triplet_pairs","mediating_TRUE",45228,0.171142313528094
"triplet_pairs","mediating_TRUE",45241,0.170829218949447
"triplet_pairs","mediating_TRUE",45254,0.1705161243708
"triplet_pairs","mediating_TRUE",45267,0.170203029792153
"triplet_pairs","mediating_TRUE",45280,0.169889935213506
"triplet_pairs","mediating_TRUE",45293,0.169576840634859
"triplet_pairs","mediating_TRUE",45307,0.169239661857855
"triplet_pairs","mediating_TRUE",45320,0.168926567279208
"triplet_pairs","mediating_TRUE",45333,0.168613472700561
"triplet_pairs","mediating_TRUE",45346,0.168300378121914
"triplet_pairs","mediating_TRUE",45359,0.167987283543267
"triplet_pairs","mediating_TRUE",45372,0.16767418896462
"triplet_pairs","mediating_TRUE",45385,0.167361094385973
"triplet_pairs","mediating_TRUE",45398,0.167047999807326
"triplet_pairs","mediating_TRUE",45411,0.166734905228679
"triplet_pairs","mediating_TRUE",45424,0.166421810650032
"triplet_pairs","mediating_TRUE",45437,0.166108716071385
"triplet_pairs","mediating_TRUE",45450,0.165795621492738
"triplet_pairs","mediating_TRUE",45464,0.165458442715734
"triplet_pairs","mediating_TRUE",45477,0.165145348137087
"triplet_pairs","mediating_TRUE",45490,0.16483225355844
"triplet_pairs","mediating_TRUE",45503,0.164519158979793
"triplet_pairs","mediating_TRUE",45516,0.164206064401146
"triplet_pairs","mediating_TRUE",45529,0.163892969822499
"triplet_pairs","mediating_TRUE",45542,0.163579875243852
"triplet_pairs","mediating_TRUE",45555,0.163266780665205
"triplet_pairs","mediating_TRUE",45568,0.162953686086558
"triplet_pairs","mediating_TRUE",45581,0.162640591507911
"triplet_pairs","mediating_TRUE",45594,0.162327496929264
"triplet_pairs","mediating_TRUE",45608,0.16199031815226
"triplet_pairs","mediating_TRUE",45621,0.161677223573613
"triplet_pairs","mediating_TRUE",45634,0.161364128994966
"triplet_pairs","mediating_TRUE",45647,0.161051034416319
"triplet_pairs","mediating_TRUE",45660,0.160737939837672
"triplet_pairs","mediating_TRUE",45673,0.160424845259025
"triplet_pairs","mediating_TRUE",45686,0.160111750680378
"triplet_pairs","mediating_TRUE",45699,0.159798656101731
"triplet_pairs","mediating_TRUE",45712,0.159485561523084
"triplet_pairs","mediating_TRUE",45725,0.159172466944437
"triplet_pairs","mediating_TRUE",45738,0.15885937236579
"triplet_pairs","mediating_TRUE",45751,0.158546277787143
"triplet_pairs","mediating_TRUE",45765,0.158209099010139
"triplet_pairs","mediating_TRUE",45778,0.157896004431492
"triplet_pairs","mediating_TRUE",45791,0.157582909852845
"triplet_pairs","mediating_TRUE",45804,0.157269815274198
"triplet_pairs","mediating_TRUE",45817,0.156956720695551
"triplet_pairs","mediating_TRUE",45830,0.156643626116904
"triplet_pairs","mediating_TRUE",45843,0.156330531538257
"triplet_pairs","mediating_TRUE",45856,0.15601743695961
"triplet_pairs","mediating_TRUE",45869,0.155704342380963
"triplet_pairs","mediating_TRUE",45882,0.155391247802316
"triplet_pairs","mediating_TRUE",45895,0.15507815322367
"triplet_pairs","mediating_TRUE",45909,0.154740974446665
"triplet_pairs","mediating_TRUE",45922,0.154427879868018
"triplet_pairs","mediating_TRUE",45935,0.154114785289371
"triplet_pairs","mediating_TRUE",45948,0.153801690710724
"triplet_pairs","mediating_TRUE",45961,0.153488596132077
"triplet_pairs","mediating_TRUE",45974,0.15317550155343
"triplet_pairs","mediating_TRUE",45987,0.152862406974783
"triplet_pairs","mediating_TRUE",46000,0.152549312396136
"triplet_pairs","mediating_TRUE",46013,0.15223621781749
"triplet_pairs","mediating_TRUE",46026,0.151923123238843
"triplet_pairs","mediating_TRUE",46039,0.151610028660196
"triplet_pairs","mediating_TRUE",46052,0.151296934081549
"triplet_pairs","mediating_TRUE",46066,0.150959755304544
"triplet_pairs","mediating_TRUE",46079,0.150646660725897
"triplet_pairs","mediating_TRUE",46092,0.15033356614725
"triplet_pairs","mediating_TRUE",46105,0.150020471568603
"triplet_pairs","mediating_TRUE",46118,0.149707376989956
"triplet_pairs","mediating_TRUE",46131,0.14939428241131
"triplet_pairs","mediating_TRUE",46144,0.149081187832663
"triplet_pairs","mediating_TRUE",46157,0.148768093254016
"triplet_pairs","mediating_TRUE",46170,0.148454998675369
"triplet_pairs","mediating_TRUE",46183,0.148141904096722
"triplet_pairs","mediating_TRUE",46196,0.147828809518075
"triplet_pairs","mediating_TRUE",46210,0.14749163074107
"triplet_pairs","mediating_TRUE",46223,0.147178536162423
"triplet_pairs","mediating_TRUE",46236,0.146865441583776
"triplet_pairs","mediating_TRUE",46249,0.14655234700513
"triplet_pairs","mediating_TRUE",46262,0.146239252426483
"triplet_pairs","mediating_TRUE",46275,0.145926157847836
"triplet_pairs","mediating_TRUE",46288,0.145613063269189
"triplet_pairs","mediating_TRUE",46301,0.145299968690542
"triplet_pairs","mediating_TRUE",46314,0.144986874111895
"triplet_pairs","mediating_TRUE",46327,0.144673779533248
"triplet_pairs","mediating_TRUE",46340,0.144360684954601
"triplet_pairs","mediating_TRUE",46353,0.144047590375954
"triplet_pairs","mediating_TRUE",46367,0.14371041159895
"triplet_pairs","mediating_TRUE",46380,0.143397317020303
"triplet_pairs","mediating_TRUE",46393,0.143084222441656
"triplet_pairs","mediating_TRUE",46406,0.142771127863009
"triplet_pairs","mediating_TRUE",46419,0.142458033284362
"triplet_pairs","mediating_TRUE",46432,0.142144938705715
"triplet_pairs","mediating_TRUE",46445,0.141831844127068
"triplet_pairs","mediating_TRUE",46458,0.141518749548421
"triplet_pairs","mediating_TRUE",46471,0.141205654969774
"triplet_pairs","mediating_TRUE",46484,0.140892560391127
"triplet_pairs","mediating_TRUE",46497,0.14057946581248
"triplet_pairs","mediating_TRUE",46510,0.140266371233833
"triplet_pairs","mediating_TRUE",46524,0.139929192456829
"triplet_pairs","mediating_TRUE",46537,0.139616097878182
"triplet_pairs","mediating_TRUE",46550,0.139303003299535
"triplet_pairs","mediating_TRUE",46563,0.138989908720888
"triplet_pairs","mediating_TRUE",46576,0.138676814142241
"triplet_pairs","mediating_TRUE",46589,0.138363719563594
"triplet_pairs","mediating_TRUE",46602,0.138050624984947
"triplet_pairs","mediating_TRUE",46615,0.1377375304063
"triplet_pairs","mediating_TRUE",46628,0.137424435827653
"triplet_pairs","mediating_TRUE",46641,0.137111341249006
"triplet_pairs","mediating_TRUE",46654,0.136798246670359
"triplet_pairs","mediating_TRUE",46668,0.136461067893355
"triplet_pairs","mediating_TRUE",46681,0.136147973314708
"triplet_pairs","mediating_TRUE",46694,0.135834878736061
"triplet_pairs","mediating_TRUE",46707,0.135521784157414
"triplet_pairs","mediating_TRUE",46720,0.135208689578767
"triplet_pairs","mediating_TRUE",46733,0.13489559500012
"triplet_pairs","mediating_TRUE",46746,0.134582500421473
"triplet_pairs","mediating_TRUE",46759,0.134269405842826
"triplet_pairs","mediating_TRUE",46772,0.133956311264179
"triplet_pairs","mediating_TRUE",46785,0.133643216685532
"triplet_pairs","mediating_TRUE",46798,0.133330122106885
"triplet_pairs","mediating_TRUE",46811,0.133017027528238
"triplet_pairs","mediating_TRUE",46825,0.132679848751234
"triplet_pairs","mediating_TRUE",46838,0.132366754172587
"triplet_pairs","mediating_TRUE",46851,0.13205365959394
"triplet_pairs","mediating_TRUE",46864,0.131740565015293
"triplet_pairs","mediating_TRUE",46877,0.131427470436646
"triplet_pairs","mediating_TRUE",46890,0.131114375857999
"triplet_pairs","mediating_TRUE",46903,0.130801281279352
"triplet_pairs","mediating_TRUE",46916,0.130488186700705
"triplet_pairs","mediating_TRUE",46929,0.130175092122058
"triplet_pairs","mediating_TRUE",46942,0.129861997543411
"triplet_pairs","mediating_TRUE",46955,0.129548902964764
"triplet_pairs","mediating_TRUE",46969,0.12921172418776
"triplet_pairs","mediating_TRUE",46982,0.128898629609113
"triplet_pairs","mediating_TRUE",46995,0.128585535030466
"triplet_pairs","mediating_TRUE",47008,0.128272440451819
"triplet_pairs","mediating_TRUE",47021,0.127959345873172
"triplet_pairs","mediating_TRUE",47034,0.127646251294525
"triplet_pairs","mediating_TRUE",47047,0.127333156715878
"triplet_pairs","mediating_TRUE",47060,0.127020062137231
"triplet_pairs","mediating_TRUE",47073,0.126706967558584
"triplet_pairs","mediating_TRUE",47086,0.126393872979937
"triplet_pairs","mediating_TRUE",47099,0.126080778401291
"triplet_pairs","mediating_TRUE",47112,0.125767683822644
"triplet_pairs","mediating_TRUE",47126,0.125430505045639
"triplet_pairs","mediating_TRUE",47139,0.125117410466992
"triplet_pairs","mediating_TRUE",47152,0.124804315888345
"triplet_pairs","mediating_TRUE",47165,0.124491221309698
"triplet_pairs","mediating_TRUE",47178,0.124178126731051
"triplet_pairs","mediating_TRUE",47191,0.123865032152404
"triplet_pairs","mediating_TRUE",47204,0.123551937573757
"triplet_pairs","mediating_TRUE",47217,0.12323884299511
"triplet_pairs","mediating_TRUE",47230,0.122925748416464
"triplet_pairs","mediating_TRUE",47243,0.122612653837817
"triplet_pairs","mediating_TRUE",47256,0.12229955925917
"triplet_pairs","mediating_TRUE",47270,0.121962380482165
"triplet_pairs","mediating_TRUE",47283,0.121649285903518
"triplet_pairs","mediating_TRUE",47296,0.121336191324871
"triplet_pairs","mediating_TRUE",47309,0.121023096746224
"triplet_pairs","mediating_TRUE",47322,0.120710002167577
"triplet_pairs","mediating_TRUE",47335,0.12039690758893
"triplet_pairs","mediating_TRUE",47348,0.120083813010284
"triplet_pairs","mediating_TRUE",47361,0.119770718431637
"triplet_pairs","mediating_TRUE",47374,0.11945762385299
"triplet_pairs","mediating_TRUE",47387,0.119144529274343
"triplet_pairs","mediating_TRUE",47400,0.118831434695696
"triplet_pairs","mediating_TRUE",47413,0.118518340117049
"triplet_pairs","mediating_TRUE",47427,0.118181161340044
"triplet_pairs","mediating_TRUE",47440,0.117868066761397
"triplet_pairs","mediating_TRUE",47453,0.11755497218275
"triplet_pairs","mediating_TRUE",47466,0.117241877604104
"triplet_pairs","mediating_TRUE",47479,0.116928783025457
"triplet_pairs","mediating_TRUE",47492,0.11661568844681
"triplet_pairs","mediating_TRUE",47505,0.116302593868163
"triplet_pairs","mediating_TRUE",47518,0.115989499289516
"triplet_pairs","mediating_TRUE",47531,0.115676404710869
"triplet_pairs","mediating_TRUE",47544,0.115363310132222
"triplet_pairs","mediating_TRUE",47557,0.115050215553575
"triplet_pairs","mediating_TRUE",47571,0.11471303677657
"triplet_pairs","mediating_TRUE",47584,0.114399942197924
"triplet_pairs","mediating_TRUE",47597,0.114086847619277
"triplet_pairs","mediating_TRUE",47610,0.11377375304063
"triplet_pairs","mediating_TRUE",47623,0.113460658461983
"triplet_pairs","mediating_TRUE",47636,0.113147563883336
"triplet_pairs","mediating_TRUE",47649,0.112834469304689
"triplet_pairs","mediating_TRUE",47662,0.112521374726042
"triplet_pairs","mediating_TRUE",47675,0.112208280147395
"triplet_pairs","mediating_TRUE",47688,0.111895185568748
"triplet_pairs","mediating_TRUE",47701,0.111582090990101
"triplet_pairs","mediating_TRUE",47714,0.111268996411454
"triplet_pairs","mediating_TRUE",47728,0.11093181763445
"triplet_pairs","mediating_TRUE",47741,0.110618723055803
"triplet_pairs","mediating_TRUE",47754,0.110305628477156
"triplet_pairs","mediating_TRUE",47767,0.109992533898509
"triplet_pairs","mediating_TRUE",47780,0.109679439319862
"triplet_pairs","mediating_TRUE",47793,0.109366344741215
"triplet_pairs","mediating_TRUE",47806,0.109053250162568
"triplet_pairs","mediating_TRUE",47819,0.108740155583921
"triplet_pairs","mediating_TRUE",47832,0.108427061005274
"triplet_pairs","mediating_TRUE",47845,0.108113966426627
"triplet_pairs","mediating_TRUE",47858,0.10780087184798
"triplet_pairs","mediating_TRUE",47871,0.107487777269333
"triplet_pairs","mediating_TRUE",47885,0.107150598492329
"triplet_pairs","mediating_TRUE",47898,0.106837503913682
"triplet_pairs","mediating_TRUE",47911,0.106524409335035
"triplet_pairs","mediating_TRUE",47924,0.106211314756388
"triplet_pairs","mediating_TRUE",47937,0.105898220177741
"triplet_pairs","mediating_TRUE",47950,0.105585125599094
"triplet_pairs","mediating_TRUE",47963,0.105272031020447
"triplet_pairs","mediating_TRUE",47976,0.1049589364418
"triplet_pairs","mediating_TRUE",47989,0.104645841863153
"triplet_pairs","mediating_TRUE",48002,0.104332747284506
"triplet_pairs","mediating_TRUE",48015,0.104019652705859
"triplet_pairs","mediating_TRUE",48029,0.103682473928855
"triplet_pairs","mediating_TRUE",48042,0.103369379350208
"triplet_pairs","mediating_TRUE",48055,0.103056284771561
"triplet_pairs","mediating_TRUE",48068,0.102743190192914
"triplet_pairs","mediating_TRUE",48081,0.102430095614267
"triplet_pairs","mediating_TRUE",48094,0.10211700103562
"triplet_pairs","mediating_TRUE",48107,0.101803906456973
"triplet_pairs","mediating_TRUE",48120,0.101490811878326
"triplet_pairs","mediating_TRUE",48133,0.101177717299679
"triplet_pairs","mediating_TRUE",48146,0.100864622721032
"triplet_pairs","mediating_TRUE",48159,0.100551528142385
"triplet_pairs","mediating_TRUE",48172,0.100238433563738
"triplet_pairs","mediating_TRUE",48186,0.099901254786734
"triplet_pairs","mediating_TRUE",48199,0.0995881602080871
"triplet_pairs","mediating_TRUE",48212,0.0992750656294401
"triplet_pairs","mediating_TRUE",48225,0.0989619710507932
"triplet_pairs","mediating_TRUE",48238,0.0986488764721462
"triplet_pairs","mediating_TRUE",48251,0.0983357818934993
"triplet_pairs","mediating_TRUE",48264,0.0980226873148523
"triplet_pairs","mediating_TRUE",48277,0.0977095927362054
"triplet_pairs","mediating_TRUE",48290,0.0973964981575584
"triplet_pairs","mediating_TRUE",48303,0.0970834035789115
"triplet_pairs","mediating_TRUE",48316,0.0967703090002645
"triplet_pairs","mediating_TRUE",48330,0.0964331302232601
"triplet_pairs","mediating_TRUE",48343,0.0961200356446132
"triplet_pairs","mediating_TRUE",48356,0.0958069410659662
"triplet_pairs","mediating_TRUE",48369,0.0954938464873193
"triplet_pairs","mediating_TRUE",48382,0.0951807519086723
"triplet_pairs","mediating_TRUE",48395,0.0948676573300254
"triplet_pairs","mediating_TRUE",48408,0.0945545627513784
"triplet_pairs","mediating_TRUE",48421,0.0942414681727315
"triplet_pairs","mediating_TRUE",48434,0.0939283735940845
"triplet_pairs","mediating_TRUE",48447,0.0936152790154376
"triplet_pairs","mediating_TRUE",48460,0.0933021844367906
"triplet_pairs","mediating_TRUE",48473,0.0929890898581437
"triplet_pairs","mediating_TRUE",48487,0.0926519110811393
"triplet_pairs","mediating_TRUE",48500,0.0923388165024923
"triplet_pairs","mediating_TRUE",48513,0.0920257219238454
"triplet_pairs","mediating_TRUE",48526,0.0917126273451984
"triplet_pairs","mediating_TRUE",48539,0.0913995327665515
"triplet_pairs","mediating_TRUE",48552,0.0910864381879045
"triplet_pairs","mediating_TRUE",48565,0.0907733436092576
"triplet_pairs","mediating_TRUE",48578,0.0904602490306106
"triplet_pairs","mediating_TRUE",48591,0.0901471544519637
"triplet_pairs","mediating_TRUE",48604,0.0898340598733167
"triplet_pairs","mediating_TRUE",48617,0.0895209652946698
"triplet_pairs","mediating_TRUE",48631,0.0891837865176654
"triplet_pairs","mediating_TRUE",48644,0.0888706919390184
"triplet_pairs","mediating_TRUE",48657,0.0885575973603715
"triplet_pairs","mediating_TRUE",48670,0.0882445027817245
"triplet_pairs","mediating_TRUE",48683,0.0879314082030776
"triplet_pairs","mediating_TRUE",48696,0.0876183136244306
"triplet_pairs","mediating_TRUE",48709,0.0873052190457837
"triplet_pairs","mediating_TRUE",48722,0.0869921244671367
"triplet_pairs","mediating_TRUE",48735,0.0866790298884898
"triplet_pairs","mediating_TRUE",48748,0.0863659353098428
"triplet_pairs","mediating_TRUE",48761,0.0860528407311959
"triplet_pairs","mediating_TRUE",48774,0.0857397461525489
"triplet_pairs","mediating_TRUE",48788,0.0854025673755445
"triplet_pairs","mediating_TRUE",48801,0.0850894727968975
"triplet_pairs","mediating_TRUE",48814,0.0847763782182506
"triplet_pairs","mediating_TRUE",48827,0.0844632836396036
"triplet_pairs","mediating_TRUE",48840,0.0841501890609567
"triplet_pairs","mediating_TRUE",48853,0.0838370944823097
"triplet_pairs","mediating_TRUE",48866,0.0835239999036628
"triplet_pairs","mediating_TRUE",48879,0.0832109053250158
"triplet_pairs","mediating_TRUE",48892,0.0828978107463689
"triplet_pairs","mediating_TRUE",48905,0.0825847161677219
"triplet_pairs","mediating_TRUE",48918,0.082271621589075
"triplet_pairs","mediating_TRUE",48932,0.0819344428120706
"triplet_pairs","mediating_TRUE",48945,0.0816213482334236
"triplet_pairs","mediating_TRUE",48958,0.0813082536547767
"triplet_pairs","mediating_TRUE",48971,0.0809951590761297
"triplet_pairs","mediating_TRUE",48984,0.0806820644974828
"triplet_pairs","mediating_TRUE",48997,0.0803689699188358
"triplet_pairs","mediating_TRUE",49010,0.0800558753401889
"triplet_pairs","mediating_TRUE",49023,0.0797427807615419
"triplet_pairs","mediating_TRUE",49036,0.079429686182895
"triplet_pairs","mediating_TRUE",49049,0.079116591604248
"triplet_pairs","mediating_TRUE",49062,0.0788034970256011
"triplet_pairs","mediating_TRUE",49075,0.0784904024469541
"triplet_pairs","mediating_TRUE",49089,0.0781532236699497
"triplet_pairs","mediating_TRUE",49102,0.0778401290913028
"triplet_pairs","mediating_TRUE",49115,0.0775270345126558
"triplet_pairs","mediating_TRUE",49128,0.0772139399340089
"triplet_pairs","mediating_TRUE",49141,0.0769008453553619
"triplet_pairs","mediating_TRUE",49154,0.076587750776715
"triplet_pairs","mediating_TRUE",49167,0.076274656198068
"triplet_pairs","mediating_TRUE",49180,0.0759615616194211
"triplet_pairs","mediating_TRUE",49193,0.0756484670407741
"triplet_pairs","mediating_TRUE",49206,0.0753353724621272
"triplet_pairs","mediating_TRUE",49219,0.0750222778834802
"triplet_pairs","mediating_TRUE",49232,0.0747091833048333
"triplet_pairs","mediating_TRUE",49246,0.0743720045278289
"triplet_pairs","mediating_TRUE",49259,0.0740589099491819
"triplet_pairs","mediating_TRUE",49272,0.073745815370535
"triplet_pairs","mediating_TRUE",49285,0.073432720791888
"triplet_pairs","mediating_TRUE",49298,0.0731196262132411
"triplet_pairs","mediating_TRUE",49311,0.0728065316345941
"triplet_pairs","mediating_TRUE",49324,0.0724934370559472
"triplet_pairs","mediating_TRUE",49337,0.0721803424773002
"triplet_pairs","mediating_TRUE",49350,0.0718672478986533
"triplet_pairs","mediating_TRUE",49363,0.0715541533200063
"triplet_pairs","mediating_TRUE",49376,0.0712410587413594
"triplet_pairs","mediating_TRUE",49390,0.070903879964355
"triplet_pairs","mediating_TRUE",49403,0.070590785385708
"triplet_pairs","mediating_TRUE",49416,0.0702776908070611
"triplet_pairs","mediating_TRUE",49429,0.0699645962284141
"triplet_pairs","mediating_TRUE",49442,0.0696515016497672
"triplet_pairs","mediating_TRUE",49455,0.0693384070711202
"triplet_pairs","mediating_TRUE",49468,0.0690253124924733
"triplet_pairs","mediating_TRUE",49481,0.0687122179138263
"triplet_pairs","mediating_TRUE",49494,0.0683991233351794
"triplet_pairs","mediating_TRUE",49507,0.0680860287565324
"triplet_pairs","mediating_TRUE",49520,0.0677729341778855
"triplet_pairs","mediating_TRUE",49533,0.0674598395992385
"triplet_pairs","mediating_TRUE",49547,0.0671226608222341
"triplet_pairs","mediating_TRUE",49560,0.0668095662435872
"triplet_pairs","mediating_TRUE",49573,0.0664964716649402
"triplet_pairs","mediating_TRUE",49586,0.0661833770862933
"triplet_pairs","mediating_TRUE",49599,0.0658702825076463
"triplet_pairs","mediating_TRUE",49612,0.0655571879289994
"triplet_pairs","mediating_TRUE",49625,0.0652440933503524
"triplet_pairs","mediating_TRUE",49638,0.0649309987717055
"triplet_pairs","mediating_TRUE",49651,0.0646179041930585
"triplet_pairs","mediating_TRUE",49664,0.0643048096144116
"triplet_pairs","mediating_TRUE",49677,0.0639917150357646
"triplet_pairs","mediating_TRUE",49691,0.0636545362587602
"triplet_pairs","mediating_TRUE",49704,0.0633414416801133
"triplet_pairs","mediating_TRUE",49717,0.0630283471014663
"triplet_pairs","mediating_TRUE",49730,0.0627152525228194
"triplet_pairs","mediating_TRUE",49743,0.0624021579441724
"triplet_pairs","mediating_TRUE",49756,0.0620890633655255
"triplet_pairs","mediating_TRUE",49769,0.0617759687868785
"triplet_pairs","mediating_TRUE",49782,0.0614628742082316
"triplet_pairs","mediating_TRUE",49795,0.0611497796295846
"triplet_pairs","mediating_TRUE",49808,0.0608366850509377
"triplet_pairs","mediating_TRUE",49821,0.0605235904722907
"triplet_pairs","mediating_TRUE",49834,0.0602104958936438
"triplet_pairs","mediating_TRUE",49848,0.0598733171166394
"triplet_pairs","mediating_TRUE",49861,0.0595602225379924
"triplet_pairs","mediating_TRUE",49874,0.0592471279593455
"triplet_pairs","mediating_TRUE",49887,0.0589340333806985
"triplet_pairs","mediating_TRUE",49900,0.0586209388020516
"triplet_pairs","mediating_TRUE",49913,0.0583078442234046
"triplet_pairs","mediating_TRUE",49926,0.0579947496447577
"triplet_pairs","mediating_TRUE",49939,0.0576816550661107
"triplet_pairs","mediating_TRUE",49952,0.0573685604874638
"triplet_pairs","mediating_TRUE",49965,0.0570554659088168
"triplet_pairs","mediating_TRUE",49978,0.0567423713301699
"triplet_pairs","mediating_TRUE",49992,0.0564051925531655
"triplet_pairs","mediating_TRUE",50005,0.0560920979745185
"triplet_pairs","mediating_TRUE",50018,0.0557790033958716
"triplet_pairs","mediating_TRUE",50031,0.0554659088172246
"triplet_pairs","mediating_TRUE",50044,0.0551528142385777
"triplet_pairs","mediating_TRUE",50057,0.0548397196599307
"triplet_pairs","mediating_TRUE",50070,0.0545266250812838
"triplet_pairs","mediating_TRUE",50083,0.0542135305026368
"triplet_pairs","mediating_TRUE",50096,0.0539004359239899
"triplet_pairs","mediating_TRUE",50109,0.0535873413453429
"triplet_pairs","mediating_TRUE",50122,0.053274246766696
"triplet_pairs","mediating_TRUE",50135,0.052961152188049
"triplet_pairs","mediating_TRUE",50149,0.0526239734110446
"triplet_pairs","mediating_TRUE",50162,0.0523108788323977
"triplet_pairs","mediating_TRUE",50175,0.0519977842537507
"triplet_pairs","mediating_TRUE",50188,0.0516846896751038
"triplet_pairs","mediating_TRUE",50201,0.0513715950964568
"triplet_pairs","mediating_TRUE",50214,0.0510585005178099
"triplet_pairs","mediating_TRUE",50227,0.0507454059391629
"triplet_pairs","mediating_TRUE",50240,0.050432311360516
"triplet_pairs","mediating_TRUE",50253,0.050119216781869
"triplet_pairs","mediating_TRUE",50266,0.0498061222032221
"triplet_pairs","mediating_TRUE",50279,0.0494930276245751
"triplet_pairs","mediating_TRUE",50293,0.0491558488475707
"triplet_pairs","mediating_TRUE",50306,0.0488427542689238
"triplet_pairs","mediating_TRUE",50319,0.0485296596902768
"triplet_pairs","mediating_TRUE",50332,0.0482165651116299
"triplet_pairs","mediating_TRUE",50345,0.0479034705329829
"triplet_pairs","mediating_TRUE",50358,0.047590375954336
"triplet_pairs","mediating_TRUE",50371,0.047277281375689
"triplet_pairs","mediating_TRUE",50384,0.0469641867970421
"triplet_pairs","mediating_TRUE",50397,0.0466510922183951
"triplet_pairs","mediating_TRUE",50410,0.0463379976397482
"triplet_pairs","mediating_TRUE",50423,0.0460249030611012
"triplet_pairs","mediating_TRUE",50436,0.0457118084824543
"triplet_pairs","mediating_TRUE",50450,0.0453746297054498
"triplet_pairs","mediating_TRUE",50463,0.0450615351268029
"triplet_pairs","mediating_TRUE",50476,0.0447484405481559
"triplet_pairs","mediating_TRUE",50489,0.044435345969509
"triplet_pairs","mediating_TRUE",50502,0.044122251390862
"triplet_pairs","mediating_TRUE",50515,0.0438091568122151
"triplet_pairs","mediating_TRUE",50528,0.0434960622335681
"triplet_pairs","mediating_TRUE",50541,0.0431829676549212
"triplet_pairs","mediating_TRUE",50554,0.0428698730762742
"triplet_pairs","mediating_TRUE",50567,0.0425567784976273
"triplet_pairs","mediating_TRUE",50580,0.0422436839189803
"triplet_pairs","mediating_TRUE",50593,0.0419305893403334
"triplet_pairs","mediating_TRUE",50607,0.041593410563329
"triplet_pairs","mediating_TRUE",50620,0.041280315984682
"triplet_pairs","mediating_TRUE",50633,0.0409672214060351
"triplet_pairs","mediating_TRUE",50646,0.0406541268273881
"triplet_pairs","mediating_TRUE",50659,0.0403410322487412
"triplet_pairs","mediating_TRUE",50672,0.0400279376700942
"triplet_pairs","mediating_TRUE",50685,0.0397148430914473
"triplet_pairs","mediating_TRUE",50698,0.0394017485128003
"triplet_pairs","mediating_TRUE",50711,0.0390886539341534
"triplet_pairs","mediating_TRUE",50724,0.0387755593555064
"triplet_pairs","mediating_TRUE",50737,0.0384624647768595
"triplet_pairs","mediating_TRUE",50751,0.0381252859998551
"triplet_pairs","mediating_TRUE",50764,0.0378121914212081
"triplet_pairs","mediating_TRUE",50777,0.0374990968425612
"triplet_pairs","mediating_TRUE",50790,0.0371860022639142
"triplet_pairs","mediating_TRUE",50803,0.0368729076852673
"triplet_pairs","mediating_TRUE",50816,0.0365598131066203
"triplet_pairs","mediating_TRUE",50829,0.0362467185279734
"triplet_pairs","mediating_TRUE",50842,0.0359336239493264
"triplet_pairs","mediating_TRUE",50855,0.0356205293706795
"triplet_pairs","mediating_TRUE",50868,0.0353074347920325
"triplet_pairs","mediating_TRUE",50881,0.0349943402133856
"triplet_pairs","mediating_TRUE",50894,0.0346812456347386
"triplet_pairs","mediating_TRUE",50908,0.0343440668577342
"triplet_pairs","mediating_TRUE",50921,0.0340309722790873
"triplet_pairs","mediating_TRUE",50934,0.0337178777004403
"triplet_pairs","mediating_TRUE",50947,0.0334047831217934
"triplet_pairs","mediating_TRUE",50960,0.0330916885431464
"triplet_pairs","mediating_TRUE",50973,0.0327785939644995
"triplet_pairs","mediating_TRUE",50986,0.0324654993858525
"triplet_pairs","mediating_TRUE",50999,0.0321524048072056
"triplet_pairs","mediating_TRUE",51012,0.0318393102285586
"triplet_pairs","mediating_TRUE",51025,0.0315262156499117
"triplet_pairs","mediating_TRUE",51038,0.0312131210712647
"triplet_pairs","mediating_TRUE",51052,0.0308759422942603
"triplet_pairs","mediating_TRUE",51065,0.0305628477156134
"triplet_pairs","mediating_TRUE",51078,0.0302497531369664
"triplet_pairs","mediating_TRUE",51091,0.0299366585583195
"triplet_pairs","mediating_TRUE",51104,0.0296235639796725
"triplet_pairs","mediating_TRUE",51117,0.0293104694010256
"triplet_pairs","mediating_TRUE",51130,0.0289973748223786
"triplet_pairs","mediating_TRUE",51143,0.0286842802437317
"triplet_pairs","mediating_TRUE",51156,0.0283711856650847
"triplet_pairs","mediating_TRUE",51169,0.0280580910864378
"triplet_pairs","mediating_TRUE",51182,0.0277449965077908
"triplet_pairs","mediating_TRUE",51195,0.0274319019291439
"triplet_pairs","mediating_TRUE",51209,0.0270947231521395
"triplet_pairs","mediating_TRUE",51222,0.0267816285734925
"triplet_pairs","mediating_TRUE",51235,0.0264685339948456
"triplet_pairs","mediating_TRUE",51248,0.0261554394161986
"triplet_pairs","mediating_TRUE",51261,0.0258423448375517
"triplet_pairs","mediating_TRUE",51274,0.0255292502589047
"triplet_pairs","mediating_TRUE",51287,0.0252161556802578
"triplet_pairs","mediating_TRUE",51300,0.0249030611016108
"triplet_pairs","mediating_TRUE",51313,0.0245899665229639
"triplet_pairs","mediating_TRUE",51326,0.0242768719443169
"triplet_pairs","mediating_TRUE",51339,0.02396377736567
"triplet_pairs","mediating_TRUE",51353,0.0236265985886656
"triplet_pairs","mediating_TRUE",51366,0.0233135040100186
"triplet_pairs","mediating_TRUE",51379,0.0230004094313717
"triplet_pairs","mediating_TRUE",51392,0.0226873148527247
"triplet_pairs","mediating_TRUE",51405,0.0223742202740778
"triplet_pairs","mediating_TRUE",51418,0.0220611256954308
"triplet_pairs","mediating_TRUE",51431,0.0217480311167839
"triplet_pairs","mediating_TRUE",51444,0.0214349365381369
"triplet_pairs","mediating_TRUE",51457,0.02112184195949
"triplet_pairs","mediating_TRUE",51470,0.020808747380843
"triplet_pairs","mediating_TRUE",51483,0.0204956528021961
"triplet_pairs","mediating_TRUE",51496,0.0201825582235491
"triplet_pairs","mediating_TRUE",51510,0.0198453794465447
"triplet_pairs","mediating_TRUE",51523,0.0195322848678978
"triplet_pairs","mediating_TRUE",51536,0.0192191902892508
"triplet_pairs","mediating_TRUE",51549,0.0189060957106039
"triplet_pairs","mediating_TRUE",51562,0.0185930011319569
"triplet_pairs","mediating_TRUE",51575,0.01827990655331
"triplet_pairs","mediating_TRUE",51588,0.017966811974663
"triplet_pairs","mediating_TRUE",51601,0.0176537173960161
"triplet_pairs","mediating_TRUE",51614,0.0173406228173691
"triplet_pairs","mediating_TRUE",51627,0.0170275282387222
"triplet_pairs","mediating_TRUE",51640,0.0167144336600752
"triplet_pairs","mediating_TRUE",51654,0.0163772548830708
"triplet_pairs","mediating_TRUE",51667,0.0160641603044239
"triplet_pairs","mediating_TRUE",51680,0.0157510657257769
"triplet_pairs","mediating_TRUE",51693,0.01543797114713
"triplet_pairs","mediating_TRUE",51706,0.015124876568483
"triplet_pairs","mediating_TRUE",51719,0.0148117819898361
"triplet_pairs","mediating_TRUE",51732,0.0144986874111891
"triplet_pairs","mediating_TRUE",51745,0.0141855928325422
"triplet_pairs","mediating_TRUE",51758,0.0138724982538952
"triplet_pairs","mediating_TRUE",51771,0.0135594036752483
"triplet_pairs","mediating_TRUE",51784,0.0132463090966013
"triplet_pairs","mediating_TRUE",51797,0.0129332145179544
"triplet_pairs","mediating_TRUE",51811,0.01259603574095
"triplet_pairs","mediating_TRUE",51824,0.012282941162303
"triplet_pairs","mediating_TRUE",51837,0.0119698465836561
"triplet_pairs","mediating_TRUE",51850,0.0116567520050091
"triplet_pairs","mediating_TRUE",51863,0.0113436574263622
"triplet_pairs","mediating_TRUE",51876,0.0110305628477152
"triplet_pairs","mediating_TRUE",51889,0.0107174682690683
"triplet_pairs","mediating_TRUE",51902,0.0104043736904213
"triplet_pairs","mediating_TRUE",51915,0.0100912791117744
"triplet_pairs","mediating_TRUE",51928,0.00977818453312741
"triplet_pairs","mediating_TRUE",51941,0.00946508995448046
"triplet_pairs","mediating_TRUE",51954,0.00915199537583351
"triplet_pairs","mediating_TRUE",51968,0.0088148165988291
"triplet_pairs","mediating_TRUE",51981,0.00850172202018215
"triplet_pairs","mediating_TRUE",51994,0.0081886274415352
"triplet_pairs","mediating_TRUE",52007,0.00787553286288825
"triplet_pairs","mediating_TRUE",52020,0.0075624382842413
"triplet_pairs","mediating_TRUE",52033,0.00724934370559435
"triplet_pairs","mediating_TRUE",52046,0.0069362491269474
"triplet_pairs","mediating_TRUE",52059,0.00662315454830045
"triplet_pairs","mediating_TRUE",52072,0.0063100599696535
"triplet_pairs","mediating_TRUE",52085,0.00599696539100655
"triplet_pairs","mediating_TRUE",52098,0.0056838708123596
"triplet_pairs","mediating_TRUE",52112,0.0053466920353552
"triplet_pairs","mediating_TRUE",52125,0.00503359745670825
"triplet_pairs","mediating_TRUE",52138,0.0047205028780613
"triplet_pairs","mediating_TRUE",52151,0.00440740829941435
"triplet_pairs","mediating_TRUE",52164,0.0040943137207674
"triplet_pairs","mediating_TRUE",52177,0.00378121914212045
"triplet_pairs","mediating_TRUE",52190,0.0034681245634735
"triplet_pairs","mediating_TRUE",52203,0.00315502998482655
"triplet_pairs","mediating_TRUE",52216,0.0028419354061796
"triplet_pairs","mediating_TRUE",52229,0.00252884082753265
"triplet_pairs","mediating_TRUE",52242,0.0022157462488857
"triplet_pairs","mediating_TRUE",52255,0.00190265167023875
"triplet_pairs","mediating_TRUE",52269,0.00156547289323434
"triplet_pairs","mediating_TRUE",52282,0.00125237831458739
"triplet_pairs","mediating_TRUE",52295,0.000939283735940442
"triplet_pairs","mediating_TRUE",52308,0.000626189157293492
"triplet_pairs","mediating_TRUE",52321,0.000313094578646542
"triplet_pairs","mediating_TRUE",52334,-4.07463505210787e-16
"cum_abs_estimate_total","expressed_TRUE",1,0.000107898144151921
"cum_abs_estimate_total","expressed_TRUE",14,0.000986100746771609
"cum_abs_estimate_total","expressed_TRUE",27,0.00173318503155248
"cum_abs_estimate_total","expressed_TRUE",40,0.00261138763417217
"cum_abs_estimate_total","expressed_TRUE",53,0.0030962352832754
"cum_abs_estimate_total","expressed_TRUE",66,0.00371220125021744
"cum_abs_estimate_total","expressed_TRUE",80,0.00443606536131141
"cum_abs_estimate_total","expressed_TRUE",93,0.00492091301041464
"cum_abs_estimate_total","expressed_TRUE",106,0.00553687897735669
"cum_abs_estimate_total","expressed_TRUE",119,0.00575948999078228
"cum_abs_estimate_total","expressed_TRUE",132,0.00611321932204669
"cum_abs_estimate_total","expressed_TRUE",145,0.00620471201763346
"cum_abs_estimate_total","expressed_TRUE",158,0.00655844134889787
"cum_abs_estimate_total","expressed_TRUE",171,0.00717440731583992
"cum_abs_estimate_total","expressed_TRUE",184,0.00752813664710433
"cum_abs_estimate_total","expressed_TRUE",197,0.0076196293426911
"cum_abs_estimate_total","expressed_TRUE",210,0.00784224035611669
"cum_abs_estimate_total","expressed_TRUE",223,0.00845820632305874
"cum_abs_estimate_total","expressed_TRUE",237,0.00878871548063625
"cum_abs_estimate_total","expressed_TRUE",250,0.00901132649406184
"cum_abs_estimate_total","expressed_TRUE",263,0.00936505582532625
"cum_abs_estimate_total","expressed_TRUE",276,0.00958766683875184
"cum_abs_estimate_total","expressed_TRUE",289,0.0100725144878551
"cum_abs_estimate_total","expressed_TRUE",302,0.010032888865603
"cum_abs_estimate_total","expressed_TRUE",315,0.0103866181968674
"cum_abs_estimate_total","expressed_TRUE",328,0.0111337024816483
"cum_abs_estimate_total","expressed_TRUE",341,0.0117496684485903
"cum_abs_estimate_total","expressed_TRUE",354,0.0121033977798548
"cum_abs_estimate_total","expressed_TRUE",367,0.012588245428958
"cum_abs_estimate_total","expressed_TRUE",381,0.0130498729043743
"cum_abs_estimate_total","expressed_TRUE",394,0.0137969571891552
"cum_abs_estimate_total","expressed_TRUE",407,0.0137573315669031
"cum_abs_estimate_total","expressed_TRUE",420,0.014504415851684
"cum_abs_estimate_total","expressed_TRUE",433,0.0147270268651096
"cum_abs_estimate_total","expressed_TRUE",446,0.0149496378785352
"cum_abs_estimate_total","expressed_TRUE",459,0.0153033672097996
"cum_abs_estimate_total","expressed_TRUE",472,0.0159193331767416
"cum_abs_estimate_total","expressed_TRUE",485,0.0160108258723284
"cum_abs_estimate_total","expressed_TRUE",498,0.0164956735214316
"cum_abs_estimate_total","expressed_TRUE",511,0.0165871662170184
"cum_abs_estimate_total","expressed_TRUE",524,0.016809777230444
"cum_abs_estimate_total","expressed_TRUE",538,0.0172714047058603
"cum_abs_estimate_total","expressed_TRUE",551,0.0180184889906412
"cum_abs_estimate_total","expressed_TRUE",564,0.018109981686228
"cum_abs_estimate_total","expressed_TRUE",577,0.01872594765317
"cum_abs_estimate_total","expressed_TRUE",590,0.0189485586665956
"cum_abs_estimate_total","expressed_TRUE",603,0.01930228799786
"cum_abs_estimate_total","expressed_TRUE",616,0.0196560173291244
"cum_abs_estimate_total","expressed_TRUE",629,0.0197475100247112
"cum_abs_estimate_total","expressed_TRUE",642,0.0201012393559756
"cum_abs_estimate_total","expressed_TRUE",655,0.0203238503694012
"cum_abs_estimate_total","expressed_TRUE",668,0.0208086980185044
"cum_abs_estimate_total","expressed_TRUE",681,0.0214246639854465
"cum_abs_estimate_total","expressed_TRUE",695,0.0214929365073463
"cum_abs_estimate_total","expressed_TRUE",708,0.0215844292029331
"cum_abs_estimate_total","expressed_TRUE",721,0.0220692768520363
"cum_abs_estimate_total","expressed_TRUE",734,0.0222918878654619
"cum_abs_estimate_total","expressed_TRUE",747,0.0225144988788875
"cum_abs_estimate_total","expressed_TRUE",760,0.0229993465279908
"cum_abs_estimate_total","expressed_TRUE",773,0.0232219575414163
"cum_abs_estimate_total","expressed_TRUE",786,0.0234445685548419
"cum_abs_estimate_total","expressed_TRUE",799,0.0239294162039452
"cum_abs_estimate_total","expressed_TRUE",812,0.0244142638530484
"cum_abs_estimate_total","expressed_TRUE",825,0.0247679931843128
"cum_abs_estimate_total","expressed_TRUE",839,0.025360738977568
"cum_abs_estimate_total","expressed_TRUE",852,0.0255833499909935
"cum_abs_estimate_total","expressed_TRUE",865,0.0260681976400968
"cum_abs_estimate_total","expressed_TRUE",878,0.0265530452892
"cum_abs_estimate_total","expressed_TRUE",891,0.0267756563026256
"cum_abs_estimate_total","expressed_TRUE",904,0.0273916222695676
"cum_abs_estimate_total","expressed_TRUE",917,0.0276142332829932
"cum_abs_estimate_total","expressed_TRUE",930,0.0279679626142576
"cum_abs_estimate_total","expressed_TRUE",943,0.028321691945522
"cum_abs_estimate_total","expressed_TRUE",956,0.0284131846411088
"cum_abs_estimate_total","expressed_TRUE",969,0.0291602689258897
"cum_abs_estimate_total","expressed_TRUE",982,0.0299073532106706
"cum_abs_estimate_total","expressed_TRUE",996,0.0301067440504092
"cum_abs_estimate_total","expressed_TRUE",1009,0.0305915916995125
"cum_abs_estimate_total","expressed_TRUE",1022,0.0309453210307769
"cum_abs_estimate_total","expressed_TRUE",1035,0.0315612869977189
"cum_abs_estimate_total","expressed_TRUE",1048,0.0313905430576281
"cum_abs_estimate_total","expressed_TRUE",1061,0.0317442723888925
"cum_abs_estimate_total","expressed_TRUE",1074,0.0317046467666404
"cum_abs_estimate_total","expressed_TRUE",1087,0.0323206127335825
"cum_abs_estimate_total","expressed_TRUE",1100,0.033329933654041
"cum_abs_estimate_total","expressed_TRUE",1113,0.033945899620983
"cum_abs_estimate_total","expressed_TRUE",1126,0.0341685106344086
"cum_abs_estimate_total","expressed_TRUE",1140,0.0346301381098249
"cum_abs_estimate_total","expressed_TRUE",1153,0.0349838674410894
"cum_abs_estimate_total","expressed_TRUE",1166,0.0350753601366761
"cum_abs_estimate_total","expressed_TRUE",1179,0.0351668528322629
"cum_abs_estimate_total","expressed_TRUE",1192,0.0357828187992049
"cum_abs_estimate_total","expressed_TRUE",1205,0.0362676664483082
"cum_abs_estimate_total","expressed_TRUE",1218,0.0364902774617338
"cum_abs_estimate_total","expressed_TRUE",1231,0.0367128884751594
"cum_abs_estimate_total","expressed_TRUE",1244,0.0371977361242626
"cum_abs_estimate_total","expressed_TRUE",1257,0.0372892288198494
"cum_abs_estimate_total","expressed_TRUE",1270,0.0371184848797585
"cum_abs_estimate_total","expressed_TRUE",1283,0.0370788592575064
"cum_abs_estimate_total","expressed_TRUE",1297,0.0370160134615675
"cum_abs_estimate_total","expressed_TRUE",1310,0.0372386244749931
"cum_abs_estimate_total","expressed_TRUE",1323,0.0375923538062575
"cum_abs_estimate_total","expressed_TRUE",1336,0.0382083197731995
"cum_abs_estimate_total","expressed_TRUE",1349,0.0388242857401416
"cum_abs_estimate_total","expressed_TRUE",1362,0.0387846601178895
"cum_abs_estimate_total","expressed_TRUE",1375,0.0395317444026704
"cum_abs_estimate_total","expressed_TRUE",1388,0.0394921187804184
"cum_abs_estimate_total","expressed_TRUE",1401,0.0398458481116828
"cum_abs_estimate_total","expressed_TRUE",1414,0.040330695760786
"cum_abs_estimate_total","expressed_TRUE",1427,0.0408155434098892
"cum_abs_estimate_total","expressed_TRUE",1441,0.0408838159317891
"cum_abs_estimate_total","expressed_TRUE",1454,0.0414997818987311
"cum_abs_estimate_total","expressed_TRUE",1467,0.0421157478656732
"cum_abs_estimate_total","expressed_TRUE",1480,0.0419450039255823
"cum_abs_estimate_total","expressed_TRUE",1493,0.0422987332568467
"cum_abs_estimate_total","expressed_TRUE",1506,0.0423902259524335
"cum_abs_estimate_total","expressed_TRUE",1519,0.0426128369658591
"cum_abs_estimate_total","expressed_TRUE",1532,0.0432288029328011
"cum_abs_estimate_total","expressed_TRUE",1545,0.0434514139462267
"cum_abs_estimate_total","expressed_TRUE",1558,0.04393626159533
"cum_abs_estimate_total","expressed_TRUE",1571,0.0438966359730779
"cum_abs_estimate_total","expressed_TRUE",1584,0.0439881286686647
"cum_abs_estimate_total","expressed_TRUE",1598,0.044449756144081
"cum_abs_estimate_total","expressed_TRUE",1611,0.0449346037931842
"cum_abs_estimate_total","expressed_TRUE",1624,0.0456816880779651
"cum_abs_estimate_total","expressed_TRUE",1637,0.0457731807735519
"cum_abs_estimate_total","expressed_TRUE",1650,0.045602436833461
"cum_abs_estimate_total","expressed_TRUE",1663,0.0460872844825642
"cum_abs_estimate_total","expressed_TRUE",1676,0.0463098954959898
"cum_abs_estimate_total","expressed_TRUE",1689,0.0467947431450931
"cum_abs_estimate_total","expressed_TRUE",1702,0.0471484724763575
"cum_abs_estimate_total","expressed_TRUE",1715,0.0472399651719442
"cum_abs_estimate_total","expressed_TRUE",1728,0.0479870494567251
"cum_abs_estimate_total","expressed_TRUE",1742,0.0483175586143026
"cum_abs_estimate_total","expressed_TRUE",1755,0.048671287945567
"cum_abs_estimate_total","expressed_TRUE",1768,0.048631662323315
"cum_abs_estimate_total","expressed_TRUE",1781,0.0495098649259347
"cum_abs_estimate_total","expressed_TRUE",1794,0.0497324759393603
"cum_abs_estimate_total","expressed_TRUE",1807,0.049823968634947
"cum_abs_estimate_total","expressed_TRUE",1820,0.0500465796483726
"cum_abs_estimate_total","expressed_TRUE",1833,0.0502691906617982
"cum_abs_estimate_total","expressed_TRUE",1846,0.0504918016752238
"cum_abs_estimate_total","expressed_TRUE",1859,0.0504521760529717
"cum_abs_estimate_total","expressed_TRUE",1872,0.050937023702075
"cum_abs_estimate_total","expressed_TRUE",1885,0.0510285163976617
"cum_abs_estimate_total","expressed_TRUE",1899,0.0517523805087557
"cum_abs_estimate_total","expressed_TRUE",1912,0.0522372281578589
"cum_abs_estimate_total","expressed_TRUE",1925,0.0524598391712845
"cum_abs_estimate_total","expressed_TRUE",1938,0.0529446868203878
"cum_abs_estimate_total","expressed_TRUE",1951,0.0531672978338133
"cum_abs_estimate_total","expressed_TRUE",1964,0.0535210271650778
"cum_abs_estimate_total","expressed_TRUE",1977,0.0536125198606645
"cum_abs_estimate_total","expressed_TRUE",1990,0.0539662491919289
"cum_abs_estimate_total","expressed_TRUE",2003,0.0544510968410322
"cum_abs_estimate_total","expressed_TRUE",2016,0.055198181125813
"cum_abs_estimate_total","expressed_TRUE",2029,0.055158555503561
"cum_abs_estimate_total","expressed_TRUE",2042,0.0551189298813089
"cum_abs_estimate_total","expressed_TRUE",2056,0.0554494390388864
"cum_abs_estimate_total","expressed_TRUE",2069,0.055672050052312
"cum_abs_estimate_total","expressed_TRUE",2082,0.0558946610657376
"cum_abs_estimate_total","expressed_TRUE",2095,0.0558550354434856
"cum_abs_estimate_total","expressed_TRUE",2108,0.05620876477475
"cum_abs_estimate_total","expressed_TRUE",2121,0.0565624941060144
"cum_abs_estimate_total","expressed_TRUE",2134,0.05678510511944
"cum_abs_estimate_total","expressed_TRUE",2147,0.0571388344507044
"cum_abs_estimate_total","expressed_TRUE",2160,0.05736144546413
"cum_abs_estimate_total","expressed_TRUE",2173,0.0577151747953944
"cum_abs_estimate_total","expressed_TRUE",2186,0.05793778580882
"cum_abs_estimate_total","expressed_TRUE",2200,0.0577438216950422
"cum_abs_estimate_total","expressed_TRUE",2213,0.0579664327084678
"cum_abs_estimate_total","expressed_TRUE",2226,0.058451280357571
"cum_abs_estimate_total","expressed_TRUE",2239,0.0588050096888354
"cum_abs_estimate_total","expressed_TRUE",2252,0.0594209756557775
"cum_abs_estimate_total","expressed_TRUE",2265,0.0597747049870419
"cum_abs_estimate_total","expressed_TRUE",2278,0.0599973160004675
"cum_abs_estimate_total","expressed_TRUE",2291,0.0602199270138931
"cum_abs_estimate_total","expressed_TRUE",2304,0.0605736563451575
"cum_abs_estimate_total","expressed_TRUE",2317,0.0606651490407443
"cum_abs_estimate_total","expressed_TRUE",2330,0.0608877600541698
"cum_abs_estimate_total","expressed_TRUE",2343,0.0613726077032731
"cum_abs_estimate_total","expressed_TRUE",2357,0.0617031168608506
"cum_abs_estimate_total","expressed_TRUE",2370,0.0619257278742762
"cum_abs_estimate_total","expressed_TRUE",2383,0.0622794572055406
"cum_abs_estimate_total","expressed_TRUE",2396,0.062633186536805
"cum_abs_estimate_total","expressed_TRUE",2409,0.0631180341859082
"cum_abs_estimate_total","expressed_TRUE",2422,0.0634717635171726
"cum_abs_estimate_total","expressed_TRUE",2435,0.0639566111662759
"cum_abs_estimate_total","expressed_TRUE",2448,0.0640481038618626
"cum_abs_estimate_total","expressed_TRUE",2461,0.0646640698288047
"cum_abs_estimate_total","expressed_TRUE",2474,0.0647555625243914
"cum_abs_estimate_total","expressed_TRUE",2487,0.0648470552199782
"cum_abs_estimate_total","expressed_TRUE",2501,0.0650464460597169
"cum_abs_estimate_total","expressed_TRUE",2514,0.0648757021196261
"cum_abs_estimate_total","expressed_TRUE",2527,0.0649671948152128
"cum_abs_estimate_total","expressed_TRUE",2540,0.0649275691929608
"cum_abs_estimate_total","expressed_TRUE",2553,0.0650190618885475
"cum_abs_estimate_total","expressed_TRUE",2566,0.0652416729019731
"cum_abs_estimate_total","expressed_TRUE",2579,0.0654642839153987
"cum_abs_estimate_total","expressed_TRUE",2592,0.0662113682001796
"cum_abs_estimate_total","expressed_TRUE",2605,0.066565097531444
"cum_abs_estimate_total","expressed_TRUE",2618,0.0666565902270308
"cum_abs_estimate_total","expressed_TRUE",2631,0.0664858462869399
"cum_abs_estimate_total","expressed_TRUE",2644,0.0668395756182043
"cum_abs_estimate_total","expressed_TRUE",2658,0.0667767298222654
"cum_abs_estimate_total","expressed_TRUE",2671,0.0667371042000133
"cum_abs_estimate_total","expressed_TRUE",2684,0.0670908335312777
"cum_abs_estimate_total","expressed_TRUE",2697,0.0671823262268645
"cum_abs_estimate_total","expressed_TRUE",2710,0.0674049372402901
"cum_abs_estimate_total","expressed_TRUE",2723,0.0677586665715545
"cum_abs_estimate_total","expressed_TRUE",2736,0.0677190409493024
"cum_abs_estimate_total","expressed_TRUE",2749,0.067941651962728
"cum_abs_estimate_total","expressed_TRUE",2762,0.0680331446583148
"cum_abs_estimate_total","expressed_TRUE",2775,0.0689113472609345
"cum_abs_estimate_total","expressed_TRUE",2788,0.0692650765921989
"cum_abs_estimate_total","expressed_TRUE",2802,0.0693333491140988
"cum_abs_estimate_total","expressed_TRUE",2815,0.0694248418096855
"cum_abs_estimate_total","expressed_TRUE",2828,0.0695163345052723
"cum_abs_estimate_total","expressed_TRUE",2841,0.0698700638365367
"cum_abs_estimate_total","expressed_TRUE",2854,0.0700926748499623
"cum_abs_estimate_total","expressed_TRUE",2867,0.0703152858633879
"cum_abs_estimate_total","expressed_TRUE",2880,0.0705378968768135
"cum_abs_estimate_total","expressed_TRUE",2893,0.0704982712545614
"cum_abs_estimate_total","expressed_TRUE",2906,0.0705897639501482
"cum_abs_estimate_total","expressed_TRUE",2919,0.070681256645735
"cum_abs_estimate_total","expressed_TRUE",2932,0.0709038676591606
"cum_abs_estimate_total","expressed_TRUE",2945,0.0715198336261026
"cum_abs_estimate_total","expressed_TRUE",2959,0.0719814611015189
"cum_abs_estimate_total","expressed_TRUE",2972,0.0722040721149445
"cum_abs_estimate_total","expressed_TRUE",2985,0.0722955648105313
"cum_abs_estimate_total","expressed_TRUE",2998,0.0723870575061181
"cum_abs_estimate_total","expressed_TRUE",3011,0.0727407868373825
"cum_abs_estimate_total","expressed_TRUE",3024,0.0727011612151304
"cum_abs_estimate_total","expressed_TRUE",3037,0.072923772228556
"cum_abs_estimate_total","expressed_TRUE",3050,0.0734086198776592
"cum_abs_estimate_total","expressed_TRUE",3063,0.0737623492089237
"cum_abs_estimate_total","expressed_TRUE",3076,0.0737227235866716
"cum_abs_estimate_total","expressed_TRUE",3089,0.0739453346000972
"cum_abs_estimate_total","expressed_TRUE",3103,0.0740136071219971
"cum_abs_estimate_total","expressed_TRUE",3116,0.0743673364532615
"cum_abs_estimate_total","expressed_TRUE",3129,0.0748521841023647
"cum_abs_estimate_total","expressed_TRUE",3142,0.0748125584801127
"cum_abs_estimate_total","expressed_TRUE",3155,0.0750351694935383
"cum_abs_estimate_total","expressed_TRUE",3168,0.0752577805069638
"cum_abs_estimate_total","expressed_TRUE",3181,0.0756115098382282
"cum_abs_estimate_total","expressed_TRUE",3194,0.0759652391694927
"cum_abs_estimate_total","expressed_TRUE",3207,0.0761878501829183
"cum_abs_estimate_total","expressed_TRUE",3220,0.0764104611963438
"cum_abs_estimate_total","expressed_TRUE",3233,0.0765019538919306
"cum_abs_estimate_total","expressed_TRUE",3246,0.0769868015410338
"cum_abs_estimate_total","expressed_TRUE",3260,0.0770550740629337
"cum_abs_estimate_total","expressed_TRUE",3273,0.0770154484406817
"cum_abs_estimate_total","expressed_TRUE",3286,0.0772380594541072
"cum_abs_estimate_total","expressed_TRUE",3299,0.0774606704675328
"cum_abs_estimate_total","expressed_TRUE",3312,0.0778143997987972
"cum_abs_estimate_total","expressed_TRUE",3325,0.0776436558587064
"cum_abs_estimate_total","expressed_TRUE",3338,0.0776040302364543
"cum_abs_estimate_total","expressed_TRUE",3351,0.0780888778855576
"cum_abs_estimate_total","expressed_TRUE",3364,0.0779181339454667
"cum_abs_estimate_total","expressed_TRUE",3377,0.0780096266410535
"cum_abs_estimate_total","expressed_TRUE",3390,0.0783633559723179
"cum_abs_estimate_total","expressed_TRUE",3403,0.078192612032227
"cum_abs_estimate_total","expressed_TRUE",3417,0.0785231211898045
"cum_abs_estimate_total","expressed_TRUE",3430,0.0788768505210689
"cum_abs_estimate_total","expressed_TRUE",3443,0.0790994615344945
"cum_abs_estimate_total","expressed_TRUE",3456,0.0791909542300813
"cum_abs_estimate_total","expressed_TRUE",3469,0.0795446835613457
"cum_abs_estimate_total","expressed_TRUE",3482,0.0796361762569325
"cum_abs_estimate_total","expressed_TRUE",3495,0.079858787270358
"cum_abs_estimate_total","expressed_TRUE",3508,0.0802125166016225
"cum_abs_estimate_total","expressed_TRUE",3521,0.0805662459328869
"cum_abs_estimate_total","expressed_TRUE",3534,0.0805266203106348
"cum_abs_estimate_total","expressed_TRUE",3547,0.0807492313240604
"cum_abs_estimate_total","expressed_TRUE",3561,0.0808175038459603
"cum_abs_estimate_total","expressed_TRUE",3574,0.0814334698129023
"cum_abs_estimate_total","expressed_TRUE",3587,0.0819183174620055
"cum_abs_estimate_total","expressed_TRUE",3600,0.0817475735219147
"cum_abs_estimate_total","expressed_TRUE",3613,0.0817079478996626
"cum_abs_estimate_total","expressed_TRUE",3626,0.0817994405952494
"cum_abs_estimate_total","expressed_TRUE",3639,0.0818909332908362
"cum_abs_estimate_total","expressed_TRUE",3652,0.0818513076685841
"cum_abs_estimate_total","expressed_TRUE",3665,0.0819428003641709
"cum_abs_estimate_total","expressed_TRUE",3678,0.0821654113775965
"cum_abs_estimate_total","expressed_TRUE",3691,0.0821257857553444
"cum_abs_estimate_total","expressed_TRUE",3704,0.0822172784509312
"cum_abs_estimate_total","expressed_TRUE",3718,0.0822855509728311
"cum_abs_estimate_total","expressed_TRUE",3731,0.0826392803040955
"cum_abs_estimate_total","expressed_TRUE",3744,0.0829930096353599
"cum_abs_estimate_total","expressed_TRUE",3757,0.0832156206487855
"cum_abs_estimate_total","expressed_TRUE",3770,0.0831759950265334
"cum_abs_estimate_total","expressed_TRUE",3783,0.083398606039959
"cum_abs_estimate_total","expressed_TRUE",3796,0.0838834536890622
"cum_abs_estimate_total","expressed_TRUE",3809,0.0843683013381655
"cum_abs_estimate_total","expressed_TRUE",3822,0.0844597940337523
"cum_abs_estimate_total","expressed_TRUE",3835,0.084551286729339
"cum_abs_estimate_total","expressed_TRUE",3848,0.0842494244714093
"cum_abs_estimate_total","expressed_TRUE",3862,0.0840554603576316
"cum_abs_estimate_total","expressed_TRUE",3875,0.0842780713710572
"cum_abs_estimate_total","expressed_TRUE",3888,0.0842384457488051
"cum_abs_estimate_total","expressed_TRUE",3901,0.0844610567622307
"cum_abs_estimate_total","expressed_TRUE",3914,0.0845525494578175
"cum_abs_estimate_total","expressed_TRUE",3927,0.084775160471243
"cum_abs_estimate_total","expressed_TRUE",3940,0.0849977714846686
"cum_abs_estimate_total","expressed_TRUE",3953,0.0854826191337719
"cum_abs_estimate_total","expressed_TRUE",3966,0.0857052301471975
"cum_abs_estimate_total","expressed_TRUE",3979,0.0855344862071066
"cum_abs_estimate_total","expressed_TRUE",3992,0.0857570972205322
"cum_abs_estimate_total","expressed_TRUE",4005,0.0861108265517966
"cum_abs_estimate_total","expressed_TRUE",4019,0.0861790990736965
"cum_abs_estimate_total","expressed_TRUE",4032,0.0862705917692832
"cum_abs_estimate_total","expressed_TRUE",4045,0.0864932027827088
"cum_abs_estimate_total","expressed_TRUE",4058,0.0865846954782956
"cum_abs_estimate_total","expressed_TRUE",4071,0.08693842480956
"cum_abs_estimate_total","expressed_TRUE",4084,0.0868987991873079
"cum_abs_estimate_total","expressed_TRUE",4097,0.0871214102007335
"cum_abs_estimate_total","expressed_TRUE",4110,0.0876062578498368
"cum_abs_estimate_total","expressed_TRUE",4123,0.0875666322275847
"cum_abs_estimate_total","expressed_TRUE",4136,0.0877892432410103
"cum_abs_estimate_total","expressed_TRUE",4149,0.0876184993009194
"cum_abs_estimate_total","expressed_TRUE",4163,0.0876867718228193
"cum_abs_estimate_total","expressed_TRUE",4176,0.0879093828362449
"cum_abs_estimate_total","expressed_TRUE",4189,0.0881319938496705
"cum_abs_estimate_total","expressed_TRUE",4202,0.0886168414987737
"cum_abs_estimate_total","expressed_TRUE",4215,0.0888394525121993
"cum_abs_estimate_total","expressed_TRUE",4228,0.0889309452077861
"cum_abs_estimate_total","expressed_TRUE",4241,0.0891535562212117
"cum_abs_estimate_total","expressed_TRUE",4254,0.0893761672346373
"cum_abs_estimate_total","expressed_TRUE",4267,0.0892054232945464
"cum_abs_estimate_total","expressed_TRUE",4280,0.0896902709436496
"cum_abs_estimate_total","expressed_TRUE",4293,0.0899128819570752
"cum_abs_estimate_total","expressed_TRUE",4306,0.0903977296061784
"cum_abs_estimate_total","expressed_TRUE",4320,0.0904660021280783
"cum_abs_estimate_total","expressed_TRUE",4333,0.0908197314593427
"cum_abs_estimate_total","expressed_TRUE",4346,0.0910423424727683
"cum_abs_estimate_total","expressed_TRUE",4359,0.0910027168505163
"cum_abs_estimate_total","expressed_TRUE",4372,0.0909630912282642
"cum_abs_estimate_total","expressed_TRUE",4385,0.0911857022416898
"cum_abs_estimate_total","expressed_TRUE",4398,0.0911460766194377
"cum_abs_estimate_total","expressed_TRUE",4411,0.091630924268541
"cum_abs_estimate_total","expressed_TRUE",4424,0.0917224169641278
"cum_abs_estimate_total","expressed_TRUE",4437,0.0919450279775533
"cum_abs_estimate_total","expressed_TRUE",4450,0.0921676389909789
"cum_abs_estimate_total","expressed_TRUE",4464,0.0923670298307176
"cum_abs_estimate_total","expressed_TRUE",4477,0.0923274042084656
"cum_abs_estimate_total","expressed_TRUE",4490,0.0925500152218912
"cum_abs_estimate_total","expressed_TRUE",4503,0.0925103895996391
"cum_abs_estimate_total","expressed_TRUE",4516,0.0927330006130647
"cum_abs_estimate_total","expressed_TRUE",4529,0.0930867299443291
"cum_abs_estimate_total","expressed_TRUE",4542,0.0931782226399159
"cum_abs_estimate_total","expressed_TRUE",4555,0.0932697153355026
"cum_abs_estimate_total","expressed_TRUE",4568,0.0938856813024447
"cum_abs_estimate_total","expressed_TRUE",4581,0.0942394106337091
"cum_abs_estimate_total","expressed_TRUE",4594,0.0943309033292959
"cum_abs_estimate_total","expressed_TRUE",4607,0.0948157509783991
"cum_abs_estimate_total","expressed_TRUE",4621,0.0951462601359766
"cum_abs_estimate_total","expressed_TRUE",4634,0.0953688711494022
"cum_abs_estimate_total","expressed_TRUE",4647,0.095460363844989
"cum_abs_estimate_total","expressed_TRUE",4660,0.0955518565405757
"cum_abs_estimate_total","expressed_TRUE",4673,0.0962989408253566
"cum_abs_estimate_total","expressed_TRUE",4686,0.0962593152031046
"cum_abs_estimate_total","expressed_TRUE",4699,0.096613044534369
"cum_abs_estimate_total","expressed_TRUE",4712,0.0967045372299557
"cum_abs_estimate_total","expressed_TRUE",4725,0.0970582665612202
"cum_abs_estimate_total","expressed_TRUE",4738,0.0971497592568069
"cum_abs_estimate_total","expressed_TRUE",4751,0.0976346069059102
"cum_abs_estimate_total","expressed_TRUE",4764,0.0978572179193357
"cum_abs_estimate_total","expressed_TRUE",4778,0.0980566087590744
"cum_abs_estimate_total","expressed_TRUE",4791,0.0984103380903388
"cum_abs_estimate_total","expressed_TRUE",4804,0.0985018307859256
"cum_abs_estimate_total","expressed_TRUE",4817,0.09885556011719
"cum_abs_estimate_total","expressed_TRUE",4830,0.0994715260841321
"cum_abs_estimate_total","expressed_TRUE",4843,0.0995630187797188
"cum_abs_estimate_total","expressed_TRUE",4856,0.0996545114753056
"cum_abs_estimate_total","expressed_TRUE",4869,0.0998771224887312
"cum_abs_estimate_total","expressed_TRUE",4882,0.100230851819996
"cum_abs_estimate_total","expressed_TRUE",4895,0.100453462833421
"cum_abs_estimate_total","expressed_TRUE",4908,0.10028271889333
"cum_abs_estimate_total","expressed_TRUE",4922,0.100482109733069
"cum_abs_estimate_total","expressed_TRUE",4935,0.100704720746495
"cum_abs_estimate_total","expressed_TRUE",4948,0.100796213442081
"cum_abs_estimate_total","expressed_TRUE",4961,0.100887706137668
"cum_abs_estimate_total","expressed_TRUE",4974,0.101241435468933
"cum_abs_estimate_total","expressed_TRUE",4987,0.101332928164519
"cum_abs_estimate_total","expressed_TRUE",5000,0.101293302542267
"cum_abs_estimate_total","expressed_TRUE",5013,0.101122558602176
"cum_abs_estimate_total","expressed_TRUE",5026,0.101082932979924
"cum_abs_estimate_total","expressed_TRUE",5039,0.101174425675511
"cum_abs_estimate_total","expressed_TRUE",5052,0.101265918371098
"cum_abs_estimate_total","expressed_TRUE",5065,0.101095174431007
"cum_abs_estimate_total","expressed_TRUE",5079,0.101294565270746
"cum_abs_estimate_total","expressed_TRUE",5092,0.101123821330655
"cum_abs_estimate_total","expressed_TRUE",5105,0.10134643234408
"cum_abs_estimate_total","expressed_TRUE",5118,0.101437925039667
"cum_abs_estimate_total","expressed_TRUE",5131,0.101791654370932
"cum_abs_estimate_total","expressed_TRUE",5144,0.10175202874868
"cum_abs_estimate_total","expressed_TRUE",5157,0.101843521444266
"cum_abs_estimate_total","expressed_TRUE",5170,0.102197250775531
"cum_abs_estimate_total","expressed_TRUE",5183,0.102550980106795
"cum_abs_estimate_total","expressed_TRUE",5196,0.102642472802382
"cum_abs_estimate_total","expressed_TRUE",5209,0.102471728862291
"cum_abs_estimate_total","expressed_TRUE",5223,0.102277764748513
"cum_abs_estimate_total","expressed_TRUE",5236,0.102238139126261
"cum_abs_estimate_total","expressed_TRUE",5249,0.102198513504009
"cum_abs_estimate_total","expressed_TRUE",5262,0.102290006199596
"cum_abs_estimate_total","expressed_TRUE",5275,0.102381498895183
"cum_abs_estimate_total","expressed_TRUE",5288,0.102604109908608
"cum_abs_estimate_total","expressed_TRUE",5301,0.102826720922034
"cum_abs_estimate_total","expressed_TRUE",5314,0.10304933193546
"cum_abs_estimate_total","expressed_TRUE",5327,0.103271942948885
"cum_abs_estimate_total","expressed_TRUE",5340,0.10362567228015
"cum_abs_estimate_total","expressed_TRUE",5353,0.10332381002222
"cum_abs_estimate_total","expressed_TRUE",5366,0.103415302717807
"cum_abs_estimate_total","expressed_TRUE",5380,0.103745811875384
"cum_abs_estimate_total","expressed_TRUE",5393,0.103837304570971
"cum_abs_estimate_total","expressed_TRUE",5406,0.104322152220074
"cum_abs_estimate_total","expressed_TRUE",5419,0.104151408279983
"cum_abs_estimate_total","expressed_TRUE",5432,0.104374019293409
"cum_abs_estimate_total","expressed_TRUE",5445,0.104334393671157
"cum_abs_estimate_total","expressed_TRUE",5458,0.104688123002421
"cum_abs_estimate_total","expressed_TRUE",5471,0.105041852333686
"cum_abs_estimate_total","expressed_TRUE",5484,0.105133345029272
"cum_abs_estimate_total","expressed_TRUE",5497,0.105487074360537
"cum_abs_estimate_total","expressed_TRUE",5510,0.105316330420446
"cum_abs_estimate_total","expressed_TRUE",5524,0.105122366306668
"cum_abs_estimate_total","expressed_TRUE",5537,0.105476095637933
"cum_abs_estimate_total","expressed_TRUE",5550,0.105567588333519
"cum_abs_estimate_total","expressed_TRUE",5563,0.105396844393428
"cum_abs_estimate_total","expressed_TRUE",5576,0.105488337089015
"cum_abs_estimate_total","expressed_TRUE",5589,0.105448711466763
"cum_abs_estimate_total","expressed_TRUE",5602,0.10554020416235
"cum_abs_estimate_total","expressed_TRUE",5615,0.105762815175776
"cum_abs_estimate_total","expressed_TRUE",5628,0.105592071235685
"cum_abs_estimate_total","expressed_TRUE",5641,0.105552445613433
"cum_abs_estimate_total","expressed_TRUE",5654,0.105906174944697
"cum_abs_estimate_total","expressed_TRUE",5667,0.105997667640284
"cum_abs_estimate_total","expressed_TRUE",5681,0.106328176797861
"cum_abs_estimate_total","expressed_TRUE",5694,0.106288551175609
"cum_abs_estimate_total","expressed_TRUE",5707,0.106511162189035
"cum_abs_estimate_total","expressed_TRUE",5720,0.106340418248944
"cum_abs_estimate_total","expressed_TRUE",5733,0.106300792626692
"cum_abs_estimate_total","expressed_TRUE",5746,0.106654521957956
"cum_abs_estimate_total","expressed_TRUE",5759,0.107008251289221
"cum_abs_estimate_total","expressed_TRUE",5772,0.106968625666969
"cum_abs_estimate_total","expressed_TRUE",5785,0.106929000044717
"cum_abs_estimate_total","expressed_TRUE",5798,0.107282729375981
"cum_abs_estimate_total","expressed_TRUE",5811,0.107243103753729
"cum_abs_estimate_total","expressed_TRUE",5825,0.107442494593468
"cum_abs_estimate_total","expressed_TRUE",5838,0.107665105606893
"cum_abs_estimate_total","expressed_TRUE",5851,0.108018834938158
"cum_abs_estimate_total","expressed_TRUE",5864,0.107848090998067
"cum_abs_estimate_total","expressed_TRUE",5877,0.108070702011492
"cum_abs_estimate_total","expressed_TRUE",5890,0.108293313024918
"cum_abs_estimate_total","expressed_TRUE",5903,0.108647042356182
"cum_abs_estimate_total","expressed_TRUE",5916,0.10860741673393
"cum_abs_estimate_total","expressed_TRUE",5929,0.108567791111678
"cum_abs_estimate_total","expressed_TRUE",5942,0.108790402125104
"cum_abs_estimate_total","expressed_TRUE",5955,0.109275249774207
"cum_abs_estimate_total","expressed_TRUE",5968,0.109628979105472
"cum_abs_estimate_total","expressed_TRUE",5982,0.110090606580888
"cum_abs_estimate_total","expressed_TRUE",5995,0.110313217594313
"cum_abs_estimate_total","expressed_TRUE",6008,0.110273591972061
"cum_abs_estimate_total","expressed_TRUE",6021,0.110627321303326
"cum_abs_estimate_total","expressed_TRUE",6034,0.110718813998913
"cum_abs_estimate_total","expressed_TRUE",6047,0.111072543330177
"cum_abs_estimate_total","expressed_TRUE",6060,0.111164036025764
"cum_abs_estimate_total","expressed_TRUE",6073,0.111517765357028
"cum_abs_estimate_total","expressed_TRUE",6086,0.112002613006131
"cum_abs_estimate_total","expressed_TRUE",6099,0.112094105701718
"cum_abs_estimate_total","expressed_TRUE",6112,0.112054480079466
"cum_abs_estimate_total","expressed_TRUE",6125,0.111883736139375
"cum_abs_estimate_total","expressed_TRUE",6139,0.111952008661275
"cum_abs_estimate_total","expressed_TRUE",6152,0.111912383039023
"cum_abs_estimate_total","expressed_TRUE",6165,0.111872757416771
"cum_abs_estimate_total","expressed_TRUE",6178,0.112095368430197
"cum_abs_estimate_total","expressed_TRUE",6191,0.112055742807945
"cum_abs_estimate_total","expressed_TRUE",6204,0.11227835382137
"cum_abs_estimate_total","expressed_TRUE",6217,0.112238728199118
"cum_abs_estimate_total","expressed_TRUE",6230,0.112330220894705
"cum_abs_estimate_total","expressed_TRUE",6243,0.11255283190813
"cum_abs_estimate_total","expressed_TRUE",6256,0.113168797875073
"cum_abs_estimate_total","expressed_TRUE",6269,0.113522527206337
"cum_abs_estimate_total","expressed_TRUE",6283,0.113984154681753
"cum_abs_estimate_total","expressed_TRUE",6296,0.114206765695179
"cum_abs_estimate_total","expressed_TRUE",6309,0.114167140072927
"cum_abs_estimate_total","expressed_TRUE",6322,0.114258632768514
"cum_abs_estimate_total","expressed_TRUE",6335,0.114219007146262
"cum_abs_estimate_total","expressed_TRUE",6348,0.114441618159687
"cum_abs_estimate_total","expressed_TRUE",6361,0.114664229173113
"cum_abs_estimate_total","expressed_TRUE",6374,0.114493485233022
"cum_abs_estimate_total","expressed_TRUE",6387,0.114322741292931
"cum_abs_estimate_total","expressed_TRUE",6400,0.114414233988518
"cum_abs_estimate_total","expressed_TRUE",6413,0.114767963319782
"cum_abs_estimate_total","expressed_TRUE",6426,0.114859456015369
"cum_abs_estimate_total","expressed_TRUE",6440,0.115452201808624
"cum_abs_estimate_total","expressed_TRUE",6453,0.115805931139888
"cum_abs_estimate_total","expressed_TRUE",6466,0.115897423835475
"cum_abs_estimate_total","expressed_TRUE",6479,0.116120034848901
"cum_abs_estimate_total","expressed_TRUE",6492,0.116080409226649
"cum_abs_estimate_total","expressed_TRUE",6505,0.116696375193591
"cum_abs_estimate_total","expressed_TRUE",6518,0.116918986207016
"cum_abs_estimate_total","expressed_TRUE",6531,0.117272715538281
"cum_abs_estimate_total","expressed_TRUE",6544,0.117364208233868
"cum_abs_estimate_total","expressed_TRUE",6557,0.117193464293777
"cum_abs_estimate_total","expressed_TRUE",6570,0.117416075307202
"cum_abs_estimate_total","expressed_TRUE",6584,0.117877702782619
"cum_abs_estimate_total","expressed_TRUE",6597,0.117969195478205
"cum_abs_estimate_total","expressed_TRUE",6610,0.118454043127309
"cum_abs_estimate_total","expressed_TRUE",6623,0.118545535822895
"cum_abs_estimate_total","expressed_TRUE",6636,0.118768146836321
"cum_abs_estimate_total","expressed_TRUE",6649,0.118466284578391
"cum_abs_estimate_total","expressed_TRUE",6662,0.118426658956139
"cum_abs_estimate_total","expressed_TRUE",6675,0.118649269969565
"cum_abs_estimate_total","expressed_TRUE",6688,0.118609644347313
"cum_abs_estimate_total","expressed_TRUE",6701,0.1187011370429
"cum_abs_estimate_total","expressed_TRUE",6714,0.118923748056325
"cum_abs_estimate_total","expressed_TRUE",6727,0.119015240751912
"cum_abs_estimate_total","expressed_TRUE",6741,0.118952394955973
"cum_abs_estimate_total","expressed_TRUE",6754,0.11904388765156
"cum_abs_estimate_total","expressed_TRUE",6767,0.119266498664985
"cum_abs_estimate_total","expressed_TRUE",6780,0.119489109678411
"cum_abs_estimate_total","expressed_TRUE",6793,0.119842839009675
"cum_abs_estimate_total","expressed_TRUE",6806,0.119803213387423
"cum_abs_estimate_total","expressed_TRUE",6819,0.119763587765171
"cum_abs_estimate_total","expressed_TRUE",6832,0.119855080460758
"cum_abs_estimate_total","expressed_TRUE",6845,0.119553218202828
"cum_abs_estimate_total","expressed_TRUE",6858,0.119382474262737
"cum_abs_estimate_total","expressed_TRUE",6871,0.119342848640485
"cum_abs_estimate_total","expressed_TRUE",6885,0.119148884526708
"cum_abs_estimate_total","expressed_TRUE",6898,0.119371495540133
"cum_abs_estimate_total","expressed_TRUE",6911,0.119856343189236
"cum_abs_estimate_total","expressed_TRUE",6924,0.119816717566984
"cum_abs_estimate_total","expressed_TRUE",6937,0.120301565216088
"cum_abs_estimate_total","expressed_TRUE",6950,0.120261939593836
"cum_abs_estimate_total","expressed_TRUE",6963,0.120484550607261
"cum_abs_estimate_total","expressed_TRUE",6976,0.120444924985009
"cum_abs_estimate_total","expressed_TRUE",6989,0.120798654316274
"cum_abs_estimate_total","expressed_TRUE",7002,0.120759028694021
"cum_abs_estimate_total","expressed_TRUE",7015,0.120850521389608
"cum_abs_estimate_total","expressed_TRUE",7028,0.120810895767356
"cum_abs_estimate_total","expressed_TRUE",7042,0.120879168289256
"cum_abs_estimate_total","expressed_TRUE",7055,0.120970660984843
"cum_abs_estimate_total","expressed_TRUE",7068,0.121455508633946
"cum_abs_estimate_total","expressed_TRUE",7081,0.121415883011694
"cum_abs_estimate_total","expressed_TRUE",7094,0.121507375707281
"cum_abs_estimate_total","expressed_TRUE",7107,0.121598868402868
"cum_abs_estimate_total","expressed_TRUE",7120,0.121690361098454
"cum_abs_estimate_total","expressed_TRUE",7133,0.121781853794041
"cum_abs_estimate_total","expressed_TRUE",7146,0.121742228171789
"cum_abs_estimate_total","expressed_TRUE",7159,0.121833720867376
"cum_abs_estimate_total","expressed_TRUE",7172,0.121662976927285
"cum_abs_estimate_total","expressed_TRUE",7186,0.121731249449185
"cum_abs_estimate_total","expressed_TRUE",7199,0.122216097098288
"cum_abs_estimate_total","expressed_TRUE",7212,0.122045353158197
"cum_abs_estimate_total","expressed_TRUE",7225,0.122005727535945
"cum_abs_estimate_total","expressed_TRUE",7238,0.122097220231532
"cum_abs_estimate_total","expressed_TRUE",7251,0.122188712927119
"cum_abs_estimate_total","expressed_TRUE",7264,0.122542442258383
"cum_abs_estimate_total","expressed_TRUE",7277,0.122502816636131
"cum_abs_estimate_total","expressed_TRUE",7290,0.122856545967395
"cum_abs_estimate_total","expressed_TRUE",7303,0.122816920345143
"cum_abs_estimate_total","expressed_TRUE",7316,0.123301767994247
"cum_abs_estimate_total","expressed_TRUE",7329,0.123131024054156
"cum_abs_estimate_total","expressed_TRUE",7343,0.123068178258217
"cum_abs_estimate_total","expressed_TRUE",7356,0.123028552635965
"cum_abs_estimate_total","expressed_TRUE",7369,0.122857808695874
"cum_abs_estimate_total","expressed_TRUE",7382,0.123211538027138
"cum_abs_estimate_total","expressed_TRUE",7395,0.123171912404886
"cum_abs_estimate_total","expressed_TRUE",7408,0.123132286782634
"cum_abs_estimate_total","expressed_TRUE",7421,0.123223779478221
"cum_abs_estimate_total","expressed_TRUE",7434,0.123315272173808
"cum_abs_estimate_total","expressed_TRUE",7447,0.123406764869394
"cum_abs_estimate_total","expressed_TRUE",7460,0.123498257564981
"cum_abs_estimate_total","expressed_TRUE",7473,0.123589750260568
"cum_abs_estimate_total","expressed_TRUE",7486,0.123550124638316
"cum_abs_estimate_total","expressed_TRUE",7500,0.123487278842377
"cum_abs_estimate_total","expressed_TRUE",7513,0.123578771537964
"cum_abs_estimate_total","expressed_TRUE",7526,0.123801382551389
"cum_abs_estimate_total","expressed_TRUE",7539,0.123892875246976
"cum_abs_estimate_total","expressed_TRUE",7552,0.123984367942563
"cum_abs_estimate_total","expressed_TRUE",7565,0.123944742320311
"cum_abs_estimate_total","expressed_TRUE",7578,0.124167353333736
"cum_abs_estimate_total","expressed_TRUE",7591,0.123996609393646
"cum_abs_estimate_total","expressed_TRUE",7604,0.124088102089232
"cum_abs_estimate_total","expressed_TRUE",7617,0.12404847646698
"cum_abs_estimate_total","expressed_TRUE",7630,0.124271087480406
"cum_abs_estimate_total","expressed_TRUE",7644,0.124470478320145
"cum_abs_estimate_total","expressed_TRUE",7657,0.124430852697893
"cum_abs_estimate_total","expressed_TRUE",7670,0.124784582029157
"cum_abs_estimate_total","expressed_TRUE",7683,0.124876074724744
"cum_abs_estimate_total","expressed_TRUE",7696,0.125098685738169
"cum_abs_estimate_total","expressed_TRUE",7709,0.125059060115917
"cum_abs_estimate_total","expressed_TRUE",7722,0.125150552811504
"cum_abs_estimate_total","expressed_TRUE",7735,0.125504282142768
"cum_abs_estimate_total","expressed_TRUE",7748,0.125464656520516
"cum_abs_estimate_total","expressed_TRUE",7761,0.125425030898264
"cum_abs_estimate_total","expressed_TRUE",7774,0.125778760229529
"cum_abs_estimate_total","expressed_TRUE",7787,0.125739134607277
"cum_abs_estimate_total","expressed_TRUE",7801,0.125676288811338
"cum_abs_estimate_total","expressed_TRUE",7814,0.126030018142602
"cum_abs_estimate_total","expressed_TRUE",7827,0.126252629156028
"cum_abs_estimate_total","expressed_TRUE",7840,0.126081885215937
"cum_abs_estimate_total","expressed_TRUE",7853,0.126435614547201
"cum_abs_estimate_total","expressed_TRUE",7866,0.126527107242788
"cum_abs_estimate_total","expressed_TRUE",7879,0.126749718256214
"cum_abs_estimate_total","expressed_TRUE",7892,0.126447855998284
"cum_abs_estimate_total","expressed_TRUE",7905,0.126539348693871
"cum_abs_estimate_total","expressed_TRUE",7918,0.126893078025135
"cum_abs_estimate_total","expressed_TRUE",7931,0.126722334085044
"cum_abs_estimate_total","expressed_TRUE",7945,0.126790606606944
"cum_abs_estimate_total","expressed_TRUE",7958,0.126882099302531
"cum_abs_estimate_total","expressed_TRUE",7971,0.126973591998118
"cum_abs_estimate_total","expressed_TRUE",7984,0.127196203011543
"cum_abs_estimate_total","expressed_TRUE",7997,0.127156577389291
"cum_abs_estimate_total","expressed_TRUE",8010,0.127248070084878
"cum_abs_estimate_total","expressed_TRUE",8023,0.127077326144787
"cum_abs_estimate_total","expressed_TRUE",8036,0.127431055476052
"cum_abs_estimate_total","expressed_TRUE",8049,0.1273914298538
"cum_abs_estimate_total","expressed_TRUE",8062,0.127614040867225
"cum_abs_estimate_total","expressed_TRUE",8075,0.127443296927134
"cum_abs_estimate_total","expressed_TRUE",8088,0.127403671304882
"cum_abs_estimate_total","expressed_TRUE",8102,0.127340825508943
"cum_abs_estimate_total","expressed_TRUE",8115,0.127563436522369
"cum_abs_estimate_total","expressed_TRUE",8128,0.127523810900117
"cum_abs_estimate_total","expressed_TRUE",8141,0.127615303595704
"cum_abs_estimate_total","expressed_TRUE",8154,0.127575677973451
"cum_abs_estimate_total","expressed_TRUE",8167,0.127929407304716
"cum_abs_estimate_total","expressed_TRUE",8180,0.127889781682464
"cum_abs_estimate_total","expressed_TRUE",8193,0.127981274378051
"cum_abs_estimate_total","expressed_TRUE",8206,0.128072767073637
"cum_abs_estimate_total","expressed_TRUE",8219,0.128164259769224
"cum_abs_estimate_total","expressed_TRUE",8232,0.128255752464811
"cum_abs_estimate_total","expressed_TRUE",8246,0.128586261622388
"cum_abs_estimate_total","expressed_TRUE",8259,0.128677754317975
"cum_abs_estimate_total","expressed_TRUE",8272,0.128900365331401
"cum_abs_estimate_total","expressed_TRUE",8285,0.128860739709149
"cum_abs_estimate_total","expressed_TRUE",8298,0.128821114086897
"cum_abs_estimate_total","expressed_TRUE",8311,0.128912606782483
"cum_abs_estimate_total","expressed_TRUE",8324,0.128741862842393
"cum_abs_estimate_total","expressed_TRUE",8337,0.128833355537979
"cum_abs_estimate_total","expressed_TRUE",8350,0.129187084869244
"cum_abs_estimate_total","expressed_TRUE",8363,0.129409695882669
"cum_abs_estimate_total","expressed_TRUE",8376,0.129632306896095
"cum_abs_estimate_total","expressed_TRUE",8389,0.129461562956004
"cum_abs_estimate_total","expressed_TRUE",8403,0.129398717160065
"cum_abs_estimate_total","expressed_TRUE",8416,0.129359091537813
"cum_abs_estimate_total","expressed_TRUE",8429,0.129712820869077
"cum_abs_estimate_total","expressed_TRUE",8442,0.129804313564664
"cum_abs_estimate_total","expressed_TRUE",8455,0.129633569624573
"cum_abs_estimate_total","expressed_TRUE",8468,0.12972506232016
"cum_abs_estimate_total","expressed_TRUE",8481,0.129947673333586
"cum_abs_estimate_total","expressed_TRUE",8494,0.130432520982689
"cum_abs_estimate_total","expressed_TRUE",8507,0.130786250313953
"cum_abs_estimate_total","expressed_TRUE",8520,0.130615506373863
"cum_abs_estimate_total","expressed_TRUE",8533,0.131100354022966
"cum_abs_estimate_total","expressed_TRUE",8546,0.130798491765036
"cum_abs_estimate_total","expressed_TRUE",8560,0.130735645969097
"cum_abs_estimate_total","expressed_TRUE",8573,0.130696020346845
"cum_abs_estimate_total","expressed_TRUE",8586,0.130787513042432
"cum_abs_estimate_total","expressed_TRUE",8599,0.13074788742018
"cum_abs_estimate_total","expressed_TRUE",8612,0.130839380115767
"cum_abs_estimate_total","expressed_TRUE",8625,0.130930872811353
"cum_abs_estimate_total","expressed_TRUE",8638,0.13102236550694
"cum_abs_estimate_total","expressed_TRUE",8651,0.13072050324901
"cum_abs_estimate_total","expressed_TRUE",8664,0.13054975930892
"cum_abs_estimate_total","expressed_TRUE",8677,0.130641252004506
"cum_abs_estimate_total","expressed_TRUE",8690,0.130470508064415
"cum_abs_estimate_total","expressed_TRUE",8704,0.130669898904154
"cum_abs_estimate_total","expressed_TRUE",8717,0.131023628235419
"cum_abs_estimate_total","expressed_TRUE",8730,0.131246239248844
"cum_abs_estimate_total","expressed_TRUE",8743,0.13146885026227
"cum_abs_estimate_total","expressed_TRUE",8756,0.131560342957856
"cum_abs_estimate_total","expressed_TRUE",8769,0.131651835653443
"cum_abs_estimate_total","expressed_TRUE",8782,0.132005564984708
"cum_abs_estimate_total","expressed_TRUE",8795,0.131965939362456
"cum_abs_estimate_total","expressed_TRUE",8808,0.131795195422365
"cum_abs_estimate_total","expressed_TRUE",8821,0.131624451482274
"cum_abs_estimate_total","expressed_TRUE",8834,0.131847062495699
"cum_abs_estimate_total","expressed_TRUE",8847,0.131938555191286
"cum_abs_estimate_total","expressed_TRUE",8861,0.131875709395347
"cum_abs_estimate_total","expressed_TRUE",8874,0.132229438726612
"cum_abs_estimate_total","expressed_TRUE",8887,0.13218981310436
"cum_abs_estimate_total","expressed_TRUE",8900,0.132412424117785
"cum_abs_estimate_total","expressed_TRUE",8913,0.132372798495533
"cum_abs_estimate_total","expressed_TRUE",8926,0.13246429119112
"cum_abs_estimate_total","expressed_TRUE",8939,0.132818020522384
"cum_abs_estimate_total","expressed_TRUE",8952,0.132647276582293
"cum_abs_estimate_total","expressed_TRUE",8965,0.133132124231397
"cum_abs_estimate_total","expressed_TRUE",8978,0.133092498609145
"cum_abs_estimate_total","expressed_TRUE",8991,0.132921754669054
"cum_abs_estimate_total","expressed_TRUE",9005,0.13338338214447
"cum_abs_estimate_total","expressed_TRUE",9018,0.133343756522218
"cum_abs_estimate_total","expressed_TRUE",9031,0.133435249217805
"cum_abs_estimate_total","expressed_TRUE",9044,0.133788978549069
"cum_abs_estimate_total","expressed_TRUE",9057,0.133880471244656
"cum_abs_estimate_total","expressed_TRUE",9070,0.13423420057592
"cum_abs_estimate_total","expressed_TRUE",9083,0.134325693271507
"cum_abs_estimate_total","expressed_TRUE",9096,0.134286067649255
"cum_abs_estimate_total","expressed_TRUE",9109,0.134246442027003
"cum_abs_estimate_total","expressed_TRUE",9122,0.13433793472259
"cum_abs_estimate_total","expressed_TRUE",9135,0.134298309100338
"cum_abs_estimate_total","expressed_TRUE",9148,0.134520920113763
"cum_abs_estimate_total","expressed_TRUE",9162,0.134589192635663
"cum_abs_estimate_total","expressed_TRUE",9175,0.134942921966928
"cum_abs_estimate_total","expressed_TRUE",9188,0.135165532980353
"cum_abs_estimate_total","expressed_TRUE",9201,0.135125907358101
"cum_abs_estimate_total","expressed_TRUE",9214,0.135479636689366
"cum_abs_estimate_total","expressed_TRUE",9227,0.135571129384952
"cum_abs_estimate_total","expressed_TRUE",9240,0.135400385444862
"cum_abs_estimate_total","expressed_TRUE",9253,0.135229641504771
"cum_abs_estimate_total","expressed_TRUE",9266,0.135321134200357
"cum_abs_estimate_total","expressed_TRUE",9279,0.135281508578105
"cum_abs_estimate_total","expressed_TRUE",9292,0.135766356227209
"cum_abs_estimate_total","expressed_TRUE",9306,0.135572392113431
"cum_abs_estimate_total","expressed_TRUE",9319,0.135270529855501
"cum_abs_estimate_total","expressed_TRUE",9332,0.135230904233249
"cum_abs_estimate_total","expressed_TRUE",9345,0.135322396928836
"cum_abs_estimate_total","expressed_TRUE",9358,0.135282771306584
"cum_abs_estimate_total","expressed_TRUE",9371,0.135505382320009
"cum_abs_estimate_total","expressed_TRUE",9384,0.13520352006208
"cum_abs_estimate_total","expressed_TRUE",9397,0.135295012757667
"cum_abs_estimate_total","expressed_TRUE",9410,0.135386505453253
"cum_abs_estimate_total","expressed_TRUE",9423,0.135346879831001
"cum_abs_estimate_total","expressed_TRUE",9436,0.135438372526588
"cum_abs_estimate_total","expressed_TRUE",9449,0.135660983540014
"cum_abs_estimate_total","expressed_TRUE",9463,0.135335901108397
"cum_abs_estimate_total","expressed_TRUE",9476,0.135296275486145
"cum_abs_estimate_total","expressed_TRUE",9489,0.135518886499571
"cum_abs_estimate_total","expressed_TRUE",9502,0.135741497512996
"cum_abs_estimate_total","expressed_TRUE",9515,0.135832990208583
"cum_abs_estimate_total","expressed_TRUE",9528,0.135793364586331
"cum_abs_estimate_total","expressed_TRUE",9541,0.135884857281918
"cum_abs_estimate_total","expressed_TRUE",9554,0.135976349977504
"cum_abs_estimate_total","expressed_TRUE",9567,0.135805606037414
"cum_abs_estimate_total","expressed_TRUE",9580,0.135897098733
"cum_abs_estimate_total","expressed_TRUE",9593,0.135988591428587
"cum_abs_estimate_total","expressed_TRUE",9607,0.136319100586165
"cum_abs_estimate_total","expressed_TRUE",9620,0.13654171159959
"cum_abs_estimate_total","expressed_TRUE",9633,0.136895440930855
"cum_abs_estimate_total","expressed_TRUE",9646,0.136986933626441
"cum_abs_estimate_total","expressed_TRUE",9659,0.13681618968635
"cum_abs_estimate_total","expressed_TRUE",9672,0.137038800699776
"cum_abs_estimate_total","expressed_TRUE",9685,0.136868056759685
"cum_abs_estimate_total","expressed_TRUE",9698,0.136959549455272
"cum_abs_estimate_total","expressed_TRUE",9711,0.13691992383302
"cum_abs_estimate_total","expressed_TRUE",9724,0.137142534846446
"cum_abs_estimate_total","expressed_TRUE",9737,0.137365145859871
"cum_abs_estimate_total","expressed_TRUE",9750,0.137456638555458
"cum_abs_estimate_total","expressed_TRUE",9764,0.137524911077358
"cum_abs_estimate_total","expressed_TRUE",9777,0.137616403772944
"cum_abs_estimate_total","expressed_TRUE",9790,0.137576778150692
"cum_abs_estimate_total","expressed_TRUE",9803,0.13753715252844
"cum_abs_estimate_total","expressed_TRUE",9816,0.137759763541866
"cum_abs_estimate_total","expressed_TRUE",9829,0.137720137919614
"cum_abs_estimate_total","expressed_TRUE",9842,0.13794274893304
"cum_abs_estimate_total","expressed_TRUE",9855,0.137772004992949
"cum_abs_estimate_total","expressed_TRUE",9868,0.137863497688535
"cum_abs_estimate_total","expressed_TRUE",9881,0.137954990384122
"cum_abs_estimate_total","expressed_TRUE",9894,0.13791536476187
"cum_abs_estimate_total","expressed_TRUE",9907,0.138269094093135
"cum_abs_estimate_total","expressed_TRUE",9921,0.138599603250712
"cum_abs_estimate_total","expressed_TRUE",9934,0.138691095946299
"cum_abs_estimate_total","expressed_TRUE",9947,0.138651470324047
"cum_abs_estimate_total","expressed_TRUE",9960,0.138742963019634
"cum_abs_estimate_total","expressed_TRUE",9973,0.138441100761704
"cum_abs_estimate_total","expressed_TRUE",9986,0.138532593457291
"cum_abs_estimate_total","expressed_TRUE",9999,0.138624086152877
"cum_abs_estimate_total","expressed_TRUE",10012,0.138453342212787
"cum_abs_estimate_total","expressed_TRUE",10025,0.13893818986189
"cum_abs_estimate_total","expressed_TRUE",10038,0.138898564239638
"cum_abs_estimate_total","expressed_TRUE",10051,0.139121175253063
"cum_abs_estimate_total","expressed_TRUE",10065,0.139189447774963
"cum_abs_estimate_total","expressed_TRUE",10078,0.139149822152711
"cum_abs_estimate_total","expressed_TRUE",10091,0.139372433166137
"cum_abs_estimate_total","expressed_TRUE",10104,0.139595044179562
"cum_abs_estimate_total","expressed_TRUE",10117,0.139293181921633
"cum_abs_estimate_total","expressed_TRUE",10130,0.139253556299381
"cum_abs_estimate_total","expressed_TRUE",10143,0.139213930677129
"cum_abs_estimate_total","expressed_TRUE",10156,0.139436541690554
"cum_abs_estimate_total","expressed_TRUE",10169,0.13965915270398
"cum_abs_estimate_total","expressed_TRUE",10182,0.139881763717405
"cum_abs_estimate_total","expressed_TRUE",10195,0.140104374730831
"cum_abs_estimate_total","expressed_TRUE",10208,0.13993363079074
"cum_abs_estimate_total","expressed_TRUE",10222,0.140264139948318
"cum_abs_estimate_total","expressed_TRUE",10235,0.140486750961743
"cum_abs_estimate_total","expressed_TRUE",10248,0.14057824365733
"cum_abs_estimate_total","expressed_TRUE",10261,0.140800854670755
"cum_abs_estimate_total","expressed_TRUE",10274,0.141023465684181
"cum_abs_estimate_total","expressed_TRUE",10287,0.141246076697607
"cum_abs_estimate_total","expressed_TRUE",10300,0.141075332757516
"cum_abs_estimate_total","expressed_TRUE",10313,0.141166825453103
"cum_abs_estimate_total","expressed_TRUE",10326,0.141520554784367
"cum_abs_estimate_total","expressed_TRUE",10339,0.141349810844276
"cum_abs_estimate_total","expressed_TRUE",10352,0.141310185222024
"cum_abs_estimate_total","expressed_TRUE",10366,0.141247339426085
"cum_abs_estimate_total","expressed_TRUE",10379,0.141338832121672
"cum_abs_estimate_total","expressed_TRUE",10392,0.141692561452936
"cum_abs_estimate_total","expressed_TRUE",10405,0.141915172466362
"cum_abs_estimate_total","expressed_TRUE",10418,0.14187554684411
"cum_abs_estimate_total","expressed_TRUE",10431,0.141967039539697
"cum_abs_estimate_total","expressed_TRUE",10444,0.142058532235283
"cum_abs_estimate_total","expressed_TRUE",10457,0.142281143248709
"cum_abs_estimate_total","expressed_TRUE",10470,0.142110399308618
"cum_abs_estimate_total","expressed_TRUE",10483,0.142201892004205
"cum_abs_estimate_total","expressed_TRUE",10496,0.142686739653308
"cum_abs_estimate_total","expressed_TRUE",10509,0.143040468984572
"cum_abs_estimate_total","expressed_TRUE",10523,0.143108741506472
"cum_abs_estimate_total","expressed_TRUE",10536,0.143200234202059
"cum_abs_estimate_total","expressed_TRUE",10549,0.143422845215485
"cum_abs_estimate_total","expressed_TRUE",10562,0.143383219593233
"cum_abs_estimate_total","expressed_TRUE",10575,0.143212475653142
"cum_abs_estimate_total","expressed_TRUE",10588,0.143041731713051
"cum_abs_estimate_total","expressed_TRUE",10601,0.143002106090799
"cum_abs_estimate_total","expressed_TRUE",10614,0.142700243832869
"cum_abs_estimate_total","expressed_TRUE",10627,0.142922854846295
"cum_abs_estimate_total","expressed_TRUE",10640,0.142752110906204
"cum_abs_estimate_total","expressed_TRUE",10653,0.142974721919629
"cum_abs_estimate_total","expressed_TRUE",10667,0.143305231077207
"cum_abs_estimate_total","expressed_TRUE",10680,0.143265605454955
"cum_abs_estimate_total","expressed_TRUE",10693,0.143094861514864
"cum_abs_estimate_total","expressed_TRUE",10706,0.143055235892612
"cum_abs_estimate_total","expressed_TRUE",10719,0.143540083541715
"cum_abs_estimate_total","expressed_TRUE",10732,0.143500457919463
"cum_abs_estimate_total","expressed_TRUE",10745,0.143329713979372
"cum_abs_estimate_total","expressed_TRUE",10758,0.143814561628476
"cum_abs_estimate_total","expressed_TRUE",10771,0.143643817688385
"cum_abs_estimate_total","expressed_TRUE",10784,0.14386642870181
"cum_abs_estimate_total","expressed_TRUE",10797,0.143826803079558
"cum_abs_estimate_total","expressed_TRUE",10810,0.143787177457306
"cum_abs_estimate_total","expressed_TRUE",10824,0.143724331661367
"cum_abs_estimate_total","expressed_TRUE",10837,0.143553587721276
"cum_abs_estimate_total","expressed_TRUE",10850,0.143776198734702
"cum_abs_estimate_total","expressed_TRUE",10863,0.143605454794611
"cum_abs_estimate_total","expressed_TRUE",10876,0.143959184125875
"cum_abs_estimate_total","expressed_TRUE",10889,0.14431291345714
"cum_abs_estimate_total","expressed_TRUE",10902,0.144404406152727
"cum_abs_estimate_total","expressed_TRUE",10915,0.144364780530475
"cum_abs_estimate_total","expressed_TRUE",10928,0.144456273226061
"cum_abs_estimate_total","expressed_TRUE",10941,0.144416647603809
"cum_abs_estimate_total","expressed_TRUE",10954,0.144770376935074
"cum_abs_estimate_total","expressed_TRUE",10968,0.144707531139135
"cum_abs_estimate_total","expressed_TRUE",10981,0.144536787199044
"cum_abs_estimate_total","expressed_TRUE",10994,0.145021634848147
"cum_abs_estimate_total","expressed_TRUE",11007,0.144982009225895
"cum_abs_estimate_total","expressed_TRUE",11020,0.145204620239321
"cum_abs_estimate_total","expressed_TRUE",11033,0.145164994617069
"cum_abs_estimate_total","expressed_TRUE",11046,0.144994250676978
"cum_abs_estimate_total","expressed_TRUE",11059,0.144954625054726
"cum_abs_estimate_total","expressed_TRUE",11072,0.14530835438599
"cum_abs_estimate_total","expressed_TRUE",11085,0.145399847081577
"cum_abs_estimate_total","expressed_TRUE",11098,0.145491339777164
"cum_abs_estimate_total","expressed_TRUE",11111,0.14558283247275
"cum_abs_estimate_total","expressed_TRUE",11125,0.145388868358973
"cum_abs_estimate_total","expressed_TRUE",11138,0.145611479372398
"cum_abs_estimate_total","expressed_TRUE",11151,0.145440735432307
"cum_abs_estimate_total","expressed_TRUE",11164,0.145532228127894
"cum_abs_estimate_total","expressed_TRUE",11177,0.145492602505642
"cum_abs_estimate_total","expressed_TRUE",11190,0.145715213519068
"cum_abs_estimate_total","expressed_TRUE",11203,0.145675587896816
"cum_abs_estimate_total","expressed_TRUE",11216,0.145504843956725
"cum_abs_estimate_total","expressed_TRUE",11229,0.145596336652312
"cum_abs_estimate_total","expressed_TRUE",11242,0.14555671103006
"cum_abs_estimate_total","expressed_TRUE",11255,0.145385967089969
"cum_abs_estimate_total","expressed_TRUE",11268,0.145870814739072
"cum_abs_estimate_total","expressed_TRUE",11282,0.145676850625294
"cum_abs_estimate_total","expressed_TRUE",11295,0.145768343320881
"cum_abs_estimate_total","expressed_TRUE",11308,0.14559759938079
"cum_abs_estimate_total","expressed_TRUE",11321,0.145557973758538
"cum_abs_estimate_total","expressed_TRUE",11334,0.145780584771964
"cum_abs_estimate_total","expressed_TRUE",11347,0.146134314103228
"cum_abs_estimate_total","expressed_TRUE",11360,0.146225806798815
"cum_abs_estimate_total","expressed_TRUE",11373,0.146186181176563
"cum_abs_estimate_total","expressed_TRUE",11386,0.146277673872149
"cum_abs_estimate_total","expressed_TRUE",11399,0.146238048249897
"cum_abs_estimate_total","expressed_TRUE",11412,0.146198422627645
"cum_abs_estimate_total","expressed_TRUE",11426,0.146397813467384
"cum_abs_estimate_total","expressed_TRUE",11439,0.146358187845132
"cum_abs_estimate_total","expressed_TRUE",11452,0.146187443905041
"cum_abs_estimate_total","expressed_TRUE",11465,0.14601669996495
"cum_abs_estimate_total","expressed_TRUE",11478,0.145977074342698
"cum_abs_estimate_total","expressed_TRUE",11491,0.145937448720446
"cum_abs_estimate_total","expressed_TRUE",11504,0.145635586462516
"cum_abs_estimate_total","expressed_TRUE",11517,0.145595960840264
"cum_abs_estimate_total","expressed_TRUE",11530,0.145556335218012
"cum_abs_estimate_total","expressed_TRUE",11543,0.145647827913599
"cum_abs_estimate_total","expressed_TRUE",11556,0.145477083973508
"cum_abs_estimate_total","expressed_TRUE",11569,0.145568576669095
"cum_abs_estimate_total","expressed_TRUE",11583,0.145899085826673
"cum_abs_estimate_total","expressed_TRUE",11596,0.14585946020442
"cum_abs_estimate_total","expressed_TRUE",11609,0.145819834582168
"cum_abs_estimate_total","expressed_TRUE",11622,0.145780208959916
"cum_abs_estimate_total","expressed_TRUE",11635,0.145871701655503
"cum_abs_estimate_total","expressed_TRUE",11648,0.14596319435109
"cum_abs_estimate_total","expressed_TRUE",11661,0.145792450410999
"cum_abs_estimate_total","expressed_TRUE",11674,0.146015061424425
"cum_abs_estimate_total","expressed_TRUE",11687,0.145844317484334
"cum_abs_estimate_total","expressed_TRUE",11700,0.145673573544243
"cum_abs_estimate_total","expressed_TRUE",11713,0.14576506623983
"cum_abs_estimate_total","expressed_TRUE",11727,0.145571102126052
"cum_abs_estimate_total","expressed_TRUE",11740,0.145793713139478
"cum_abs_estimate_total","expressed_TRUE",11753,0.145885205835064
"cum_abs_estimate_total","expressed_TRUE",11766,0.145845580212812
"cum_abs_estimate_total","expressed_TRUE",11779,0.145674836272721
"cum_abs_estimate_total","expressed_TRUE",11792,0.14550409233263
"cum_abs_estimate_total","expressed_TRUE",11805,0.145726703346056
"cum_abs_estimate_total","expressed_TRUE",11818,0.145687077723804
"cum_abs_estimate_total","expressed_TRUE",11831,0.146040807055068
"cum_abs_estimate_total","expressed_TRUE",11844,0.146394536386333
"cum_abs_estimate_total","expressed_TRUE",11857,0.146354910764081
"cum_abs_estimate_total","expressed_TRUE",11870,0.146577521777506
"cum_abs_estimate_total","expressed_TRUE",11884,0.146383557663729
"cum_abs_estimate_total","expressed_TRUE",11897,0.146737286994993
"cum_abs_estimate_total","expressed_TRUE",11910,0.147091016326257
"cum_abs_estimate_total","expressed_TRUE",11923,0.146920272386167
"cum_abs_estimate_total","expressed_TRUE",11936,0.147142883399592
"cum_abs_estimate_total","expressed_TRUE",11949,0.147234376095179
"cum_abs_estimate_total","expressed_TRUE",11962,0.147325868790766
"cum_abs_estimate_total","expressed_TRUE",11975,0.147155124850675
"cum_abs_estimate_total","expressed_TRUE",11988,0.146984380910584
"cum_abs_estimate_total","expressed_TRUE",12001,0.147075873606171
"cum_abs_estimate_total","expressed_TRUE",12014,0.147167366301758
"cum_abs_estimate_total","expressed_TRUE",12028,0.14697340218798
"cum_abs_estimate_total","expressed_TRUE",12041,0.147064894883566
"cum_abs_estimate_total","expressed_TRUE",12054,0.147025269261314
"cum_abs_estimate_total","expressed_TRUE",12067,0.146985643639062
"cum_abs_estimate_total","expressed_TRUE",12080,0.14694601801681
"cum_abs_estimate_total","expressed_TRUE",12093,0.146644155758881
"cum_abs_estimate_total","expressed_TRUE",12106,0.146735648454467
"cum_abs_estimate_total","expressed_TRUE",12119,0.146827141150054
"cum_abs_estimate_total","expressed_TRUE",12132,0.146656397209963
"cum_abs_estimate_total","expressed_TRUE",12145,0.146616771587711
"cum_abs_estimate_total","expressed_TRUE",12158,0.146708264283298
"cum_abs_estimate_total","expressed_TRUE",12171,0.146799756978885
"cum_abs_estimate_total","expressed_TRUE",12185,0.147130266136462
"cum_abs_estimate_total","expressed_TRUE",12198,0.146959522196371
"cum_abs_estimate_total","expressed_TRUE",12211,0.146788778256281
"cum_abs_estimate_total","expressed_TRUE",12224,0.14661803431619
"cum_abs_estimate_total","expressed_TRUE",12237,0.146447290376099
"cum_abs_estimate_total","expressed_TRUE",12250,0.146407664753847
"cum_abs_estimate_total","expressed_TRUE",12263,0.146368039131595
"cum_abs_estimate_total","expressed_TRUE",12276,0.146459531827182
"cum_abs_estimate_total","expressed_TRUE",12289,0.146682142840607
"cum_abs_estimate_total","expressed_TRUE",12302,0.146904753854033
"cum_abs_estimate_total","expressed_TRUE",12315,0.146865128231781
"cum_abs_estimate_total","expressed_TRUE",12329,0.146933400753681
"cum_abs_estimate_total","expressed_TRUE",12342,0.147156011767106
"cum_abs_estimate_total","expressed_TRUE",12355,0.147378622780532
"cum_abs_estimate_total","expressed_TRUE",12368,0.147470115476118
"cum_abs_estimate_total","expressed_TRUE",12381,0.147430489853866
"cum_abs_estimate_total","expressed_TRUE",12394,0.147653100867292
"cum_abs_estimate_total","expressed_TRUE",12407,0.148137948516395
"cum_abs_estimate_total","expressed_TRUE",12420,0.14849167784766
"cum_abs_estimate_total","expressed_TRUE",12433,0.148845407178924
"cum_abs_estimate_total","expressed_TRUE",12446,0.148674663238833
"cum_abs_estimate_total","expressed_TRUE",12459,0.148635037616581
"cum_abs_estimate_total","expressed_TRUE",12472,0.148726530312168
"cum_abs_estimate_total","expressed_TRUE",12486,0.148925921151907
"cum_abs_estimate_total","expressed_TRUE",12499,0.148624058893977
"cum_abs_estimate_total","expressed_TRUE",12512,0.148584433271725
"cum_abs_estimate_total","expressed_TRUE",12525,0.148675925967312
"cum_abs_estimate_total","expressed_TRUE",12538,0.148767418662898
"cum_abs_estimate_total","expressed_TRUE",12551,0.148858911358485
"cum_abs_estimate_total","expressed_TRUE",12564,0.148688167418394
"cum_abs_estimate_total","expressed_TRUE",12577,0.14891077843182
"cum_abs_estimate_total","expressed_TRUE",12590,0.148871152809568
"cum_abs_estimate_total","expressed_TRUE",12603,0.148831527187316
"cum_abs_estimate_total","expressed_TRUE",12616,0.148923019882903
"cum_abs_estimate_total","expressed_TRUE",12629,0.148752275942812
"cum_abs_estimate_total","expressed_TRUE",12643,0.148689430146873
"cum_abs_estimate_total","expressed_TRUE",12656,0.14878092284246
"cum_abs_estimate_total","expressed_TRUE",12669,0.148741297220207
"cum_abs_estimate_total","expressed_TRUE",12682,0.148963908233633
"cum_abs_estimate_total","expressed_TRUE",12695,0.148924282611381
"cum_abs_estimate_total","expressed_TRUE",12708,0.149015775306968
"cum_abs_estimate_total","expressed_TRUE",12721,0.149238386320393
"cum_abs_estimate_total","expressed_TRUE",12734,0.149198760698141
"cum_abs_estimate_total","expressed_TRUE",12747,0.14902801675805
"cum_abs_estimate_total","expressed_TRUE",12760,0.149119509453637
"cum_abs_estimate_total","expressed_TRUE",12773,0.148948765513546
"cum_abs_estimate_total","expressed_TRUE",12787,0.149017038035446
"cum_abs_estimate_total","expressed_TRUE",12800,0.148715175777517
"cum_abs_estimate_total","expressed_TRUE",12813,0.149068905108781
"cum_abs_estimate_total","expressed_TRUE",12826,0.149291516122207
"cum_abs_estimate_total","expressed_TRUE",12839,0.149120772182116
"cum_abs_estimate_total","expressed_TRUE",12852,0.149081146559864
"cum_abs_estimate_total","expressed_TRUE",12865,0.148910402619773
"cum_abs_estimate_total","expressed_TRUE",12878,0.149133013633198
"cum_abs_estimate_total","expressed_TRUE",12891,0.148831151375269
"cum_abs_estimate_total","expressed_TRUE",12904,0.149053762388694
"cum_abs_estimate_total","expressed_TRUE",12917,0.148883018448603
"cum_abs_estimate_total","expressed_TRUE",12930,0.148843392826351
"cum_abs_estimate_total","expressed_TRUE",12944,0.148780547030412
"cum_abs_estimate_total","expressed_TRUE",12957,0.14874092140816
"cum_abs_estimate_total","expressed_TRUE",12970,0.148701295785908
"cum_abs_estimate_total","expressed_TRUE",12983,0.148530551845817
"cum_abs_estimate_total","expressed_TRUE",12996,0.148359807905727
"cum_abs_estimate_total","expressed_TRUE",13009,0.148713537236991
"cum_abs_estimate_total","expressed_TRUE",13022,0.148673911614739
"cum_abs_estimate_total","expressed_TRUE",13035,0.148765404310326
"cum_abs_estimate_total","expressed_TRUE",13048,0.148463542052396
"cum_abs_estimate_total","expressed_TRUE",13061,0.148686153065822
"cum_abs_estimate_total","expressed_TRUE",13074,0.148646527443569
"cum_abs_estimate_total","expressed_TRUE",13088,0.148452563329792
"cum_abs_estimate_total","expressed_TRUE",13101,0.14841293770754
"cum_abs_estimate_total","expressed_TRUE",13114,0.148242193767449
"cum_abs_estimate_total","expressed_TRUE",13127,0.148071449827358
"cum_abs_estimate_total","expressed_TRUE",13140,0.148425179158622
"cum_abs_estimate_total","expressed_TRUE",13153,0.14838555353637
"cum_abs_estimate_total","expressed_TRUE",13166,0.148214809596279
"cum_abs_estimate_total","expressed_TRUE",13179,0.148568538927544
"cum_abs_estimate_total","expressed_TRUE",13192,0.148922268258808
"cum_abs_estimate_total","expressed_TRUE",13205,0.148882642636556
"cum_abs_estimate_total","expressed_TRUE",13218,0.148974135332143
"cum_abs_estimate_total","expressed_TRUE",13231,0.148803391392052
"cum_abs_estimate_total","expressed_TRUE",13245,0.149002782231791
"cum_abs_estimate_total","expressed_TRUE",13258,0.148700919973861
"cum_abs_estimate_total","expressed_TRUE",13271,0.148792412669448
"cum_abs_estimate_total","expressed_TRUE",13284,0.148883905365035
"cum_abs_estimate_total","expressed_TRUE",13297,0.14910651637846
"cum_abs_estimate_total","expressed_TRUE",13310,0.149198009074047
"cum_abs_estimate_total","expressed_TRUE",13323,0.149289501769634
"cum_abs_estimate_total","expressed_TRUE",13336,0.149380994465221
"cum_abs_estimate_total","expressed_TRUE",13349,0.14921025052513
"cum_abs_estimate_total","expressed_TRUE",13362,0.149039506585039
"cum_abs_estimate_total","expressed_TRUE",13375,0.148999880962787
"cum_abs_estimate_total","expressed_TRUE",13389,0.148805916849009
"cum_abs_estimate_total","expressed_TRUE",13402,0.148766291226757
"cum_abs_estimate_total","expressed_TRUE",13415,0.148726665604505
"cum_abs_estimate_total","expressed_TRUE",13428,0.148818158300092
"cum_abs_estimate_total","expressed_TRUE",13441,0.148909650995678
"cum_abs_estimate_total","expressed_TRUE",13454,0.149001143691265
"cum_abs_estimate_total","expressed_TRUE",13467,0.149223754704691
"cum_abs_estimate_total","expressed_TRUE",13480,0.149315247400278
"cum_abs_estimate_total","expressed_TRUE",13493,0.149275621778026
"cum_abs_estimate_total","expressed_TRUE",13506,0.149498232791451
"cum_abs_estimate_total","expressed_TRUE",13519,0.149720843804877
"cum_abs_estimate_total","expressed_TRUE",13532,0.149681218182625
"cum_abs_estimate_total","expressed_TRUE",13546,0.149618372386686
"cum_abs_estimate_total","expressed_TRUE",13559,0.149578746764434
"cum_abs_estimate_total","expressed_TRUE",13572,0.149408002824343
"cum_abs_estimate_total","expressed_TRUE",13585,0.149630613837768
"cum_abs_estimate_total","expressed_TRUE",13598,0.149722106533355
"cum_abs_estimate_total","expressed_TRUE",13611,0.149813599228942
"cum_abs_estimate_total","expressed_TRUE",13624,0.14977397360669
"cum_abs_estimate_total","expressed_TRUE",13637,0.149734347984438
"cum_abs_estimate_total","expressed_TRUE",13650,0.150219195633541
"cum_abs_estimate_total","expressed_TRUE",13663,0.150179570011289
"cum_abs_estimate_total","expressed_TRUE",13676,0.150533299342553
"cum_abs_estimate_total","expressed_TRUE",13690,0.15099492681797
"cum_abs_estimate_total","expressed_TRUE",13703,0.151086419513556
"cum_abs_estimate_total","expressed_TRUE",13716,0.151177912209143
"cum_abs_estimate_total","expressed_TRUE",13729,0.151007168269052
"cum_abs_estimate_total","expressed_TRUE",13742,0.1509675426468
"cum_abs_estimate_total","expressed_TRUE",13755,0.151321271978065
"cum_abs_estimate_total","expressed_TRUE",13768,0.15154388299149
"cum_abs_estimate_total","expressed_TRUE",13781,0.151635375687077
"cum_abs_estimate_total","expressed_TRUE",13794,0.151595750064825
"cum_abs_estimate_total","expressed_TRUE",13807,0.151556124442573
"cum_abs_estimate_total","expressed_TRUE",13820,0.151778735455999
"cum_abs_estimate_total","expressed_TRUE",13833,0.151870228151585
"cum_abs_estimate_total","expressed_TRUE",13847,0.151807382355646
"cum_abs_estimate_total","expressed_TRUE",13860,0.151898875051233
"cum_abs_estimate_total","expressed_TRUE",13873,0.151728131111142
"cum_abs_estimate_total","expressed_TRUE",13886,0.152344097078084
"cum_abs_estimate_total","expressed_TRUE",13899,0.152435589773671
"cum_abs_estimate_total","expressed_TRUE",13912,0.152395964151419
"cum_abs_estimate_total","expressed_TRUE",13925,0.152356338529167
"cum_abs_estimate_total","expressed_TRUE",13938,0.152710067860431
"cum_abs_estimate_total","expressed_TRUE",13951,0.152408205602502
"cum_abs_estimate_total","expressed_TRUE",13964,0.152237461662411
"cum_abs_estimate_total","expressed_TRUE",13977,0.15206671772232
"cum_abs_estimate_total","expressed_TRUE",13990,0.152158210417907
"cum_abs_estimate_total","expressed_TRUE",14004,0.152226482939807
"cum_abs_estimate_total","expressed_TRUE",14017,0.152449093953232
"cum_abs_estimate_total","expressed_TRUE",14030,0.152540586648819
"cum_abs_estimate_total","expressed_TRUE",14043,0.152894315980083
"cum_abs_estimate_total","expressed_TRUE",14056,0.152854690357831
"cum_abs_estimate_total","expressed_TRUE",14069,0.152946183053418
"cum_abs_estimate_total","expressed_TRUE",14082,0.153168794066844
"cum_abs_estimate_total","expressed_TRUE",14095,0.153260286762431
"cum_abs_estimate_total","expressed_TRUE",14108,0.153351779458017
"cum_abs_estimate_total","expressed_TRUE",14121,0.153312153835765
"cum_abs_estimate_total","expressed_TRUE",14134,0.153534764849191
"cum_abs_estimate_total","expressed_TRUE",14148,0.153734155688929
"cum_abs_estimate_total","expressed_TRUE",14161,0.154087885020194
"cum_abs_estimate_total","expressed_TRUE",14174,0.153917141080103
"cum_abs_estimate_total","expressed_TRUE",14187,0.154139752093529
"cum_abs_estimate_total","expressed_TRUE",14200,0.154231244789115
"cum_abs_estimate_total","expressed_TRUE",14213,0.154060500849025
"cum_abs_estimate_total","expressed_TRUE",14226,0.154151993544611
"cum_abs_estimate_total","expressed_TRUE",14239,0.15398124960452
"cum_abs_estimate_total","expressed_TRUE",14252,0.153941623982268
"cum_abs_estimate_total","expressed_TRUE",14265,0.154426471631372
"cum_abs_estimate_total","expressed_TRUE",14278,0.154124609373442
"cum_abs_estimate_total","expressed_TRUE",14291,0.154216102069029
"cum_abs_estimate_total","expressed_TRUE",14305,0.154415492908767
"cum_abs_estimate_total","expressed_TRUE",14318,0.154638103922193
"cum_abs_estimate_total","expressed_TRUE",14331,0.154598478299941
"cum_abs_estimate_total","expressed_TRUE",14344,0.154952207631205
"cum_abs_estimate_total","expressed_TRUE",14357,0.15530593696247
"cum_abs_estimate_total","expressed_TRUE",14370,0.155790784611573
"cum_abs_estimate_total","expressed_TRUE",14383,0.15588227730716
"cum_abs_estimate_total","expressed_TRUE",14396,0.155973770002747
"cum_abs_estimate_total","expressed_TRUE",14409,0.155803026062656
"cum_abs_estimate_total","expressed_TRUE",14422,0.155632282122565
"cum_abs_estimate_total","expressed_TRUE",14435,0.15585489313599
"cum_abs_estimate_total","expressed_TRUE",14449,0.155660929022213
"cum_abs_estimate_total","expressed_TRUE",14462,0.155883540035638
"cum_abs_estimate_total","expressed_TRUE",14475,0.155712796095547
"cum_abs_estimate_total","expressed_TRUE",14488,0.155935407108973
"cum_abs_estimate_total","expressed_TRUE",14501,0.156158018122398
"cum_abs_estimate_total","expressed_TRUE",14514,0.156118392500146
"cum_abs_estimate_total","expressed_TRUE",14527,0.156341003513572
"cum_abs_estimate_total","expressed_TRUE",14540,0.15630137789132
"cum_abs_estimate_total","expressed_TRUE",14553,0.156261752269068
"cum_abs_estimate_total","expressed_TRUE",14566,0.156484363282494
"cum_abs_estimate_total","expressed_TRUE",14579,0.156444737660241
"cum_abs_estimate_total","expressed_TRUE",14592,0.156405112037989
"cum_abs_estimate_total","expressed_TRUE",14606,0.156997857831245
"cum_abs_estimate_total","expressed_TRUE",14619,0.156827113891154
"cum_abs_estimate_total","expressed_TRUE",14632,0.157180843222418
"cum_abs_estimate_total","expressed_TRUE",14645,0.157141217600166
"cum_abs_estimate_total","expressed_TRUE",14658,0.15749494693143
"cum_abs_estimate_total","expressed_TRUE",14671,0.157848676262695
"cum_abs_estimate_total","expressed_TRUE",14684,0.157940168958282
"cum_abs_estimate_total","expressed_TRUE",14697,0.158031661653868
"cum_abs_estimate_total","expressed_TRUE",14710,0.157860917713778
"cum_abs_estimate_total","expressed_TRUE",14723,0.158083528727203
"cum_abs_estimate_total","expressed_TRUE",14736,0.157912784787112
"cum_abs_estimate_total","expressed_TRUE",14750,0.157849938991173
"cum_abs_estimate_total","expressed_TRUE",14763,0.15794143168676
"cum_abs_estimate_total","expressed_TRUE",14776,0.15763956942883
"cum_abs_estimate_total","expressed_TRUE",14789,0.157599943806578
"cum_abs_estimate_total","expressed_TRUE",14802,0.157429199866487
"cum_abs_estimate_total","expressed_TRUE",14815,0.157127337608558
"cum_abs_estimate_total","expressed_TRUE",14828,0.157349948621983
"cum_abs_estimate_total","expressed_TRUE",14841,0.157179204681893
"cum_abs_estimate_total","expressed_TRUE",14854,0.156877342423963
"cum_abs_estimate_total","expressed_TRUE",14867,0.156706598483872
"cum_abs_estimate_total","expressed_TRUE",14880,0.156929209497298
"cum_abs_estimate_total","expressed_TRUE",14893,0.157282938828562
"cum_abs_estimate_total","expressed_TRUE",14907,0.157088974714784
"cum_abs_estimate_total","expressed_TRUE",14920,0.157049349092532
"cum_abs_estimate_total","expressed_TRUE",14933,0.157403078423797
"cum_abs_estimate_total","expressed_TRUE",14946,0.157101216165867
"cum_abs_estimate_total","expressed_TRUE",14959,0.156930472225776
"cum_abs_estimate_total","expressed_TRUE",14972,0.156890846603524
"cum_abs_estimate_total","expressed_TRUE",14985,0.156982339299111
"cum_abs_estimate_total","expressed_TRUE",14998,0.156942713676859
"cum_abs_estimate_total","expressed_TRUE",15011,0.157034206372445
"cum_abs_estimate_total","expressed_TRUE",15024,0.157125699068032
"cum_abs_estimate_total","expressed_TRUE",15037,0.157348310081458
"cum_abs_estimate_total","expressed_TRUE",15050,0.157177566141367
"cum_abs_estimate_total","expressed_TRUE",15064,0.157245838663267
"cum_abs_estimate_total","expressed_TRUE",15077,0.157206213041015
"cum_abs_estimate_total","expressed_TRUE",15090,0.157166587418763
"cum_abs_estimate_total","expressed_TRUE",15103,0.156995843478672
"cum_abs_estimate_total","expressed_TRUE",15116,0.157218454492097
"cum_abs_estimate_total","expressed_TRUE",15129,0.157178828869845
"cum_abs_estimate_total","expressed_TRUE",15142,0.15753255820111
"cum_abs_estimate_total","expressed_TRUE",15155,0.157755169214535
"cum_abs_estimate_total","expressed_TRUE",15168,0.157584425274444
"cum_abs_estimate_total","expressed_TRUE",15181,0.157675917970031
"cum_abs_estimate_total","expressed_TRUE",15194,0.157767410665618
"cum_abs_estimate_total","expressed_TRUE",15208,0.157966801505357
"cum_abs_estimate_total","expressed_TRUE",15221,0.157796057565266
"cum_abs_estimate_total","expressed_TRUE",15234,0.157625313625175
"cum_abs_estimate_total","expressed_TRUE",15247,0.157454569685084
"cum_abs_estimate_total","expressed_TRUE",15260,0.157414944062832
"cum_abs_estimate_total","expressed_TRUE",15273,0.157637555076258
"cum_abs_estimate_total","expressed_TRUE",15286,0.157991284407522
"cum_abs_estimate_total","expressed_TRUE",15299,0.158082777103109
"cum_abs_estimate_total","expressed_TRUE",15312,0.158174269798696
"cum_abs_estimate_total","expressed_TRUE",15325,0.158003525858605
"cum_abs_estimate_total","expressed_TRUE",15338,0.158095018554192
"cum_abs_estimate_total","expressed_TRUE",15351,0.158055392931939
"cum_abs_estimate_total","expressed_TRUE",15365,0.157861428818162
"cum_abs_estimate_total","expressed_TRUE",15378,0.158346276467265
"cum_abs_estimate_total","expressed_TRUE",15391,0.158044414209335
"cum_abs_estimate_total","expressed_TRUE",15404,0.158529261858438
"cum_abs_estimate_total","expressed_TRUE",15417,0.158620754554025
"cum_abs_estimate_total","expressed_TRUE",15430,0.158581128931773
"cum_abs_estimate_total","expressed_TRUE",15443,0.158410384991682
"cum_abs_estimate_total","expressed_TRUE",15456,0.158239641051591
"cum_abs_estimate_total","expressed_TRUE",15469,0.157937778793662
"cum_abs_estimate_total","expressed_TRUE",15482,0.15789815317141
"cum_abs_estimate_total","expressed_TRUE",15495,0.157989645866996
"cum_abs_estimate_total","expressed_TRUE",15509,0.157795681753219
"cum_abs_estimate_total","expressed_TRUE",15522,0.157624937813128
"cum_abs_estimate_total","expressed_TRUE",15535,0.157323075555198
"cum_abs_estimate_total","expressed_TRUE",15548,0.157021213297268
"cum_abs_estimate_total","expressed_TRUE",15561,0.156850469357178
"cum_abs_estimate_total","expressed_TRUE",15574,0.157073080370603
"cum_abs_estimate_total","expressed_TRUE",15587,0.157295691384029
"cum_abs_estimate_total","expressed_TRUE",15600,0.157387184079616
"cum_abs_estimate_total","expressed_TRUE",15613,0.157216440139525
"cum_abs_estimate_total","expressed_TRUE",15626,0.156914577881595
"cum_abs_estimate_total","expressed_TRUE",15639,0.157268307212859
"cum_abs_estimate_total","expressed_TRUE",15652,0.157228681590607
"cum_abs_estimate_total","expressed_TRUE",15666,0.15703471747683
"cum_abs_estimate_total","expressed_TRUE",15679,0.157126210172416
"cum_abs_estimate_total","expressed_TRUE",15692,0.156955466232325
"cum_abs_estimate_total","expressed_TRUE",15705,0.156784722292235
"cum_abs_estimate_total","expressed_TRUE",15718,0.156745096669983
"cum_abs_estimate_total","expressed_TRUE",15731,0.156574352729892
"cum_abs_estimate_total","expressed_TRUE",15744,0.156403608789801
"cum_abs_estimate_total","expressed_TRUE",15757,0.15623286484971
"cum_abs_estimate_total","expressed_TRUE",15770,0.156062120909619
"cum_abs_estimate_total","expressed_TRUE",15783,0.155891376969528
"cum_abs_estimate_total","expressed_TRUE",15796,0.155851751347276
"cum_abs_estimate_total","expressed_TRUE",15810,0.156182260504854
"cum_abs_estimate_total","expressed_TRUE",15823,0.156142634882602
"cum_abs_estimate_total","expressed_TRUE",15836,0.156365245896027
"cum_abs_estimate_total","expressed_TRUE",15849,0.156456738591614
"cum_abs_estimate_total","expressed_TRUE",15862,0.156548231287201
"cum_abs_estimate_total","expressed_TRUE",15875,0.156770842300626
"cum_abs_estimate_total","expressed_TRUE",15888,0.156731216678374
"cum_abs_estimate_total","expressed_TRUE",15901,0.156429354420445
"cum_abs_estimate_total","expressed_TRUE",15914,0.156389728798193
"cum_abs_estimate_total","expressed_TRUE",15927,0.156218984858102
"cum_abs_estimate_total","expressed_TRUE",15940,0.156703832507205
"cum_abs_estimate_total","expressed_TRUE",15953,0.156533088567114
"cum_abs_estimate_total","expressed_TRUE",15967,0.156863597724692
"cum_abs_estimate_total","expressed_TRUE",15980,0.156955090420278
"cum_abs_estimate_total","expressed_TRUE",15993,0.156915464798026
"cum_abs_estimate_total","expressed_TRUE",16006,0.157400312447129
"cum_abs_estimate_total","expressed_TRUE",16019,0.157622923460555
"cum_abs_estimate_total","expressed_TRUE",16032,0.157714416156142
"cum_abs_estimate_total","expressed_TRUE",16045,0.157543672216051
"cum_abs_estimate_total","expressed_TRUE",16058,0.15737292827596
"cum_abs_estimate_total","expressed_TRUE",16071,0.157333302653708
"cum_abs_estimate_total","expressed_TRUE",16084,0.157293677031456
"cum_abs_estimate_total","expressed_TRUE",16097,0.157516288044882
"cum_abs_estimate_total","expressed_TRUE",16111,0.15771567888462
"cum_abs_estimate_total","expressed_TRUE",16124,0.157544934944529
"cum_abs_estimate_total","expressed_TRUE",16137,0.157374191004439
"cum_abs_estimate_total","expressed_TRUE",16150,0.157203447064348
"cum_abs_estimate_total","expressed_TRUE",16163,0.157163821442096
"cum_abs_estimate_total","expressed_TRUE",16176,0.157124195819844
"cum_abs_estimate_total","expressed_TRUE",16189,0.157084570197592
"cum_abs_estimate_total","expressed_TRUE",16202,0.157307181211017
"cum_abs_estimate_total","expressed_TRUE",16215,0.157136437270926
"cum_abs_estimate_total","expressed_TRUE",16228,0.157359048284352
"cum_abs_estimate_total","expressed_TRUE",16241,0.157581659297777
"cum_abs_estimate_total","expressed_TRUE",16254,0.157542033675525
"cum_abs_estimate_total","expressed_TRUE",16268,0.157216951243909
"cum_abs_estimate_total","expressed_TRUE",16281,0.157177325621657
"cum_abs_estimate_total","expressed_TRUE",16294,0.157137699999405
"cum_abs_estimate_total","expressed_TRUE",16307,0.157229192694991
"cum_abs_estimate_total","expressed_TRUE",16320,0.157582922026256
"cum_abs_estimate_total","expressed_TRUE",16333,0.157674414721843
"cum_abs_estimate_total","expressed_TRUE",16346,0.158028144053107
"cum_abs_estimate_total","expressed_TRUE",16359,0.158119636748694
"cum_abs_estimate_total","expressed_TRUE",16372,0.158080011126442
"cum_abs_estimate_total","expressed_TRUE",16385,0.158171503822029
"cum_abs_estimate_total","expressed_TRUE",16398,0.158656351471132
"cum_abs_estimate_total","expressed_TRUE",16411,0.158747844166719
"cum_abs_estimate_total","expressed_TRUE",16425,0.15868499837078
"cum_abs_estimate_total","expressed_TRUE",16438,0.158907609384205
"cum_abs_estimate_total","expressed_TRUE",16451,0.158999102079792
"cum_abs_estimate_total","expressed_TRUE",16464,0.159090594775379
"cum_abs_estimate_total","expressed_TRUE",16477,0.159706560742321
"cum_abs_estimate_total","expressed_TRUE",16490,0.159666935120069
"cum_abs_estimate_total","expressed_TRUE",16503,0.159365072862139
"cum_abs_estimate_total","expressed_TRUE",16516,0.159456565557726
"cum_abs_estimate_total","expressed_TRUE",16529,0.159416939935474
"cum_abs_estimate_total","expressed_TRUE",16542,0.159639550948899
"cum_abs_estimate_total","expressed_TRUE",16555,0.159599925326647
"cum_abs_estimate_total","expressed_TRUE",16569,0.159537079530708
"cum_abs_estimate_total","expressed_TRUE",16582,0.159366335590617
"cum_abs_estimate_total","expressed_TRUE",16595,0.159326709968365
"cum_abs_estimate_total","expressed_TRUE",16608,0.159418202663952
"cum_abs_estimate_total","expressed_TRUE",16621,0.159247458723861
"cum_abs_estimate_total","expressed_TRUE",16634,0.159338951419448
"cum_abs_estimate_total","expressed_TRUE",16647,0.159692680750712
"cum_abs_estimate_total","expressed_TRUE",16660,0.15965305512846
"cum_abs_estimate_total","expressed_TRUE",16673,0.159613429506208
"cum_abs_estimate_total","expressed_TRUE",16686,0.159442685566118
"cum_abs_estimate_total","expressed_TRUE",16699,0.159403059943865
"cum_abs_estimate_total","expressed_TRUE",16712,0.159625670957291
"cum_abs_estimate_total","expressed_TRUE",16726,0.15982506179703
"cum_abs_estimate_total","expressed_TRUE",16739,0.159654317856939
"cum_abs_estimate_total","expressed_TRUE",16752,0.159614692234687
"cum_abs_estimate_total","expressed_TRUE",16765,0.159575066612435
"cum_abs_estimate_total","expressed_TRUE",16778,0.159404322672344
"cum_abs_estimate_total","expressed_TRUE",16791,0.159626933685769
"cum_abs_estimate_total","expressed_TRUE",16804,0.159718426381356
"cum_abs_estimate_total","expressed_TRUE",16817,0.159809919076943
"cum_abs_estimate_total","expressed_TRUE",16830,0.159639175136852
"cum_abs_estimate_total","expressed_TRUE",16843,0.1595995495146
"cum_abs_estimate_total","expressed_TRUE",16856,0.159691042210187
"cum_abs_estimate_total","expressed_TRUE",16870,0.159628196414248
"cum_abs_estimate_total","expressed_TRUE",16883,0.159850807427674
"cum_abs_estimate_total","expressed_TRUE",16896,0.159680063487583
"cum_abs_estimate_total","expressed_TRUE",16909,0.159902674501008
"cum_abs_estimate_total","expressed_TRUE",16922,0.159863048878756
"cum_abs_estimate_total","expressed_TRUE",16935,0.159954541574343
"cum_abs_estimate_total","expressed_TRUE",16948,0.159783797634252
"cum_abs_estimate_total","expressed_TRUE",16961,0.160006408647678
"cum_abs_estimate_total","expressed_TRUE",16974,0.159835664707587
"cum_abs_estimate_total","expressed_TRUE",16987,0.160189394038851
"cum_abs_estimate_total","expressed_TRUE",17000,0.160280886734438
"cum_abs_estimate_total","expressed_TRUE",17013,0.160372379430025
"cum_abs_estimate_total","expressed_TRUE",17027,0.160702888587602
"cum_abs_estimate_total","expressed_TRUE",17040,0.161056617918867
"cum_abs_estimate_total","expressed_TRUE",17053,0.161016992296615
"cum_abs_estimate_total","expressed_TRUE",17066,0.161370721627879
"cum_abs_estimate_total","expressed_TRUE",17079,0.161462214323466
"cum_abs_estimate_total","expressed_TRUE",17092,0.161291470383375
"cum_abs_estimate_total","expressed_TRUE",17105,0.161251844761123
"cum_abs_estimate_total","expressed_TRUE",17118,0.161605574092387
"cum_abs_estimate_total","expressed_TRUE",17131,0.161565948470135
"cum_abs_estimate_total","expressed_TRUE",17144,0.161657441165722
"cum_abs_estimate_total","expressed_TRUE",17157,0.161880052179148
"cum_abs_estimate_total","expressed_TRUE",17171,0.16168608806537
"cum_abs_estimate_total","expressed_TRUE",17184,0.161646462443118
"cum_abs_estimate_total","expressed_TRUE",17197,0.161475718503027
"cum_abs_estimate_total","expressed_TRUE",17210,0.161567211198614
"cum_abs_estimate_total","expressed_TRUE",17223,0.161527585576362
"cum_abs_estimate_total","expressed_TRUE",17236,0.161356841636271
"cum_abs_estimate_total","expressed_TRUE",17249,0.161317216014019
"cum_abs_estimate_total","expressed_TRUE",17262,0.161277590391767
"cum_abs_estimate_total","expressed_TRUE",17275,0.161237964769515
"cum_abs_estimate_total","expressed_TRUE",17288,0.161067220829424
"cum_abs_estimate_total","expressed_TRUE",17301,0.161027595207172
"cum_abs_estimate_total","expressed_TRUE",17314,0.160856851267081
"cum_abs_estimate_total","expressed_TRUE",17328,0.160925123788981
"cum_abs_estimate_total","expressed_TRUE",17341,0.16075437984889
"cum_abs_estimate_total","expressed_TRUE",17354,0.161108109180154
"cum_abs_estimate_total","expressed_TRUE",17367,0.161068483557902
"cum_abs_estimate_total","expressed_TRUE",17380,0.161291094571328
"cum_abs_estimate_total","expressed_TRUE",17393,0.161382587266915
"cum_abs_estimate_total","expressed_TRUE",17406,0.161736316598179
"cum_abs_estimate_total","expressed_TRUE",17419,0.161696690975927
"cum_abs_estimate_total","expressed_TRUE",17432,0.161788183671514
"cum_abs_estimate_total","expressed_TRUE",17445,0.161617439731423
"cum_abs_estimate_total","expressed_TRUE",17458,0.161577814109171
"cum_abs_estimate_total","expressed_TRUE",17472,0.161646086631071
"cum_abs_estimate_total","expressed_TRUE",17485,0.161868697644496
"cum_abs_estimate_total","expressed_TRUE",17498,0.161697953704405
"cum_abs_estimate_total","expressed_TRUE",17511,0.161658328082153
"cum_abs_estimate_total","expressed_TRUE",17524,0.16174982077774
"cum_abs_estimate_total","expressed_TRUE",17537,0.162234668426843
"cum_abs_estimate_total","expressed_TRUE",17550,0.16232616112243
"cum_abs_estimate_total","expressed_TRUE",17563,0.162155417182339
"cum_abs_estimate_total","expressed_TRUE",17576,0.161984673242248
"cum_abs_estimate_total","expressed_TRUE",17589,0.161945047619996
"cum_abs_estimate_total","expressed_TRUE",17602,0.161774303679905
"cum_abs_estimate_total","expressed_TRUE",17615,0.161472441421976
"cum_abs_estimate_total","expressed_TRUE",17629,0.161409595626037
"cum_abs_estimate_total","expressed_TRUE",17642,0.161238851685946
"cum_abs_estimate_total","expressed_TRUE",17655,0.161068107745855
"cum_abs_estimate_total","expressed_TRUE",17668,0.160766245487925
"cum_abs_estimate_total","expressed_TRUE",17681,0.160726619865673
"cum_abs_estimate_total","expressed_TRUE",17694,0.160686994243421
"cum_abs_estimate_total","expressed_TRUE",17707,0.160647368621169
"cum_abs_estimate_total","expressed_TRUE",17720,0.160607742998917
"cum_abs_estimate_total","expressed_TRUE",17733,0.160961472330182
"cum_abs_estimate_total","expressed_TRUE",17746,0.16092184670793
"cum_abs_estimate_total","expressed_TRUE",17759,0.161144457721355
"cum_abs_estimate_total","expressed_TRUE",17772,0.160973713781264
"cum_abs_estimate_total","expressed_TRUE",17786,0.160910867985325
"cum_abs_estimate_total","expressed_TRUE",17799,0.161002360680912
"cum_abs_estimate_total","expressed_TRUE",17812,0.160831616740821
"cum_abs_estimate_total","expressed_TRUE",17825,0.160529754482892
"cum_abs_estimate_total","expressed_TRUE",17838,0.160490128860639
"cum_abs_estimate_total","expressed_TRUE",17851,0.160319384920549
"cum_abs_estimate_total","expressed_TRUE",17864,0.160279759298297
"cum_abs_estimate_total","expressed_TRUE",17877,0.160371251993883
"cum_abs_estimate_total","expressed_TRUE",17890,0.160724981325148
"cum_abs_estimate_total","expressed_TRUE",17903,0.161209828974251
"cum_abs_estimate_total","expressed_TRUE",17916,0.161170203351999
"cum_abs_estimate_total","expressed_TRUE",17930,0.161631830827415
"cum_abs_estimate_total","expressed_TRUE",17943,0.161461086887324
"cum_abs_estimate_total","expressed_TRUE",17956,0.161421461265072
"cum_abs_estimate_total","expressed_TRUE",17969,0.161119599007143
"cum_abs_estimate_total","expressed_TRUE",17982,0.160948855067052
"cum_abs_estimate_total","expressed_TRUE",17995,0.160778111126961
"cum_abs_estimate_total","expressed_TRUE",18008,0.160738485504709
"cum_abs_estimate_total","expressed_TRUE",18021,0.160567741564618
"cum_abs_estimate_total","expressed_TRUE",18034,0.160659234260205
"cum_abs_estimate_total","expressed_TRUE",18047,0.160488490320114
"cum_abs_estimate_total","expressed_TRUE",18060,0.160579983015701
"cum_abs_estimate_total","expressed_TRUE",18073,0.160933712346965
"cum_abs_estimate_total","expressed_TRUE",18087,0.160870866551026
"cum_abs_estimate_total","expressed_TRUE",18100,0.160831240928774
"cum_abs_estimate_total","expressed_TRUE",18113,0.160791615306522
"cum_abs_estimate_total","expressed_TRUE",18126,0.160620871366431
"cum_abs_estimate_total","expressed_TRUE",18139,0.160581245744179
"cum_abs_estimate_total","expressed_TRUE",18152,0.160672738439766
"cum_abs_estimate_total","expressed_TRUE",18165,0.160633112817514
"cum_abs_estimate_total","expressed_TRUE",18178,0.160986842148778
"cum_abs_estimate_total","expressed_TRUE",18191,0.160816098208687
"cum_abs_estimate_total","expressed_TRUE",18204,0.161038709222113
"cum_abs_estimate_total","expressed_TRUE",18217,0.161261320235538
"cum_abs_estimate_total","expressed_TRUE",18231,0.161329592757438
"cum_abs_estimate_total","expressed_TRUE",18244,0.161289967135186
"cum_abs_estimate_total","expressed_TRUE",18257,0.161512578148612
"cum_abs_estimate_total","expressed_TRUE",18270,0.161341834208521
"cum_abs_estimate_total","expressed_TRUE",18283,0.16117109026843
"cum_abs_estimate_total","expressed_TRUE",18296,0.161262582964017
"cum_abs_estimate_total","expressed_TRUE",18309,0.161222957341765
"cum_abs_estimate_total","expressed_TRUE",18322,0.160921095083835
"cum_abs_estimate_total","expressed_TRUE",18335,0.161012587779422
"cum_abs_estimate_total","expressed_TRUE",18348,0.161104080475009
"cum_abs_estimate_total","expressed_TRUE",18361,0.160933336534918
"cum_abs_estimate_total","expressed_TRUE",18374,0.160762592594827
"cum_abs_estimate_total","expressed_TRUE",18388,0.160830865116727
"cum_abs_estimate_total","expressed_TRUE",18401,0.160660121176636
"cum_abs_estimate_total","expressed_TRUE",18414,0.161144968825739
"cum_abs_estimate_total","expressed_TRUE",18427,0.160974224885648
"cum_abs_estimate_total","expressed_TRUE",18440,0.160934599263396
"cum_abs_estimate_total","expressed_TRUE",18453,0.160894973641144
"cum_abs_estimate_total","expressed_TRUE",18466,0.160986466336731
"cum_abs_estimate_total","expressed_TRUE",18479,0.160946840714479
"cum_abs_estimate_total","expressed_TRUE",18492,0.161169451727905
"cum_abs_estimate_total","expressed_TRUE",18505,0.161129826105653
"cum_abs_estimate_total","expressed_TRUE",18518,0.160827963847723
"cum_abs_estimate_total","expressed_TRUE",18532,0.160765118051784
"cum_abs_estimate_total","expressed_TRUE",18545,0.160594374111693
"cum_abs_estimate_total","expressed_TRUE",18558,0.16068586680728
"cum_abs_estimate_total","expressed_TRUE",18571,0.160777359502867
"cum_abs_estimate_total","expressed_TRUE",18584,0.160999970516292
"cum_abs_estimate_total","expressed_TRUE",18597,0.160829226576201
"cum_abs_estimate_total","expressed_TRUE",18610,0.161051837589627
"cum_abs_estimate_total","expressed_TRUE",18623,0.161012211967375
"cum_abs_estimate_total","expressed_TRUE",18636,0.1612348229808
"cum_abs_estimate_total","expressed_TRUE",18649,0.161195197358548
"cum_abs_estimate_total","expressed_TRUE",18662,0.161155571736296
"cum_abs_estimate_total","expressed_TRUE",18675,0.160984827796205
"cum_abs_estimate_total","expressed_TRUE",18689,0.161184218635944
"cum_abs_estimate_total","expressed_TRUE",18702,0.161013474695853
"cum_abs_estimate_total","expressed_TRUE",18715,0.161367204027118
"cum_abs_estimate_total","expressed_TRUE",18728,0.161065341769188
"cum_abs_estimate_total","expressed_TRUE",18741,0.160763479511258
"cum_abs_estimate_total","expressed_TRUE",18754,0.160723853889006
"cum_abs_estimate_total","expressed_TRUE",18767,0.160815346584593
"cum_abs_estimate_total","expressed_TRUE",18780,0.16090683928018
"cum_abs_estimate_total","expressed_TRUE",18793,0.160736095340089
"cum_abs_estimate_total","expressed_TRUE",18806,0.160565351399998
"cum_abs_estimate_total","expressed_TRUE",18819,0.160787962413424
"cum_abs_estimate_total","expressed_TRUE",18833,0.160725116617485
"cum_abs_estimate_total","expressed_TRUE",18846,0.160816609313071
"cum_abs_estimate_total","expressed_TRUE",18859,0.160908102008658
"cum_abs_estimate_total","expressed_TRUE",18872,0.160868476386406
"cum_abs_estimate_total","expressed_TRUE",18885,0.160828850764154
"cum_abs_estimate_total","expressed_TRUE",18898,0.160789225141902
"cum_abs_estimate_total","expressed_TRUE",18911,0.161011836155328
"cum_abs_estimate_total","expressed_TRUE",18924,0.160972210533076
"cum_abs_estimate_total","expressed_TRUE",18937,0.161194821546501
"cum_abs_estimate_total","expressed_TRUE",18950,0.161286314242088
"cum_abs_estimate_total","expressed_TRUE",18963,0.161377806937675
"cum_abs_estimate_total","expressed_TRUE",18976,0.161338181315423
"cum_abs_estimate_total","expressed_TRUE",18990,0.161406453837323
"cum_abs_estimate_total","expressed_TRUE",19003,0.161497946532909
"cum_abs_estimate_total","expressed_TRUE",19016,0.161589439228496
"cum_abs_estimate_total","expressed_TRUE",19029,0.161549813606244
"cum_abs_estimate_total","expressed_TRUE",19042,0.161641306301831
"cum_abs_estimate_total","expressed_TRUE",19055,0.161601680679579
"cum_abs_estimate_total","expressed_TRUE",19068,0.161693173375166
"cum_abs_estimate_total","expressed_TRUE",19081,0.161653547752913
"cum_abs_estimate_total","expressed_TRUE",19094,0.162138395402017
"cum_abs_estimate_total","expressed_TRUE",19107,0.162361006415442
"cum_abs_estimate_total","expressed_TRUE",19120,0.16232138079319
"cum_abs_estimate_total","expressed_TRUE",19133,0.162019518535261
"cum_abs_estimate_total","expressed_TRUE",19147,0.16208779105716
"cum_abs_estimate_total","expressed_TRUE",19160,0.162179283752747
"cum_abs_estimate_total","expressed_TRUE",19173,0.162008539812656
"cum_abs_estimate_total","expressed_TRUE",19186,0.16249338746176
"cum_abs_estimate_total","expressed_TRUE",19199,0.16219152520383
"cum_abs_estimate_total","expressed_TRUE",19212,0.162020781263739
"cum_abs_estimate_total","expressed_TRUE",19225,0.162112273959326
"cum_abs_estimate_total","expressed_TRUE",19238,0.16246600329059
"cum_abs_estimate_total","expressed_TRUE",19251,0.162557495986177
"cum_abs_estimate_total","expressed_TRUE",19264,0.162648988681764
"cum_abs_estimate_total","expressed_TRUE",19277,0.162740481377351
"cum_abs_estimate_total","expressed_TRUE",19291,0.162677635581412
"cum_abs_estimate_total","expressed_TRUE",19304,0.162506891641321
"cum_abs_estimate_total","expressed_TRUE",19317,0.162598384336907
"cum_abs_estimate_total","expressed_TRUE",19330,0.162952113668172
"cum_abs_estimate_total","expressed_TRUE",19343,0.162650251410242
"cum_abs_estimate_total","expressed_TRUE",19356,0.162479507470151
"cum_abs_estimate_total","expressed_TRUE",19369,0.162439881847899
"cum_abs_estimate_total","expressed_TRUE",19382,0.162269137907808
"cum_abs_estimate_total","expressed_TRUE",19395,0.162360630603395
"cum_abs_estimate_total","expressed_TRUE",19408,0.162321004981143
"cum_abs_estimate_total","expressed_TRUE",19421,0.162543615994569
"cum_abs_estimate_total","expressed_TRUE",19434,0.162503990372317
"cum_abs_estimate_total","expressed_TRUE",19448,0.162310026258539
"cum_abs_estimate_total","expressed_TRUE",19461,0.162401518954126
"cum_abs_estimate_total","expressed_TRUE",19474,0.162361893331874
"cum_abs_estimate_total","expressed_TRUE",19487,0.162322267709622
"cum_abs_estimate_total","expressed_TRUE",19500,0.162413760405208
"cum_abs_estimate_total","expressed_TRUE",19513,0.162243016465117
"cum_abs_estimate_total","expressed_TRUE",19526,0.162203390842865
"cum_abs_estimate_total","expressed_TRUE",19539,0.162426001856291
"cum_abs_estimate_total","expressed_TRUE",19552,0.162386376234039
"cum_abs_estimate_total","expressed_TRUE",19565,0.162084513976109
"cum_abs_estimate_total","expressed_TRUE",19578,0.16178265171818
"cum_abs_estimate_total","expressed_TRUE",19592,0.161850924240079
"cum_abs_estimate_total","expressed_TRUE",19605,0.161942416935666
"cum_abs_estimate_total","expressed_TRUE",19618,0.161640554677736
"cum_abs_estimate_total","expressed_TRUE",19631,0.161600929055484
"cum_abs_estimate_total","expressed_TRUE",19644,0.161692421751071
"cum_abs_estimate_total","expressed_TRUE",19657,0.161652796128819
"cum_abs_estimate_total","expressed_TRUE",19670,0.161482052188728
"cum_abs_estimate_total","expressed_TRUE",19683,0.161442426566476
"cum_abs_estimate_total","expressed_TRUE",19696,0.161665037579902
"cum_abs_estimate_total","expressed_TRUE",19709,0.16162541195765
"cum_abs_estimate_total","expressed_TRUE",19722,0.161848022971075
"cum_abs_estimate_total","expressed_TRUE",19735,0.161677279030984
"cum_abs_estimate_total","expressed_TRUE",19749,0.162138906506401
"cum_abs_estimate_total","expressed_TRUE",19762,0.162230399201988
"cum_abs_estimate_total","expressed_TRUE",19775,0.162190773579736
"cum_abs_estimate_total","expressed_TRUE",19788,0.162282266275322
"cum_abs_estimate_total","expressed_TRUE",19801,0.162504877288748
"cum_abs_estimate_total","expressed_TRUE",19814,0.162203015030818
"cum_abs_estimate_total","expressed_TRUE",19827,0.162425626044244
"cum_abs_estimate_total","expressed_TRUE",19840,0.162517118739831
"cum_abs_estimate_total","expressed_TRUE",19853,0.162477493117579
"cum_abs_estimate_total","expressed_TRUE",19866,0.162700104131004
"cum_abs_estimate_total","expressed_TRUE",19879,0.162791596826591
"cum_abs_estimate_total","expressed_TRUE",19893,0.163122105984168
"cum_abs_estimate_total","expressed_TRUE",19906,0.163082480361916
"cum_abs_estimate_total","expressed_TRUE",19919,0.163042854739664
"cum_abs_estimate_total","expressed_TRUE",19932,0.163003229117412
"cum_abs_estimate_total","expressed_TRUE",19945,0.163094721812999
"cum_abs_estimate_total","expressed_TRUE",19958,0.163317332826425
"cum_abs_estimate_total","expressed_TRUE",19971,0.163408825522011
"cum_abs_estimate_total","expressed_TRUE",19984,0.163106963264082
"cum_abs_estimate_total","expressed_TRUE",19997,0.162936219323991
"cum_abs_estimate_total","expressed_TRUE",20010,0.162896593701739
"cum_abs_estimate_total","expressed_TRUE",20023,0.162725849761648
"cum_abs_estimate_total","expressed_TRUE",20036,0.162555105821557
"cum_abs_estimate_total","expressed_TRUE",20050,0.162492260025618
"cum_abs_estimate_total","expressed_TRUE",20063,0.162452634403366
"cum_abs_estimate_total","expressed_TRUE",20076,0.162413008781114
"cum_abs_estimate_total","expressed_TRUE",20089,0.162504501476701
"cum_abs_estimate_total","expressed_TRUE",20102,0.162727112490126
"cum_abs_estimate_total","expressed_TRUE",20115,0.163080841821391
"cum_abs_estimate_total","expressed_TRUE",20128,0.163041216199139
"cum_abs_estimate_total","expressed_TRUE",20141,0.162870472259048
"cum_abs_estimate_total","expressed_TRUE",20154,0.162830846636796
"cum_abs_estimate_total","expressed_TRUE",20167,0.162922339332383
"cum_abs_estimate_total","expressed_TRUE",20180,0.162620477074453
"cum_abs_estimate_total","expressed_TRUE",20194,0.162426512960675
"cum_abs_estimate_total","expressed_TRUE",20207,0.162518005656262
"cum_abs_estimate_total","expressed_TRUE",20220,0.16247838003401
"cum_abs_estimate_total","expressed_TRUE",20233,0.162438754411758
"cum_abs_estimate_total","expressed_TRUE",20246,0.162792483743022
"cum_abs_estimate_total","expressed_TRUE",20259,0.162883976438609
"cum_abs_estimate_total","expressed_TRUE",20272,0.162975469134196
"cum_abs_estimate_total","expressed_TRUE",20285,0.162935843511944
"cum_abs_estimate_total","expressed_TRUE",20298,0.162896217889692
"cum_abs_estimate_total","expressed_TRUE",20311,0.162725473949601
"cum_abs_estimate_total","expressed_TRUE",20324,0.162685848327349
"cum_abs_estimate_total","expressed_TRUE",20337,0.162646222705097
"cum_abs_estimate_total","expressed_TRUE",20351,0.162583376909158
"cum_abs_estimate_total","expressed_TRUE",20364,0.162674869604744
"cum_abs_estimate_total","expressed_TRUE",20377,0.162504125664654
"cum_abs_estimate_total","expressed_TRUE",20390,0.162333381724563
"cum_abs_estimate_total","expressed_TRUE",20403,0.162293756102311
"cum_abs_estimate_total","expressed_TRUE",20416,0.162254130480059
"cum_abs_estimate_total","expressed_TRUE",20429,0.162345623175645
"cum_abs_estimate_total","expressed_TRUE",20442,0.162437115871232
"cum_abs_estimate_total","expressed_TRUE",20455,0.162528608566819
"cum_abs_estimate_total","expressed_TRUE",20468,0.162357864626728
"cum_abs_estimate_total","expressed_TRUE",20481,0.162449357322315
"cum_abs_estimate_total","expressed_TRUE",20494,0.162409731700063
"cum_abs_estimate_total","expressed_TRUE",20508,0.16274024085764
"cum_abs_estimate_total","expressed_TRUE",20521,0.162438378599711
"cum_abs_estimate_total","expressed_TRUE",20534,0.162660989613136
"cum_abs_estimate_total","expressed_TRUE",20547,0.162490245673045
"cum_abs_estimate_total","expressed_TRUE",20560,0.162450620050793
"cum_abs_estimate_total","expressed_TRUE",20573,0.16254211274638
"cum_abs_estimate_total","expressed_TRUE",20586,0.162895842077644
"cum_abs_estimate_total","expressed_TRUE",20599,0.162725098137554
"cum_abs_estimate_total","expressed_TRUE",20612,0.162685472515302
"cum_abs_estimate_total","expressed_TRUE",20625,0.16264584689305
"cum_abs_estimate_total","expressed_TRUE",20638,0.16234398463512
"cum_abs_estimate_total","expressed_TRUE",20652,0.162674493792697
"cum_abs_estimate_total","expressed_TRUE",20665,0.162634868170445
"cum_abs_estimate_total","expressed_TRUE",20678,0.162595242548193
"cum_abs_estimate_total","expressed_TRUE",20691,0.162817853561619
"cum_abs_estimate_total","expressed_TRUE",20704,0.162647109621528
"cum_abs_estimate_total","expressed_TRUE",20717,0.162476365681437
"cum_abs_estimate_total","expressed_TRUE",20730,0.162436740059185
"cum_abs_estimate_total","expressed_TRUE",20743,0.162134877801255
"cum_abs_estimate_total","expressed_TRUE",20756,0.161964133861164
"cum_abs_estimate_total","expressed_TRUE",20769,0.162055626556751
"cum_abs_estimate_total","expressed_TRUE",20782,0.162016000934499
"cum_abs_estimate_total","expressed_TRUE",20795,0.16171413867657
"cum_abs_estimate_total","expressed_TRUE",20809,0.161389056244953
"cum_abs_estimate_total","expressed_TRUE",20822,0.16148054894054
"cum_abs_estimate_total","expressed_TRUE",20835,0.161703159953965
"cum_abs_estimate_total","expressed_TRUE",20848,0.161532416013874
"cum_abs_estimate_total","expressed_TRUE",20861,0.161492790391622
"cum_abs_estimate_total","expressed_TRUE",20874,0.161322046451531
"cum_abs_estimate_total","expressed_TRUE",20887,0.161282420829279
"cum_abs_estimate_total","expressed_TRUE",20900,0.161373913524866
"cum_abs_estimate_total","expressed_TRUE",20913,0.161203169584775
"cum_abs_estimate_total","expressed_TRUE",20926,0.161163543962523
"cum_abs_estimate_total","expressed_TRUE",20939,0.161123918340271
"cum_abs_estimate_total","expressed_TRUE",20953,0.161192190862171
"cum_abs_estimate_total","expressed_TRUE",20966,0.16102144692208
"cum_abs_estimate_total","expressed_TRUE",20979,0.161112939617667
"cum_abs_estimate_total","expressed_TRUE",20992,0.161204432313254
"cum_abs_estimate_total","expressed_TRUE",21005,0.161164806691002
"cum_abs_estimate_total","expressed_TRUE",21018,0.16112518106875
"cum_abs_estimate_total","expressed_TRUE",21031,0.161216673764336
"cum_abs_estimate_total","expressed_TRUE",21044,0.161308166459923
"cum_abs_estimate_total","expressed_TRUE",21057,0.161268540837671
"cum_abs_estimate_total","expressed_TRUE",21070,0.161360033533258
"cum_abs_estimate_total","expressed_TRUE",21083,0.161451526228845
"cum_abs_estimate_total","expressed_TRUE",21096,0.161280782288754
"cum_abs_estimate_total","expressed_TRUE",21110,0.161349054810654
"cum_abs_estimate_total","expressed_TRUE",21123,0.16144054750624
"cum_abs_estimate_total","expressed_TRUE",21136,0.16126980356615
"cum_abs_estimate_total","expressed_TRUE",21149,0.161099059626059
"cum_abs_estimate_total","expressed_TRUE",21162,0.161059434003807
"cum_abs_estimate_total","expressed_TRUE",21175,0.161019808381555
"cum_abs_estimate_total","expressed_TRUE",21188,0.160849064441464
"cum_abs_estimate_total","expressed_TRUE",21201,0.160809438819212
"cum_abs_estimate_total","expressed_TRUE",21214,0.160638694879121
"cum_abs_estimate_total","expressed_TRUE",21227,0.160599069256869
"cum_abs_estimate_total","expressed_TRUE",21240,0.160690561952456
"cum_abs_estimate_total","expressed_TRUE",21254,0.160758834474355
"cum_abs_estimate_total","expressed_TRUE",21267,0.160981445487781
"cum_abs_estimate_total","expressed_TRUE",21280,0.161072938183368
"cum_abs_estimate_total","expressed_TRUE",21293,0.161164430878955
"cum_abs_estimate_total","expressed_TRUE",21306,0.161518160210219
"cum_abs_estimate_total","expressed_TRUE",21319,0.161347416270128
"cum_abs_estimate_total","expressed_TRUE",21332,0.161438908965715
"cum_abs_estimate_total","expressed_TRUE",21345,0.16166151997914
"cum_abs_estimate_total","expressed_TRUE",21358,0.161884130992566
"cum_abs_estimate_total","expressed_TRUE",21371,0.161844505370314
"cum_abs_estimate_total","expressed_TRUE",21384,0.161935998065901
"cum_abs_estimate_total","expressed_TRUE",21397,0.161896372443649
"cum_abs_estimate_total","expressed_TRUE",21411,0.161702408329871
"cum_abs_estimate_total","expressed_TRUE",21424,0.161400546071941
"cum_abs_estimate_total","expressed_TRUE",21437,0.161623157085367
"cum_abs_estimate_total","expressed_TRUE",21450,0.161976886416631
"cum_abs_estimate_total","expressed_TRUE",21463,0.161675024158702
"cum_abs_estimate_total","expressed_TRUE",21476,0.161373161900772
"cum_abs_estimate_total","expressed_TRUE",21489,0.16133353627852
"cum_abs_estimate_total","expressed_TRUE",21502,0.161293910656268
"cum_abs_estimate_total","expressed_TRUE",21515,0.161254285034016
"cum_abs_estimate_total","expressed_TRUE",21528,0.161083541093925
"cum_abs_estimate_total","expressed_TRUE",21541,0.161175033789512
"cum_abs_estimate_total","expressed_TRUE",21555,0.161112187993573
"cum_abs_estimate_total","expressed_TRUE",21568,0.161203680689159
"cum_abs_estimate_total","expressed_TRUE",21581,0.161032936749069
"cum_abs_estimate_total","expressed_TRUE",21594,0.160862192808978
"cum_abs_estimate_total","expressed_TRUE",21607,0.161215922140242
"cum_abs_estimate_total","expressed_TRUE",21620,0.16117629651799
"cum_abs_estimate_total","expressed_TRUE",21633,0.161005552577899
"cum_abs_estimate_total","expressed_TRUE",21646,0.160965926955647
"cum_abs_estimate_total","expressed_TRUE",21659,0.160926301333395
"cum_abs_estimate_total","expressed_TRUE",21672,0.160624439075465
"cum_abs_estimate_total","expressed_TRUE",21685,0.16097816840673
"cum_abs_estimate_total","expressed_TRUE",21698,0.160807424466639
"cum_abs_estimate_total","expressed_TRUE",21712,0.1607445786707
"cum_abs_estimate_total","expressed_TRUE",21725,0.161098308001964
"cum_abs_estimate_total","expressed_TRUE",21738,0.161189800697551
"cum_abs_estimate_total","expressed_TRUE",21751,0.161150175075299
"cum_abs_estimate_total","expressed_TRUE",21764,0.161110549453047
"cum_abs_estimate_total","expressed_TRUE",21777,0.160939805512956
"cum_abs_estimate_total","expressed_TRUE",21790,0.160900179890704
"cum_abs_estimate_total","expressed_TRUE",21803,0.16112279090413
"cum_abs_estimate_total","expressed_TRUE",21816,0.161083165281878
"cum_abs_estimate_total","expressed_TRUE",21829,0.161174657977464
"cum_abs_estimate_total","expressed_TRUE",21842,0.16139726899089
"cum_abs_estimate_total","expressed_TRUE",21855,0.161357643368638
"cum_abs_estimate_total","expressed_TRUE",21869,0.161425915890538
"cum_abs_estimate_total","expressed_TRUE",21882,0.161517408586125
"cum_abs_estimate_total","expressed_TRUE",21895,0.161608901281711
"cum_abs_estimate_total","expressed_TRUE",21908,0.161700393977298
"cum_abs_estimate_total","expressed_TRUE",21921,0.161791886672885
"cum_abs_estimate_total","expressed_TRUE",21934,0.161883379368472
"cum_abs_estimate_total","expressed_TRUE",21947,0.161712635428381
"cum_abs_estimate_total","expressed_TRUE",21960,0.161935246441806
"cum_abs_estimate_total","expressed_TRUE",21973,0.162157857455232
"cum_abs_estimate_total","expressed_TRUE",21986,0.16211823183298
"cum_abs_estimate_total","expressed_TRUE",21999,0.162209724528567
"cum_abs_estimate_total","expressed_TRUE",22013,0.162146878732628
"cum_abs_estimate_total","expressed_TRUE",22026,0.161845016474698
"cum_abs_estimate_total","expressed_TRUE",22039,0.161674272534607
"cum_abs_estimate_total","expressed_TRUE",22052,0.161765765230194
"cum_abs_estimate_total","expressed_TRUE",22065,0.161857257925781
"cum_abs_estimate_total","expressed_TRUE",22078,0.161948750621368
"cum_abs_estimate_total","expressed_TRUE",22091,0.162302479952632
"cum_abs_estimate_total","expressed_TRUE",22104,0.16226285433038
"cum_abs_estimate_total","expressed_TRUE",22117,0.162354347025967
"cum_abs_estimate_total","expressed_TRUE",22130,0.162576958039392
"cum_abs_estimate_total","expressed_TRUE",22143,0.162799569052818
"cum_abs_estimate_total","expressed_TRUE",22156,0.162759943430566
"cum_abs_estimate_total","expressed_TRUE",22170,0.162828215952466
"cum_abs_estimate_total","expressed_TRUE",22183,0.163050826965891
"cum_abs_estimate_total","expressed_TRUE",22196,0.163273437979317
"cum_abs_estimate_total","expressed_TRUE",22209,0.163233812357065
"cum_abs_estimate_total","expressed_TRUE",22222,0.163194186734813
"cum_abs_estimate_total","expressed_TRUE",22235,0.1632856794304
"cum_abs_estimate_total","expressed_TRUE",22248,0.16298381717247
"cum_abs_estimate_total","expressed_TRUE",22261,0.162813073232379
"cum_abs_estimate_total","expressed_TRUE",22274,0.163166802563643
"cum_abs_estimate_total","expressed_TRUE",22287,0.163127176941391
"cum_abs_estimate_total","expressed_TRUE",22300,0.163349787954817
"cum_abs_estimate_total","expressed_TRUE",22314,0.163418060476717
"cum_abs_estimate_total","expressed_TRUE",22327,0.163509553172304
"cum_abs_estimate_total","expressed_TRUE",22340,0.163469927550052
"cum_abs_estimate_total","expressed_TRUE",22353,0.163168065292122
"cum_abs_estimate_total","expressed_TRUE",22366,0.163259557987709
"cum_abs_estimate_total","expressed_TRUE",22379,0.163088814047618
"cum_abs_estimate_total","expressed_TRUE",22392,0.163049188425366
"cum_abs_estimate_total","expressed_TRUE",22405,0.163271799438791
"cum_abs_estimate_total","expressed_TRUE",22418,0.163494410452217
"cum_abs_estimate_total","expressed_TRUE",22431,0.163323666512126
"cum_abs_estimate_total","expressed_TRUE",22444,0.163284040889874
"cum_abs_estimate_total","expressed_TRUE",22457,0.163375533585461
"cum_abs_estimate_total","expressed_TRUE",22471,0.163574924425199
"cum_abs_estimate_total","expressed_TRUE",22484,0.163666417120786
"cum_abs_estimate_total","expressed_TRUE",22497,0.163757909816373
"cum_abs_estimate_total","expressed_TRUE",22510,0.16384940251196
"cum_abs_estimate_total","expressed_TRUE",22523,0.164072013525385
"cum_abs_estimate_total","expressed_TRUE",22536,0.164032387903133
"cum_abs_estimate_total","expressed_TRUE",22549,0.16412388059872
"cum_abs_estimate_total","expressed_TRUE",22562,0.164084254976468
"cum_abs_estimate_total","expressed_TRUE",22575,0.164044629354216
"cum_abs_estimate_total","expressed_TRUE",22588,0.163873885414125
"cum_abs_estimate_total","expressed_TRUE",22601,0.163703141474034
"cum_abs_estimate_total","expressed_TRUE",22615,0.163640295678095
"cum_abs_estimate_total","expressed_TRUE",22628,0.163862906691521
"cum_abs_estimate_total","expressed_TRUE",22641,0.16369216275143
"cum_abs_estimate_total","expressed_TRUE",22654,0.163521418811339
"cum_abs_estimate_total","expressed_TRUE",22667,0.163481793189087
"cum_abs_estimate_total","expressed_TRUE",22680,0.163179930931157
"cum_abs_estimate_total","expressed_TRUE",22693,0.163271423626744
"cum_abs_estimate_total","expressed_TRUE",22706,0.163231798004492
"cum_abs_estimate_total","expressed_TRUE",22719,0.16319217238224
"cum_abs_estimate_total","expressed_TRUE",22732,0.163283665077827
"cum_abs_estimate_total","expressed_TRUE",22745,0.163375157773414
"cum_abs_estimate_total","expressed_TRUE",22758,0.163204413833323
"cum_abs_estimate_total","expressed_TRUE",22772,0.163403804673061
"cum_abs_estimate_total","expressed_TRUE",22785,0.163233060732971
"cum_abs_estimate_total","expressed_TRUE",22798,0.163193435110718
"cum_abs_estimate_total","expressed_TRUE",22811,0.163153809488466
"cum_abs_estimate_total","expressed_TRUE",22824,0.163114183866214
"cum_abs_estimate_total","expressed_TRUE",22837,0.163205676561801
"cum_abs_estimate_total","expressed_TRUE",22850,0.163428287575227
"cum_abs_estimate_total","expressed_TRUE",22863,0.163388661952975
"cum_abs_estimate_total","expressed_TRUE",22876,0.1636112729664
"cum_abs_estimate_total","expressed_TRUE",22889,0.163833883979826
"cum_abs_estimate_total","expressed_TRUE",22902,0.163925376675413
"cum_abs_estimate_total","expressed_TRUE",22915,0.164016869370999
"cum_abs_estimate_total","expressed_TRUE",22929,0.163822905257222
"cum_abs_estimate_total","expressed_TRUE",22942,0.163521042999292
"cum_abs_estimate_total","expressed_TRUE",22955,0.163612535694879
"cum_abs_estimate_total","expressed_TRUE",22968,0.163441791754788
"cum_abs_estimate_total","expressed_TRUE",22981,0.163139929496858
"cum_abs_estimate_total","expressed_TRUE",22994,0.163231422192445
"cum_abs_estimate_total","expressed_TRUE",23007,0.163060678252354
"cum_abs_estimate_total","expressed_TRUE",23020,0.163021052630102
"cum_abs_estimate_total","expressed_TRUE",23033,0.163243663643528
"cum_abs_estimate_total","expressed_TRUE",23046,0.163072919703437
"cum_abs_estimate_total","expressed_TRUE",23059,0.163033294081185
"cum_abs_estimate_total","expressed_TRUE",23073,0.162970448285246
"cum_abs_estimate_total","expressed_TRUE",23086,0.163193059298671
"cum_abs_estimate_total","expressed_TRUE",23099,0.163153433676419
"cum_abs_estimate_total","expressed_TRUE",23112,0.163507163007684
"cum_abs_estimate_total","expressed_TRUE",23125,0.163467537385432
"cum_abs_estimate_total","expressed_TRUE",23138,0.163296793445341
"cum_abs_estimate_total","expressed_TRUE",23151,0.163388286140928
"cum_abs_estimate_total","expressed_TRUE",23164,0.163610897154353
"cum_abs_estimate_total","expressed_TRUE",23177,0.16370238984994
"cum_abs_estimate_total","expressed_TRUE",23190,0.163531645909849
"cum_abs_estimate_total","expressed_TRUE",23203,0.163492020287597
"cum_abs_estimate_total","expressed_TRUE",23216,0.163321276347506
"cum_abs_estimate_total","expressed_TRUE",23230,0.163520667187245
"cum_abs_estimate_total","expressed_TRUE",23243,0.163218804929315
"cum_abs_estimate_total","expressed_TRUE",23256,0.163048060989224
"cum_abs_estimate_total","expressed_TRUE",23269,0.163008435366972
"cum_abs_estimate_total","expressed_TRUE",23282,0.162837691426881
"cum_abs_estimate_total","expressed_TRUE",23295,0.16266694748679
"cum_abs_estimate_total","expressed_TRUE",23308,0.162889558500216
"cum_abs_estimate_total","expressed_TRUE",23321,0.162981051195803
"cum_abs_estimate_total","expressed_TRUE",23334,0.163597017162745
"cum_abs_estimate_total","expressed_TRUE",23347,0.163688509858332
"cum_abs_estimate_total","expressed_TRUE",23360,0.163517765918241
"cum_abs_estimate_total","expressed_TRUE",23374,0.163454920122302
"cum_abs_estimate_total","expressed_TRUE",23387,0.16341529450005
"cum_abs_estimate_total","expressed_TRUE",23400,0.163637905513475
"cum_abs_estimate_total","expressed_TRUE",23413,0.163336043255546
"cum_abs_estimate_total","expressed_TRUE",23426,0.163427535951132
"cum_abs_estimate_total","expressed_TRUE",23439,0.163256792011042
"cum_abs_estimate_total","expressed_TRUE",23452,0.163217166388789
"cum_abs_estimate_total","expressed_TRUE",23465,0.163177540766537
"cum_abs_estimate_total","expressed_TRUE",23478,0.163137915144285
"cum_abs_estimate_total","expressed_TRUE",23491,0.163098289522033
"cum_abs_estimate_total","expressed_TRUE",23504,0.163058663899781
"cum_abs_estimate_total","expressed_TRUE",23517,0.163019038277529
"cum_abs_estimate_total","expressed_TRUE",23531,0.16295619248159
"cum_abs_estimate_total","expressed_TRUE",23544,0.162916566859338
"cum_abs_estimate_total","expressed_TRUE",23557,0.162745822919247
"cum_abs_estimate_total","expressed_TRUE",23570,0.162706197296995
"cum_abs_estimate_total","expressed_TRUE",23583,0.162666571674743
"cum_abs_estimate_total","expressed_TRUE",23596,0.162495827734652
"cum_abs_estimate_total","expressed_TRUE",23609,0.162325083794562
"cum_abs_estimate_total","expressed_TRUE",23622,0.162678813125826
"cum_abs_estimate_total","expressed_TRUE",23635,0.162901424139252
"cum_abs_estimate_total","expressed_TRUE",23648,0.163124035152677
"cum_abs_estimate_total","expressed_TRUE",23661,0.163215527848264
"cum_abs_estimate_total","expressed_TRUE",23675,0.163152682052325
"cum_abs_estimate_total","expressed_TRUE",23688,0.163506411383589
"cum_abs_estimate_total","expressed_TRUE",23701,0.163860140714854
"cum_abs_estimate_total","expressed_TRUE",23714,0.163951633410441
"cum_abs_estimate_total","expressed_TRUE",23727,0.163912007788188
"cum_abs_estimate_total","expressed_TRUE",23740,0.164527973755131
"cum_abs_estimate_total","expressed_TRUE",23753,0.164881703086395
"cum_abs_estimate_total","expressed_TRUE",23766,0.165104314099821
"cum_abs_estimate_total","expressed_TRUE",23779,0.16493357015973
"cum_abs_estimate_total","expressed_TRUE",23792,0.165549536126672
"cum_abs_estimate_total","expressed_TRUE",23805,0.165772147140097
"cum_abs_estimate_total","expressed_TRUE",23818,0.165732521517845
"cum_abs_estimate_total","expressed_TRUE",23832,0.165669675721906
"cum_abs_estimate_total","expressed_TRUE",23845,0.165498931781815
"cum_abs_estimate_total","expressed_TRUE",23858,0.165328187841725
"cum_abs_estimate_total","expressed_TRUE",23871,0.165419680537311
"cum_abs_estimate_total","expressed_TRUE",23884,0.165642291550737
"cum_abs_estimate_total","expressed_TRUE",23897,0.165733784246324
"cum_abs_estimate_total","expressed_TRUE",23910,0.16582527694191
"cum_abs_estimate_total","expressed_TRUE",23923,0.165785651319658
"cum_abs_estimate_total","expressed_TRUE",23936,0.165614907379568
"cum_abs_estimate_total","expressed_TRUE",23949,0.165575281757315
"cum_abs_estimate_total","expressed_TRUE",23962,0.165535656135063
"cum_abs_estimate_total","expressed_TRUE",23976,0.165603928656963
"cum_abs_estimate_total","expressed_TRUE",23989,0.165433184716872
"cum_abs_estimate_total","expressed_TRUE",24002,0.16539355909462
"cum_abs_estimate_total","expressed_TRUE",24015,0.16522281515453
"cum_abs_estimate_total","expressed_TRUE",24028,0.165314307850116
"cum_abs_estimate_total","expressed_TRUE",24041,0.165405800545703
"cum_abs_estimate_total","expressed_TRUE",24054,0.165628411559129
"cum_abs_estimate_total","expressed_TRUE",24067,0.165326549301199
"cum_abs_estimate_total","expressed_TRUE",24080,0.165024687043269
"cum_abs_estimate_total","expressed_TRUE",24093,0.16472282478534
"cum_abs_estimate_total","expressed_TRUE",24106,0.16442096252741
"cum_abs_estimate_total","expressed_TRUE",24119,0.164512455222997
"cum_abs_estimate_total","expressed_TRUE",24133,0.16418737279138
"cum_abs_estimate_total","expressed_TRUE",24146,0.164278865486967
"cum_abs_estimate_total","expressed_TRUE",24159,0.164370358182554
"cum_abs_estimate_total","expressed_TRUE",24172,0.164986324149496
"cum_abs_estimate_total","expressed_TRUE",24185,0.164815580209405
"cum_abs_estimate_total","expressed_TRUE",24198,0.164644836269314
"cum_abs_estimate_total","expressed_TRUE",24211,0.164736328964901
"cum_abs_estimate_total","expressed_TRUE",24224,0.164827821660487
"cum_abs_estimate_total","expressed_TRUE",24237,0.165312669309591
"cum_abs_estimate_total","expressed_TRUE",24250,0.165010807051661
"cum_abs_estimate_total","expressed_TRUE",24263,0.165102299747248
"cum_abs_estimate_total","expressed_TRUE",24276,0.164931555807157
"cum_abs_estimate_total","expressed_TRUE",24290,0.164999828329057
"cum_abs_estimate_total","expressed_TRUE",24303,0.164697966071127
"cum_abs_estimate_total","expressed_TRUE",24316,0.164789458766714
"cum_abs_estimate_total","expressed_TRUE",24329,0.164618714826623
"cum_abs_estimate_total","expressed_TRUE",24342,0.164841325840049
"cum_abs_estimate_total","expressed_TRUE",24355,0.165063936853474
"cum_abs_estimate_total","expressed_TRUE",24368,0.164893192913383
"cum_abs_estimate_total","expressed_TRUE",24381,0.165115803926809
"cum_abs_estimate_total","expressed_TRUE",24394,0.165207296622396
"cum_abs_estimate_total","expressed_TRUE",24407,0.165429907635821
"cum_abs_estimate_total","expressed_TRUE",24420,0.165521400331408
"cum_abs_estimate_total","expressed_TRUE",24434,0.165589672853308
"cum_abs_estimate_total","expressed_TRUE",24447,0.165550047231056
"cum_abs_estimate_total","expressed_TRUE",24460,0.165379303290965
"cum_abs_estimate_total","expressed_TRUE",24473,0.165208559350874
"cum_abs_estimate_total","expressed_TRUE",24486,0.165037815410783
"cum_abs_estimate_total","expressed_TRUE",24499,0.165522663059886
"cum_abs_estimate_total","expressed_TRUE",24512,0.165483037437634
"cum_abs_estimate_total","expressed_TRUE",24525,0.165574530133221
"cum_abs_estimate_total","expressed_TRUE",24538,0.16540378619313
"cum_abs_estimate_total","expressed_TRUE",24551,0.165233042253039
"cum_abs_estimate_total","expressed_TRUE",24564,0.165062298312949
"cum_abs_estimate_total","expressed_TRUE",24577,0.164760436055019
"cum_abs_estimate_total","expressed_TRUE",24591,0.16469759025908
"cum_abs_estimate_total","expressed_TRUE",24604,0.164789082954667
"cum_abs_estimate_total","expressed_TRUE",24617,0.164618339014576
"cum_abs_estimate_total","expressed_TRUE",24630,0.164709831710163
"cum_abs_estimate_total","expressed_TRUE",24643,0.164801324405749
"cum_abs_estimate_total","expressed_TRUE",24656,0.164761698783497
"cum_abs_estimate_total","expressed_TRUE",24669,0.164722073161245
"cum_abs_estimate_total","expressed_TRUE",24682,0.164944684174671
"cum_abs_estimate_total","expressed_TRUE",24695,0.165298413505935
"cum_abs_estimate_total","expressed_TRUE",24708,0.165127669565844
"cum_abs_estimate_total","expressed_TRUE",24721,0.165088043943592
"cum_abs_estimate_total","expressed_TRUE",24735,0.165156316465492
"cum_abs_estimate_total","expressed_TRUE",24748,0.164985572525401
"cum_abs_estimate_total","expressed_TRUE",24761,0.165077065220988
"cum_abs_estimate_total","expressed_TRUE",24774,0.165168557916575
"cum_abs_estimate_total","expressed_TRUE",24787,0.165260050612162
"cum_abs_estimate_total","expressed_TRUE",24800,0.16522042498991
"cum_abs_estimate_total","expressed_TRUE",24813,0.165443036003335
"cum_abs_estimate_total","expressed_TRUE",24826,0.165272292063244
"cum_abs_estimate_total","expressed_TRUE",24839,0.165232666440992
"cum_abs_estimate_total","expressed_TRUE",24852,0.16519304081874
"cum_abs_estimate_total","expressed_TRUE",24865,0.165022296878649
"cum_abs_estimate_total","expressed_TRUE",24878,0.165113789574236
"cum_abs_estimate_total","expressed_TRUE",24892,0.165313180413975
"cum_abs_estimate_total","expressed_TRUE",24905,0.165142436473884
"cum_abs_estimate_total","expressed_TRUE",24918,0.165233929169471
"cum_abs_estimate_total","expressed_TRUE",24931,0.165325421865057
"cum_abs_estimate_total","expressed_TRUE",24944,0.165154677924967
"cum_abs_estimate_total","expressed_TRUE",24957,0.165246170620553
"cum_abs_estimate_total","expressed_TRUE",24970,0.165731018269657
"cum_abs_estimate_total","expressed_TRUE",24983,0.165560274329566
"cum_abs_estimate_total","expressed_TRUE",24996,0.165520648707314
"cum_abs_estimate_total","expressed_TRUE",25009,0.165349904767223
"cum_abs_estimate_total","expressed_TRUE",25022,0.165310279144971
"cum_abs_estimate_total","expressed_TRUE",25036,0.165378551666871
"cum_abs_estimate_total","expressed_TRUE",25049,0.165076689408941
"cum_abs_estimate_total","expressed_TRUE",25062,0.165037063786689
"cum_abs_estimate_total","expressed_TRUE",25075,0.164997438164437
"cum_abs_estimate_total","expressed_TRUE",25088,0.16548228581354
"cum_abs_estimate_total","expressed_TRUE",25101,0.165442660191288
"cum_abs_estimate_total","expressed_TRUE",25114,0.165534152886875
"cum_abs_estimate_total","expressed_TRUE",25127,0.165625645582462
"cum_abs_estimate_total","expressed_TRUE",25140,0.165848256595887
"cum_abs_estimate_total","expressed_TRUE",25153,0.165939749291474
"cum_abs_estimate_total","expressed_TRUE",25166,0.166293478622738
"cum_abs_estimate_total","expressed_TRUE",25179,0.165991616364809
"cum_abs_estimate_total","expressed_TRUE",25193,0.165666533933192
"cum_abs_estimate_total","expressed_TRUE",25206,0.165758026628779
"cum_abs_estimate_total","expressed_TRUE",25219,0.165587282688688
"cum_abs_estimate_total","expressed_TRUE",25232,0.165547657066436
"cum_abs_estimate_total","expressed_TRUE",25245,0.165508031444184
"cum_abs_estimate_total","expressed_TRUE",25258,0.165730642457609
"cum_abs_estimate_total","expressed_TRUE",25271,0.165691016835357
"cum_abs_estimate_total","expressed_TRUE",25284,0.165389154577428
"cum_abs_estimate_total","expressed_TRUE",25297,0.165874002226531
"cum_abs_estimate_total","expressed_TRUE",25310,0.166096613239957
"cum_abs_estimate_total","expressed_TRUE",25323,0.166188105935543
"cum_abs_estimate_total","expressed_TRUE",25337,0.166256378457443
"cum_abs_estimate_total","expressed_TRUE",25350,0.16634787115303
"cum_abs_estimate_total","expressed_TRUE",25363,0.166439363848617
"cum_abs_estimate_total","expressed_TRUE",25376,0.166268619908526
"cum_abs_estimate_total","expressed_TRUE",25389,0.166228994286274
"cum_abs_estimate_total","expressed_TRUE",25402,0.166189368664022
"cum_abs_estimate_total","expressed_TRUE",25415,0.166018624723931
"cum_abs_estimate_total","expressed_TRUE",25428,0.165978999101679
"cum_abs_estimate_total","expressed_TRUE",25441,0.165808255161588
"cum_abs_estimate_total","expressed_TRUE",25454,0.165899747857175
"cum_abs_estimate_total","expressed_TRUE",25467,0.1661223588706
"cum_abs_estimate_total","expressed_TRUE",25480,0.166344969884026
"cum_abs_estimate_total","expressed_TRUE",25494,0.166151005770248
"cum_abs_estimate_total","expressed_TRUE",25507,0.165980261830157
"cum_abs_estimate_total","expressed_TRUE",25520,0.166202872843583
"cum_abs_estimate_total","expressed_TRUE",25533,0.16629436553917
"cum_abs_estimate_total","expressed_TRUE",25546,0.166516976552595
"cum_abs_estimate_total","expressed_TRUE",25559,0.166215114294666
"cum_abs_estimate_total","expressed_TRUE",25572,0.166306606990252
"cum_abs_estimate_total","expressed_TRUE",25585,0.166266981368
"cum_abs_estimate_total","expressed_TRUE",25598,0.166227355745748
"cum_abs_estimate_total","expressed_TRUE",25611,0.166056611805657
"cum_abs_estimate_total","expressed_TRUE",25624,0.166016986183405
"cum_abs_estimate_total","expressed_TRUE",25637,0.166108478878992
"cum_abs_estimate_total","expressed_TRUE",25651,0.166307869718731
"cum_abs_estimate_total","expressed_TRUE",25664,0.166399362414318
"cum_abs_estimate_total","expressed_TRUE",25677,0.166359736792065
"cum_abs_estimate_total","expressed_TRUE",25690,0.166582347805491
"cum_abs_estimate_total","expressed_TRUE",25703,0.166673840501078
"cum_abs_estimate_total","expressed_TRUE",25716,0.166634214878826
"cum_abs_estimate_total","expressed_TRUE",25729,0.166725707574413
"cum_abs_estimate_total","expressed_TRUE",25742,0.166686081952161
"cum_abs_estimate_total","expressed_TRUE",25755,0.166908692965586
"cum_abs_estimate_total","expressed_TRUE",25768,0.167262422296851
"cum_abs_estimate_total","expressed_TRUE",25781,0.16709167835676
"cum_abs_estimate_total","expressed_TRUE",25795,0.166897714242982
"cum_abs_estimate_total","expressed_TRUE",25808,0.166989206938569
"cum_abs_estimate_total","expressed_TRUE",25821,0.167080699634155
"cum_abs_estimate_total","expressed_TRUE",25834,0.167303310647581
"cum_abs_estimate_total","expressed_TRUE",25847,0.167001448389651
"cum_abs_estimate_total","expressed_TRUE",25860,0.166961822767399
"cum_abs_estimate_total","expressed_TRUE",25873,0.166922197145147
"cum_abs_estimate_total","expressed_TRUE",25886,0.166751453205056
"cum_abs_estimate_total","expressed_TRUE",25899,0.166580709264965
"cum_abs_estimate_total","expressed_TRUE",25912,0.166541083642713
"cum_abs_estimate_total","expressed_TRUE",25925,0.166501458020461
"cum_abs_estimate_total","expressed_TRUE",25938,0.16633071408037
"cum_abs_estimate_total","expressed_TRUE",25952,0.166136749966593
"cum_abs_estimate_total","expressed_TRUE",25965,0.166097124344341
"cum_abs_estimate_total","expressed_TRUE",25978,0.166057498722089
"cum_abs_estimate_total","expressed_TRUE",25991,0.166148991417675
"cum_abs_estimate_total","expressed_TRUE",26004,0.165847129159746
"cum_abs_estimate_total","expressed_TRUE",26017,0.165938621855332
"cum_abs_estimate_total","expressed_TRUE",26030,0.166161232868758
"cum_abs_estimate_total","expressed_TRUE",26043,0.165990488928667
"cum_abs_estimate_total","expressed_TRUE",26056,0.166081981624254
"cum_abs_estimate_total","expressed_TRUE",26069,0.16630459263768
"cum_abs_estimate_total","expressed_TRUE",26082,0.166396085333266
"cum_abs_estimate_total","expressed_TRUE",26096,0.166726594490844
"cum_abs_estimate_total","expressed_TRUE",26109,0.167080323822108
"cum_abs_estimate_total","expressed_TRUE",26122,0.166778461564179
"cum_abs_estimate_total","expressed_TRUE",26135,0.166476599306249
"cum_abs_estimate_total","expressed_TRUE",26148,0.166699210319674
"cum_abs_estimate_total","expressed_TRUE",26161,0.166659584697422
"cum_abs_estimate_total","expressed_TRUE",26174,0.16661995907517
"cum_abs_estimate_total","expressed_TRUE",26187,0.166711451770757
"cum_abs_estimate_total","expressed_TRUE",26200,0.166934062784183
"cum_abs_estimate_total","expressed_TRUE",26213,0.167156673797608
"cum_abs_estimate_total","expressed_TRUE",26226,0.167117048175356
"cum_abs_estimate_total","expressed_TRUE",26239,0.167208540870943
"cum_abs_estimate_total","expressed_TRUE",26253,0.167539050028521
"cum_abs_estimate_total","expressed_TRUE",26266,0.167761661041946
"cum_abs_estimate_total","expressed_TRUE",26279,0.167590917101855
"cum_abs_estimate_total","expressed_TRUE",26292,0.167682409797442
"cum_abs_estimate_total","expressed_TRUE",26305,0.167511665857351
"cum_abs_estimate_total","expressed_TRUE",26318,0.167603158552938
"cum_abs_estimate_total","expressed_TRUE",26331,0.167694651248525
"cum_abs_estimate_total","expressed_TRUE",26344,0.168048380579789
"cum_abs_estimate_total","expressed_TRUE",26357,0.168270991593215
"cum_abs_estimate_total","expressed_TRUE",26370,0.168100247653124
"cum_abs_estimate_total","expressed_TRUE",26383,0.167929503713033
"cum_abs_estimate_total","expressed_TRUE",26397,0.167866657917094
"cum_abs_estimate_total","expressed_TRUE",26410,0.167564795659164
"cum_abs_estimate_total","expressed_TRUE",26423,0.167394051719073
"cum_abs_estimate_total","expressed_TRUE",26436,0.167354426096821
"cum_abs_estimate_total","expressed_TRUE",26449,0.167314800474569
"cum_abs_estimate_total","expressed_TRUE",26462,0.167275174852317
"cum_abs_estimate_total","expressed_TRUE",26475,0.166973312594388
"cum_abs_estimate_total","expressed_TRUE",26488,0.167195923607813
"cum_abs_estimate_total","expressed_TRUE",26501,0.167680771256916
"cum_abs_estimate_total","expressed_TRUE",26514,0.167641145634664
"cum_abs_estimate_total","expressed_TRUE",26527,0.167601520012412
"cum_abs_estimate_total","expressed_TRUE",26540,0.167299657754483
"cum_abs_estimate_total","expressed_TRUE",26554,0.167236811958544
"cum_abs_estimate_total","expressed_TRUE",26567,0.16732830465413
"cum_abs_estimate_total","expressed_TRUE",26580,0.167026442396201
"cum_abs_estimate_total","expressed_TRUE",26593,0.167117935091788
"cum_abs_estimate_total","expressed_TRUE",26606,0.167209427787374
"cum_abs_estimate_total","expressed_TRUE",26619,0.167169802165122
"cum_abs_estimate_total","expressed_TRUE",26632,0.16713017654287
"cum_abs_estimate_total","expressed_TRUE",26645,0.167090550920618
"cum_abs_estimate_total","expressed_TRUE",26658,0.167182043616205
"cum_abs_estimate_total","expressed_TRUE",26671,0.167404654629631
"cum_abs_estimate_total","expressed_TRUE",26684,0.16723391068954
"cum_abs_estimate_total","expressed_TRUE",26698,0.16730218321144
"cum_abs_estimate_total","expressed_TRUE",26711,0.167262557589187
"cum_abs_estimate_total","expressed_TRUE",26724,0.167616286920452
"cum_abs_estimate_total","expressed_TRUE",26737,0.167707779616039
"cum_abs_estimate_total","expressed_TRUE",26750,0.167799272311625
"cum_abs_estimate_total","expressed_TRUE",26763,0.167759646689373
"cum_abs_estimate_total","expressed_TRUE",26776,0.16785113938496
"cum_abs_estimate_total","expressed_TRUE",26789,0.167680395444869
"cum_abs_estimate_total","expressed_TRUE",26802,0.167903006458295
"cum_abs_estimate_total","expressed_TRUE",26815,0.167994499153882
"cum_abs_estimate_total","expressed_TRUE",26828,0.167692636895952
"cum_abs_estimate_total","expressed_TRUE",26841,0.167521892955861
"cum_abs_estimate_total","expressed_TRUE",26855,0.1677212837956
"cum_abs_estimate_total","expressed_TRUE",26868,0.167681658173348
"cum_abs_estimate_total","expressed_TRUE",26881,0.167510914233257
"cum_abs_estimate_total","expressed_TRUE",26894,0.167864643564521
"cum_abs_estimate_total","expressed_TRUE",26907,0.167956136260108
"cum_abs_estimate_total","expressed_TRUE",26920,0.168440983909211
"cum_abs_estimate_total","expressed_TRUE",26933,0.16827023996912
"cum_abs_estimate_total","expressed_TRUE",26946,0.16809949602903
"cum_abs_estimate_total","expressed_TRUE",26959,0.168322107042455
"cum_abs_estimate_total","expressed_TRUE",26972,0.168544718055881
"cum_abs_estimate_total","expressed_TRUE",26985,0.168767329069306
"cum_abs_estimate_total","expressed_TRUE",26998,0.168727703447054
"cum_abs_estimate_total","expressed_TRUE",27012,0.168664857651115
"cum_abs_estimate_total","expressed_TRUE",27025,0.168362995393186
"cum_abs_estimate_total","expressed_TRUE",27038,0.168061133135256
"cum_abs_estimate_total","expressed_TRUE",27051,0.168152625830843
"cum_abs_estimate_total","expressed_TRUE",27064,0.168113000208591
"cum_abs_estimate_total","expressed_TRUE",27077,0.168204492904177
"cum_abs_estimate_total","expressed_TRUE",27090,0.168164867281925
"cum_abs_estimate_total","expressed_TRUE",27103,0.167994123341834
"cum_abs_estimate_total","expressed_TRUE",27116,0.168085616037421
"cum_abs_estimate_total","expressed_TRUE",27129,0.168045990415169
"cum_abs_estimate_total","expressed_TRUE",27142,0.168006364792917
"cum_abs_estimate_total","expressed_TRUE",27156,0.168205755632656
"cum_abs_estimate_total","expressed_TRUE",27169,0.168035011692565
"cum_abs_estimate_total","expressed_TRUE",27182,0.167995386070313
"cum_abs_estimate_total","expressed_TRUE",27195,0.167824642130222
"cum_abs_estimate_total","expressed_TRUE",27208,0.167522779872292
"cum_abs_estimate_total","expressed_TRUE",27221,0.167745390885718
"cum_abs_estimate_total","expressed_TRUE",27234,0.167574646945627
"cum_abs_estimate_total","expressed_TRUE",27247,0.167666139641214
"cum_abs_estimate_total","expressed_TRUE",27260,0.167626514018962
"cum_abs_estimate_total","expressed_TRUE",27273,0.167849125032387
"cum_abs_estimate_total","expressed_TRUE",27286,0.168202854363652
"cum_abs_estimate_total","expressed_TRUE",27299,0.1681632287414
"cum_abs_estimate_total","expressed_TRUE",27313,0.168362619581138
"cum_abs_estimate_total","expressed_TRUE",27326,0.168191875641048
"cum_abs_estimate_total","expressed_TRUE",27339,0.168021131700957
"cum_abs_estimate_total","expressed_TRUE",27352,0.168243742714382
"cum_abs_estimate_total","expressed_TRUE",27365,0.168335235409969
"cum_abs_estimate_total","expressed_TRUE",27378,0.168295609787717
"cum_abs_estimate_total","expressed_TRUE",27391,0.168124865847626
"cum_abs_estimate_total","expressed_TRUE",27404,0.168085240225374
"cum_abs_estimate_total","expressed_TRUE",27417,0.167914496285283
"cum_abs_estimate_total","expressed_TRUE",27430,0.167743752345192
"cum_abs_estimate_total","expressed_TRUE",27443,0.167835245040779
"cum_abs_estimate_total","expressed_TRUE",27457,0.16777239924484
"cum_abs_estimate_total","expressed_TRUE",27470,0.167601655304749
"cum_abs_estimate_total","expressed_TRUE",27483,0.167693148000336
"cum_abs_estimate_total","expressed_TRUE",27496,0.167653522378084
"cum_abs_estimate_total","expressed_TRUE",27509,0.167613896755832
"cum_abs_estimate_total","expressed_TRUE",27522,0.167443152815741
"cum_abs_estimate_total","expressed_TRUE",27535,0.167403527193489
"cum_abs_estimate_total","expressed_TRUE",27548,0.167363901571237
"cum_abs_estimate_total","expressed_TRUE",27561,0.167193157631146
"cum_abs_estimate_total","expressed_TRUE",27574,0.167022413691055
"cum_abs_estimate_total","expressed_TRUE",27587,0.166720551433126
"cum_abs_estimate_total","expressed_TRUE",27600,0.166549807493035
"cum_abs_estimate_total","expressed_TRUE",27614,0.166486961697096
"cum_abs_estimate_total","expressed_TRUE",27627,0.166709572710521
"cum_abs_estimate_total","expressed_TRUE",27640,0.16653882877043
"cum_abs_estimate_total","expressed_TRUE",27653,0.166761439783856
"cum_abs_estimate_total","expressed_TRUE",27666,0.166459577525926
"cum_abs_estimate_total","expressed_TRUE",27679,0.166419951903674
"cum_abs_estimate_total","expressed_TRUE",27692,0.166511444599261
"cum_abs_estimate_total","expressed_TRUE",27705,0.166471818977009
"cum_abs_estimate_total","expressed_TRUE",27718,0.166694429990435
"cum_abs_estimate_total","expressed_TRUE",27731,0.16691704100386
"cum_abs_estimate_total","expressed_TRUE",27744,0.166877415381608
"cum_abs_estimate_total","expressed_TRUE",27758,0.167076806221347
"cum_abs_estimate_total","expressed_TRUE",27771,0.166774943963417
"cum_abs_estimate_total","expressed_TRUE",27784,0.166735318341165
"cum_abs_estimate_total","expressed_TRUE",27797,0.166695692718913
"cum_abs_estimate_total","expressed_TRUE",27810,0.1667871854145
"cum_abs_estimate_total","expressed_TRUE",27823,0.167009796427925
"cum_abs_estimate_total","expressed_TRUE",27836,0.166839052487835
"cum_abs_estimate_total","expressed_TRUE",27849,0.166799426865583
"cum_abs_estimate_total","expressed_TRUE",27862,0.16675980124333
"cum_abs_estimate_total","expressed_TRUE",27875,0.16658905730324
"cum_abs_estimate_total","expressed_TRUE",27888,0.166680549998826
"cum_abs_estimate_total","expressed_TRUE",27901,0.166640924376574
"cum_abs_estimate_total","expressed_TRUE",27915,0.166709196898474
"cum_abs_estimate_total","expressed_TRUE",27928,0.166669571276222
"cum_abs_estimate_total","expressed_TRUE",27941,0.16662994565397
"cum_abs_estimate_total","expressed_TRUE",27954,0.166590320031718
"cum_abs_estimate_total","expressed_TRUE",27967,0.166550694409466
"cum_abs_estimate_total","expressed_TRUE",27980,0.166248832151536
"cum_abs_estimate_total","expressed_TRUE",27993,0.165946969893607
"cum_abs_estimate_total","expressed_TRUE",28006,0.165645107635677
"cum_abs_estimate_total","expressed_TRUE",28019,0.165867718649102
"cum_abs_estimate_total","expressed_TRUE",28032,0.165696974709012
"cum_abs_estimate_total","expressed_TRUE",28045,0.165788467404598
"cum_abs_estimate_total","expressed_TRUE",28059,0.165725621608659
"cum_abs_estimate_total","expressed_TRUE",28072,0.166210469257763
"cum_abs_estimate_total","expressed_TRUE",28085,0.166301961953349
"cum_abs_estimate_total","expressed_TRUE",28098,0.166131218013259
"cum_abs_estimate_total","expressed_TRUE",28111,0.166091592391007
"cum_abs_estimate_total","expressed_TRUE",28124,0.166183085086593
"cum_abs_estimate_total","expressed_TRUE",28137,0.166012341146502
"cum_abs_estimate_total","expressed_TRUE",28150,0.166103833842089
"cum_abs_estimate_total","expressed_TRUE",28163,0.165933089901998
"cum_abs_estimate_total","expressed_TRUE",28176,0.165893464279746
"cum_abs_estimate_total","expressed_TRUE",28189,0.165591602021817
"cum_abs_estimate_total","expressed_TRUE",28202,0.165551976399565
"cum_abs_estimate_total","expressed_TRUE",28216,0.165620248921464
"cum_abs_estimate_total","expressed_TRUE",28229,0.165711741617051
"cum_abs_estimate_total","expressed_TRUE",28242,0.165803234312638
"cum_abs_estimate_total","expressed_TRUE",28255,0.166025845326064
"cum_abs_estimate_total","expressed_TRUE",28268,0.16611733802165
"cum_abs_estimate_total","expressed_TRUE",28281,0.166077712399398
"cum_abs_estimate_total","expressed_TRUE",28294,0.166038086777146
"cum_abs_estimate_total","expressed_TRUE",28307,0.166129579472733
"cum_abs_estimate_total","expressed_TRUE",28320,0.166483308803997
"cum_abs_estimate_total","expressed_TRUE",28333,0.166312564863907
"cum_abs_estimate_total","expressed_TRUE",28346,0.166010702605977
"cum_abs_estimate_total","expressed_TRUE",28359,0.165839958665886
"cum_abs_estimate_total","expressed_TRUE",28373,0.165908231187786
"cum_abs_estimate_total","expressed_TRUE",28386,0.165999723883373
"cum_abs_estimate_total","expressed_TRUE",28399,0.165828979943282
"cum_abs_estimate_total","expressed_TRUE",28412,0.16578935432103
"cum_abs_estimate_total","expressed_TRUE",28425,0.165749728698778
"cum_abs_estimate_total","expressed_TRUE",28438,0.165710103076526
"cum_abs_estimate_total","expressed_TRUE",28451,0.165932714089951
"cum_abs_estimate_total","expressed_TRUE",28464,0.16576197014986
"cum_abs_estimate_total","expressed_TRUE",28477,0.165722344527608
"cum_abs_estimate_total","expressed_TRUE",28490,0.165420482269679
"cum_abs_estimate_total","expressed_TRUE",28503,0.165643093283104
"cum_abs_estimate_total","expressed_TRUE",28517,0.165711365805004
"cum_abs_estimate_total","expressed_TRUE",28530,0.16593397681843
"cum_abs_estimate_total","expressed_TRUE",28543,0.165894351196178
"cum_abs_estimate_total","expressed_TRUE",28556,0.165592488938248
"cum_abs_estimate_total","expressed_TRUE",28569,0.165421744998157
"cum_abs_estimate_total","expressed_TRUE",28582,0.165251001058066
"cum_abs_estimate_total","expressed_TRUE",28595,0.164949138800136
"cum_abs_estimate_total","expressed_TRUE",28608,0.164909513177884
"cum_abs_estimate_total","expressed_TRUE",28621,0.164738769237794
"cum_abs_estimate_total","expressed_TRUE",28634,0.164961380251219
"cum_abs_estimate_total","expressed_TRUE",28647,0.165183991264645
"cum_abs_estimate_total","expressed_TRUE",28660,0.164882129006715
"cum_abs_estimate_total","expressed_TRUE",28674,0.164688164892937
"cum_abs_estimate_total","expressed_TRUE",28687,0.165041894224202
"cum_abs_estimate_total","expressed_TRUE",28700,0.164871150284111
"cum_abs_estimate_total","expressed_TRUE",28713,0.164962642979698
"cum_abs_estimate_total","expressed_TRUE",28726,0.165316372310962
"cum_abs_estimate_total","expressed_TRUE",28739,0.165145628370871
"cum_abs_estimate_total","expressed_TRUE",28752,0.164843766112941
"cum_abs_estimate_total","expressed_TRUE",28765,0.164804140490689
"cum_abs_estimate_total","expressed_TRUE",28778,0.164895633186276
"cum_abs_estimate_total","expressed_TRUE",28791,0.164724889246185
"cum_abs_estimate_total","expressed_TRUE",28804,0.164554145306094
"cum_abs_estimate_total","expressed_TRUE",28818,0.164491299510155
"cum_abs_estimate_total","expressed_TRUE",28831,0.164320555570065
"cum_abs_estimate_total","expressed_TRUE",28844,0.164280929947813
"cum_abs_estimate_total","expressed_TRUE",28857,0.16424130432556
"cum_abs_estimate_total","expressed_TRUE",28870,0.16407056038547
"cum_abs_estimate_total","expressed_TRUE",28883,0.163899816445379
"cum_abs_estimate_total","expressed_TRUE",28896,0.163991309140966
"cum_abs_estimate_total","expressed_TRUE",28909,0.163951683518713
"cum_abs_estimate_total","expressed_TRUE",28922,0.163912057896461
"cum_abs_estimate_total","expressed_TRUE",28935,0.163872432274209
"cum_abs_estimate_total","expressed_TRUE",28948,0.163832806651957
"cum_abs_estimate_total","expressed_TRUE",28961,0.163793181029705
"cum_abs_estimate_total","expressed_TRUE",28975,0.163861453551605
"cum_abs_estimate_total","expressed_TRUE",28988,0.164084064565031
"cum_abs_estimate_total","expressed_TRUE",29001,0.164175557260617
"cum_abs_estimate_total","expressed_TRUE",29014,0.164135931638365
"cum_abs_estimate_total","expressed_TRUE",29027,0.164096306016113
"cum_abs_estimate_total","expressed_TRUE",29040,0.1641877987117
"cum_abs_estimate_total","expressed_TRUE",29053,0.164410409725126
"cum_abs_estimate_total","expressed_TRUE",29066,0.164370784102874
"cum_abs_estimate_total","expressed_TRUE",29079,0.164331158480622
"cum_abs_estimate_total","expressed_TRUE",29092,0.164422651176208
"cum_abs_estimate_total","expressed_TRUE",29105,0.164514143871795
"cum_abs_estimate_total","expressed_TRUE",29119,0.164189061440179
"cum_abs_estimate_total","expressed_TRUE",29132,0.164280554135765
"cum_abs_estimate_total","expressed_TRUE",29145,0.164372046831352
"cum_abs_estimate_total","expressed_TRUE",29158,0.1643324212091
"cum_abs_estimate_total","expressed_TRUE",29171,0.164292795586848
"cum_abs_estimate_total","expressed_TRUE",29184,0.163990933328918
"cum_abs_estimate_total","expressed_TRUE",29197,0.163820189388827
"cum_abs_estimate_total","expressed_TRUE",29210,0.164042800402253
"cum_abs_estimate_total","expressed_TRUE",29223,0.164003174780001
"cum_abs_estimate_total","expressed_TRUE",29236,0.163963549157749
"cum_abs_estimate_total","expressed_TRUE",29249,0.163792805217658
"cum_abs_estimate_total","expressed_TRUE",29262,0.163884297913245
"cum_abs_estimate_total","expressed_TRUE",29276,0.163952570435145
"cum_abs_estimate_total","expressed_TRUE",29289,0.163781826495054
"cum_abs_estimate_total","expressed_TRUE",29302,0.163873319190641
"cum_abs_estimate_total","expressed_TRUE",29315,0.163833693568389
"cum_abs_estimate_total","expressed_TRUE",29328,0.164318541217492
"cum_abs_estimate_total","expressed_TRUE",29341,0.164147797277401
"cum_abs_estimate_total","expressed_TRUE",29354,0.164370408290827
"cum_abs_estimate_total","expressed_TRUE",29367,0.164593019304252
"cum_abs_estimate_total","expressed_TRUE",29380,0.164815630317678
"cum_abs_estimate_total","expressed_TRUE",29393,0.164907123013264
"cum_abs_estimate_total","expressed_TRUE",29406,0.164867497391012
"cum_abs_estimate_total","expressed_TRUE",29420,0.164804651595073
"cum_abs_estimate_total","expressed_TRUE",29433,0.16489614429066
"cum_abs_estimate_total","expressed_TRUE",29446,0.165118755304086
"cum_abs_estimate_total","expressed_TRUE",29459,0.165079129681834
"cum_abs_estimate_total","expressed_TRUE",29472,0.165170622377421
"cum_abs_estimate_total","expressed_TRUE",29485,0.165393233390846
"cum_abs_estimate_total","expressed_TRUE",29498,0.165353607768594
"cum_abs_estimate_total","expressed_TRUE",29511,0.165313982146342
"cum_abs_estimate_total","expressed_TRUE",29524,0.165536593159768
"cum_abs_estimate_total","expressed_TRUE",29537,0.165234730901838
"cum_abs_estimate_total","expressed_TRUE",29550,0.165195105279586
"cum_abs_estimate_total","expressed_TRUE",29563,0.165155479657334
"cum_abs_estimate_total","expressed_TRUE",29577,0.164830397225717
"cum_abs_estimate_total","expressed_TRUE",29590,0.164790771603465
"cum_abs_estimate_total","expressed_TRUE",29603,0.165013382616891
"cum_abs_estimate_total","expressed_TRUE",29616,0.1648426386768
"cum_abs_estimate_total","expressed_TRUE",29629,0.16454077641887
"cum_abs_estimate_total","expressed_TRUE",29642,0.164763387432296
"cum_abs_estimate_total","expressed_TRUE",29655,0.164985998445721
"cum_abs_estimate_total","expressed_TRUE",29668,0.165077491141308
"cum_abs_estimate_total","expressed_TRUE",29681,0.165300102154734
"cum_abs_estimate_total","expressed_TRUE",29694,0.165653831485998
"cum_abs_estimate_total","expressed_TRUE",29707,0.165876442499424
"cum_abs_estimate_total","expressed_TRUE",29720,0.165705698559333
"cum_abs_estimate_total","expressed_TRUE",29734,0.165773971081233
"cum_abs_estimate_total","expressed_TRUE",29747,0.165472108823303
"cum_abs_estimate_total","expressed_TRUE",29760,0.165694719836729
"cum_abs_estimate_total","expressed_TRUE",29773,0.165523975896638
"cum_abs_estimate_total","expressed_TRUE",29786,0.165746586910063
"cum_abs_estimate_total","expressed_TRUE",29799,0.165444724652134
"cum_abs_estimate_total","expressed_TRUE",29812,0.165536217347721
"cum_abs_estimate_total","expressed_TRUE",29825,0.165627710043307
"cum_abs_estimate_total","expressed_TRUE",29838,0.165456966103216
"cum_abs_estimate_total","expressed_TRUE",29851,0.165417340480964
"cum_abs_estimate_total","expressed_TRUE",29864,0.165771069812229
"cum_abs_estimate_total","expressed_TRUE",29878,0.165445987380612
"cum_abs_estimate_total","expressed_TRUE",29891,0.16540636175836
"cum_abs_estimate_total","expressed_TRUE",29904,0.165628972771786
"cum_abs_estimate_total","expressed_TRUE",29917,0.165458228831695
"cum_abs_estimate_total","expressed_TRUE",29930,0.165549721527282
"cum_abs_estimate_total","expressed_TRUE",29943,0.165641214222868
"cum_abs_estimate_total","expressed_TRUE",29956,0.165601588600616
"cum_abs_estimate_total","expressed_TRUE",29969,0.165430844660525
"cum_abs_estimate_total","expressed_TRUE",29982,0.165128982402596
"cum_abs_estimate_total","expressed_TRUE",29995,0.164958238462505
"cum_abs_estimate_total","expressed_TRUE",30008,0.164918612840253
"cum_abs_estimate_total","expressed_TRUE",30021,0.164747868900162
"cum_abs_estimate_total","expressed_TRUE",30035,0.164816141422062
"cum_abs_estimate_total","expressed_TRUE",30048,0.16477651579981
"cum_abs_estimate_total","expressed_TRUE",30061,0.164736890177558
"cum_abs_estimate_total","expressed_TRUE",30074,0.164959501190983
"cum_abs_estimate_total","expressed_TRUE",30087,0.164788757250892
"cum_abs_estimate_total","expressed_TRUE",30100,0.164618013310802
"cum_abs_estimate_total","expressed_TRUE",30113,0.164840624324227
"cum_abs_estimate_total","expressed_TRUE",30126,0.165194353655492
"cum_abs_estimate_total","expressed_TRUE",30139,0.165023609715401
"cum_abs_estimate_total","expressed_TRUE",30152,0.165115102410988
"cum_abs_estimate_total","expressed_TRUE",30165,0.165206595106574
"cum_abs_estimate_total","expressed_TRUE",30179,0.165274867628474
"cum_abs_estimate_total","expressed_TRUE",30192,0.1654974786419
"cum_abs_estimate_total","expressed_TRUE",30205,0.165457853019648
"cum_abs_estimate_total","expressed_TRUE",30218,0.165418227397396
"cum_abs_estimate_total","expressed_TRUE",30231,0.165116365139466
"cum_abs_estimate_total","expressed_TRUE",30244,0.165207857835053
"cum_abs_estimate_total","expressed_TRUE",30257,0.165037113894962
"cum_abs_estimate_total","expressed_TRUE",30270,0.165390843226226
"cum_abs_estimate_total","expressed_TRUE",30283,0.165351217603974
"cum_abs_estimate_total","expressed_TRUE",30296,0.165442710299561
"cum_abs_estimate_total","expressed_TRUE",30309,0.165796439630825
"cum_abs_estimate_total","expressed_TRUE",30322,0.165625695690735
"cum_abs_estimate_total","expressed_TRUE",30336,0.165693968212634
"cum_abs_estimate_total","expressed_TRUE",30349,0.16591657922606
"cum_abs_estimate_total","expressed_TRUE",30362,0.165745835285969
"cum_abs_estimate_total","expressed_TRUE",30375,0.165837327981556
"cum_abs_estimate_total","expressed_TRUE",30388,0.165928820677143
"cum_abs_estimate_total","expressed_TRUE",30401,0.166020313372729
"cum_abs_estimate_total","expressed_TRUE",30414,0.165849569432639
"cum_abs_estimate_total","expressed_TRUE",30427,0.165809943810386
"cum_abs_estimate_total","expressed_TRUE",30440,0.166032554823812
"cum_abs_estimate_total","expressed_TRUE",30453,0.165861810883721
"cum_abs_estimate_total","expressed_TRUE",30466,0.165822185261469
"cum_abs_estimate_total","expressed_TRUE",30480,0.166414931054724
"cum_abs_estimate_total","expressed_TRUE",30493,0.166244187114633
"cum_abs_estimate_total","expressed_TRUE",30506,0.166073443174543
"cum_abs_estimate_total","expressed_TRUE",30519,0.166164935870129
"cum_abs_estimate_total","expressed_TRUE",30532,0.166125310247877
"cum_abs_estimate_total","expressed_TRUE",30545,0.166085684625625
"cum_abs_estimate_total","expressed_TRUE",30558,0.166046059003373
"cum_abs_estimate_total","expressed_TRUE",30571,0.16613755169896
"cum_abs_estimate_total","expressed_TRUE",30584,0.166097926076708
"cum_abs_estimate_total","expressed_TRUE",30597,0.166189418772295
"cum_abs_estimate_total","expressed_TRUE",30610,0.166280911467881
"cum_abs_estimate_total","expressed_TRUE",30623,0.166110167527791
"cum_abs_estimate_total","expressed_TRUE",30637,0.16617844004969
"cum_abs_estimate_total","expressed_TRUE",30650,0.166138814427438
"cum_abs_estimate_total","expressed_TRUE",30663,0.166230307123025
"cum_abs_estimate_total","expressed_TRUE",30676,0.166059563182934
"cum_abs_estimate_total","expressed_TRUE",30689,0.166151055878521
"cum_abs_estimate_total","expressed_TRUE",30702,0.166111430256269
"cum_abs_estimate_total","expressed_TRUE",30715,0.166334041269695
"cum_abs_estimate_total","expressed_TRUE",30728,0.166163297329604
"cum_abs_estimate_total","expressed_TRUE",30741,0.166123671707352
"cum_abs_estimate_total","expressed_TRUE",30754,0.1660840460851
"cum_abs_estimate_total","expressed_TRUE",30767,0.166044420462848
"cum_abs_estimate_total","expressed_TRUE",30780,0.166004794840596
"cum_abs_estimate_total","expressed_TRUE",30794,0.165679712408979
"cum_abs_estimate_total","expressed_TRUE",30807,0.165508968468888
"cum_abs_estimate_total","expressed_TRUE",30820,0.165600461164475
"cum_abs_estimate_total","expressed_TRUE",30833,0.165429717224384
"cum_abs_estimate_total","expressed_TRUE",30846,0.165390091602132
"cum_abs_estimate_total","expressed_TRUE",30859,0.165219347662041
"cum_abs_estimate_total","expressed_TRUE",30872,0.164917485404111
"cum_abs_estimate_total","expressed_TRUE",30885,0.164877859781859
"cum_abs_estimate_total","expressed_TRUE",30898,0.164838234159607
"cum_abs_estimate_total","expressed_TRUE",30911,0.165060845173033
"cum_abs_estimate_total","expressed_TRUE",30924,0.164890101232942
"cum_abs_estimate_total","expressed_TRUE",30938,0.164696137119164
"cum_abs_estimate_total","expressed_TRUE",30951,0.164656511496912
"cum_abs_estimate_total","expressed_TRUE",30964,0.164485767556821
"cum_abs_estimate_total","expressed_TRUE",30977,0.164577260252408
"cum_abs_estimate_total","expressed_TRUE",30990,0.164537634630156
"cum_abs_estimate_total","expressed_TRUE",31003,0.164498009007904
"cum_abs_estimate_total","expressed_TRUE",31016,0.164589501703491
"cum_abs_estimate_total","expressed_TRUE",31029,0.164549876081239
"cum_abs_estimate_total","expressed_TRUE",31042,0.164641368776825
"cum_abs_estimate_total","expressed_TRUE",31055,0.16499509810809
"cum_abs_estimate_total","expressed_TRUE",31068,0.164824354167999
"cum_abs_estimate_total","expressed_TRUE",31081,0.164915846863586
"cum_abs_estimate_total","expressed_TRUE",31095,0.164984119385486
"cum_abs_estimate_total","expressed_TRUE",31108,0.165075612081072
"cum_abs_estimate_total","expressed_TRUE",31121,0.165167104776659
"cum_abs_estimate_total","expressed_TRUE",31134,0.164996360836568
"cum_abs_estimate_total","expressed_TRUE",31147,0.164825616896477
"cum_abs_estimate_total","expressed_TRUE",31160,0.164785991274225
"cum_abs_estimate_total","expressed_TRUE",31173,0.164746365651973
"cum_abs_estimate_total","expressed_TRUE",31186,0.16483785834756
"cum_abs_estimate_total","expressed_TRUE",31199,0.164667114407469
"cum_abs_estimate_total","expressed_TRUE",31212,0.164627488785217
"cum_abs_estimate_total","expressed_TRUE",31225,0.164587863162965
"cum_abs_estimate_total","expressed_TRUE",31239,0.164525017367026
"cum_abs_estimate_total","expressed_TRUE",31252,0.164616510062613
"cum_abs_estimate_total","expressed_TRUE",31265,0.164445766122522
"cum_abs_estimate_total","expressed_TRUE",31278,0.164537258818109
"cum_abs_estimate_total","expressed_TRUE",31291,0.165022106467212
"cum_abs_estimate_total","expressed_TRUE",31304,0.16498248084496
"cum_abs_estimate_total","expressed_TRUE",31317,0.16468061858703
"cum_abs_estimate_total","expressed_TRUE",31330,0.164772111282617
"cum_abs_estimate_total","expressed_TRUE",31343,0.164732485660365
"cum_abs_estimate_total","expressed_TRUE",31356,0.164561741720274
"cum_abs_estimate_total","expressed_TRUE",31369,0.164653234415861
"cum_abs_estimate_total","expressed_TRUE",31382,0.16448249047577
"cum_abs_estimate_total","expressed_TRUE",31396,0.16455076299767
"cum_abs_estimate_total","expressed_TRUE",31409,0.164511137375418
"cum_abs_estimate_total","expressed_TRUE",31422,0.164602630071005
"cum_abs_estimate_total","expressed_TRUE",31435,0.164300767813075
"cum_abs_estimate_total","expressed_TRUE",31448,0.164261142190823
"cum_abs_estimate_total","expressed_TRUE",31461,0.16435263488641
"cum_abs_estimate_total","expressed_TRUE",31474,0.164444127581997
"cum_abs_estimate_total","expressed_TRUE",31487,0.164273383641906
"cum_abs_estimate_total","expressed_TRUE",31500,0.164364876337492
"cum_abs_estimate_total","expressed_TRUE",31513,0.164456369033079
"cum_abs_estimate_total","expressed_TRUE",31526,0.164678980046505
"cum_abs_estimate_total","expressed_TRUE",31540,0.16527172583976
"cum_abs_estimate_total","expressed_TRUE",31553,0.165494336853186
"cum_abs_estimate_total","expressed_TRUE",31566,0.165454711230933
"cum_abs_estimate_total","expressed_TRUE",31579,0.16554620392652
"cum_abs_estimate_total","expressed_TRUE",31592,0.165375459986429
"cum_abs_estimate_total","expressed_TRUE",31605,0.165335834364177
"cum_abs_estimate_total","expressed_TRUE",31618,0.165296208741925
"cum_abs_estimate_total","expressed_TRUE",31631,0.16564993807319
"cum_abs_estimate_total","expressed_TRUE",31644,0.16534807581526
"cum_abs_estimate_total","expressed_TRUE",31657,0.165177331875169
"cum_abs_estimate_total","expressed_TRUE",31670,0.165006587935078
"cum_abs_estimate_total","expressed_TRUE",31683,0.165229198948504
"cum_abs_estimate_total","expressed_TRUE",31697,0.165297471470404
"cum_abs_estimate_total","expressed_TRUE",31710,0.165520082483829
"cum_abs_estimate_total","expressed_TRUE",31723,0.165611575179416
"cum_abs_estimate_total","expressed_TRUE",31736,0.165571949557164
"cum_abs_estimate_total","expressed_TRUE",31749,0.165532323934912
"cum_abs_estimate_total","expressed_TRUE",31762,0.165623816630499
"cum_abs_estimate_total","expressed_TRUE",31775,0.165584191008247
"cum_abs_estimate_total","expressed_TRUE",31788,0.165413447068156
"cum_abs_estimate_total","expressed_TRUE",31801,0.165111584810226
"cum_abs_estimate_total","expressed_TRUE",31814,0.165071959187974
"cum_abs_estimate_total","expressed_TRUE",31827,0.165032333565722
"cum_abs_estimate_total","expressed_TRUE",31841,0.164707251134105
"cum_abs_estimate_total","expressed_TRUE",31854,0.164798743829692
"cum_abs_estimate_total","expressed_TRUE",31867,0.16475911820744
"cum_abs_estimate_total","expressed_TRUE",31880,0.164850610903027
"cum_abs_estimate_total","expressed_TRUE",31893,0.164679866962936
"cum_abs_estimate_total","expressed_TRUE",31906,0.164640241340684
"cum_abs_estimate_total","expressed_TRUE",31919,0.16486285235411
"cum_abs_estimate_total","expressed_TRUE",31932,0.164692108414019
"cum_abs_estimate_total","expressed_TRUE",31945,0.164783601109605
"cum_abs_estimate_total","expressed_TRUE",31958,0.164743975487353
"cum_abs_estimate_total","expressed_TRUE",31971,0.16483546818294
"cum_abs_estimate_total","expressed_TRUE",31984,0.165058079196366
"cum_abs_estimate_total","expressed_TRUE",31998,0.164995233400427
"cum_abs_estimate_total","expressed_TRUE",32011,0.164955607778175
"cum_abs_estimate_total","expressed_TRUE",32024,0.165047100473762
"cum_abs_estimate_total","expressed_TRUE",32037,0.164745238215832
"cum_abs_estimate_total","expressed_TRUE",32050,0.164836730911419
"cum_abs_estimate_total","expressed_TRUE",32063,0.164665986971328
"cum_abs_estimate_total","expressed_TRUE",32076,0.164888597984753
"cum_abs_estimate_total","expressed_TRUE",32089,0.164586735726824
"cum_abs_estimate_total","expressed_TRUE",32102,0.164415991786733
"cum_abs_estimate_total","expressed_TRUE",32115,0.164245247846642
"cum_abs_estimate_total","expressed_TRUE",32128,0.164074503906551
"cum_abs_estimate_total","expressed_TRUE",32141,0.164297114919977
"cum_abs_estimate_total","expressed_TRUE",32155,0.164103150806199
"cum_abs_estimate_total","expressed_TRUE",32168,0.164063525183947
"cum_abs_estimate_total","expressed_TRUE",32181,0.163892781243856
"cum_abs_estimate_total","expressed_TRUE",32194,0.163984273939443
"cum_abs_estimate_total","expressed_TRUE",32207,0.163944648317191
"cum_abs_estimate_total","expressed_TRUE",32220,0.163905022694939
"cum_abs_estimate_total","expressed_TRUE",32233,0.163996515390525
"cum_abs_estimate_total","expressed_TRUE",32246,0.163825771450435
"cum_abs_estimate_total","expressed_TRUE",32259,0.16404838246386
"cum_abs_estimate_total","expressed_TRUE",32272,0.164139875159447
"cum_abs_estimate_total","expressed_TRUE",32285,0.164100249537195
"cum_abs_estimate_total","expressed_TRUE",32299,0.164299640376934
"cum_abs_estimate_total","expressed_TRUE",32312,0.164653369708198
"cum_abs_estimate_total","expressed_TRUE",32325,0.164875980721624
"cum_abs_estimate_total","expressed_TRUE",32338,0.164836355099372
"cum_abs_estimate_total","expressed_TRUE",32351,0.164665611159281
"cum_abs_estimate_total","expressed_TRUE",32364,0.164757103854867
"cum_abs_estimate_total","expressed_TRUE",32377,0.164979714868293
"cum_abs_estimate_total","expressed_TRUE",32390,0.164808970928202
"cum_abs_estimate_total","expressed_TRUE",32403,0.165031581941628
"cum_abs_estimate_total","expressed_TRUE",32416,0.164991956319376
"cum_abs_estimate_total","expressed_TRUE",32429,0.165214567332801
"cum_abs_estimate_total","expressed_TRUE",32442,0.16504382339271
"cum_abs_estimate_total","expressed_TRUE",32456,0.164849859278933
"cum_abs_estimate_total","expressed_TRUE",32469,0.164941351974519
"cum_abs_estimate_total","expressed_TRUE",32482,0.164901726352267
"cum_abs_estimate_total","expressed_TRUE",32495,0.164993219047854
"cum_abs_estimate_total","expressed_TRUE",32508,0.164822475107763
"cum_abs_estimate_total","expressed_TRUE",32521,0.165045086121189
"cum_abs_estimate_total","expressed_TRUE",32534,0.165136578816776
"cum_abs_estimate_total","expressed_TRUE",32547,0.164834716558846
"cum_abs_estimate_total","expressed_TRUE",32560,0.164663972618755
"cum_abs_estimate_total","expressed_TRUE",32573,0.164624346996503
"cum_abs_estimate_total","expressed_TRUE",32586,0.164584721374251
"cum_abs_estimate_total","expressed_TRUE",32600,0.164652993896151
"cum_abs_estimate_total","expressed_TRUE",32613,0.164613368273899
"cum_abs_estimate_total","expressed_TRUE",32626,0.164704860969486
"cum_abs_estimate_total","expressed_TRUE",32639,0.164665235347233
"cum_abs_estimate_total","expressed_TRUE",32652,0.164494491407143
"cum_abs_estimate_total","expressed_TRUE",32665,0.164979339056246
"cum_abs_estimate_total","expressed_TRUE",32678,0.165070831751833
"cum_abs_estimate_total","expressed_TRUE",32691,0.165162324447419
"cum_abs_estimate_total","expressed_TRUE",32704,0.165122698825167
"cum_abs_estimate_total","expressed_TRUE",32717,0.164820836567238
"cum_abs_estimate_total","expressed_TRUE",32730,0.164781210944986
"cum_abs_estimate_total","expressed_TRUE",32743,0.164479348687056
"cum_abs_estimate_total","expressed_TRUE",32757,0.164678739526795
"cum_abs_estimate_total","expressed_TRUE",32770,0.164507995586704
"cum_abs_estimate_total","expressed_TRUE",32783,0.164468369964452
"cum_abs_estimate_total","expressed_TRUE",32796,0.164297626024361
"cum_abs_estimate_total","expressed_TRUE",32809,0.164389118719948
"cum_abs_estimate_total","expressed_TRUE",32822,0.164480611415534
"cum_abs_estimate_total","expressed_TRUE",32835,0.16470322242896
"cum_abs_estimate_total","expressed_TRUE",32848,0.164663596806708
"cum_abs_estimate_total","expressed_TRUE",32861,0.164755089502295
"cum_abs_estimate_total","expressed_TRUE",32874,0.164584345562204
"cum_abs_estimate_total","expressed_TRUE",32887,0.164806956575629
"cum_abs_estimate_total","expressed_TRUE",32901,0.164875229097529
"cum_abs_estimate_total","expressed_TRUE",32914,0.1645733668396
"cum_abs_estimate_total","expressed_TRUE",32927,0.164664859535186
"cum_abs_estimate_total","expressed_TRUE",32940,0.164756352230773
"cum_abs_estimate_total","expressed_TRUE",32953,0.164585608290682
"cum_abs_estimate_total","expressed_TRUE",32966,0.164283746032753
"cum_abs_estimate_total","expressed_TRUE",32979,0.164113002092662
"cum_abs_estimate_total","expressed_TRUE",32992,0.164204494788248
"cum_abs_estimate_total","expressed_TRUE",33005,0.164164869165996
"cum_abs_estimate_total","expressed_TRUE",33018,0.164125243543744
"cum_abs_estimate_total","expressed_TRUE",33031,0.16434785455717
"cum_abs_estimate_total","expressed_TRUE",33044,0.16404599229924
"cum_abs_estimate_total","expressed_TRUE",33058,0.16411426482114
"cum_abs_estimate_total","expressed_TRUE",33071,0.164074639198888
"cum_abs_estimate_total","expressed_TRUE",33084,0.164559486847991
"cum_abs_estimate_total","expressed_TRUE",33097,0.1643887429079
"cum_abs_estimate_total","expressed_TRUE",33110,0.16421799896781
"cum_abs_estimate_total","expressed_TRUE",33123,0.164440609981235
"cum_abs_estimate_total","expressed_TRUE",33136,0.164269866041144
"cum_abs_estimate_total","expressed_TRUE",33149,0.164230240418892
"cum_abs_estimate_total","expressed_TRUE",33162,0.16419061479664
"cum_abs_estimate_total","expressed_TRUE",33175,0.164150989174388
"cum_abs_estimate_total","expressed_TRUE",33188,0.164242481869975
"cum_abs_estimate_total","expressed_TRUE",33202,0.164310754391875
"cum_abs_estimate_total","expressed_TRUE",33215,0.164140010451784
"cum_abs_estimate_total","expressed_TRUE",33228,0.164100384829532
"cum_abs_estimate_total","expressed_TRUE",33241,0.16406075920728
"cum_abs_estimate_total","expressed_TRUE",33254,0.164021133585028
"cum_abs_estimate_total","expressed_TRUE",33267,0.163981507962776
"cum_abs_estimate_total","expressed_TRUE",33280,0.163941882340524
"cum_abs_estimate_total","expressed_TRUE",33293,0.164295611671788
"cum_abs_estimate_total","expressed_TRUE",33306,0.164255986049536
"cum_abs_estimate_total","expressed_TRUE",33319,0.164085242109445
"cum_abs_estimate_total","expressed_TRUE",33332,0.163914498169354
"cum_abs_estimate_total","expressed_TRUE",33345,0.163874872547102
"cum_abs_estimate_total","expressed_TRUE",33359,0.163812026751163
"cum_abs_estimate_total","expressed_TRUE",33372,0.163641282811072
"cum_abs_estimate_total","expressed_TRUE",33385,0.163470538870982
"cum_abs_estimate_total","expressed_TRUE",33398,0.163430913248729
"cum_abs_estimate_total","expressed_TRUE",33411,0.1631290509908
"cum_abs_estimate_total","expressed_TRUE",33424,0.163089425368548
"cum_abs_estimate_total","expressed_TRUE",33437,0.162918681428457
"cum_abs_estimate_total","expressed_TRUE",33450,0.163010174124044
"cum_abs_estimate_total","expressed_TRUE",33463,0.16310166681963
"cum_abs_estimate_total","expressed_TRUE",33476,0.16293092287954
"cum_abs_estimate_total","expressed_TRUE",33489,0.163022415575126
"cum_abs_estimate_total","expressed_TRUE",33502,0.162982789952874
"cum_abs_estimate_total","expressed_TRUE",33516,0.162788825839096
"cum_abs_estimate_total","expressed_TRUE",33529,0.162618081899006
"cum_abs_estimate_total","expressed_TRUE",33542,0.162709574594592
"cum_abs_estimate_total","expressed_TRUE",33555,0.16266994897234
"cum_abs_estimate_total","expressed_TRUE",33568,0.162630323350088
"cum_abs_estimate_total","expressed_TRUE",33581,0.162852934363514
"cum_abs_estimate_total","expressed_TRUE",33594,0.162813308741262
"cum_abs_estimate_total","expressed_TRUE",33607,0.16277368311901
"cum_abs_estimate_total","expressed_TRUE",33620,0.162602939178919
"cum_abs_estimate_total","expressed_TRUE",33633,0.162563313556667
"cum_abs_estimate_total","expressed_TRUE",33646,0.162523687934415
"cum_abs_estimate_total","expressed_TRUE",33660,0.162460842138476
"cum_abs_estimate_total","expressed_TRUE",33673,0.162421216516224
"cum_abs_estimate_total","expressed_TRUE",33686,0.162250472576133
"cum_abs_estimate_total","expressed_TRUE",33699,0.162604201907397
"cum_abs_estimate_total","expressed_TRUE",33712,0.162433457967306
"cum_abs_estimate_total","expressed_TRUE",33725,0.162656068980732
"cum_abs_estimate_total","expressed_TRUE",33738,0.162747561676319
"cum_abs_estimate_total","expressed_TRUE",33751,0.162576817736228
"cum_abs_estimate_total","expressed_TRUE",33764,0.162799428749654
"cum_abs_estimate_total","expressed_TRUE",33777,0.162628684809563
"cum_abs_estimate_total","expressed_TRUE",33790,0.162457940869472
"cum_abs_estimate_total","expressed_TRUE",33803,0.162549433565059
"cum_abs_estimate_total","expressed_TRUE",33817,0.16248658776912
"cum_abs_estimate_total","expressed_TRUE",33830,0.162709198782545
"cum_abs_estimate_total","expressed_TRUE",33843,0.162800691478132
"cum_abs_estimate_total","expressed_TRUE",33856,0.162629947538041
"cum_abs_estimate_total","expressed_TRUE",33869,0.162852558551467
"cum_abs_estimate_total","expressed_TRUE",33882,0.162681814611376
"cum_abs_estimate_total","expressed_TRUE",33895,0.162379952353446
"cum_abs_estimate_total","expressed_TRUE",33908,0.162340326731194
"cum_abs_estimate_total","expressed_TRUE",33921,0.162694056062459
"cum_abs_estimate_total","expressed_TRUE",33934,0.162785548758045
"cum_abs_estimate_total","expressed_TRUE",33947,0.162745923135793
"cum_abs_estimate_total","expressed_TRUE",33961,0.162420840704177
"cum_abs_estimate_total","expressed_TRUE",33974,0.162250096764086
"cum_abs_estimate_total","expressed_TRUE",33987,0.162210471141834
"cum_abs_estimate_total","expressed_TRUE",34000,0.162170845519582
"cum_abs_estimate_total","expressed_TRUE",34013,0.162262338215168
"cum_abs_estimate_total","expressed_TRUE",34026,0.161960475957239
"cum_abs_estimate_total","expressed_TRUE",34039,0.161920850334987
"cum_abs_estimate_total","expressed_TRUE",34052,0.162274579666251
"cum_abs_estimate_total","expressed_TRUE",34065,0.162234954043999
"cum_abs_estimate_total","expressed_TRUE",34078,0.162064210103908
"cum_abs_estimate_total","expressed_TRUE",34091,0.162417939435173
"cum_abs_estimate_total","expressed_TRUE",34104,0.162116077177243
"cum_abs_estimate_total","expressed_TRUE",34118,0.162315468016982
"cum_abs_estimate_total","expressed_TRUE",34131,0.16227584239473
"cum_abs_estimate_total","expressed_TRUE",34144,0.162367335090316
"cum_abs_estimate_total","expressed_TRUE",34157,0.162327709468064
"cum_abs_estimate_total","expressed_TRUE",34170,0.162288083845812
"cum_abs_estimate_total","expressed_TRUE",34183,0.16224845822356
"cum_abs_estimate_total","expressed_TRUE",34196,0.162208832601308
"cum_abs_estimate_total","expressed_TRUE",34209,0.162169206979056
"cum_abs_estimate_total","expressed_TRUE",34222,0.162129581356804
"cum_abs_estimate_total","expressed_TRUE",34235,0.162614429005907
"cum_abs_estimate_total","expressed_TRUE",34248,0.162443685065816
"cum_abs_estimate_total","expressed_TRUE",34262,0.162249720952039
"cum_abs_estimate_total","expressed_TRUE",34275,0.162341213647625
"cum_abs_estimate_total","expressed_TRUE",34288,0.162170469707535
"cum_abs_estimate_total","expressed_TRUE",34301,0.162130844085282
"cum_abs_estimate_total","expressed_TRUE",34314,0.161960100145192
"cum_abs_estimate_total","expressed_TRUE",34327,0.161658237887262
"cum_abs_estimate_total","expressed_TRUE",34340,0.16161861226501
"cum_abs_estimate_total","expressed_TRUE",34353,0.161841223278435
"cum_abs_estimate_total","expressed_TRUE",34366,0.161932715974022
"cum_abs_estimate_total","expressed_TRUE",34379,0.16189309035177
"cum_abs_estimate_total","expressed_TRUE",34392,0.161984583047357
"cum_abs_estimate_total","expressed_TRUE",34405,0.161944957425105
"cum_abs_estimate_total","expressed_TRUE",34419,0.161619874993488
"cum_abs_estimate_total","expressed_TRUE",34432,0.161580249371236
"cum_abs_estimate_total","expressed_TRUE",34445,0.161802860384662
"cum_abs_estimate_total","expressed_TRUE",34458,0.161894353080249
"cum_abs_estimate_total","expressed_TRUE",34471,0.162116964093674
"cum_abs_estimate_total","expressed_TRUE",34484,0.161946220153583
"cum_abs_estimate_total","expressed_TRUE",34497,0.161906594531331
"cum_abs_estimate_total","expressed_TRUE",34510,0.161998087226918
"cum_abs_estimate_total","expressed_TRUE",34523,0.161827343286827
"cum_abs_estimate_total","expressed_TRUE",34536,0.161787717664575
"cum_abs_estimate_total","expressed_TRUE",34549,0.161485855406645
"cum_abs_estimate_total","expressed_TRUE",34563,0.161423009610706
"cum_abs_estimate_total","expressed_TRUE",34576,0.161383383988454
"cum_abs_estimate_total","expressed_TRUE",34589,0.16160599500188
"cum_abs_estimate_total","expressed_TRUE",34602,0.161566369379628
"cum_abs_estimate_total","expressed_TRUE",34615,0.161526743757376
"cum_abs_estimate_total","expressed_TRUE",34628,0.161355999817285
"cum_abs_estimate_total","expressed_TRUE",34641,0.161185255877194
"cum_abs_estimate_total","expressed_TRUE",34654,0.161145630254942
"cum_abs_estimate_total","expressed_TRUE",34667,0.161237122950529
"cum_abs_estimate_total","expressed_TRUE",34680,0.161459733963954
"cum_abs_estimate_total","expressed_TRUE",34693,0.161551226659541
"cum_abs_estimate_total","expressed_TRUE",34706,0.161249364401612
"cum_abs_estimate_total","expressed_TRUE",34720,0.161842110194867
"cum_abs_estimate_total","expressed_TRUE",34733,0.161933602890453
"cum_abs_estimate_total","expressed_TRUE",34746,0.162156213903879
"cum_abs_estimate_total","expressed_TRUE",34759,0.162116588281627
"cum_abs_estimate_total","expressed_TRUE",34772,0.161945844341536
"cum_abs_estimate_total","expressed_TRUE",34785,0.162037337037123
"cum_abs_estimate_total","expressed_TRUE",34798,0.162259948050549
"cum_abs_estimate_total","expressed_TRUE",34811,0.162351440746135
"cum_abs_estimate_total","expressed_TRUE",34824,0.162311815123883
"cum_abs_estimate_total","expressed_TRUE",34837,0.162272189501631
"cum_abs_estimate_total","expressed_TRUE",34850,0.162494800515057
"cum_abs_estimate_total","expressed_TRUE",34863,0.162717411528482
"cum_abs_estimate_total","expressed_TRUE",34877,0.162785684050382
"cum_abs_estimate_total","expressed_TRUE",34890,0.162614940110291
"cum_abs_estimate_total","expressed_TRUE",34903,0.162706432805878
"cum_abs_estimate_total","expressed_TRUE",34916,0.162666807183626
"cum_abs_estimate_total","expressed_TRUE",34929,0.162496063243535
"cum_abs_estimate_total","expressed_TRUE",34942,0.162587555939122
"cum_abs_estimate_total","expressed_TRUE",34955,0.162285693681192
"cum_abs_estimate_total","expressed_TRUE",34968,0.162377186376779
"cum_abs_estimate_total","expressed_TRUE",34981,0.162337560754527
"cum_abs_estimate_total","expressed_TRUE",34994,0.162297935132275
"cum_abs_estimate_total","expressed_TRUE",35007,0.162127191192184
"cum_abs_estimate_total","expressed_TRUE",35021,0.162064345396245
"cum_abs_estimate_total","expressed_TRUE",35034,0.162155838091832
"cum_abs_estimate_total","expressed_TRUE",35047,0.16211621246958
"cum_abs_estimate_total","expressed_TRUE",35060,0.162207705165167
"cum_abs_estimate_total","expressed_TRUE",35073,0.162036961225076
"cum_abs_estimate_total","expressed_TRUE",35086,0.161866217284985
"cum_abs_estimate_total","expressed_TRUE",35099,0.161695473344894
"cum_abs_estimate_total","expressed_TRUE",35112,0.16191808435832
"cum_abs_estimate_total","expressed_TRUE",35125,0.161747340418229
"cum_abs_estimate_total","expressed_TRUE",35138,0.161707714795977
"cum_abs_estimate_total","expressed_TRUE",35151,0.161405852538047
"cum_abs_estimate_total","expressed_TRUE",35164,0.161103990280117
"cum_abs_estimate_total","expressed_TRUE",35178,0.16091002616634
"cum_abs_estimate_total","expressed_TRUE",35191,0.160739282226249
"cum_abs_estimate_total","expressed_TRUE",35204,0.160830774921835
"cum_abs_estimate_total","expressed_TRUE",35217,0.160660030981745
"cum_abs_estimate_total","expressed_TRUE",35230,0.160751523677331
"cum_abs_estimate_total","expressed_TRUE",35243,0.160711898055079
"cum_abs_estimate_total","expressed_TRUE",35256,0.160672272432827
"cum_abs_estimate_total","expressed_TRUE",35269,0.160370410174898
"cum_abs_estimate_total","expressed_TRUE",35282,0.160461902870484
"cum_abs_estimate_total","expressed_TRUE",35295,0.160160040612555
"cum_abs_estimate_total","expressed_TRUE",35308,0.160120414990303
"cum_abs_estimate_total","expressed_TRUE",35322,0.160188687512202
"cum_abs_estimate_total","expressed_TRUE",35335,0.16014906188995
"cum_abs_estimate_total","expressed_TRUE",35348,0.160109436267698
"cum_abs_estimate_total","expressed_TRUE",35361,0.160332047281124
"cum_abs_estimate_total","expressed_TRUE",35374,0.160030185023194
"cum_abs_estimate_total","expressed_TRUE",35387,0.160121677718781
"cum_abs_estimate_total","expressed_TRUE",35400,0.15995093377869
"cum_abs_estimate_total","expressed_TRUE",35413,0.160173544792116
"cum_abs_estimate_total","expressed_TRUE",35426,0.160002800852025
"cum_abs_estimate_total","expressed_TRUE",35439,0.159832056911934
"cum_abs_estimate_total","expressed_TRUE",35452,0.159792431289682
"cum_abs_estimate_total","expressed_TRUE",35465,0.15975280566743
"cum_abs_estimate_total","expressed_TRUE",35479,0.159427723235813
"cum_abs_estimate_total","expressed_TRUE",35492,0.159256979295722
"cum_abs_estimate_total","expressed_TRUE",35505,0.15921735367347
"cum_abs_estimate_total","expressed_TRUE",35518,0.159177728051218
"cum_abs_estimate_total","expressed_TRUE",35531,0.159006984111127
"cum_abs_estimate_total","expressed_TRUE",35544,0.158967358488875
"cum_abs_estimate_total","expressed_TRUE",35557,0.158927732866623
"cum_abs_estimate_total","expressed_TRUE",35570,0.158888107244371
"cum_abs_estimate_total","expressed_TRUE",35583,0.159110718257797
"cum_abs_estimate_total","expressed_TRUE",35596,0.158808855999867
"cum_abs_estimate_total","expressed_TRUE",35609,0.158638112059776
"cum_abs_estimate_total","expressed_TRUE",35623,0.158575266263837
"cum_abs_estimate_total","expressed_TRUE",35636,0.158535640641585
"cum_abs_estimate_total","expressed_TRUE",35649,0.158496015019333
"cum_abs_estimate_total","expressed_TRUE",35662,0.158718626032759
"cum_abs_estimate_total","expressed_TRUE",35675,0.158679000410507
"cum_abs_estimate_total","expressed_TRUE",35688,0.159032729741771
"cum_abs_estimate_total","expressed_TRUE",35701,0.159255340755197
"cum_abs_estimate_total","expressed_TRUE",35714,0.159477951768622
"cum_abs_estimate_total","expressed_TRUE",35727,0.159307207828532
"cum_abs_estimate_total","expressed_TRUE",35740,0.15926758220628
"cum_abs_estimate_total","expressed_TRUE",35753,0.159096838266189
"cum_abs_estimate_total","expressed_TRUE",35766,0.159188330961775
"cum_abs_estimate_total","expressed_TRUE",35780,0.159256603483675
"cum_abs_estimate_total","expressed_TRUE",35793,0.159216977861423
"cum_abs_estimate_total","expressed_TRUE",35806,0.159046233921332
"cum_abs_estimate_total","expressed_TRUE",35819,0.159137726616919
"cum_abs_estimate_total","expressed_TRUE",35832,0.158966982676828
"cum_abs_estimate_total","expressed_TRUE",35845,0.158665120418899
"cum_abs_estimate_total","expressed_TRUE",35858,0.158625494796647
"cum_abs_estimate_total","expressed_TRUE",35871,0.158454750856556
"cum_abs_estimate_total","expressed_TRUE",35884,0.158546243552142
"cum_abs_estimate_total","expressed_TRUE",35897,0.158637736247729
"cum_abs_estimate_total","expressed_TRUE",35910,0.158466992307638
"cum_abs_estimate_total","expressed_TRUE",35924,0.158273028193861
"cum_abs_estimate_total","expressed_TRUE",35937,0.15810228425377
"cum_abs_estimate_total","expressed_TRUE",35950,0.158062658631518
"cum_abs_estimate_total","expressed_TRUE",35963,0.158285269644943
"cum_abs_estimate_total","expressed_TRUE",35976,0.158245644022691
"cum_abs_estimate_total","expressed_TRUE",35989,0.1580749000826
"cum_abs_estimate_total","expressed_TRUE",36002,0.158035274460348
"cum_abs_estimate_total","expressed_TRUE",36015,0.158126767155935
"cum_abs_estimate_total","expressed_TRUE",36028,0.158218259851522
"cum_abs_estimate_total","expressed_TRUE",36041,0.15817863422927
"cum_abs_estimate_total","expressed_TRUE",36054,0.158270126924857
"cum_abs_estimate_total","expressed_TRUE",36067,0.158099382984766
"cum_abs_estimate_total","expressed_TRUE",36081,0.158167655506666
"cum_abs_estimate_total","expressed_TRUE",36094,0.157865793248736
"cum_abs_estimate_total","expressed_TRUE",36107,0.157826167626484
"cum_abs_estimate_total","expressed_TRUE",36120,0.158179896957748
"cum_abs_estimate_total","expressed_TRUE",36133,0.158402507971174
"cum_abs_estimate_total","expressed_TRUE",36146,0.158100645713244
"cum_abs_estimate_total","expressed_TRUE",36159,0.157929901773153
"cum_abs_estimate_total","expressed_TRUE",36172,0.157628039515224
"cum_abs_estimate_total","expressed_TRUE",36185,0.15771953221081
"cum_abs_estimate_total","expressed_TRUE",36198,0.157811024906397
"cum_abs_estimate_total","expressed_TRUE",36211,0.157902517601984
"cum_abs_estimate_total","expressed_TRUE",36224,0.157862891979732
"cum_abs_estimate_total","expressed_TRUE",36238,0.157668927865954
"cum_abs_estimate_total","expressed_TRUE",36251,0.157629302243702
"cum_abs_estimate_total","expressed_TRUE",36264,0.15758967662145
"cum_abs_estimate_total","expressed_TRUE",36277,0.157550050999198
"cum_abs_estimate_total","expressed_TRUE",36290,0.157772662012623
"cum_abs_estimate_total","expressed_TRUE",36303,0.157733036390371
"cum_abs_estimate_total","expressed_TRUE",36316,0.158217884039475
"cum_abs_estimate_total","expressed_TRUE",36329,0.158178258417223
"cum_abs_estimate_total","expressed_TRUE",36342,0.158007514477132
"cum_abs_estimate_total","expressed_TRUE",36355,0.15796788885488
"cum_abs_estimate_total","expressed_TRUE",36368,0.157928263232628
"cum_abs_estimate_total","expressed_TRUE",36382,0.15773429911885
"cum_abs_estimate_total","expressed_TRUE",36395,0.157563555178759
"cum_abs_estimate_total","expressed_TRUE",36408,0.157786166192185
"cum_abs_estimate_total","expressed_TRUE",36421,0.157746540569933
"cum_abs_estimate_total","expressed_TRUE",36434,0.157969151583358
"cum_abs_estimate_total","expressed_TRUE",36447,0.157929525961106
"cum_abs_estimate_total","expressed_TRUE",36460,0.158152136974532
"cum_abs_estimate_total","expressed_TRUE",36473,0.157981393034441
"cum_abs_estimate_total","expressed_TRUE",36486,0.157941767412189
"cum_abs_estimate_total","expressed_TRUE",36499,0.157771023472098
"cum_abs_estimate_total","expressed_TRUE",36512,0.157469161214168
"cum_abs_estimate_total","expressed_TRUE",36525,0.157429535591916
"cum_abs_estimate_total","expressed_TRUE",36539,0.157497808113816
"cum_abs_estimate_total","expressed_TRUE",36552,0.157327064173725
"cum_abs_estimate_total","expressed_TRUE",36565,0.157418556869312
"cum_abs_estimate_total","expressed_TRUE",36578,0.15737893124706
"cum_abs_estimate_total","expressed_TRUE",36591,0.157339305624808
"cum_abs_estimate_total","expressed_TRUE",36604,0.157299680002556
"cum_abs_estimate_total","expressed_TRUE",36617,0.157260054380304
"cum_abs_estimate_total","expressed_TRUE",36630,0.157089310440213
"cum_abs_estimate_total","expressed_TRUE",36643,0.157049684817961
"cum_abs_estimate_total","expressed_TRUE",36656,0.15687894087787
"cum_abs_estimate_total","expressed_TRUE",36669,0.156708196937779
"cum_abs_estimate_total","expressed_TRUE",36683,0.15664535114184
"cum_abs_estimate_total","expressed_TRUE",36696,0.156605725519588
"cum_abs_estimate_total","expressed_TRUE",36709,0.156697218215175
"cum_abs_estimate_total","expressed_TRUE",36722,0.156788710910762
"cum_abs_estimate_total","expressed_TRUE",36735,0.15674908528851
"cum_abs_estimate_total","expressed_TRUE",36748,0.156840577984096
"cum_abs_estimate_total","expressed_TRUE",36761,0.157194307315361
"cum_abs_estimate_total","expressed_TRUE",36774,0.157285800010947
"cum_abs_estimate_total","expressed_TRUE",36787,0.157246174388695
"cum_abs_estimate_total","expressed_TRUE",36800,0.157468785402121
"cum_abs_estimate_total","expressed_TRUE",36813,0.157429159779869
"cum_abs_estimate_total","expressed_TRUE",36826,0.157258415839778
"cum_abs_estimate_total","expressed_TRUE",36840,0.156933333408162
"cum_abs_estimate_total","expressed_TRUE",36853,0.157024826103748
"cum_abs_estimate_total","expressed_TRUE",36866,0.156854082163657
"cum_abs_estimate_total","expressed_TRUE",36879,0.156814456541405
"cum_abs_estimate_total","expressed_TRUE",36892,0.156643712601315
"cum_abs_estimate_total","expressed_TRUE",36905,0.156472968661224
"cum_abs_estimate_total","expressed_TRUE",36918,0.156695579674649
"cum_abs_estimate_total","expressed_TRUE",36931,0.156655954052397
"cum_abs_estimate_total","expressed_TRUE",36944,0.156485210112306
"cum_abs_estimate_total","expressed_TRUE",36957,0.156314466172215
"cum_abs_estimate_total","expressed_TRUE",36970,0.156274840549963
"cum_abs_estimate_total","expressed_TRUE",36984,0.156343113071863
"cum_abs_estimate_total","expressed_TRUE",36997,0.156172369131772
"cum_abs_estimate_total","expressed_TRUE",37010,0.15613274350952
"cum_abs_estimate_total","expressed_TRUE",37023,0.156093117887268
"cum_abs_estimate_total","expressed_TRUE",37036,0.156053492265016
"cum_abs_estimate_total","expressed_TRUE",37049,0.156013866642764
"cum_abs_estimate_total","expressed_TRUE",37062,0.155843122702673
"cum_abs_estimate_total","expressed_TRUE",37075,0.156459088669615
"cum_abs_estimate_total","expressed_TRUE",37088,0.156419463047363
"cum_abs_estimate_total","expressed_TRUE",37101,0.156248719107272
"cum_abs_estimate_total","expressed_TRUE",37114,0.15620909348502
"cum_abs_estimate_total","expressed_TRUE",37127,0.155907231227091
"cum_abs_estimate_total","expressed_TRUE",37141,0.156106622066829
"cum_abs_estimate_total","expressed_TRUE",37154,0.1558047598089
"cum_abs_estimate_total","expressed_TRUE",37167,0.155634015868809
"cum_abs_estimate_total","expressed_TRUE",37180,0.155725508564396
"cum_abs_estimate_total","expressed_TRUE",37193,0.155554764624305
"cum_abs_estimate_total","expressed_TRUE",37206,0.155515139002053
"cum_abs_estimate_total","expressed_TRUE",37219,0.155606631697639
"cum_abs_estimate_total","expressed_TRUE",37232,0.155435887757549
"cum_abs_estimate_total","expressed_TRUE",37245,0.155396262135297
"cum_abs_estimate_total","expressed_TRUE",37258,0.155225518195206
"cum_abs_estimate_total","expressed_TRUE",37271,0.155317010890792
"cum_abs_estimate_total","expressed_TRUE",37285,0.155385283412692
"cum_abs_estimate_total","expressed_TRUE",37298,0.155476776108279
"cum_abs_estimate_total","expressed_TRUE",37311,0.155306032168188
"cum_abs_estimate_total","expressed_TRUE",37324,0.155004169910259
"cum_abs_estimate_total","expressed_TRUE",37337,0.154702307652329
"cum_abs_estimate_total","expressed_TRUE",37350,0.154793800347916
"cum_abs_estimate_total","expressed_TRUE",37363,0.154754174725664
"cum_abs_estimate_total","expressed_TRUE",37376,0.154583430785573
"cum_abs_estimate_total","expressed_TRUE",37389,0.154806041798998
"cum_abs_estimate_total","expressed_TRUE",37402,0.155028652812424
"cum_abs_estimate_total","expressed_TRUE",37415,0.154726790554494
"cum_abs_estimate_total","expressed_TRUE",37428,0.154424928296564
"cum_abs_estimate_total","expressed_TRUE",37442,0.154624319136303
"cum_abs_estimate_total","expressed_TRUE",37455,0.154322456878374
"cum_abs_estimate_total","expressed_TRUE",37468,0.154020594620444
"cum_abs_estimate_total","expressed_TRUE",37481,0.154112087316031
"cum_abs_estimate_total","expressed_TRUE",37494,0.154072461693779
"cum_abs_estimate_total","expressed_TRUE",37507,0.153901717753688
"cum_abs_estimate_total","expressed_TRUE",37520,0.153862092131436
"cum_abs_estimate_total","expressed_TRUE",37533,0.153822466509184
"cum_abs_estimate_total","expressed_TRUE",37546,0.153782840886932
"cum_abs_estimate_total","expressed_TRUE",37559,0.153612096946841
"cum_abs_estimate_total","expressed_TRUE",37572,0.15344135300675
"cum_abs_estimate_total","expressed_TRUE",37585,0.153270609066659
"cum_abs_estimate_total","expressed_TRUE",37599,0.15320776327072
"cum_abs_estimate_total","expressed_TRUE",37612,0.153168137648468
"cum_abs_estimate_total","expressed_TRUE",37625,0.153390748661893
"cum_abs_estimate_total","expressed_TRUE",37638,0.153220004721803
"cum_abs_estimate_total","expressed_TRUE",37651,0.153180379099551
"cum_abs_estimate_total","expressed_TRUE",37664,0.15300963515946
"cum_abs_estimate_total","expressed_TRUE",37677,0.152838891219369
"cum_abs_estimate_total","expressed_TRUE",37690,0.153192620550633
"cum_abs_estimate_total","expressed_TRUE",37703,0.152890758292704
"cum_abs_estimate_total","expressed_TRUE",37716,0.15298225098829
"cum_abs_estimate_total","expressed_TRUE",37729,0.152942625366038
"cum_abs_estimate_total","expressed_TRUE",37743,0.153142016205777
"cum_abs_estimate_total","expressed_TRUE",37756,0.153233508901364
"cum_abs_estimate_total","expressed_TRUE",37769,0.153193883279112
"cum_abs_estimate_total","expressed_TRUE",37782,0.15315425765686
"cum_abs_estimate_total","expressed_TRUE",37795,0.153114632034608
"cum_abs_estimate_total","expressed_TRUE",37808,0.153337243048033
"cum_abs_estimate_total","expressed_TRUE",37821,0.15342873574362
"cum_abs_estimate_total","expressed_TRUE",37834,0.15312687348569
"cum_abs_estimate_total","expressed_TRUE",37847,0.152825011227761
"cum_abs_estimate_total","expressed_TRUE",37860,0.152916503923347
"cum_abs_estimate_total","expressed_TRUE",37873,0.152614641665418
"cum_abs_estimate_total","expressed_TRUE",37886,0.152968370996682
"cum_abs_estimate_total","expressed_TRUE",37900,0.153167761836421
"cum_abs_estimate_total","expressed_TRUE",37913,0.153128136214169
"cum_abs_estimate_total","expressed_TRUE",37926,0.152826273956239
"cum_abs_estimate_total","expressed_TRUE",37939,0.152786648333987
"cum_abs_estimate_total","expressed_TRUE",37952,0.152878141029574
"cum_abs_estimate_total","expressed_TRUE",37965,0.152576278771644
"cum_abs_estimate_total","expressed_TRUE",37978,0.152536653149392
"cum_abs_estimate_total","expressed_TRUE",37991,0.15249702752714
"cum_abs_estimate_total","expressed_TRUE",38004,0.152457401904888
"cum_abs_estimate_total","expressed_TRUE",38017,0.152286657964797
"cum_abs_estimate_total","expressed_TRUE",38030,0.152115914024706
"cum_abs_estimate_total","expressed_TRUE",38044,0.151921949910928
"cum_abs_estimate_total","expressed_TRUE",38057,0.151882324288676
"cum_abs_estimate_total","expressed_TRUE",38070,0.151711580348585
"cum_abs_estimate_total","expressed_TRUE",38083,0.151803073044172
"cum_abs_estimate_total","expressed_TRUE",38096,0.151501210786243
"cum_abs_estimate_total","expressed_TRUE",38109,0.151199348528313
"cum_abs_estimate_total","expressed_TRUE",38122,0.151553077859577
"cum_abs_estimate_total","expressed_TRUE",38135,0.151644570555164
"cum_abs_estimate_total","expressed_TRUE",38148,0.151604944932912
"cum_abs_estimate_total","expressed_TRUE",38161,0.151434200992821
"cum_abs_estimate_total","expressed_TRUE",38174,0.151525693688408
"cum_abs_estimate_total","expressed_TRUE",38187,0.151748304701833
"cum_abs_estimate_total","expressed_TRUE",38201,0.151554340588056
"cum_abs_estimate_total","expressed_TRUE",38214,0.151383596647965
"cum_abs_estimate_total","expressed_TRUE",38227,0.151475089343552
"cum_abs_estimate_total","expressed_TRUE",38240,0.151173227085622
"cum_abs_estimate_total","expressed_TRUE",38253,0.151002483145531
"cum_abs_estimate_total","expressed_TRUE",38266,0.151093975841118
"cum_abs_estimate_total","expressed_TRUE",38279,0.151054350218866
"cum_abs_estimate_total","expressed_TRUE",38292,0.151539197867969
"cum_abs_estimate_total","expressed_TRUE",38305,0.151237335610039
"cum_abs_estimate_total","expressed_TRUE",38318,0.151459946623465
"cum_abs_estimate_total","expressed_TRUE",38331,0.151551439319052
"cum_abs_estimate_total","expressed_TRUE",38345,0.151619711840952
"cum_abs_estimate_total","expressed_TRUE",38358,0.151711204536538
"cum_abs_estimate_total","expressed_TRUE",38371,0.151802697232125
"cum_abs_estimate_total","expressed_TRUE",38384,0.151763071609873
"cum_abs_estimate_total","expressed_TRUE",38397,0.151723445987621
"cum_abs_estimate_total","expressed_TRUE",38410,0.151683820365369
"cum_abs_estimate_total","expressed_TRUE",38423,0.151644194743117
"cum_abs_estimate_total","expressed_TRUE",38436,0.151866805756542
"cum_abs_estimate_total","expressed_TRUE",38449,0.15182718013429
"cum_abs_estimate_total","expressed_TRUE",38462,0.152312027783394
"cum_abs_estimate_total","expressed_TRUE",38475,0.152141283843303
"cum_abs_estimate_total","expressed_TRUE",38488,0.152101658221051
"cum_abs_estimate_total","expressed_TRUE",38502,0.151907694107273
"cum_abs_estimate_total","expressed_TRUE",38515,0.151605831849343
"cum_abs_estimate_total","expressed_TRUE",38528,0.15169732454493
"cum_abs_estimate_total","expressed_TRUE",38541,0.151657698922678
"cum_abs_estimate_total","expressed_TRUE",38554,0.151749191618265
"cum_abs_estimate_total","expressed_TRUE",38567,0.151578447678174
"cum_abs_estimate_total","expressed_TRUE",38580,0.151538822055922
"cum_abs_estimate_total","expressed_TRUE",38593,0.15149919643367
"cum_abs_estimate_total","expressed_TRUE",38606,0.151590689129257
"cum_abs_estimate_total","expressed_TRUE",38619,0.151419945189166
"cum_abs_estimate_total","expressed_TRUE",38632,0.15177367452043
"cum_abs_estimate_total","expressed_TRUE",38645,0.151734048898178
"cum_abs_estimate_total","expressed_TRUE",38659,0.151671203102239
"cum_abs_estimate_total","expressed_TRUE",38672,0.151762695797826
"cum_abs_estimate_total","expressed_TRUE",38685,0.151591951857735
"cum_abs_estimate_total","expressed_TRUE",38698,0.151683444553322
"cum_abs_estimate_total","expressed_TRUE",38711,0.151381582295392
"cum_abs_estimate_total","expressed_TRUE",38724,0.151079720037462
"cum_abs_estimate_total","expressed_TRUE",38737,0.150908976097372
"cum_abs_estimate_total","expressed_TRUE",38750,0.150738232157281
"cum_abs_estimate_total","expressed_TRUE",38763,0.15056748821719
"cum_abs_estimate_total","expressed_TRUE",38776,0.15026562595926
"cum_abs_estimate_total","expressed_TRUE",38789,0.150357118654847
"cum_abs_estimate_total","expressed_TRUE",38803,0.150556509494586
"cum_abs_estimate_total","expressed_TRUE",38816,0.150385765554495
"cum_abs_estimate_total","expressed_TRUE",38829,0.150477258250081
"cum_abs_estimate_total","expressed_TRUE",38842,0.150568750945668
"cum_abs_estimate_total","expressed_TRUE",38855,0.150266888687739
"cum_abs_estimate_total","expressed_TRUE",38868,0.150227263065486
"cum_abs_estimate_total","expressed_TRUE",38881,0.150187637443234
"cum_abs_estimate_total","expressed_TRUE",38894,0.150279130138821
"cum_abs_estimate_total","expressed_TRUE",38907,0.150239504516569
"cum_abs_estimate_total","expressed_TRUE",38920,0.150199878894317
"cum_abs_estimate_total","expressed_TRUE",38933,0.150029134954226
"cum_abs_estimate_total","expressed_TRUE",38946,0.149989509331974
"cum_abs_estimate_total","expressed_TRUE",38960,0.150057781853874
"cum_abs_estimate_total","expressed_TRUE",38973,0.150149274549461
"cum_abs_estimate_total","expressed_TRUE",38986,0.150109648927209
"cum_abs_estimate_total","expressed_TRUE",38999,0.149938904987118
"cum_abs_estimate_total","expressed_TRUE",39012,0.149768161047027
"cum_abs_estimate_total","expressed_TRUE",39025,0.149859653742614
"cum_abs_estimate_total","expressed_TRUE",39038,0.149820028120362
"cum_abs_estimate_total","expressed_TRUE",39051,0.149649284180271
"cum_abs_estimate_total","expressed_TRUE",39064,0.149871895193696
"cum_abs_estimate_total","expressed_TRUE",39077,0.149963387889283
"cum_abs_estimate_total","expressed_TRUE",39090,0.149792643949192
"cum_abs_estimate_total","expressed_TRUE",39104,0.149598679835415
"cum_abs_estimate_total","expressed_TRUE",39117,0.149559054213163
"cum_abs_estimate_total","expressed_TRUE",39130,0.14951942859091
"cum_abs_estimate_total","expressed_TRUE",39143,0.14934868465082
"cum_abs_estimate_total","expressed_TRUE",39156,0.14904682239289
"cum_abs_estimate_total","expressed_TRUE",39169,0.148876078452799
"cum_abs_estimate_total","expressed_TRUE",39182,0.148967571148386
"cum_abs_estimate_total","expressed_TRUE",39195,0.148796827208295
"cum_abs_estimate_total","expressed_TRUE",39208,0.148888319903882
"cum_abs_estimate_total","expressed_TRUE",39221,0.148586457645952
"cum_abs_estimate_total","expressed_TRUE",39234,0.148415713705861
"cum_abs_estimate_total","expressed_TRUE",39247,0.148113851447931
"cum_abs_estimate_total","expressed_TRUE",39261,0.148051005651993
"cum_abs_estimate_total","expressed_TRUE",39274,0.147880261711902
"cum_abs_estimate_total","expressed_TRUE",39287,0.147578399453972
"cum_abs_estimate_total","expressed_TRUE",39300,0.147669892149559
"cum_abs_estimate_total","expressed_TRUE",39313,0.147499148209468
"cum_abs_estimate_total","expressed_TRUE",39326,0.147459522587216
"cum_abs_estimate_total","expressed_TRUE",39339,0.147157660329286
"cum_abs_estimate_total","expressed_TRUE",39352,0.146986916389195
"cum_abs_estimate_total","expressed_TRUE",39365,0.146685054131266
"cum_abs_estimate_total","expressed_TRUE",39378,0.146645428509014
"cum_abs_estimate_total","expressed_TRUE",39391,0.146474684568923
"cum_abs_estimate_total","expressed_TRUE",39405,0.146411838772984
"cum_abs_estimate_total","expressed_TRUE",39418,0.146241094832893
"cum_abs_estimate_total","expressed_TRUE",39431,0.146201469210641
"cum_abs_estimate_total","expressed_TRUE",39444,0.146161843588389
"cum_abs_estimate_total","expressed_TRUE",39457,0.146122217966137
"cum_abs_estimate_total","expressed_TRUE",39470,0.146344828979562
"cum_abs_estimate_total","expressed_TRUE",39483,0.146174085039471
"cum_abs_estimate_total","expressed_TRUE",39496,0.146134459417219
"cum_abs_estimate_total","expressed_TRUE",39509,0.14583259715929
"cum_abs_estimate_total","expressed_TRUE",39522,0.145792971537038
"cum_abs_estimate_total","expressed_TRUE",39535,0.145753345914786
"cum_abs_estimate_total","expressed_TRUE",39548,0.145713720292534
"cum_abs_estimate_total","expressed_TRUE",39562,0.145519756178756
"cum_abs_estimate_total","expressed_TRUE",39575,0.145611248874343
"cum_abs_estimate_total","expressed_TRUE",39588,0.14557162325209
"cum_abs_estimate_total","expressed_TRUE",39601,0.145269760994161
"cum_abs_estimate_total","expressed_TRUE",39614,0.144967898736231
"cum_abs_estimate_total","expressed_TRUE",39627,0.144928273113979
"cum_abs_estimate_total","expressed_TRUE",39640,0.144626410856049
"cum_abs_estimate_total","expressed_TRUE",39653,0.144586785233797
"cum_abs_estimate_total","expressed_TRUE",39666,0.144416041293706
"cum_abs_estimate_total","expressed_TRUE",39679,0.144638652307132
"cum_abs_estimate_total","expressed_TRUE",39692,0.144467908367041
"cum_abs_estimate_total","expressed_TRUE",39706,0.14466729920678
"cum_abs_estimate_total","expressed_TRUE",39719,0.144627673584528
"cum_abs_estimate_total","expressed_TRUE",39732,0.144588047962276
"cum_abs_estimate_total","expressed_TRUE",39745,0.144417304022185
"cum_abs_estimate_total","expressed_TRUE",39758,0.144246560082094
"cum_abs_estimate_total","expressed_TRUE",39771,0.14446917109552
"cum_abs_estimate_total","expressed_TRUE",39784,0.144298427155429
"cum_abs_estimate_total","expressed_TRUE",39797,0.144258801533177
"cum_abs_estimate_total","expressed_TRUE",39810,0.143956939275247
"cum_abs_estimate_total","expressed_TRUE",39823,0.143655077017317
"cum_abs_estimate_total","expressed_TRUE",39836,0.143484333077226
"cum_abs_estimate_total","expressed_TRUE",39849,0.143313589137136
"cum_abs_estimate_total","expressed_TRUE",39863,0.143250743341197
"cum_abs_estimate_total","expressed_TRUE",39876,0.143342236036783
"cum_abs_estimate_total","expressed_TRUE",39889,0.143171492096693
"cum_abs_estimate_total","expressed_TRUE",39902,0.143525221427957
"cum_abs_estimate_total","expressed_TRUE",39915,0.143354477487866
"cum_abs_estimate_total","expressed_TRUE",39928,0.143183733547775
"cum_abs_estimate_total","expressed_TRUE",39941,0.143144107925523
"cum_abs_estimate_total","expressed_TRUE",39954,0.142973363985432
"cum_abs_estimate_total","expressed_TRUE",39967,0.142802620045341
"cum_abs_estimate_total","expressed_TRUE",39980,0.142631876105251
"cum_abs_estimate_total","expressed_TRUE",39993,0.142723368800837
"cum_abs_estimate_total","expressed_TRUE",40006,0.142421506542908
"cum_abs_estimate_total","expressed_TRUE",40020,0.142358660746969
"cum_abs_estimate_total","expressed_TRUE",40033,0.142319035124717
"cum_abs_estimate_total","expressed_TRUE",40046,0.142279409502465
"cum_abs_estimate_total","expressed_TRUE",40059,0.141977547244535
"cum_abs_estimate_total","expressed_TRUE",40072,0.142069039940122
"cum_abs_estimate_total","expressed_TRUE",40085,0.141898296000031
"cum_abs_estimate_total","expressed_TRUE",40098,0.14172755205994
"cum_abs_estimate_total","expressed_TRUE",40111,0.141556808119849
"cum_abs_estimate_total","expressed_TRUE",40124,0.141254945861919
"cum_abs_estimate_total","expressed_TRUE",40137,0.14095308360399
"cum_abs_estimate_total","expressed_TRUE",40150,0.141044576299576
"cum_abs_estimate_total","expressed_TRUE",40164,0.140850612185799
"cum_abs_estimate_total","expressed_TRUE",40177,0.140810986563547
"cum_abs_estimate_total","expressed_TRUE",40190,0.140771360941295
"cum_abs_estimate_total","expressed_TRUE",40203,0.140731735319043
"cum_abs_estimate_total","expressed_TRUE",40216,0.140429873061113
"cum_abs_estimate_total","expressed_TRUE",40229,0.140390247438861
"cum_abs_estimate_total","expressed_TRUE",40242,0.140612858452286
"cum_abs_estimate_total","expressed_TRUE",40255,0.140704351147873
"cum_abs_estimate_total","expressed_TRUE",40268,0.140533607207782
"cum_abs_estimate_total","expressed_TRUE",40281,0.140362863267691
"cum_abs_estimate_total","expressed_TRUE",40294,0.140454355963278
"cum_abs_estimate_total","expressed_TRUE",40307,0.140152493705348
"cum_abs_estimate_total","expressed_TRUE",40321,0.14008964790941
"cum_abs_estimate_total","expressed_TRUE",40334,0.139918903969319
"cum_abs_estimate_total","expressed_TRUE",40347,0.139748160029228
"cum_abs_estimate_total","expressed_TRUE",40360,0.139708534406976
"cum_abs_estimate_total","expressed_TRUE",40373,0.139406672149046
"cum_abs_estimate_total","expressed_TRUE",40386,0.139235928208955
"cum_abs_estimate_total","expressed_TRUE",40399,0.139065184268864
"cum_abs_estimate_total","expressed_TRUE",40412,0.139156676964451
"cum_abs_estimate_total","expressed_TRUE",40425,0.13898593302436
"cum_abs_estimate_total","expressed_TRUE",40438,0.138946307402108
"cum_abs_estimate_total","expressed_TRUE",40451,0.138775563462017
"cum_abs_estimate_total","expressed_TRUE",40465,0.138712717666078
"cum_abs_estimate_total","expressed_TRUE",40478,0.138804210361665
"cum_abs_estimate_total","expressed_TRUE",40491,0.138502348103735
"cum_abs_estimate_total","expressed_TRUE",40504,0.138331604163645
"cum_abs_estimate_total","expressed_TRUE",40517,0.138423096859231
"cum_abs_estimate_total","expressed_TRUE",40530,0.138514589554818
"cum_abs_estimate_total","expressed_TRUE",40543,0.138606082250405
"cum_abs_estimate_total","expressed_TRUE",40556,0.138566456628153
"cum_abs_estimate_total","expressed_TRUE",40569,0.138526831005901
"cum_abs_estimate_total","expressed_TRUE",40582,0.138487205383649
"cum_abs_estimate_total","expressed_TRUE",40595,0.138316461443558
"cum_abs_estimate_total","expressed_TRUE",40608,0.138145717503467
"cum_abs_estimate_total","expressed_TRUE",40622,0.138345108343206
"cum_abs_estimate_total","expressed_TRUE",40635,0.138436601038792
"cum_abs_estimate_total","expressed_TRUE",40648,0.138134738780863
"cum_abs_estimate_total","expressed_TRUE",40661,0.13822623147645
"cum_abs_estimate_total","expressed_TRUE",40674,0.13792436921852
"cum_abs_estimate_total","expressed_TRUE",40687,0.138015861914107
"cum_abs_estimate_total","expressed_TRUE",40700,0.138107354609693
"cum_abs_estimate_total","expressed_TRUE",40713,0.13819884730528
"cum_abs_estimate_total","expressed_TRUE",40726,0.138028103365189
"cum_abs_estimate_total","expressed_TRUE",40739,0.137857359425098
"cum_abs_estimate_total","expressed_TRUE",40752,0.137555497167169
"cum_abs_estimate_total","expressed_TRUE",40766,0.13749265137123
"cum_abs_estimate_total","expressed_TRUE",40779,0.137453025748978
"cum_abs_estimate_total","expressed_TRUE",40792,0.137413400126726
"cum_abs_estimate_total","expressed_TRUE",40805,0.137242656186635
"cum_abs_estimate_total","expressed_TRUE",40818,0.136940793928705
"cum_abs_estimate_total","expressed_TRUE",40831,0.137163404942131
"cum_abs_estimate_total","expressed_TRUE",40844,0.137123779319879
"cum_abs_estimate_total","expressed_TRUE",40857,0.136953035379788
"cum_abs_estimate_total","expressed_TRUE",40870,0.137044528075375
"cum_abs_estimate_total","expressed_TRUE",40883,0.137136020770961
"cum_abs_estimate_total","expressed_TRUE",40896,0.137096395148709
"cum_abs_estimate_total","expressed_TRUE",40909,0.13679453289078
"cum_abs_estimate_total","expressed_TRUE",40923,0.136862805412679
"cum_abs_estimate_total","expressed_TRUE",40936,0.136823179790427
"cum_abs_estimate_total","expressed_TRUE",40949,0.136652435850337
"cum_abs_estimate_total","expressed_TRUE",40962,0.136743928545923
"cum_abs_estimate_total","expressed_TRUE",40975,0.136573184605832
"cum_abs_estimate_total","expressed_TRUE",40988,0.13653355898358
"cum_abs_estimate_total","expressed_TRUE",41001,0.136362815043489
"cum_abs_estimate_total","expressed_TRUE",41014,0.13606095278556
"cum_abs_estimate_total","expressed_TRUE",41027,0.136021327163308
"cum_abs_estimate_total","expressed_TRUE",41040,0.135981701541056
"cum_abs_estimate_total","expressed_TRUE",41053,0.135942075918804
"cum_abs_estimate_total","expressed_TRUE",41067,0.135616993487187
"cum_abs_estimate_total","expressed_TRUE",41080,0.135708486182774
"cum_abs_estimate_total","expressed_TRUE",41093,0.135668860560522
"cum_abs_estimate_total","expressed_TRUE",41106,0.135891471573947
"cum_abs_estimate_total","expressed_TRUE",41119,0.135720727633857
"cum_abs_estimate_total","expressed_TRUE",41132,0.135681102011604
"cum_abs_estimate_total","expressed_TRUE",41145,0.135510358071514
"cum_abs_estimate_total","expressed_TRUE",41158,0.135339614131423
"cum_abs_estimate_total","expressed_TRUE",41171,0.135431106827009
"cum_abs_estimate_total","expressed_TRUE",41184,0.135260362886919
"cum_abs_estimate_total","expressed_TRUE",41197,0.135089618946828
"cum_abs_estimate_total","expressed_TRUE",41210,0.134918875006737
"cum_abs_estimate_total","expressed_TRUE",41224,0.13459379257512
"cum_abs_estimate_total","expressed_TRUE",41237,0.134423048635029
"cum_abs_estimate_total","expressed_TRUE",41250,0.134252304694939
"cum_abs_estimate_total","expressed_TRUE",41263,0.133950442437009
"cum_abs_estimate_total","expressed_TRUE",41276,0.133910816814757
"cum_abs_estimate_total","expressed_TRUE",41289,0.133871191192505
"cum_abs_estimate_total","expressed_TRUE",41302,0.133569328934575
"cum_abs_estimate_total","expressed_TRUE",41315,0.133529703312323
"cum_abs_estimate_total","expressed_TRUE",41328,0.133358959372232
"cum_abs_estimate_total","expressed_TRUE",41341,0.133188215432141
"cum_abs_estimate_total","expressed_TRUE",41354,0.13301747149205
"cum_abs_estimate_total","expressed_TRUE",41367,0.13284672755196
"cum_abs_estimate_total","expressed_TRUE",41381,0.132783881756021
"cum_abs_estimate_total","expressed_TRUE",41394,0.132482019498091
"cum_abs_estimate_total","expressed_TRUE",41407,0.132311275558
"cum_abs_estimate_total","expressed_TRUE",41420,0.132140531617909
"cum_abs_estimate_total","expressed_TRUE",41433,0.131838669359979
"cum_abs_estimate_total","expressed_TRUE",41446,0.131799043737727
"cum_abs_estimate_total","expressed_TRUE",41459,0.131497181479798
"cum_abs_estimate_total","expressed_TRUE",41472,0.131195319221868
"cum_abs_estimate_total","expressed_TRUE",41485,0.131024575281777
"cum_abs_estimate_total","expressed_TRUE",41498,0.130853831341686
"cum_abs_estimate_total","expressed_TRUE",41511,0.130551969083757
"cum_abs_estimate_total","expressed_TRUE",41525,0.130358004969979
"cum_abs_estimate_total","expressed_TRUE",41538,0.130187261029888
"cum_abs_estimate_total","expressed_TRUE",41551,0.130147635407636
"cum_abs_estimate_total","expressed_TRUE",41564,0.129845773149706
"cum_abs_estimate_total","expressed_TRUE",41577,0.129675029209615
"cum_abs_estimate_total","expressed_TRUE",41590,0.129635403587363
"cum_abs_estimate_total","expressed_TRUE",41603,0.129464659647272
"cum_abs_estimate_total","expressed_TRUE",41616,0.12942503402502
"cum_abs_estimate_total","expressed_TRUE",41629,0.129123171767091
"cum_abs_estimate_total","expressed_TRUE",41642,0.128952427827
"cum_abs_estimate_total","expressed_TRUE",41655,0.129043920522587
"cum_abs_estimate_total","expressed_TRUE",41668,0.129004294900335
"cum_abs_estimate_total","expressed_TRUE",41682,0.128941449104396
"cum_abs_estimate_total","expressed_TRUE",41695,0.128901823482144
"cum_abs_estimate_total","expressed_TRUE",41708,0.128862197859892
"cum_abs_estimate_total","expressed_TRUE",41721,0.128822572237639
"cum_abs_estimate_total","expressed_TRUE",41734,0.12852070997971
"cum_abs_estimate_total","expressed_TRUE",41747,0.128481084357458
"cum_abs_estimate_total","expressed_TRUE",41760,0.128572577053045
"cum_abs_estimate_total","expressed_TRUE",41773,0.128401833112954
"cum_abs_estimate_total","expressed_TRUE",41786,0.128099970855024
"cum_abs_estimate_total","expressed_TRUE",41799,0.128060345232772
"cum_abs_estimate_total","expressed_TRUE",41812,0.127758482974842
"cum_abs_estimate_total","expressed_TRUE",41826,0.127433400543226
"cum_abs_estimate_total","expressed_TRUE",41839,0.127131538285296
"cum_abs_estimate_total","expressed_TRUE",41852,0.126960794345205
"cum_abs_estimate_total","expressed_TRUE",41865,0.126658932087275
"cum_abs_estimate_total","expressed_TRUE",41878,0.126750424782862
"cum_abs_estimate_total","expressed_TRUE",41891,0.12671079916061
"cum_abs_estimate_total","expressed_TRUE",41904,0.126671173538358
"cum_abs_estimate_total","expressed_TRUE",41917,0.126500429598267
"cum_abs_estimate_total","expressed_TRUE",41930,0.126591922293854
"cum_abs_estimate_total","expressed_TRUE",41943,0.126421178353763
"cum_abs_estimate_total","expressed_TRUE",41956,0.126250434413672
"cum_abs_estimate_total","expressed_TRUE",41969,0.12621080879142
"cum_abs_estimate_total","expressed_TRUE",41983,0.125885726359804
"cum_abs_estimate_total","expressed_TRUE",41996,0.12597721905539
"cum_abs_estimate_total","expressed_TRUE",42009,0.125937593433138
"cum_abs_estimate_total","expressed_TRUE",42022,0.125897967810886
"cum_abs_estimate_total","expressed_TRUE",42035,0.125727223870795
"cum_abs_estimate_total","expressed_TRUE",42048,0.125818716566382
"cum_abs_estimate_total","expressed_TRUE",42061,0.125647972626291
"cum_abs_estimate_total","expressed_TRUE",42074,0.125346110368362
"cum_abs_estimate_total","expressed_TRUE",42087,0.12530648474611
"cum_abs_estimate_total","expressed_TRUE",42100,0.12500462248818
"cum_abs_estimate_total","expressed_TRUE",42113,0.124964996865928
"cum_abs_estimate_total","expressed_TRUE",42127,0.124639914434311
"cum_abs_estimate_total","expressed_TRUE",42140,0.12446917049422
"cum_abs_estimate_total","expressed_TRUE",42153,0.124429544871968
"cum_abs_estimate_total","expressed_TRUE",42166,0.124127682614039
"cum_abs_estimate_total","expressed_TRUE",42179,0.123956938673948
"cum_abs_estimate_total","expressed_TRUE",42192,0.123655076416018
"cum_abs_estimate_total","expressed_TRUE",42205,0.123615450793766
"cum_abs_estimate_total","expressed_TRUE",42218,0.123575825171514
"cum_abs_estimate_total","expressed_TRUE",42231,0.123273962913584
"cum_abs_estimate_total","expressed_TRUE",42244,0.123234337291332
"cum_abs_estimate_total","expressed_TRUE",42257,0.12319471166908
"cum_abs_estimate_total","expressed_TRUE",42270,0.12289284941115
"cum_abs_estimate_total","expressed_TRUE",42284,0.122698885297373
"cum_abs_estimate_total","expressed_TRUE",42297,0.122397023039443
"cum_abs_estimate_total","expressed_TRUE",42310,0.122226279099352
"cum_abs_estimate_total","expressed_TRUE",42323,0.1221866534771
"cum_abs_estimate_total","expressed_TRUE",42336,0.12188479121917
"cum_abs_estimate_total","expressed_TRUE",42349,0.121582928961241
"cum_abs_estimate_total","expressed_TRUE",42362,0.121543303338989
"cum_abs_estimate_total","expressed_TRUE",42375,0.121241441081059
"cum_abs_estimate_total","expressed_TRUE",42388,0.121070697140968
"cum_abs_estimate_total","expressed_TRUE",42401,0.120899953200877
"cum_abs_estimate_total","expressed_TRUE",42414,0.120991445896464
"cum_abs_estimate_total","expressed_TRUE",42428,0.120797481782686
"cum_abs_estimate_total","expressed_TRUE",42441,0.120626737842595
"cum_abs_estimate_total","expressed_TRUE",42454,0.120324875584666
"cum_abs_estimate_total","expressed_TRUE",42467,0.120154131644575
"cum_abs_estimate_total","expressed_TRUE",42480,0.120245624340162
"cum_abs_estimate_total","expressed_TRUE",42493,0.120074880400071
"cum_abs_estimate_total","expressed_TRUE",42506,0.120035254777819
"cum_abs_estimate_total","expressed_TRUE",42519,0.119864510837728
"cum_abs_estimate_total","expressed_TRUE",42532,0.119693766897637
"cum_abs_estimate_total","expressed_TRUE",42545,0.119391904639707
"cum_abs_estimate_total","expressed_TRUE",42558,0.119221160699616
"cum_abs_estimate_total","expressed_TRUE",42571,0.118919298441687
"cum_abs_estimate_total","expressed_TRUE",42585,0.11859421601007
"cum_abs_estimate_total","expressed_TRUE",42598,0.118423472069979
"cum_abs_estimate_total","expressed_TRUE",42611,0.118383846447727
"cum_abs_estimate_total","expressed_TRUE",42624,0.118081984189797
"cum_abs_estimate_total","expressed_TRUE",42637,0.117780121931868
"cum_abs_estimate_total","expressed_TRUE",42650,0.117740496309616
"cum_abs_estimate_total","expressed_TRUE",42663,0.117569752369525
"cum_abs_estimate_total","expressed_TRUE",42676,0.117399008429434
"cum_abs_estimate_total","expressed_TRUE",42689,0.117490501125021
"cum_abs_estimate_total","expressed_TRUE",42702,0.117188638867091
"cum_abs_estimate_total","expressed_TRUE",42715,0.117017894927
"cum_abs_estimate_total","expressed_TRUE",42728,0.11671603266907
"cum_abs_estimate_total","expressed_TRUE",42742,0.116390950237454
"cum_abs_estimate_total","expressed_TRUE",42755,0.116220206297363
"cum_abs_estimate_total","expressed_TRUE",42768,0.116180580675111
"cum_abs_estimate_total","expressed_TRUE",42781,0.116140955052859
"cum_abs_estimate_total","expressed_TRUE",42794,0.115839092794929
"cum_abs_estimate_total","expressed_TRUE",42807,0.115668348854838
"cum_abs_estimate_total","expressed_TRUE",42820,0.115628723232586
"cum_abs_estimate_total","expressed_TRUE",42833,0.115457979292495
"cum_abs_estimate_total","expressed_TRUE",42846,0.115287235352405
"cum_abs_estimate_total","expressed_TRUE",42859,0.114985373094475
"cum_abs_estimate_total","expressed_TRUE",42872,0.114683510836545
"cum_abs_estimate_total","expressed_TRUE",42886,0.114489546722767
"cum_abs_estimate_total","expressed_TRUE",42899,0.114187684464838
"cum_abs_estimate_total","expressed_TRUE",42912,0.113885822206908
"cum_abs_estimate_total","expressed_TRUE",42925,0.113715078266817
"cum_abs_estimate_total","expressed_TRUE",42938,0.113413216008887
"cum_abs_estimate_total","expressed_TRUE",42951,0.113242472068797
"cum_abs_estimate_total","expressed_TRUE",42964,0.113071728128706
"cum_abs_estimate_total","expressed_TRUE",42977,0.113032102506454
"cum_abs_estimate_total","expressed_TRUE",42990,0.11312359520204
"cum_abs_estimate_total","expressed_TRUE",43003,0.11295285126195
"cum_abs_estimate_total","expressed_TRUE",43016,0.112782107321859
"cum_abs_estimate_total","expressed_TRUE",43029,0.112873600017446
"cum_abs_estimate_total","expressed_TRUE",43043,0.112548517585829
"cum_abs_estimate_total","expressed_TRUE",43056,0.112377773645738
"cum_abs_estimate_total","expressed_TRUE",43069,0.112075911387808
"cum_abs_estimate_total","expressed_TRUE",43082,0.111905167447718
"cum_abs_estimate_total","expressed_TRUE",43095,0.111734423507627
"cum_abs_estimate_total","expressed_TRUE",43108,0.111825916203213
"cum_abs_estimate_total","expressed_TRUE",43121,0.111524053945284
"cum_abs_estimate_total","expressed_TRUE",43134,0.111484428323032
"cum_abs_estimate_total","expressed_TRUE",43147,0.111313684382941
"cum_abs_estimate_total","expressed_TRUE",43160,0.111405177078528
"cum_abs_estimate_total","expressed_TRUE",43173,0.111103314820598
"cum_abs_estimate_total","expressed_TRUE",43187,0.11090935070682
"cum_abs_estimate_total","expressed_TRUE",43200,0.110738606766729
"cum_abs_estimate_total","expressed_TRUE",43213,0.110698981144477
"cum_abs_estimate_total","expressed_TRUE",43226,0.110528237204386
"cum_abs_estimate_total","expressed_TRUE",43239,0.110619729899973
"cum_abs_estimate_total","expressed_TRUE",43252,0.110448985959882
"cum_abs_estimate_total","expressed_TRUE",43265,0.110540478655469
"cum_abs_estimate_total","expressed_TRUE",43278,0.110369734715378
"cum_abs_estimate_total","expressed_TRUE",43291,0.110067872457448
"cum_abs_estimate_total","expressed_TRUE",43304,0.109766010199519
"cum_abs_estimate_total","expressed_TRUE",43317,0.109464147941589
"cum_abs_estimate_total","expressed_TRUE",43330,0.109424522319337
"cum_abs_estimate_total","expressed_TRUE",43344,0.109361676523398
"cum_abs_estimate_total","expressed_TRUE",43357,0.109453169218985
"cum_abs_estimate_total","expressed_TRUE",43370,0.109151306961055
"cum_abs_estimate_total","expressed_TRUE",43383,0.109111681338803
"cum_abs_estimate_total","expressed_TRUE",43396,0.108809819080873
"cum_abs_estimate_total","expressed_TRUE",43409,0.108639075140783
"cum_abs_estimate_total","expressed_TRUE",43422,0.108730567836369
"cum_abs_estimate_total","expressed_TRUE",43435,0.108559823896278
"cum_abs_estimate_total","expressed_TRUE",43448,0.108520198274026
"cum_abs_estimate_total","expressed_TRUE",43461,0.108480572651774
"cum_abs_estimate_total","expressed_TRUE",43474,0.108440947029522
"cum_abs_estimate_total","expressed_TRUE",43488,0.108246982915744
"cum_abs_estimate_total","expressed_TRUE",43501,0.107945120657815
"cum_abs_estimate_total","expressed_TRUE",43514,0.107905495035563
"cum_abs_estimate_total","expressed_TRUE",43527,0.107603632777633
"cum_abs_estimate_total","expressed_TRUE",43540,0.107301770519703
"cum_abs_estimate_total","expressed_TRUE",43553,0.107131026579613
"cum_abs_estimate_total","expressed_TRUE",43566,0.106829164321683
"cum_abs_estimate_total","expressed_TRUE",43579,0.106789538699431
"cum_abs_estimate_total","expressed_TRUE",43592,0.106881031395018
"cum_abs_estimate_total","expressed_TRUE",43605,0.106579169137088
"cum_abs_estimate_total","expressed_TRUE",43618,0.106408425196997
"cum_abs_estimate_total","expressed_TRUE",43631,0.106368799574745
"cum_abs_estimate_total","expressed_TRUE",43645,0.106305953778806
"cum_abs_estimate_total","expressed_TRUE",43658,0.106135209838715
"cum_abs_estimate_total","expressed_TRUE",43671,0.105833347580785
"cum_abs_estimate_total","expressed_TRUE",43684,0.105662603640695
"cum_abs_estimate_total","expressed_TRUE",43697,0.105491859700604
"cum_abs_estimate_total","expressed_TRUE",43710,0.105452234078352
"cum_abs_estimate_total","expressed_TRUE",43723,0.105281490138261
"cum_abs_estimate_total","expressed_TRUE",43736,0.10511074619817
"cum_abs_estimate_total","expressed_TRUE",43749,0.104940002258079
"cum_abs_estimate_total","expressed_TRUE",43762,0.104769258317988
"cum_abs_estimate_total","expressed_TRUE",43775,0.104598514377897
"cum_abs_estimate_total","expressed_TRUE",43789,0.10440455026412
"cum_abs_estimate_total","expressed_TRUE",43802,0.104233806324029
"cum_abs_estimate_total","expressed_TRUE",43815,0.104063062383938
"cum_abs_estimate_total","expressed_TRUE",43828,0.104023436761686
"cum_abs_estimate_total","expressed_TRUE",43841,0.104246047775111
"cum_abs_estimate_total","expressed_TRUE",43854,0.103944185517182
"cum_abs_estimate_total","expressed_TRUE",43867,0.103642323259252
"cum_abs_estimate_total","expressed_TRUE",43880,0.103340461001322
"cum_abs_estimate_total","expressed_TRUE",43893,0.103169717061231
"cum_abs_estimate_total","expressed_TRUE",43906,0.102867854803302
"cum_abs_estimate_total","expressed_TRUE",43919,0.102697110863211
"cum_abs_estimate_total","expressed_TRUE",43932,0.10252636692312
"cum_abs_estimate_total","expressed_TRUE",43946,0.102332402809342
"cum_abs_estimate_total","expressed_TRUE",43959,0.102161658869251
"cum_abs_estimate_total","expressed_TRUE",43972,0.102253151564838
"cum_abs_estimate_total","expressed_TRUE",43985,0.102082407624747
"cum_abs_estimate_total","expressed_TRUE",43998,0.102042782002495
"cum_abs_estimate_total","expressed_TRUE",44011,0.102134274698082
"cum_abs_estimate_total","expressed_TRUE",44024,0.101963530757991
"cum_abs_estimate_total","expressed_TRUE",44037,0.101923905135739
"cum_abs_estimate_total","expressed_TRUE",44050,0.101622042877809
"cum_abs_estimate_total","expressed_TRUE",44063,0.101451298937718
"cum_abs_estimate_total","expressed_TRUE",44076,0.101673909951144
"cum_abs_estimate_total","expressed_TRUE",44089,0.101503166011053
"cum_abs_estimate_total","expressed_TRUE",44103,0.101178083579437
"cum_abs_estimate_total","expressed_TRUE",44116,0.100876221321507
"cum_abs_estimate_total","expressed_TRUE",44129,0.100574359063577
"cum_abs_estimate_total","expressed_TRUE",44142,0.100403615123486
"cum_abs_estimate_total","expressed_TRUE",44155,0.100232871183395
"cum_abs_estimate_total","expressed_TRUE",44168,0.0999310089254658
"cum_abs_estimate_total","expressed_TRUE",44181,0.0997602649853749
"cum_abs_estimate_total","expressed_TRUE",44194,0.0997206393631229
"cum_abs_estimate_total","expressed_TRUE",44207,0.099549895423032
"cum_abs_estimate_total","expressed_TRUE",44220,0.0992480331651023
"cum_abs_estimate_total","expressed_TRUE",44233,0.0990772892250114
"cum_abs_estimate_total","expressed_TRUE",44247,0.0987522067933948
"cum_abs_estimate_total","expressed_TRUE",44260,0.0984503445354652
"cum_abs_estimate_total","expressed_TRUE",44273,0.0981484822775355
"cum_abs_estimate_total","expressed_TRUE",44286,0.0978466200196058
"cum_abs_estimate_total","expressed_TRUE",44299,0.0976758760795149
"cum_abs_estimate_total","expressed_TRUE",44312,0.0973740138215852
"cum_abs_estimate_total","expressed_TRUE",44325,0.0975966248350108
"cum_abs_estimate_total","expressed_TRUE",44338,0.0975569992127588
"cum_abs_estimate_total","expressed_TRUE",44351,0.0973862552726679
"cum_abs_estimate_total","expressed_TRUE",44364,0.097215511332577
"cum_abs_estimate_total","expressed_TRUE",44377,0.097175885710325
"cum_abs_estimate_total","expressed_TRUE",44390,0.0970051417702341
"cum_abs_estimate_total","expressed_TRUE",44404,0.0968111776564563
"cum_abs_estimate_total","expressed_TRUE",44417,0.0966404337163655
"cum_abs_estimate_total","expressed_TRUE",44430,0.0967319264119522
"cum_abs_estimate_total","expressed_TRUE",44443,0.0964300641540226
"cum_abs_estimate_total","expressed_TRUE",44456,0.0962593202139317
"cum_abs_estimate_total","expressed_TRUE",44469,0.0960885762738408
"cum_abs_estimate_total","expressed_TRUE",44482,0.0959178323337499
"cum_abs_estimate_total","expressed_TRUE",44495,0.0956159700758202
"cum_abs_estimate_total","expressed_TRUE",44508,0.095707462771407
"cum_abs_estimate_total","expressed_TRUE",44521,0.095667837149155
"cum_abs_estimate_total","expressed_TRUE",44534,0.0954970932090641
"cum_abs_estimate_total","expressed_TRUE",44548,0.0951720107774475
"cum_abs_estimate_total","expressed_TRUE",44561,0.0951323851551955
"cum_abs_estimate_total","expressed_TRUE",44574,0.0949616412151046
"cum_abs_estimate_total","expressed_TRUE",44587,0.0946597789571749
"cum_abs_estimate_total","expressed_TRUE",44600,0.094489035017084
"cum_abs_estimate_total","expressed_TRUE",44613,0.0943182910769932
"cum_abs_estimate_total","expressed_TRUE",44626,0.0944097837725799
"cum_abs_estimate_total","expressed_TRUE",44639,0.0941079215146503
"cum_abs_estimate_total","expressed_TRUE",44652,0.0938060592567206
"cum_abs_estimate_total","expressed_TRUE",44665,0.0938975519523073
"cum_abs_estimate_total","expressed_TRUE",44678,0.0935956896943776
"cum_abs_estimate_total","expressed_TRUE",44691,0.0934249457542868
"cum_abs_estimate_total","expressed_TRUE",44705,0.0930998633226702
"cum_abs_estimate_total","expressed_TRUE",44718,0.0927980010647405
"cum_abs_estimate_total","expressed_TRUE",44731,0.0928894937603273
"cum_abs_estimate_total","expressed_TRUE",44744,0.0927187498202364
"cum_abs_estimate_total","expressed_TRUE",44757,0.0924168875623067
"cum_abs_estimate_total","expressed_TRUE",44770,0.0925083802578935
"cum_abs_estimate_total","expressed_TRUE",44783,0.0922065179999638
"cum_abs_estimate_total","expressed_TRUE",44796,0.0919046557420341
"cum_abs_estimate_total","expressed_TRUE",44809,0.0917339118019432
"cum_abs_estimate_total","expressed_TRUE",44822,0.0915631678618524
"cum_abs_estimate_total","expressed_TRUE",44835,0.0913924239217615
"cum_abs_estimate_total","expressed_TRUE",44849,0.0913295781258225
"cum_abs_estimate_total","expressed_TRUE",44862,0.0911588341857317
"cum_abs_estimate_total","expressed_TRUE",44875,0.090856971927802
"cum_abs_estimate_total","expressed_TRUE",44888,0.0906862279877111
"cum_abs_estimate_total","expressed_TRUE",44901,0.0906466023654591
"cum_abs_estimate_total","expressed_TRUE",44914,0.090606976743207
"cum_abs_estimate_total","expressed_TRUE",44927,0.0904362328031161
"cum_abs_estimate_total","expressed_TRUE",44940,0.0901343705451864
"cum_abs_estimate_total","expressed_TRUE",44953,0.0899636266050956
"cum_abs_estimate_total","expressed_TRUE",44966,0.0899240009828435
"cum_abs_estimate_total","expressed_TRUE",44979,0.0898843753605915
"cum_abs_estimate_total","expressed_TRUE",44992,0.0895825131026618
"cum_abs_estimate_total","expressed_TRUE",45006,0.0892574306710452
"cum_abs_estimate_total","expressed_TRUE",45019,0.0889555684131155
"cum_abs_estimate_total","expressed_TRUE",45032,0.0887848244730246
"cum_abs_estimate_total","expressed_TRUE",45045,0.0887451988507726
"cum_abs_estimate_total","expressed_TRUE",45058,0.0884433365928429
"cum_abs_estimate_total","expressed_TRUE",45071,0.0881414743349132
"cum_abs_estimate_total","expressed_TRUE",45084,0.0881018487126612
"cum_abs_estimate_total","expressed_TRUE",45097,0.0877999864547315
"cum_abs_estimate_total","expressed_TRUE",45110,0.0877603608324794
"cum_abs_estimate_total","expressed_TRUE",45123,0.0875896168923886
"cum_abs_estimate_total","expressed_TRUE",45136,0.0872877546344589
"cum_abs_estimate_total","expressed_TRUE",45149,0.0873792473300456
"cum_abs_estimate_total","expressed_TRUE",45163,0.0871852832162679
"cum_abs_estimate_total","expressed_TRUE",45176,0.0868834209583382
"cum_abs_estimate_total","expressed_TRUE",45189,0.0867126770182473
"cum_abs_estimate_total","expressed_TRUE",45202,0.0866730513959953
"cum_abs_estimate_total","expressed_TRUE",45215,0.0868956624094208
"cum_abs_estimate_total","expressed_TRUE",45228,0.08672491846933
"cum_abs_estimate_total","expressed_TRUE",45241,0.0866852928470779
"cum_abs_estimate_total","expressed_TRUE",45254,0.0863834305891482
"cum_abs_estimate_total","expressed_TRUE",45267,0.0863438049668962
"cum_abs_estimate_total","expressed_TRUE",45280,0.0863041793446441
"cum_abs_estimate_total","expressed_TRUE",45293,0.0861334354045533
"cum_abs_estimate_total","expressed_TRUE",45307,0.0860705896086143
"cum_abs_estimate_total","expressed_TRUE",45320,0.0861620823042011
"cum_abs_estimate_total","expressed_TRUE",45333,0.0858602200462714
"cum_abs_estimate_total","expressed_TRUE",45346,0.0856894761061805
"cum_abs_estimate_total","expressed_TRUE",45359,0.0855187321660897
"cum_abs_estimate_total","expressed_TRUE",45372,0.08521686990816
"cum_abs_estimate_total","expressed_TRUE",45385,0.0850461259680691
"cum_abs_estimate_total","expressed_TRUE",45398,0.0847442637101394
"cum_abs_estimate_total","expressed_TRUE",45411,0.0844424014522097
"cum_abs_estimate_total","expressed_TRUE",45424,0.0842716575121189
"cum_abs_estimate_total","expressed_TRUE",45437,0.084100913572028
"cum_abs_estimate_total","expressed_TRUE",45450,0.0840612879497759
"cum_abs_estimate_total","expressed_TRUE",45464,0.0838673238359982
"cum_abs_estimate_total","expressed_TRUE",45477,0.0835654615780685
"cum_abs_estimate_total","expressed_TRUE",45490,0.0833947176379776
"cum_abs_estimate_total","expressed_TRUE",45503,0.0830928553800479
"cum_abs_estimate_total","expressed_TRUE",45516,0.082922111439957
"cum_abs_estimate_total","expressed_TRUE",45529,0.0826202491820274
"cum_abs_estimate_total","expressed_TRUE",45542,0.0825806235597753
"cum_abs_estimate_total","expressed_TRUE",45555,0.0822787613018456
"cum_abs_estimate_total","expressed_TRUE",45568,0.0822391356795936
"cum_abs_estimate_total","expressed_TRUE",45581,0.0820683917395027
"cum_abs_estimate_total","expressed_TRUE",45594,0.081766529481573
"cum_abs_estimate_total","expressed_TRUE",45608,0.0814414470499564
"cum_abs_estimate_total","expressed_TRUE",45621,0.0812707031098656
"cum_abs_estimate_total","expressed_TRUE",45634,0.0809688408519359
"cum_abs_estimate_total","expressed_TRUE",45647,0.0809292152296838
"cum_abs_estimate_total","expressed_TRUE",45660,0.0808895896074318
"cum_abs_estimate_total","expressed_TRUE",45673,0.0809810823030185
"cum_abs_estimate_total","expressed_TRUE",45686,0.0806792200450888
"cum_abs_estimate_total","expressed_TRUE",45699,0.0806395944228368
"cum_abs_estimate_total","expressed_TRUE",45712,0.0803377321649071
"cum_abs_estimate_total","expressed_TRUE",45725,0.0800358699069774
"cum_abs_estimate_total","expressed_TRUE",45738,0.0799962442847254
"cum_abs_estimate_total","expressed_TRUE",45751,0.0799566186624733
"cum_abs_estimate_total","expressed_TRUE",45765,0.0798937728665344
"cum_abs_estimate_total","expressed_TRUE",45778,0.0795919106086047
"cum_abs_estimate_total","expressed_TRUE",45791,0.0795522849863526
"cum_abs_estimate_total","expressed_TRUE",45804,0.0793815410462618
"cum_abs_estimate_total","expressed_TRUE",45817,0.0794730337418485
"cum_abs_estimate_total","expressed_TRUE",45830,0.0793022898017577
"cum_abs_estimate_total","expressed_TRUE",45843,0.079000427543828
"cum_abs_estimate_total","expressed_TRUE",45856,0.0786985652858983
"cum_abs_estimate_total","expressed_TRUE",45869,0.0783967030279686
"cum_abs_estimate_total","expressed_TRUE",45882,0.0782259590878777
"cum_abs_estimate_total","expressed_TRUE",45895,0.0781863334656257
"cum_abs_estimate_total","expressed_TRUE",45909,0.0779923693518479
"cum_abs_estimate_total","expressed_TRUE",45922,0.0779527437295959
"cum_abs_estimate_total","expressed_TRUE",45935,0.0779131181073438
"cum_abs_estimate_total","expressed_TRUE",45948,0.0776112558494141
"cum_abs_estimate_total","expressed_TRUE",45961,0.0773093935914844
"cum_abs_estimate_total","expressed_TRUE",45974,0.0772697679692324
"cum_abs_estimate_total","expressed_TRUE",45987,0.0773612606648191
"cum_abs_estimate_total","expressed_TRUE",46000,0.0770593984068895
"cum_abs_estimate_total","expressed_TRUE",46013,0.0767575361489598
"cum_abs_estimate_total","expressed_TRUE",46026,0.0764556738910301
"cum_abs_estimate_total","expressed_TRUE",46039,0.0761538116331004
"cum_abs_estimate_total","expressed_TRUE",46052,0.0759830676930095
"cum_abs_estimate_total","expressed_TRUE",46066,0.0757891035792318
"cum_abs_estimate_total","expressed_TRUE",46079,0.0754872413213021
"cum_abs_estimate_total","expressed_TRUE",46092,0.0753164973812112
"cum_abs_estimate_total","expressed_TRUE",46105,0.0750146351232815
"cum_abs_estimate_total","expressed_TRUE",46118,0.0748438911831906
"cum_abs_estimate_total","expressed_TRUE",46131,0.0746731472430998
"cum_abs_estimate_total","expressed_TRUE",46144,0.0743712849851701
"cum_abs_estimate_total","expressed_TRUE",46157,0.0742005410450792
"cum_abs_estimate_total","expressed_TRUE",46170,0.0738986787871495
"cum_abs_estimate_total","expressed_TRUE",46183,0.0737279348470587
"cum_abs_estimate_total","expressed_TRUE",46196,0.0736883092248066
"cum_abs_estimate_total","expressed_TRUE",46210,0.0736254634288677
"cum_abs_estimate_total","expressed_TRUE",46223,0.0735858378066156
"cum_abs_estimate_total","expressed_TRUE",46236,0.0735462121843636
"cum_abs_estimate_total","expressed_TRUE",46249,0.0736377048799503
"cum_abs_estimate_total","expressed_TRUE",46262,0.0733358426220206
"cum_abs_estimate_total","expressed_TRUE",46275,0.0730339803640909
"cum_abs_estimate_total","expressed_TRUE",46288,0.0728632364240001
"cum_abs_estimate_total","expressed_TRUE",46301,0.0725613741660704
"cum_abs_estimate_total","expressed_TRUE",46314,0.0723906302259795
"cum_abs_estimate_total","expressed_TRUE",46327,0.0722198862858886
"cum_abs_estimate_total","expressed_TRUE",46340,0.071918024027959
"cum_abs_estimate_total","expressed_TRUE",46353,0.0717472800878681
"cum_abs_estimate_total","expressed_TRUE",46367,0.0715533159740903
"cum_abs_estimate_total","expressed_TRUE",46380,0.0715136903518383
"cum_abs_estimate_total","expressed_TRUE",46393,0.0713429464117474
"cum_abs_estimate_total","expressed_TRUE",46406,0.0711722024716565
"cum_abs_estimate_total","expressed_TRUE",46419,0.0710014585315657
"cum_abs_estimate_total","expressed_TRUE",46432,0.0709618329093136
"cum_abs_estimate_total","expressed_TRUE",46445,0.0707910889692227
"cum_abs_estimate_total","expressed_TRUE",46458,0.0704892267112931
"cum_abs_estimate_total","expressed_TRUE",46471,0.070449601089041
"cum_abs_estimate_total","expressed_TRUE",46484,0.0706722121024666
"cum_abs_estimate_total","expressed_TRUE",46497,0.0703703498445369
"cum_abs_estimate_total","expressed_TRUE",46510,0.0703307242222849
"cum_abs_estimate_total","expressed_TRUE",46524,0.0703989967441847
"cum_abs_estimate_total","expressed_TRUE",46537,0.070097134486255
"cum_abs_estimate_total","expressed_TRUE",46550,0.0699263905461642
"cum_abs_estimate_total","expressed_TRUE",46563,0.0698867649239121
"cum_abs_estimate_total","expressed_TRUE",46576,0.0695849026659824
"cum_abs_estimate_total","expressed_TRUE",46589,0.0695452770437304
"cum_abs_estimate_total","expressed_TRUE",46602,0.0692434147858007
"cum_abs_estimate_total","expressed_TRUE",46615,0.0694660257992263
"cum_abs_estimate_total","expressed_TRUE",46628,0.0694264001769742
"cum_abs_estimate_total","expressed_TRUE",46641,0.0692556562368834
"cum_abs_estimate_total","expressed_TRUE",46654,0.0693471489324701
"cum_abs_estimate_total","expressed_TRUE",46668,0.0692843031365312
"cum_abs_estimate_total","expressed_TRUE",46681,0.0692446775142791
"cum_abs_estimate_total","expressed_TRUE",46694,0.0689428152563494
"cum_abs_estimate_total","expressed_TRUE",46707,0.0687720713162586
"cum_abs_estimate_total","expressed_TRUE",46720,0.0686013273761677
"cum_abs_estimate_total","expressed_TRUE",46733,0.0684305834360768
"cum_abs_estimate_total","expressed_TRUE",46746,0.068259839495986
"cum_abs_estimate_total","expressed_TRUE",46759,0.0679579772380563
"cum_abs_estimate_total","expressed_TRUE",46772,0.0676561149801266
"cum_abs_estimate_total","expressed_TRUE",46785,0.0674853710400357
"cum_abs_estimate_total","expressed_TRUE",46798,0.0673146270999448
"cum_abs_estimate_total","expressed_TRUE",46811,0.0670127648420152
"cum_abs_estimate_total","expressed_TRUE",46825,0.0669499190460762
"cum_abs_estimate_total","expressed_TRUE",46838,0.0667791751059853
"cum_abs_estimate_total","expressed_TRUE",46851,0.0664773128480556
"cum_abs_estimate_total","expressed_TRUE",46864,0.0664376872258036
"cum_abs_estimate_total","expressed_TRUE",46877,0.0661358249678739
"cum_abs_estimate_total","expressed_TRUE",46890,0.0658339627099442
"cum_abs_estimate_total","expressed_TRUE",46903,0.0657943370876922
"cum_abs_estimate_total","expressed_TRUE",46916,0.0654924748297625
"cum_abs_estimate_total","expressed_TRUE",46929,0.0653217308896716
"cum_abs_estimate_total","expressed_TRUE",46942,0.0650198686317419
"cum_abs_estimate_total","expressed_TRUE",46955,0.0651113613273287
"cum_abs_estimate_total","expressed_TRUE",46969,0.0650485155313897
"cum_abs_estimate_total","expressed_TRUE",46982,0.0648777715912989
"cum_abs_estimate_total","expressed_TRUE",46995,0.0645759093333692
"cum_abs_estimate_total","expressed_TRUE",47008,0.0645362837111171
"cum_abs_estimate_total","expressed_TRUE",47021,0.0644966580888651
"cum_abs_estimate_total","expressed_TRUE",47034,0.0643259141487742
"cum_abs_estimate_total","expressed_TRUE",47047,0.0641551702086833
"cum_abs_estimate_total","expressed_TRUE",47060,0.0638533079507537
"cum_abs_estimate_total","expressed_TRUE",47073,0.0636825640106628
"cum_abs_estimate_total","expressed_TRUE",47086,0.0635118200705719
"cum_abs_estimate_total","expressed_TRUE",47099,0.0632099578126422
"cum_abs_estimate_total","expressed_TRUE",47112,0.0629080955547125
"cum_abs_estimate_total","expressed_TRUE",47126,0.0628452497587736
"cum_abs_estimate_total","expressed_TRUE",47139,0.0626745058186827
"cum_abs_estimate_total","expressed_TRUE",47152,0.062372643560753
"cum_abs_estimate_total","expressed_TRUE",47165,0.0620707813028233
"cum_abs_estimate_total","expressed_TRUE",47178,0.0620311556805713
"cum_abs_estimate_total","expressed_TRUE",47191,0.0617292934226416
"cum_abs_estimate_total","expressed_TRUE",47204,0.0614274311647119
"cum_abs_estimate_total","expressed_TRUE",47217,0.0611255689067822
"cum_abs_estimate_total","expressed_TRUE",47230,0.0610859432845302
"cum_abs_estimate_total","expressed_TRUE",47243,0.0607840810266005
"cum_abs_estimate_total","expressed_TRUE",47256,0.0604822187686708
"cum_abs_estimate_total","expressed_TRUE",47270,0.0601571363370542
"cum_abs_estimate_total","expressed_TRUE",47283,0.0599863923969633
"cum_abs_estimate_total","expressed_TRUE",47296,0.0596845301390336
"cum_abs_estimate_total","expressed_TRUE",47309,0.059382667881104
"cum_abs_estimate_total","expressed_TRUE",47322,0.0592119239410131
"cum_abs_estimate_total","expressed_TRUE",47335,0.0590411800009222
"cum_abs_estimate_total","expressed_TRUE",47348,0.0590015543786702
"cum_abs_estimate_total","expressed_TRUE",47361,0.0588308104385793
"cum_abs_estimate_total","expressed_TRUE",47374,0.0586600664984884
"cum_abs_estimate_total","expressed_TRUE",47387,0.0583582042405587
"cum_abs_estimate_total","expressed_TRUE",47400,0.0581874603004679
"cum_abs_estimate_total","expressed_TRUE",47413,0.0581478346782158
"cum_abs_estimate_total","expressed_TRUE",47427,0.057953870564438
"cum_abs_estimate_total","expressed_TRUE",47440,0.0576520083065084
"cum_abs_estimate_total","expressed_TRUE",47453,0.0576123826842563
"cum_abs_estimate_total","expressed_TRUE",47466,0.0574416387441654
"cum_abs_estimate_total","expressed_TRUE",47479,0.0571397764862357
"cum_abs_estimate_total","expressed_TRUE",47492,0.0568379142283061
"cum_abs_estimate_total","expressed_TRUE",47505,0.0569294069238928
"cum_abs_estimate_total","expressed_TRUE",47518,0.056758662983802
"cum_abs_estimate_total","expressed_TRUE",47531,0.0567190373615499
"cum_abs_estimate_total","expressed_TRUE",47544,0.0564171751036202
"cum_abs_estimate_total","expressed_TRUE",47557,0.0561153128456905
"cum_abs_estimate_total","expressed_TRUE",47571,0.0557902304140739
"cum_abs_estimate_total","expressed_TRUE",47584,0.0554883681561443
"cum_abs_estimate_total","expressed_TRUE",47597,0.0554487425338922
"cum_abs_estimate_total","expressed_TRUE",47610,0.0552779985938013
"cum_abs_estimate_total","expressed_TRUE",47623,0.0549761363358716
"cum_abs_estimate_total","expressed_TRUE",47636,0.0548053923957808
"cum_abs_estimate_total","expressed_TRUE",47649,0.0546346484556899
"cum_abs_estimate_total","expressed_TRUE",47662,0.054463904515599
"cum_abs_estimate_total","expressed_TRUE",47675,0.0542931605755082
"cum_abs_estimate_total","expressed_TRUE",47688,0.0541224166354173
"cum_abs_estimate_total","expressed_TRUE",47701,0.0539516726953264
"cum_abs_estimate_total","expressed_TRUE",47714,0.0536498104373967
"cum_abs_estimate_total","expressed_TRUE",47728,0.053455846323619
"cum_abs_estimate_total","expressed_TRUE",47741,0.0531539840656893
"cum_abs_estimate_total","expressed_TRUE",47754,0.0531143584434372
"cum_abs_estimate_total","expressed_TRUE",47767,0.0530747328211852
"cum_abs_estimate_total","expressed_TRUE",47780,0.0529039888810943
"cum_abs_estimate_total","expressed_TRUE",47793,0.0526021266231646
"cum_abs_estimate_total","expressed_TRUE",47806,0.0525625010009126
"cum_abs_estimate_total","expressed_TRUE",47819,0.0523917570608217
"cum_abs_estimate_total","expressed_TRUE",47832,0.0522210131207308
"cum_abs_estimate_total","expressed_TRUE",47845,0.05205026918064
"cum_abs_estimate_total","expressed_TRUE",47858,0.0518795252405491
"cum_abs_estimate_total","expressed_TRUE",47871,0.0517087813004582
"cum_abs_estimate_total","expressed_TRUE",47885,0.0516459355045193
"cum_abs_estimate_total","expressed_TRUE",47898,0.0514751915644284
"cum_abs_estimate_total","expressed_TRUE",47911,0.0513044476243375
"cum_abs_estimate_total","expressed_TRUE",47924,0.0510025853664078
"cum_abs_estimate_total","expressed_TRUE",47937,0.0509629597441558
"cum_abs_estimate_total","expressed_TRUE",47950,0.0506610974862261
"cum_abs_estimate_total","expressed_TRUE",47963,0.0503592352282964
"cum_abs_estimate_total","expressed_TRUE",47976,0.0503196096060444
"cum_abs_estimate_total","expressed_TRUE",47989,0.0500177473481147
"cum_abs_estimate_total","expressed_TRUE",48002,0.049715885090185
"cum_abs_estimate_total","expressed_TRUE",48015,0.0496762594679329
"cum_abs_estimate_total","expressed_TRUE",48029,0.049613413671994
"cum_abs_estimate_total","expressed_TRUE",48042,0.0493115514140643
"cum_abs_estimate_total","expressed_TRUE",48055,0.0490096891561346
"cum_abs_estimate_total","expressed_TRUE",48068,0.0491011818517214
"cum_abs_estimate_total","expressed_TRUE",48081,0.0490615562294693
"cum_abs_estimate_total","expressed_TRUE",48094,0.0491530489250561
"cum_abs_estimate_total","expressed_TRUE",48107,0.0488511866671264
"cum_abs_estimate_total","expressed_TRUE",48120,0.0488115610448744
"cum_abs_estimate_total","expressed_TRUE",48133,0.0485096987869447
"cum_abs_estimate_total","expressed_TRUE",48146,0.048207836529015
"cum_abs_estimate_total","expressed_TRUE",48159,0.0480370925889241
"cum_abs_estimate_total","expressed_TRUE",48172,0.0481285852845109
"cum_abs_estimate_total","expressed_TRUE",48186,0.0480657394885719
"cum_abs_estimate_total","expressed_TRUE",48199,0.0480261138663199
"cum_abs_estimate_total","expressed_TRUE",48212,0.0477242516083902
"cum_abs_estimate_total","expressed_TRUE",48225,0.0475535076682993
"cum_abs_estimate_total","expressed_TRUE",48238,0.0473827637282085
"cum_abs_estimate_total","expressed_TRUE",48251,0.0473431381059564
"cum_abs_estimate_total","expressed_TRUE",48264,0.0471723941658655
"cum_abs_estimate_total","expressed_TRUE",48277,0.0472638868614523
"cum_abs_estimate_total","expressed_TRUE",48290,0.0470931429213614
"cum_abs_estimate_total","expressed_TRUE",48303,0.0469223989812706
"cum_abs_estimate_total","expressed_TRUE",48316,0.0470138916768573
"cum_abs_estimate_total","expressed_TRUE",48330,0.0469510458809184
"cum_abs_estimate_total","expressed_TRUE",48343,0.0469114202586663
"cum_abs_estimate_total","expressed_TRUE",48356,0.0467406763185755
"cum_abs_estimate_total","expressed_TRUE",48369,0.0467010506963234
"cum_abs_estimate_total","expressed_TRUE",48382,0.0465303067562326
"cum_abs_estimate_total","expressed_TRUE",48395,0.0466217994518193
"cum_abs_estimate_total","expressed_TRUE",48408,0.0463199371938896
"cum_abs_estimate_total","expressed_TRUE",48421,0.0461491932537988
"cum_abs_estimate_total","expressed_TRUE",48434,0.0458473309958691
"cum_abs_estimate_total","expressed_TRUE",48447,0.0460699420092947
"cum_abs_estimate_total","expressed_TRUE",48460,0.045768079751365
"cum_abs_estimate_total","expressed_TRUE",48473,0.0454662174934353
"cum_abs_estimate_total","expressed_TRUE",48487,0.0452722533796575
"cum_abs_estimate_total","expressed_TRUE",48500,0.0449703911217278
"cum_abs_estimate_total","expressed_TRUE",48513,0.0446685288637981
"cum_abs_estimate_total","expressed_TRUE",48526,0.0444977849237073
"cum_abs_estimate_total","expressed_TRUE",48539,0.0444581593014552
"cum_abs_estimate_total","expressed_TRUE",48552,0.0442874153613644
"cum_abs_estimate_total","expressed_TRUE",48565,0.0442477897391123
"cum_abs_estimate_total","expressed_TRUE",48578,0.0442081641168603
"cum_abs_estimate_total","expressed_TRUE",48591,0.0440374201767694
"cum_abs_estimate_total","expressed_TRUE",48604,0.0438666762366785
"cum_abs_estimate_total","expressed_TRUE",48617,0.0438270506144265
"cum_abs_estimate_total","expressed_TRUE",48631,0.0436330865006487
"cum_abs_estimate_total","expressed_TRUE",48644,0.0435934608783966
"cum_abs_estimate_total","expressed_TRUE",48657,0.0436849535739834
"cum_abs_estimate_total","expressed_TRUE",48670,0.0435142096338925
"cum_abs_estimate_total","expressed_TRUE",48683,0.0432123473759629
"cum_abs_estimate_total","expressed_TRUE",48696,0.043041603435872
"cum_abs_estimate_total","expressed_TRUE",48709,0.0428708594957811
"cum_abs_estimate_total","expressed_TRUE",48722,0.0427001155556902
"cum_abs_estimate_total","expressed_TRUE",48735,0.0426604899334382
"cum_abs_estimate_total","expressed_TRUE",48748,0.0423586276755085
"cum_abs_estimate_total","expressed_TRUE",48761,0.0420567654175788
"cum_abs_estimate_total","expressed_TRUE",48774,0.0420171397953268
"cum_abs_estimate_total","expressed_TRUE",48788,0.0416920573637102
"cum_abs_estimate_total","expressed_TRUE",48801,0.041783550059297
"cum_abs_estimate_total","expressed_TRUE",48814,0.0416128061192061
"cum_abs_estimate_total","expressed_TRUE",48827,0.041573180496954
"cum_abs_estimate_total","expressed_TRUE",48840,0.0412713182390243
"cum_abs_estimate_total","expressed_TRUE",48853,0.0409694559810947
"cum_abs_estimate_total","expressed_TRUE",48866,0.0407987120410038
"cum_abs_estimate_total","expressed_TRUE",48879,0.0404968497830741
"cum_abs_estimate_total","expressed_TRUE",48892,0.040457224160822
"cum_abs_estimate_total","expressed_TRUE",48905,0.0402864802207312
"cum_abs_estimate_total","expressed_TRUE",48918,0.0399846179628015
"cum_abs_estimate_total","expressed_TRUE",48932,0.0397906538490237
"cum_abs_estimate_total","expressed_TRUE",48945,0.0396199099089328
"cum_abs_estimate_total","expressed_TRUE",48958,0.0393180476510032
"cum_abs_estimate_total","expressed_TRUE",48971,0.0390161853930735
"cum_abs_estimate_total","expressed_TRUE",48984,0.0387143231351438
"cum_abs_estimate_total","expressed_TRUE",48997,0.0384124608772141
"cum_abs_estimate_total","expressed_TRUE",49010,0.0382417169371232
"cum_abs_estimate_total","expressed_TRUE",49023,0.0379398546791935
"cum_abs_estimate_total","expressed_TRUE",49036,0.0377691107391027
"cum_abs_estimate_total","expressed_TRUE",49049,0.037467248481173
"cum_abs_estimate_total","expressed_TRUE",49062,0.0372965045410821
"cum_abs_estimate_total","expressed_TRUE",49075,0.0369946422831524
"cum_abs_estimate_total","expressed_TRUE",49089,0.0369317964872135
"cum_abs_estimate_total","expressed_TRUE",49102,0.0367610525471226
"cum_abs_estimate_total","expressed_TRUE",49115,0.0365903086070317
"cum_abs_estimate_total","expressed_TRUE",49128,0.0364195646669409
"cum_abs_estimate_total","expressed_TRUE",49141,0.0363799390446888
"cum_abs_estimate_total","expressed_TRUE",49154,0.0364714317402756
"cum_abs_estimate_total","expressed_TRUE",49167,0.0361695694823459
"cum_abs_estimate_total","expressed_TRUE",49180,0.0358677072244162
"cum_abs_estimate_total","expressed_TRUE",49193,0.0355658449664865
"cum_abs_estimate_total","expressed_TRUE",49206,0.0353951010263956
"cum_abs_estimate_total","expressed_TRUE",49219,0.0353554754041436
"cum_abs_estimate_total","expressed_TRUE",49232,0.0353158497818915
"cum_abs_estimate_total","expressed_TRUE",49246,0.0351218856681138
"cum_abs_estimate_total","expressed_TRUE",49259,0.0348200234101841
"cum_abs_estimate_total","expressed_TRUE",49272,0.034780397787932
"cum_abs_estimate_total","expressed_TRUE",49285,0.0344785355300023
"cum_abs_estimate_total","expressed_TRUE",49298,0.0343077915899115
"cum_abs_estimate_total","expressed_TRUE",49311,0.0340059293319818
"cum_abs_estimate_total","expressed_TRUE",49324,0.0338351853918909
"cum_abs_estimate_total","expressed_TRUE",49337,0.0335333231339612
"cum_abs_estimate_total","expressed_TRUE",49350,0.0332314608760315
"cum_abs_estimate_total","expressed_TRUE",49363,0.0329295986181018
"cum_abs_estimate_total","expressed_TRUE",49376,0.0326277363601722
"cum_abs_estimate_total","expressed_TRUE",49390,0.0324337722463944
"cum_abs_estimate_total","expressed_TRUE",49403,0.0321319099884647
"cum_abs_estimate_total","expressed_TRUE",49416,0.0320922843662126
"cum_abs_estimate_total","expressed_TRUE",49429,0.0319215404261218
"cum_abs_estimate_total","expressed_TRUE",49442,0.0320130331217085
"cum_abs_estimate_total","expressed_TRUE",49455,0.0317111708637789
"cum_abs_estimate_total","expressed_TRUE",49468,0.031540426923688
"cum_abs_estimate_total","expressed_TRUE",49481,0.0312385646657583
"cum_abs_estimate_total","expressed_TRUE",49494,0.0314611756791839
"cum_abs_estimate_total","expressed_TRUE",49507,0.0311593134212542
"cum_abs_estimate_total","expressed_TRUE",49520,0.0311196877990021
"cum_abs_estimate_total","expressed_TRUE",49533,0.0310800621767501
"cum_abs_estimate_total","expressed_TRUE",49547,0.0308860980629723
"cum_abs_estimate_total","expressed_TRUE",49560,0.0308464724407203
"cum_abs_estimate_total","expressed_TRUE",49573,0.0308068468184682
"cum_abs_estimate_total","expressed_TRUE",49586,0.0305049845605385
"cum_abs_estimate_total","expressed_TRUE",49599,0.0305964772561253
"cum_abs_estimate_total","expressed_TRUE",49612,0.0302946149981956
"cum_abs_estimate_total","expressed_TRUE",49625,0.0302549893759436
"cum_abs_estimate_total","expressed_TRUE",49638,0.0300842454358527
"cum_abs_estimate_total","expressed_TRUE",49651,0.029782383177923
"cum_abs_estimate_total","expressed_TRUE",49664,0.0300049941913486
"cum_abs_estimate_total","expressed_TRUE",49677,0.0297031319334189
"cum_abs_estimate_total","expressed_TRUE",49691,0.0293780495018023
"cum_abs_estimate_total","expressed_TRUE",49704,0.0292073055617115
"cum_abs_estimate_total","expressed_TRUE",49717,0.0289054433037818
"cum_abs_estimate_total","expressed_TRUE",49730,0.0288658176815297
"cum_abs_estimate_total","expressed_TRUE",49743,0.0285639554236
"cum_abs_estimate_total","expressed_TRUE",49756,0.0283932114835092
"cum_abs_estimate_total","expressed_TRUE",49769,0.0282224675434183
"cum_abs_estimate_total","expressed_TRUE",49782,0.0280517236033274
"cum_abs_estimate_total","expressed_TRUE",49795,0.0277498613453977
"cum_abs_estimate_total","expressed_TRUE",49808,0.0275791174053069
"cum_abs_estimate_total","expressed_TRUE",49821,0.0272772551473772
"cum_abs_estimate_total","expressed_TRUE",49834,0.0269753928894475
"cum_abs_estimate_total","expressed_TRUE",49848,0.0269125470935085
"cum_abs_estimate_total","expressed_TRUE",49861,0.0267418031534177
"cum_abs_estimate_total","expressed_TRUE",49874,0.026439940895488
"cum_abs_estimate_total","expressed_TRUE",49887,0.0262691969553971
"cum_abs_estimate_total","expressed_TRUE",49900,0.0262295713331451
"cum_abs_estimate_total","expressed_TRUE",49913,0.0260588273930542
"cum_abs_estimate_total","expressed_TRUE",49926,0.0258880834529633
"cum_abs_estimate_total","expressed_TRUE",49939,0.0255862211950336
"cum_abs_estimate_total","expressed_TRUE",49952,0.0258088322084592
"cum_abs_estimate_total","expressed_TRUE",49965,0.0257692065862072
"cum_abs_estimate_total","expressed_TRUE",49978,0.0257295809639551
"cum_abs_estimate_total","expressed_TRUE",49992,0.0255356168501773
"cum_abs_estimate_total","expressed_TRUE",50005,0.0253648729100865
"cum_abs_estimate_total","expressed_TRUE",50018,0.0250630106521568
"cum_abs_estimate_total","expressed_TRUE",50031,0.0248922667120659
"cum_abs_estimate_total","expressed_TRUE",50044,0.0249837594076527
"cum_abs_estimate_total","expressed_TRUE",50057,0.024681897149723
"cum_abs_estimate_total","expressed_TRUE",50070,0.0246422715274709
"cum_abs_estimate_total","expressed_TRUE",50083,0.0246026459052189
"cum_abs_estimate_total","expressed_TRUE",50096,0.0245630202829669
"cum_abs_estimate_total","expressed_TRUE",50109,0.0246545129785536
"cum_abs_estimate_total","expressed_TRUE",50122,0.0243526507206239
"cum_abs_estimate_total","expressed_TRUE",50135,0.0240507884626942
"cum_abs_estimate_total","expressed_TRUE",50149,0.0239879426667553
"cum_abs_estimate_total","expressed_TRUE",50162,0.0238171987266644
"cum_abs_estimate_total","expressed_TRUE",50175,0.0236464547865736
"cum_abs_estimate_total","expressed_TRUE",50188,0.0234757108464827
"cum_abs_estimate_total","expressed_TRUE",50201,0.0233049669063918
"cum_abs_estimate_total","expressed_TRUE",50214,0.0232653412841398
"cum_abs_estimate_total","expressed_TRUE",50227,0.0229634790262101
"cum_abs_estimate_total","expressed_TRUE",50240,0.022923853403958
"cum_abs_estimate_total","expressed_TRUE",50253,0.0226219911460283
"cum_abs_estimate_total","expressed_TRUE",50266,0.0223201288880986
"cum_abs_estimate_total","expressed_TRUE",50279,0.0222805032658466
"cum_abs_estimate_total","expressed_TRUE",50293,0.0220865391520688
"cum_abs_estimate_total","expressed_TRUE",50306,0.021915795211978
"cum_abs_estimate_total","expressed_TRUE",50319,0.0217450512718871
"cum_abs_estimate_total","expressed_TRUE",50332,0.0214431890139574
"cum_abs_estimate_total","expressed_TRUE",50345,0.0211413267560277
"cum_abs_estimate_total","expressed_TRUE",50358,0.0209705828159368
"cum_abs_estimate_total","expressed_TRUE",50371,0.020799838875846
"cum_abs_estimate_total","expressed_TRUE",50384,0.0208913315714327
"cum_abs_estimate_total","expressed_TRUE",50397,0.0208517059491807
"cum_abs_estimate_total","expressed_TRUE",50410,0.0208120803269286
"cum_abs_estimate_total","expressed_TRUE",50423,0.0206413363868378
"cum_abs_estimate_total","expressed_TRUE",50436,0.0203394741289081
"cum_abs_estimate_total","expressed_TRUE",50450,0.0202766283329691
"cum_abs_estimate_total","expressed_TRUE",50463,0.0199747660750394
"cum_abs_estimate_total","expressed_TRUE",50476,0.0196729038171098
"cum_abs_estimate_total","expressed_TRUE",50489,0.0195021598770189
"cum_abs_estimate_total","expressed_TRUE",50502,0.019331415936928
"cum_abs_estimate_total","expressed_TRUE",50515,0.0191606719968371
"cum_abs_estimate_total","expressed_TRUE",50528,0.0191210463745851
"cum_abs_estimate_total","expressed_TRUE",50541,0.0188191841166554
"cum_abs_estimate_total","expressed_TRUE",50554,0.0185173218587257
"cum_abs_estimate_total","expressed_TRUE",50567,0.0183465779186349
"cum_abs_estimate_total","expressed_TRUE",50580,0.018175833978544
"cum_abs_estimate_total","expressed_TRUE",50593,0.0178739717206143
"cum_abs_estimate_total","expressed_TRUE",50607,0.0175488892889977
"cum_abs_estimate_total","expressed_TRUE",50620,0.0173781453489068
"cum_abs_estimate_total","expressed_TRUE",50633,0.0170762830909771
"cum_abs_estimate_total","expressed_TRUE",50646,0.0167744208330475
"cum_abs_estimate_total","expressed_TRUE",50659,0.0167347952107954
"cum_abs_estimate_total","expressed_TRUE",50672,0.0166951695885434
"cum_abs_estimate_total","expressed_TRUE",50685,0.0163933073306137
"cum_abs_estimate_total","expressed_TRUE",50698,0.016091445072684
"cum_abs_estimate_total","expressed_TRUE",50711,0.0159207011325931
"cum_abs_estimate_total","expressed_TRUE",50724,0.0157499571925022
"cum_abs_estimate_total","expressed_TRUE",50737,0.0159725682059278
"cum_abs_estimate_total","expressed_TRUE",50751,0.0156474857743112
"cum_abs_estimate_total","expressed_TRUE",50764,0.0153456235163815
"cum_abs_estimate_total","expressed_TRUE",50777,0.0151748795762907
"cum_abs_estimate_total","expressed_TRUE",50790,0.0153974905897163
"cum_abs_estimate_total","expressed_TRUE",50803,0.0150956283317866
"cum_abs_estimate_total","expressed_TRUE",50816,0.0147937660738569
"cum_abs_estimate_total","expressed_TRUE",50829,0.0147541404516048
"cum_abs_estimate_total","expressed_TRUE",50842,0.0147145148293528
"cum_abs_estimate_total","expressed_TRUE",50855,0.0148060075249396
"cum_abs_estimate_total","expressed_TRUE",50868,0.0145041452670099
"cum_abs_estimate_total","expressed_TRUE",50881,0.014333401326919
"cum_abs_estimate_total","expressed_TRUE",50894,0.014293775704667
"cum_abs_estimate_total","expressed_TRUE",50908,0.0140998115908892
"cum_abs_estimate_total","expressed_TRUE",50921,0.0139290676507983
"cum_abs_estimate_total","expressed_TRUE",50934,0.0137583237107074
"cum_abs_estimate_total","expressed_TRUE",50947,0.0138498164062942
"cum_abs_estimate_total","expressed_TRUE",50960,0.0135479541483645
"cum_abs_estimate_total","expressed_TRUE",50973,0.0135083285261125
"cum_abs_estimate_total","expressed_TRUE",50986,0.0132064662681828
"cum_abs_estimate_total","expressed_TRUE",50999,0.0131668406459307
"cum_abs_estimate_total","expressed_TRUE",51012,0.0133894516593563
"cum_abs_estimate_total","expressed_TRUE",51025,0.0133498260371043
"cum_abs_estimate_total","expressed_TRUE",51038,0.0130479637791746
"cum_abs_estimate_total","expressed_TRUE",51052,0.0128539996653968
"cum_abs_estimate_total","expressed_TRUE",51065,0.0126832557253059
"cum_abs_estimate_total","expressed_TRUE",51078,0.0123813934673763
"cum_abs_estimate_total","expressed_TRUE",51091,0.0123417678451242
"cum_abs_estimate_total","expressed_TRUE",51104,0.012433260540711
"cum_abs_estimate_total","expressed_TRUE",51117,0.0121313982827813
"cum_abs_estimate_total","expressed_TRUE",51130,0.0120917726605292
"cum_abs_estimate_total","expressed_TRUE",51143,0.0120521470382772
"cum_abs_estimate_total","expressed_TRUE",51156,0.0118814030981863
"cum_abs_estimate_total","expressed_TRUE",51169,0.0118417774759343
"cum_abs_estimate_total","expressed_TRUE",51182,0.0118021518536822
"cum_abs_estimate_total","expressed_TRUE",51195,0.0115002895957525
"cum_abs_estimate_total","expressed_TRUE",51209,0.0113063254819748
"cum_abs_estimate_total","expressed_TRUE",51222,0.0112666998597227
"cum_abs_estimate_total","expressed_TRUE",51235,0.0112270742374707
"cum_abs_estimate_total","expressed_TRUE",51248,0.010925211979541
"cum_abs_estimate_total","expressed_TRUE",51261,0.0107544680394501
"cum_abs_estimate_total","expressed_TRUE",51274,0.0104526057815204
"cum_abs_estimate_total","expressed_TRUE",51287,0.0101507435235907
"cum_abs_estimate_total","expressed_TRUE",51300,0.00997999958349986
"cum_abs_estimate_total","expressed_TRUE",51313,0.00967813732557017
"cum_abs_estimate_total","expressed_TRUE",51326,0.00990074833899576
"cum_abs_estimate_total","expressed_TRUE",51339,0.00986112271674371
"cum_abs_estimate_total","expressed_TRUE",51353,0.00953604028512712
"cum_abs_estimate_total","expressed_TRUE",51366,0.00949641466287507
"cum_abs_estimate_total","expressed_TRUE",51379,0.00945678904062302
"cum_abs_estimate_total","expressed_TRUE",51392,0.00928604510053215
"cum_abs_estimate_total","expressed_TRUE",51405,0.00898418284260246
"cum_abs_estimate_total","expressed_TRUE",51418,0.00881343890251159
"cum_abs_estimate_total","expressed_TRUE",51431,0.00864269496242072
"cum_abs_estimate_total","expressed_TRUE",51444,0.00847195102232985
"cum_abs_estimate_total","expressed_TRUE",51457,0.00830120708223898
"cum_abs_estimate_total","expressed_TRUE",51470,0.00799934482430929
"cum_abs_estimate_total","expressed_TRUE",51483,0.00795971920205724
"cum_abs_estimate_total","expressed_TRUE",51496,0.00778897526196637
"cum_abs_estimate_total","expressed_TRUE",51510,0.00759501114818861
"cum_abs_estimate_total","expressed_TRUE",51523,0.00729314889025892
"cum_abs_estimate_total","expressed_TRUE",51536,0.00725352326800687
"cum_abs_estimate_total","expressed_TRUE",51549,0.00695166101007718
"cum_abs_estimate_total","expressed_TRUE",51562,0.00664979875214749
"cum_abs_estimate_total","expressed_TRUE",51575,0.0063479364942178
"cum_abs_estimate_total","expressed_TRUE",51588,0.00617719255412693
"cum_abs_estimate_total","expressed_TRUE",51601,0.00587533029619724
"cum_abs_estimate_total","expressed_TRUE",51614,0.00596682299178401
"cum_abs_estimate_total","expressed_TRUE",51627,0.00579607905169314
"cum_abs_estimate_total","expressed_TRUE",51640,0.00562533511160227
"cum_abs_estimate_total","expressed_TRUE",51654,0.00569360763350214
"cum_abs_estimate_total","expressed_TRUE",51667,0.00539174537557245
"cum_abs_estimate_total","expressed_TRUE",51680,0.0053521197533204
"cum_abs_estimate_total","expressed_TRUE",51693,0.00518137581322953
"cum_abs_estimate_total","expressed_TRUE",51706,0.00514175019097748
"cum_abs_estimate_total","expressed_TRUE",51719,0.00483988793304779
"cum_abs_estimate_total","expressed_TRUE",51732,0.0045380256751181
"cum_abs_estimate_total","expressed_TRUE",51745,0.00436728173502723
"cum_abs_estimate_total","expressed_TRUE",51758,0.00458989274845282
"cum_abs_estimate_total","expressed_TRUE",51771,0.00441914880836195
"cum_abs_estimate_total","expressed_TRUE",51784,0.00424840486827109
"cum_abs_estimate_total","expressed_TRUE",51797,0.00407766092818022
"cum_abs_estimate_total","expressed_TRUE",51811,0.00401481513224127
"cum_abs_estimate_total","expressed_TRUE",51824,0.00371295287431158
"cum_abs_estimate_total","expressed_TRUE",51837,0.00367332725205953
"cum_abs_estimate_total","expressed_TRUE",51850,0.00350258331196866
"cum_abs_estimate_total","expressed_TRUE",51863,0.00333183937187779
"cum_abs_estimate_total","expressed_TRUE",51876,0.0030299771139481
"cum_abs_estimate_total","expressed_TRUE",51889,0.00272811485601841
"cum_abs_estimate_total","expressed_TRUE",51902,0.00242625259808872
"cum_abs_estimate_total","expressed_TRUE",51915,0.00264886361151431
"cum_abs_estimate_total","expressed_TRUE",51928,0.00247811967142344
"cum_abs_estimate_total","expressed_TRUE",51941,0.00217625741349375
"cum_abs_estimate_total","expressed_TRUE",51954,0.00200551347340288
"cum_abs_estimate_total","expressed_TRUE",51968,0.00181154935962511
"cum_abs_estimate_total","expressed_TRUE",51981,0.00177192373737306
"cum_abs_estimate_total","expressed_TRUE",51994,0.00147006147944337
"cum_abs_estimate_total","expressed_TRUE",52007,0.00143043585719132
"cum_abs_estimate_total","expressed_TRUE",52020,0.00112857359926164
"cum_abs_estimate_total","expressed_TRUE",52033,0.0012200662948484
"cum_abs_estimate_total","expressed_TRUE",52046,0.00118044067259636
"cum_abs_estimate_total","expressed_TRUE",52059,0.00100969673250549
"cum_abs_estimate_total","expressed_TRUE",52072,0.00110118942809226
"cum_abs_estimate_total","expressed_TRUE",52085,0.000930445488001386
"cum_abs_estimate_total","expressed_TRUE",52098,0.00102193818358816
"cum_abs_estimate_total","expressed_TRUE",52112,0.000959092387649207
"cum_abs_estimate_total","expressed_TRUE",52125,0.000657230129719518
"cum_abs_estimate_total","expressed_TRUE",52138,0.000486486189628648
"cum_abs_estimate_total","expressed_TRUE",52151,0.000315742249537779
"cum_abs_estimate_total","expressed_TRUE",52164,1.38799916080894e-05
"cum_abs_estimate_total","expressed_TRUE",52177,-2.57456306439603e-05
"cum_abs_estimate_total","expressed_TRUE",52190,-0.00019648957073483
"cum_abs_estimate_total","expressed_TRUE",52203,-0.000367233510825699
"cum_abs_estimate_total","expressed_TRUE",52216,-0.000537977450916569
"cum_abs_estimate_total","expressed_TRUE",52229,-0.000708721391007438
"cum_abs_estimate_total","expressed_TRUE",52242,-0.00101058364893713
"cum_abs_estimate_total","expressed_TRUE",52255,-0.00131244590686682
"cum_abs_estimate_total","expressed_TRUE",52269,-0.00150641002064459
"cum_abs_estimate_total","expressed_TRUE",52282,-0.00141491732505782
"cum_abs_estimate_total","expressed_TRUE",52295,-0.00158566126514869
"cum_abs_estimate_total","expressed_TRUE",52308,-0.00162528688740074
"cum_abs_estimate_total","expressed_TRUE",52321,-0.00140267587397515
"cum_abs_estimate_total","expressed_TRUE",52334,-1.77822708814779e-16
"cum_abs_estimate_total","mediating_TRUE",1,9.24812725423102e-05
"cum_abs_estimate_total","mediating_TRUE",14,0.000945041402893039
"cum_abs_estimate_total","mediating_TRUE",27,0.00179760153324377
"cum_abs_estimate_total","mediating_TRUE",40,0.00230046525089519
"cum_abs_estimate_total","mediating_TRUE",53,0.00280332896854662
"cum_abs_estimate_total","mediating_TRUE",66,0.00353932362799758
"cum_abs_estimate_total","mediating_TRUE",80,0.00401810314729155
"cum_abs_estimate_total","mediating_TRUE",93,0.00475409780674251
"cum_abs_estimate_total","mediating_TRUE",106,0.00560665793709324
"cum_abs_estimate_total","mediating_TRUE",119,0.00587639071294513
"cum_abs_estimate_total","mediating_TRUE",132,0.00637925443059655
"cum_abs_estimate_total","mediating_TRUE",145,0.00676555267734821
"cum_abs_estimate_total","mediating_TRUE",158,0.00761811280769894
"cum_abs_estimate_total","mediating_TRUE",171,0.00800441105445059
"cum_abs_estimate_total","mediating_TRUE",184,0.00827414383030248
"cum_abs_estimate_total","mediating_TRUE",197,0.00935983490245275
"cum_abs_estimate_total","mediating_TRUE",210,0.00962956767830464
"cum_abs_estimate_total","mediating_TRUE",223,0.0101324313959561
"cum_abs_estimate_total","mediating_TRUE",237,0.0107277763861498
"cum_abs_estimate_total","mediating_TRUE",250,0.0115803365165005
"cum_abs_estimate_total","mediating_TRUE",263,0.0118500692923524
"cum_abs_estimate_total","mediating_TRUE",276,0.0123529330100038
"cum_abs_estimate_total","mediating_TRUE",289,0.0126226657858557
"cum_abs_estimate_total","mediating_TRUE",302,0.0130089640326074
"cum_abs_estimate_total","mediating_TRUE",315,0.0137449586920584
"cum_abs_estimate_total","mediating_TRUE",328,0.0143643878806095
"cum_abs_estimate_total","mediating_TRUE",341,0.0154500789527598
"cum_abs_estimate_total","mediating_TRUE",354,0.0158363771995115
"cum_abs_estimate_total","mediating_TRUE",367,0.0163392409171629
"cum_abs_estimate_total","mediating_TRUE",381,0.0169345859073566
"cum_abs_estimate_total","mediating_TRUE",394,0.0176705805668076
"cum_abs_estimate_total","mediating_TRUE",407,0.0179403133426595
"cum_abs_estimate_total","mediating_TRUE",420,0.0186763080021104
"cum_abs_estimate_total","mediating_TRUE",433,0.0192957371906616
"cum_abs_estimate_total","mediating_TRUE",446,0.0194489044956138
"cum_abs_estimate_total","mediating_TRUE",459,0.0203014646259645
"cum_abs_estimate_total","mediating_TRUE",472,0.0208043283436159
"cum_abs_estimate_total","mediating_TRUE",485,0.0210740611194678
"cum_abs_estimate_total","mediating_TRUE",498,0.0212272284244199
"cum_abs_estimate_total","mediating_TRUE",511,0.0218466576129711
"cum_abs_estimate_total","mediating_TRUE",524,0.0222329558597228
"cum_abs_estimate_total","mediating_TRUE",538,0.0231779972626158
"cum_abs_estimate_total","mediating_TRUE",551,0.0240305573929665
"cum_abs_estimate_total","mediating_TRUE",564,0.0246499865815177
"cum_abs_estimate_total","mediating_TRUE",577,0.0250362848282694
"cum_abs_estimate_total","mediating_TRUE",590,0.0256557140168206
"cum_abs_estimate_total","mediating_TRUE",603,0.026158577734472
"cum_abs_estimate_total","mediating_TRUE",616,0.026894572393923
"cum_abs_estimate_total","mediating_TRUE",629,0.0273974361115744
"cum_abs_estimate_total","mediating_TRUE",642,0.0276671688874263
"cum_abs_estimate_total","mediating_TRUE",655,0.0281700326050777
"cum_abs_estimate_total","mediating_TRUE",668,0.0289060272645287
"cum_abs_estimate_total","mediating_TRUE",681,0.0297585873948794
"cum_abs_estimate_total","mediating_TRUE",695,0.0305870633268727
"cum_abs_estimate_total","mediating_TRUE",708,0.0310899270445241
"cum_abs_estimate_total","mediating_TRUE",721,0.0319424871748748
"cum_abs_estimate_total","mediating_TRUE",734,0.0320956544798269
"cum_abs_estimate_total","mediating_TRUE",747,0.0323653872556788
"cum_abs_estimate_total","mediating_TRUE",760,0.0331013819151298
"cum_abs_estimate_total","mediating_TRUE",773,0.033720811103681
"cum_abs_estimate_total","mediating_TRUE",786,0.0343402402922322
"cum_abs_estimate_total","mediating_TRUE",799,0.0351928004225829
"cum_abs_estimate_total","mediating_TRUE",812,0.0355790986693346
"cum_abs_estimate_total","mediating_TRUE",825,0.0363150933287855
"cum_abs_estimate_total","mediating_TRUE",839,0.0364441764353802
"cum_abs_estimate_total","mediating_TRUE",852,0.0367139092112321
"cum_abs_estimate_total","mediating_TRUE",865,0.0375664693415828
"cum_abs_estimate_total","mediating_TRUE",878,0.0380693330592342
"cum_abs_estimate_total","mediating_TRUE",891,0.0385721967768857
"cum_abs_estimate_total","mediating_TRUE",904,0.0390750604945371
"cum_abs_estimate_total","mediating_TRUE",917,0.0395779242121885
"cum_abs_estimate_total","mediating_TRUE",930,0.0400807879298399
"cum_abs_estimate_total","mediating_TRUE",943,0.0405836516474914
"cum_abs_estimate_total","mediating_TRUE",956,0.0410865153651428
"cum_abs_estimate_total","mediating_TRUE",969,0.0418225100245937
"cum_abs_estimate_total","mediating_TRUE",982,0.0426750701549445
"cum_abs_estimate_total","mediating_TRUE",996,0.0429207187324389
"cum_abs_estimate_total","mediating_TRUE",1009,0.0435401479209901
"cum_abs_estimate_total","mediating_TRUE",1022,0.0436933152259422
"cum_abs_estimate_total","mediating_TRUE",1035,0.0444293098853932
"cum_abs_estimate_total","mediating_TRUE",1048,0.0451653045448441
"cum_abs_estimate_total","mediating_TRUE",1061,0.0461344301460946
"cum_abs_estimate_total","mediating_TRUE",1074,0.0465207283928463
"cum_abs_estimate_total","mediating_TRUE",1087,0.0471401575813975
"cum_abs_estimate_total","mediating_TRUE",1100,0.0479927177117482
"cum_abs_estimate_total","mediating_TRUE",1113,0.048845277842099
"cum_abs_estimate_total","mediating_TRUE",1126,0.0494647070306501
"cum_abs_estimate_total","mediating_TRUE",1140,0.0499434865499441
"cum_abs_estimate_total","mediating_TRUE",1153,0.050213219325796
"cum_abs_estimate_total","mediating_TRUE",1166,0.0502498211598483
"cum_abs_estimate_total","mediating_TRUE",1179,0.0507526848774998
"cum_abs_estimate_total","mediating_TRUE",1192,0.0512555485951512
"cum_abs_estimate_total","mediating_TRUE",1205,0.0519915432546022
"cum_abs_estimate_total","mediating_TRUE",1218,0.0528441033849529
"cum_abs_estimate_total","mediating_TRUE",1231,0.0534635325735041
"cum_abs_estimate_total","mediating_TRUE",1244,0.0544326581747546
"cum_abs_estimate_total","mediating_TRUE",1257,0.0551686528342055
"cum_abs_estimate_total","mediating_TRUE",1270,0.0555549510809572
"cum_abs_estimate_total","mediating_TRUE",1283,0.0559412493277089
"cum_abs_estimate_total","mediating_TRUE",1297,0.0561868979052033
"cum_abs_estimate_total","mediating_TRUE",1310,0.0566897616228547
"cum_abs_estimate_total","mediating_TRUE",1323,0.0575423217532054
"cum_abs_estimate_total","mediating_TRUE",1336,0.0579286199999571
"cum_abs_estimate_total","mediating_TRUE",1349,0.058198352775809
"cum_abs_estimate_total","mediating_TRUE",1362,0.0587012164934604
"cum_abs_estimate_total","mediating_TRUE",1375,0.0595537766238111
"cum_abs_estimate_total","mediating_TRUE",1388,0.059823509399663
"cum_abs_estimate_total","mediating_TRUE",1401,0.0602098076464147
"cum_abs_estimate_total","mediating_TRUE",1414,0.0610623677767654
"cum_abs_estimate_total","mediating_TRUE",1427,0.0617983624362164
"cum_abs_estimate_total","mediating_TRUE",1441,0.0620440110137108
"cum_abs_estimate_total","mediating_TRUE",1454,0.0630131366149613
"cum_abs_estimate_total","mediating_TRUE",1467,0.0636325658035125
"cum_abs_estimate_total","mediating_TRUE",1480,0.0640188640502642
"cum_abs_estimate_total","mediating_TRUE",1493,0.0647548587097151
"cum_abs_estimate_total","mediating_TRUE",1506,0.0651411569564668
"cum_abs_estimate_total","mediating_TRUE",1519,0.0654108897323187
"cum_abs_estimate_total","mediating_TRUE",1532,0.0660303189208699
"cum_abs_estimate_total","mediating_TRUE",1545,0.0665331826385213
"cum_abs_estimate_total","mediating_TRUE",1558,0.067385742768872
"cum_abs_estimate_total","mediating_TRUE",1571,0.0676554755447239
"cum_abs_estimate_total","mediating_TRUE",1584,0.0681583392623753
"cum_abs_estimate_total","mediating_TRUE",1598,0.0688702497234688
"cum_abs_estimate_total","mediating_TRUE",1611,0.0697228098538196
"cum_abs_estimate_total","mediating_TRUE",1624,0.070225673571471
"cum_abs_estimate_total","mediating_TRUE",1637,0.070961668230922
"cum_abs_estimate_total","mediating_TRUE",1650,0.0718142283612727
"cum_abs_estimate_total","mediating_TRUE",1663,0.0723170920789241
"cum_abs_estimate_total","mediating_TRUE",1676,0.0730530867383751
"cum_abs_estimate_total","mediating_TRUE",1689,0.073789081397826
"cum_abs_estimate_total","mediating_TRUE",1702,0.0741753796445777
"cum_abs_estimate_total","mediating_TRUE",1715,0.0747948088331289
"cum_abs_estimate_total","mediating_TRUE",1728,0.0756473689634796
"cum_abs_estimate_total","mediating_TRUE",1742,0.0762427139536733
"cum_abs_estimate_total","mediating_TRUE",1755,0.0767455776713248
"cum_abs_estimate_total","mediating_TRUE",1768,0.0772484413889762
"cum_abs_estimate_total","mediating_TRUE",1781,0.0779844360484272
"cum_abs_estimate_total","mediating_TRUE",1794,0.0788369961787779
"cum_abs_estimate_total","mediating_TRUE",1807,0.0792232944255295
"cum_abs_estimate_total","mediating_TRUE",1820,0.0799592890849805
"cum_abs_estimate_total","mediating_TRUE",1833,0.0805787182735317
"cum_abs_estimate_total","mediating_TRUE",1846,0.0813147129329826
"cum_abs_estimate_total","mediating_TRUE",1859,0.0820507075924336
"cum_abs_estimate_total","mediating_TRUE",1872,0.0829032677227843
"cum_abs_estimate_total","mediating_TRUE",1885,0.0834061314404358
"cum_abs_estimate_total","mediating_TRUE",1899,0.084234607372429
"cum_abs_estimate_total","mediating_TRUE",1912,0.08497060203188
"cum_abs_estimate_total","mediating_TRUE",1925,0.0855900312204312
"cum_abs_estimate_total","mediating_TRUE",1938,0.0864425913507819
"cum_abs_estimate_total","mediating_TRUE",1951,0.0871785860102329
"cum_abs_estimate_total","mediating_TRUE",1964,0.0875648842569845
"cum_abs_estimate_total","mediating_TRUE",1977,0.0879511825037362
"cum_abs_estimate_total","mediating_TRUE",1990,0.0884540462213876
"cum_abs_estimate_total","mediating_TRUE",2003,0.0894231718226381
"cum_abs_estimate_total","mediating_TRUE",2016,0.0899260355402896
"cum_abs_estimate_total","mediating_TRUE",2029,0.0901957683161414
"cum_abs_estimate_total","mediating_TRUE",2042,0.0904655010919933
"cum_abs_estimate_total","mediating_TRUE",2056,0.0912939770239866
"cum_abs_estimate_total","mediating_TRUE",2069,0.0915637097998385
"cum_abs_estimate_total","mediating_TRUE",2082,0.0922997044592894
"cum_abs_estimate_total","mediating_TRUE",2095,0.0926860027060411
"cum_abs_estimate_total","mediating_TRUE",2108,0.0935385628363918
"cum_abs_estimate_total","mediating_TRUE",2121,0.0945076884376423
"cum_abs_estimate_total","mediating_TRUE",2134,0.0950105521552937
"cum_abs_estimate_total","mediating_TRUE",2147,0.0955134158729452
"cum_abs_estimate_total","mediating_TRUE",2160,0.0963659760032959
"cum_abs_estimate_total","mediating_TRUE",2173,0.0971019706627469
"cum_abs_estimate_total","mediating_TRUE",2186,0.0979545307930976
"cum_abs_estimate_total","mediating_TRUE",2200,0.0984333103123916
"cum_abs_estimate_total","mediating_TRUE",2213,0.0991693049718425
"cum_abs_estimate_total","mediating_TRUE",2226,0.0999052996312935
"cum_abs_estimate_total","mediating_TRUE",2239,0.100524728819845
"cum_abs_estimate_total","mediating_TRUE",2252,0.100911027066596
"cum_abs_estimate_total","mediating_TRUE",2265,0.101413890784248
"cum_abs_estimate_total","mediating_TRUE",2278,0.102149885443699
"cum_abs_estimate_total","mediating_TRUE",2291,0.10288588010315
"cum_abs_estimate_total","mediating_TRUE",2304,0.103388743820801
"cum_abs_estimate_total","mediating_TRUE",2317,0.104124738480252
"cum_abs_estimate_total","mediating_TRUE",2330,0.104627602197903
"cum_abs_estimate_total","mediating_TRUE",2343,0.105480162328254
"cum_abs_estimate_total","mediating_TRUE",2357,0.106425203731147
"cum_abs_estimate_total","mediating_TRUE",2370,0.106694936506999
"cum_abs_estimate_total","mediating_TRUE",2383,0.107197800224651
"cum_abs_estimate_total","mediating_TRUE",2396,0.107817229413202
"cum_abs_estimate_total","mediating_TRUE",2409,0.108553224072653
"cum_abs_estimate_total","mediating_TRUE",2422,0.109056087790304
"cum_abs_estimate_total","mediating_TRUE",2435,0.109792082449755
"cum_abs_estimate_total","mediating_TRUE",2448,0.110528077109206
"cum_abs_estimate_total","mediating_TRUE",2461,0.111147506297757
"cum_abs_estimate_total","mediating_TRUE",2474,0.111883500957208
"cum_abs_estimate_total","mediating_TRUE",2487,0.112502930145759
"cum_abs_estimate_total","mediating_TRUE",2501,0.112748578723254
"cum_abs_estimate_total","mediating_TRUE",2514,0.113368007911805
"cum_abs_estimate_total","mediating_TRUE",2527,0.113754306158557
"cum_abs_estimate_total","mediating_TRUE",2540,0.113907473463509
"cum_abs_estimate_total","mediating_TRUE",2553,0.11476003359386
"cum_abs_estimate_total","mediating_TRUE",2566,0.115262897311511
"cum_abs_estimate_total","mediating_TRUE",2579,0.115882326500062
"cum_abs_estimate_total","mediating_TRUE",2592,0.116501755688613
"cum_abs_estimate_total","mediating_TRUE",2605,0.117004619406265
"cum_abs_estimate_total","mediating_TRUE",2618,0.117507483123916
"cum_abs_estimate_total","mediating_TRUE",2631,0.118010346841568
"cum_abs_estimate_total","mediating_TRUE",2644,0.118396645088319
"cum_abs_estimate_total","mediating_TRUE",2658,0.119225121020313
"cum_abs_estimate_total","mediating_TRUE",2671,0.119611419267064
"cum_abs_estimate_total","mediating_TRUE",2684,0.120230848455615
"cum_abs_estimate_total","mediating_TRUE",2697,0.120733712173267
"cum_abs_estimate_total","mediating_TRUE",2710,0.121586272303618
"cum_abs_estimate_total","mediating_TRUE",2723,0.122089136021269
"cum_abs_estimate_total","mediating_TRUE",2736,0.12259199973892
"cum_abs_estimate_total","mediating_TRUE",2749,0.123211428927472
"cum_abs_estimate_total","mediating_TRUE",2762,0.123597727174223
"cum_abs_estimate_total","mediating_TRUE",2775,0.124100590891875
"cum_abs_estimate_total","mediating_TRUE",2788,0.124253758196827
"cum_abs_estimate_total","mediating_TRUE",2802,0.12508223412882
"cum_abs_estimate_total","mediating_TRUE",2815,0.125701663317371
"cum_abs_estimate_total","mediating_TRUE",2828,0.126204527035023
"cum_abs_estimate_total","mediating_TRUE",2841,0.126590825281774
"cum_abs_estimate_total","mediating_TRUE",2854,0.127093688999426
"cum_abs_estimate_total","mediating_TRUE",2867,0.127479987246177
"cum_abs_estimate_total","mediating_TRUE",2880,0.127982850963829
"cum_abs_estimate_total","mediating_TRUE",2893,0.12848571468148
"cum_abs_estimate_total","mediating_TRUE",2906,0.128872012928232
"cum_abs_estimate_total","mediating_TRUE",2919,0.129374876645883
"cum_abs_estimate_total","mediating_TRUE",2932,0.129994305834435
"cum_abs_estimate_total","mediating_TRUE",2945,0.130963431435685
"cum_abs_estimate_total","mediating_TRUE",2959,0.131675341896779
"cum_abs_estimate_total","mediating_TRUE",2972,0.13229477108533
"cum_abs_estimate_total","mediating_TRUE",2985,0.133030765744781
"cum_abs_estimate_total","mediating_TRUE",2998,0.133766760404232
"cum_abs_estimate_total","mediating_TRUE",3011,0.134153058650983
"cum_abs_estimate_total","mediating_TRUE",3024,0.134772487839535
"cum_abs_estimate_total","mediating_TRUE",3037,0.135391917028086
"cum_abs_estimate_total","mediating_TRUE",3050,0.136011346216637
"cum_abs_estimate_total","mediating_TRUE",3063,0.136514209934288
"cum_abs_estimate_total","mediating_TRUE",3076,0.13678394271014
"cum_abs_estimate_total","mediating_TRUE",3089,0.137519937369591
"cum_abs_estimate_total","mediating_TRUE",3103,0.138231847830685
"cum_abs_estimate_total","mediating_TRUE",3116,0.138734711548336
"cum_abs_estimate_total","mediating_TRUE",3129,0.139237575265988
"cum_abs_estimate_total","mediating_TRUE",3142,0.139857004454539
"cum_abs_estimate_total","mediating_TRUE",3155,0.14047643364309
"cum_abs_estimate_total","mediating_TRUE",3168,0.14156212471524
"cum_abs_estimate_total","mediating_TRUE",3181,0.142298119374691
"cum_abs_estimate_total","mediating_TRUE",3194,0.142684417621443
"cum_abs_estimate_total","mediating_TRUE",3207,0.143420412280894
"cum_abs_estimate_total","mediating_TRUE",3220,0.143923275998545
"cum_abs_estimate_total","mediating_TRUE",3233,0.144542705187096
"cum_abs_estimate_total","mediating_TRUE",3246,0.144929003433848
"cum_abs_estimate_total","mediating_TRUE",3260,0.145874044836741
"cum_abs_estimate_total","mediating_TRUE",3273,0.146260343083493
"cum_abs_estimate_total","mediating_TRUE",3286,0.147112903213843
"cum_abs_estimate_total","mediating_TRUE",3299,0.147382635989695
"cum_abs_estimate_total","mediating_TRUE",3312,0.148235196120046
"cum_abs_estimate_total","mediating_TRUE",3325,0.148738059837698
"cum_abs_estimate_total","mediating_TRUE",3338,0.149124358084449
"cum_abs_estimate_total","mediating_TRUE",3351,0.149743787273
"cum_abs_estimate_total","mediating_TRUE",3364,0.150130085519752
"cum_abs_estimate_total","mediating_TRUE",3377,0.150866080179203
"cum_abs_estimate_total","mediating_TRUE",3390,0.151135812955055
"cum_abs_estimate_total","mediating_TRUE",3403,0.151638676672706
"cum_abs_estimate_total","mediating_TRUE",3417,0.1522340216629
"cum_abs_estimate_total","mediating_TRUE",3430,0.152853450851451
"cum_abs_estimate_total","mediating_TRUE",3443,0.153589445510902
"cum_abs_estimate_total","mediating_TRUE",3456,0.154208874699453
"cum_abs_estimate_total","mediating_TRUE",3469,0.154362042004406
"cum_abs_estimate_total","mediating_TRUE",3482,0.154864905722057
"cum_abs_estimate_total","mediating_TRUE",3495,0.155950596794207
"cum_abs_estimate_total","mediating_TRUE",3508,0.156336895040959
"cum_abs_estimate_total","mediating_TRUE",3521,0.15707288970041
"cum_abs_estimate_total","mediating_TRUE",3534,0.157808884359861
"cum_abs_estimate_total","mediating_TRUE",3547,0.158195182606612
"cum_abs_estimate_total","mediating_TRUE",3561,0.158673962125906
"cum_abs_estimate_total","mediating_TRUE",3574,0.159293391314458
"cum_abs_estimate_total","mediating_TRUE",3587,0.160145951444808
"cum_abs_estimate_total","mediating_TRUE",3600,0.160881946104259
"cum_abs_estimate_total","mediating_TRUE",3613,0.161501375292811
"cum_abs_estimate_total","mediating_TRUE",3626,0.162237369952261
"cum_abs_estimate_total","mediating_TRUE",3639,0.162856799140813
"cum_abs_estimate_total","mediating_TRUE",3652,0.163476228329364
"cum_abs_estimate_total","mediating_TRUE",3665,0.164212222988815
"cum_abs_estimate_total","mediating_TRUE",3678,0.164481955764667
"cum_abs_estimate_total","mediating_TRUE",3691,0.164984819482318
"cum_abs_estimate_total","mediating_TRUE",3704,0.16525455225817
"cum_abs_estimate_total","mediating_TRUE",3718,0.166199593661063
"cum_abs_estimate_total","mediating_TRUE",3731,0.166819022849614
"cum_abs_estimate_total","mediating_TRUE",3744,0.167205321096366
"cum_abs_estimate_total","mediating_TRUE",3757,0.167824750284917
"cum_abs_estimate_total","mediating_TRUE",3770,0.168327614002569
"cum_abs_estimate_total","mediating_TRUE",3783,0.169063608662019
"cum_abs_estimate_total","mediating_TRUE",3796,0.169683037850571
"cum_abs_estimate_total","mediating_TRUE",3809,0.170302467039122
"cum_abs_estimate_total","mediating_TRUE",3822,0.171155027169473
"cum_abs_estimate_total","mediating_TRUE",3835,0.171891021828924
"cum_abs_estimate_total","mediating_TRUE",3848,0.172860147430174
"cum_abs_estimate_total","mediating_TRUE",3862,0.173455492420368
"cum_abs_estimate_total","mediating_TRUE",3875,0.174074921608919
"cum_abs_estimate_total","mediating_TRUE",3888,0.174344654384771
"cum_abs_estimate_total","mediating_TRUE",3901,0.175197214515122
"cum_abs_estimate_total","mediating_TRUE",3914,0.175933209174573
"cum_abs_estimate_total","mediating_TRUE",3927,0.176086376479525
"cum_abs_estimate_total","mediating_TRUE",3940,0.176705805668076
"cum_abs_estimate_total","mediating_TRUE",3953,0.177092103914828
"cum_abs_estimate_total","mediating_TRUE",3966,0.17724527121978
"cum_abs_estimate_total","mediating_TRUE",3979,0.177631569466531
"cum_abs_estimate_total","mediating_TRUE",3992,0.178833826009581
"cum_abs_estimate_total","mediating_TRUE",4005,0.179453255198133
"cum_abs_estimate_total","mediating_TRUE",4019,0.180165165659226
"cum_abs_estimate_total","mediating_TRUE",4032,0.180551463905978
"cum_abs_estimate_total","mediating_TRUE",4045,0.181170893094529
"cum_abs_estimate_total","mediating_TRUE",4058,0.18179032228308
"cum_abs_estimate_total","mediating_TRUE",4071,0.182526316942531
"cum_abs_estimate_total","mediating_TRUE",4084,0.182912615189283
"cum_abs_estimate_total","mediating_TRUE",4097,0.183415478906934
"cum_abs_estimate_total","mediating_TRUE",4110,0.183568646211886
"cum_abs_estimate_total","mediating_TRUE",4123,0.184188075400437
"cum_abs_estimate_total","mediating_TRUE",4136,0.185157201001688
"cum_abs_estimate_total","mediating_TRUE",4149,0.185776630190239
"cum_abs_estimate_total","mediating_TRUE",4163,0.186605106122232
"cum_abs_estimate_total","mediating_TRUE",4176,0.187341100781683
"cum_abs_estimate_total","mediating_TRUE",4189,0.188193660912034
"cum_abs_estimate_total","mediating_TRUE",4202,0.188813090100585
"cum_abs_estimate_total","mediating_TRUE",4215,0.189665650230936
"cum_abs_estimate_total","mediating_TRUE",4228,0.190401644890387
"cum_abs_estimate_total","mediating_TRUE",4241,0.190904508608038
"cum_abs_estimate_total","mediating_TRUE",4254,0.19152393779659
"cum_abs_estimate_total","mediating_TRUE",4267,0.191910236043341
"cum_abs_estimate_total","mediating_TRUE",4280,0.191946837877394
"cum_abs_estimate_total","mediating_TRUE",4293,0.192682832536845
"cum_abs_estimate_total","mediating_TRUE",4306,0.193535392667195
"cum_abs_estimate_total","mediating_TRUE",4320,0.194363868599189
"cum_abs_estimate_total","mediating_TRUE",4333,0.19498329778774
"cum_abs_estimate_total","mediating_TRUE",4346,0.195602726976291
"cum_abs_estimate_total","mediating_TRUE",4359,0.196338721635742
"cum_abs_estimate_total","mediating_TRUE",4372,0.197074716295193
"cum_abs_estimate_total","mediating_TRUE",4385,0.197577580012844
"cum_abs_estimate_total","mediating_TRUE",4398,0.198197009201395
"cum_abs_estimate_total","mediating_TRUE",4411,0.199049569331746
"cum_abs_estimate_total","mediating_TRUE",4424,0.199785563991197
"cum_abs_estimate_total","mediating_TRUE",4437,0.200171862237949
"cum_abs_estimate_total","mediating_TRUE",4450,0.2007912914265
"cum_abs_estimate_total","mediating_TRUE",4464,0.201270070945794
"cum_abs_estimate_total","mediating_TRUE",4477,0.201772934663445
"cum_abs_estimate_total","mediating_TRUE",4490,0.202392363851997
"cum_abs_estimate_total","mediating_TRUE",4503,0.203011793040548
"cum_abs_estimate_total","mediating_TRUE",4516,0.203631222229099
"cum_abs_estimate_total","mediating_TRUE",4529,0.204017520475851
"cum_abs_estimate_total","mediating_TRUE",4542,0.204870080606201
"cum_abs_estimate_total","mediating_TRUE",4555,0.205256378852953
"cum_abs_estimate_total","mediating_TRUE",4568,0.205875808041504
"cum_abs_estimate_total","mediating_TRUE",4581,0.206378671759156
"cum_abs_estimate_total","mediating_TRUE",4594,0.207114666418607
"cum_abs_estimate_total","mediating_TRUE",4607,0.207617530136258
"cum_abs_estimate_total","mediating_TRUE",4621,0.208679137010051
"cum_abs_estimate_total","mediating_TRUE",4634,0.209065435256803
"cum_abs_estimate_total","mediating_TRUE",4647,0.209801429916253
"cum_abs_estimate_total","mediating_TRUE",4660,0.210304293633905
"cum_abs_estimate_total","mediating_TRUE",4673,0.210807157351556
"cum_abs_estimate_total","mediating_TRUE",4686,0.211076890127408
"cum_abs_estimate_total","mediating_TRUE",4699,0.211812884786859
"cum_abs_estimate_total","mediating_TRUE",4712,0.21243231397541
"cum_abs_estimate_total","mediating_TRUE",4725,0.213401439576661
"cum_abs_estimate_total","mediating_TRUE",4738,0.214020868765212
"cum_abs_estimate_total","mediating_TRUE",4751,0.214523732482863
"cum_abs_estimate_total","mediating_TRUE",4764,0.215143161671415
"cum_abs_estimate_total","mediating_TRUE",4778,0.215971637603408
"cum_abs_estimate_total","mediating_TRUE",4791,0.216824197733759
"cum_abs_estimate_total","mediating_TRUE",4804,0.21744362692231
"cum_abs_estimate_total","mediating_TRUE",4817,0.21841275252356
"cum_abs_estimate_total","mediating_TRUE",4830,0.219032181712112
"cum_abs_estimate_total","mediating_TRUE",4843,0.219651610900663
"cum_abs_estimate_total","mediating_TRUE",4856,0.220271040089214
"cum_abs_estimate_total","mediating_TRUE",4869,0.221007034748665
"cum_abs_estimate_total","mediating_TRUE",4882,0.221859594879016
"cum_abs_estimate_total","mediating_TRUE",4895,0.222595589538467
"cum_abs_estimate_total","mediating_TRUE",4908,0.223098453256118
"cum_abs_estimate_total","mediating_TRUE",4922,0.223693798246312
"cum_abs_estimate_total","mediating_TRUE",4935,0.224196661963963
"cum_abs_estimate_total","mediating_TRUE",4948,0.224699525681615
"cum_abs_estimate_total","mediating_TRUE",4961,0.224736127515667
"cum_abs_estimate_total","mediating_TRUE",4974,0.225238991233318
"cum_abs_estimate_total","mediating_TRUE",4987,0.22585842042187
"cum_abs_estimate_total","mediating_TRUE",5000,0.226361284139521
"cum_abs_estimate_total","mediating_TRUE",5013,0.226980713328072
"cum_abs_estimate_total","mediating_TRUE",5026,0.227949838929323
"cum_abs_estimate_total","mediating_TRUE",5039,0.228685833588774
"cum_abs_estimate_total","mediating_TRUE",5052,0.229305262777325
"cum_abs_estimate_total","mediating_TRUE",5065,0.230157822907676
"cum_abs_estimate_total","mediating_TRUE",5079,0.230753167897869
"cum_abs_estimate_total","mediating_TRUE",5092,0.231256031615521
"cum_abs_estimate_total","mediating_TRUE",5105,0.232225157216771
"cum_abs_estimate_total","mediating_TRUE",5118,0.232844586405322
"cum_abs_estimate_total","mediating_TRUE",5131,0.233464015593874
"cum_abs_estimate_total","mediating_TRUE",5144,0.234083444782425
"cum_abs_estimate_total","mediating_TRUE",5157,0.234586308500076
"cum_abs_estimate_total","mediating_TRUE",5170,0.235438868630427
"cum_abs_estimate_total","mediating_TRUE",5183,0.235941732348078
"cum_abs_estimate_total","mediating_TRUE",5196,0.23656116153663
"cum_abs_estimate_total","mediating_TRUE",5209,0.23741372166698
"cum_abs_estimate_total","mediating_TRUE",5223,0.238358763069873
"cum_abs_estimate_total","mediating_TRUE",5236,0.238978192258425
"cum_abs_estimate_total","mediating_TRUE",5249,0.239247925034276
"cum_abs_estimate_total","mediating_TRUE",5262,0.239867354222828
"cum_abs_estimate_total","mediating_TRUE",5275,0.240370217940479
"cum_abs_estimate_total","mediating_TRUE",5288,0.24110621259993
"cum_abs_estimate_total","mediating_TRUE",5301,0.241842207259381
"cum_abs_estimate_total","mediating_TRUE",5314,0.242461636447932
"cum_abs_estimate_total","mediating_TRUE",5327,0.242964500165584
"cum_abs_estimate_total","mediating_TRUE",5340,0.243700494825035
"cum_abs_estimate_total","mediating_TRUE",5353,0.244669620426285
"cum_abs_estimate_total","mediating_TRUE",5366,0.245405615085736
"cum_abs_estimate_total","mediating_TRUE",5380,0.24600096007593
"cum_abs_estimate_total","mediating_TRUE",5393,0.246736954735381
"cum_abs_estimate_total","mediating_TRUE",5406,0.247589514865731
"cum_abs_estimate_total","mediating_TRUE",5419,0.247859247641583
"cum_abs_estimate_total","mediating_TRUE",5432,0.248245545888335
"cum_abs_estimate_total","mediating_TRUE",5445,0.248981540547786
"cum_abs_estimate_total","mediating_TRUE",5458,0.249484404265437
"cum_abs_estimate_total","mediating_TRUE",5471,0.250103833453989
"cum_abs_estimate_total","mediating_TRUE",5484,0.25083982811344
"cum_abs_estimate_total","mediating_TRUE",5497,0.25157582277289
"cum_abs_estimate_total","mediating_TRUE",5510,0.252078686490542
"cum_abs_estimate_total","mediating_TRUE",5524,0.252674031480736
"cum_abs_estimate_total","mediating_TRUE",5537,0.253060329727487
"cum_abs_estimate_total","mediating_TRUE",5550,0.253912889857838
"cum_abs_estimate_total","mediating_TRUE",5563,0.25418262263369
"cum_abs_estimate_total","mediating_TRUE",5576,0.254335789938642
"cum_abs_estimate_total","mediating_TRUE",5589,0.254838653656293
"cum_abs_estimate_total","mediating_TRUE",5602,0.255224951903045
"cum_abs_estimate_total","mediating_TRUE",5615,0.255960946562496
"cum_abs_estimate_total","mediating_TRUE",5628,0.256230679338348
"cum_abs_estimate_total","mediating_TRUE",5641,0.256850108526899
"cum_abs_estimate_total","mediating_TRUE",5654,0.25758610318635
"cum_abs_estimate_total","mediating_TRUE",5667,0.258088966904002
"cum_abs_estimate_total","mediating_TRUE",5681,0.258567746423296
"cum_abs_estimate_total","mediating_TRUE",5694,0.259653437495446
"cum_abs_estimate_total","mediating_TRUE",5707,0.259923170271298
"cum_abs_estimate_total","mediating_TRUE",5720,0.260542599459849
"cum_abs_estimate_total","mediating_TRUE",5733,0.2612785941193
"cum_abs_estimate_total","mediating_TRUE",5746,0.261781457836951
"cum_abs_estimate_total","mediating_TRUE",5759,0.262517452496402
"cum_abs_estimate_total","mediating_TRUE",5772,0.263253447155853
"cum_abs_estimate_total","mediating_TRUE",5785,0.263639745402605
"cum_abs_estimate_total","mediating_TRUE",5798,0.264259174591156
"cum_abs_estimate_total","mediating_TRUE",5811,0.264645472837908
"cum_abs_estimate_total","mediating_TRUE",5825,0.265357383299001
"cum_abs_estimate_total","mediating_TRUE",5838,0.266093377958452
"cum_abs_estimate_total","mediating_TRUE",5851,0.266596241676104
"cum_abs_estimate_total","mediating_TRUE",5864,0.267215670864655
"cum_abs_estimate_total","mediating_TRUE",5877,0.267951665524106
"cum_abs_estimate_total","mediating_TRUE",5890,0.268804225654456
"cum_abs_estimate_total","mediating_TRUE",5903,0.269540220313907
"cum_abs_estimate_total","mediating_TRUE",5916,0.270043084031559
"cum_abs_estimate_total","mediating_TRUE",5929,0.270429382278311
"cum_abs_estimate_total","mediating_TRUE",5942,0.270932245995962
"cum_abs_estimate_total","mediating_TRUE",5955,0.271318544242714
"cum_abs_estimate_total","mediating_TRUE",5968,0.272171104373064
"cum_abs_estimate_total","mediating_TRUE",5982,0.273232711246857
"cum_abs_estimate_total","mediating_TRUE",5995,0.273619009493609
"cum_abs_estimate_total","mediating_TRUE",6008,0.27412187321126
"cum_abs_estimate_total","mediating_TRUE",6021,0.275090998812511
"cum_abs_estimate_total","mediating_TRUE",6034,0.275710428001062
"cum_abs_estimate_total","mediating_TRUE",6047,0.276213291718713
"cum_abs_estimate_total","mediating_TRUE",6060,0.276716155436365
"cum_abs_estimate_total","mediating_TRUE",6073,0.277568715566715
"cum_abs_estimate_total","mediating_TRUE",6086,0.278421275697066
"cum_abs_estimate_total","mediating_TRUE",6099,0.278807573943818
"cum_abs_estimate_total","mediating_TRUE",6112,0.279543568603269
"cum_abs_estimate_total","mediating_TRUE",6125,0.28039612873362
"cum_abs_estimate_total","mediating_TRUE",6139,0.281108039194713
"cum_abs_estimate_total","mediating_TRUE",6152,0.281377771970565
"cum_abs_estimate_total","mediating_TRUE",6165,0.281880635688216
"cum_abs_estimate_total","mediating_TRUE",6178,0.282733195818567
"cum_abs_estimate_total","mediating_TRUE",6191,0.283702321419818
"cum_abs_estimate_total","mediating_TRUE",6204,0.284321750608369
"cum_abs_estimate_total","mediating_TRUE",6217,0.28505774526782
"cum_abs_estimate_total","mediating_TRUE",6230,0.285444043514571
"cum_abs_estimate_total","mediating_TRUE",6243,0.286296603644922
"cum_abs_estimate_total","mediating_TRUE",6256,0.287382294717072
"cum_abs_estimate_total","mediating_TRUE",6269,0.288234854847423
"cum_abs_estimate_total","mediating_TRUE",6283,0.289063330779416
"cum_abs_estimate_total","mediating_TRUE",6296,0.289682759967968
"cum_abs_estimate_total","mediating_TRUE",6309,0.290069058214719
"cum_abs_estimate_total","mediating_TRUE",6322,0.290571921932371
"cum_abs_estimate_total","mediating_TRUE",6335,0.291307916591822
"cum_abs_estimate_total","mediating_TRUE",6348,0.291927345780373
"cum_abs_estimate_total","mediating_TRUE",6361,0.292546774968924
"cum_abs_estimate_total","mediating_TRUE",6374,0.293399335099275
"cum_abs_estimate_total","mediating_TRUE",6387,0.294018764287826
"cum_abs_estimate_total","mediating_TRUE",6400,0.294521628005477
"cum_abs_estimate_total","mediating_TRUE",6413,0.295141057194029
"cum_abs_estimate_total","mediating_TRUE",6426,0.29552735544078
"cum_abs_estimate_total","mediating_TRUE",6440,0.296355831372773
"cum_abs_estimate_total","mediating_TRUE",6453,0.296975260561325
"cum_abs_estimate_total","mediating_TRUE",6466,0.297361558808076
"cum_abs_estimate_total","mediating_TRUE",6479,0.297864422525728
"cum_abs_estimate_total","mediating_TRUE",6492,0.298483851714279
"cum_abs_estimate_total","mediating_TRUE",6505,0.29933641184463
"cum_abs_estimate_total","mediating_TRUE",6518,0.299722710091381
"cum_abs_estimate_total","mediating_TRUE",6531,0.300342139279933
"cum_abs_estimate_total","mediating_TRUE",6544,0.301078133939383
"cum_abs_estimate_total","mediating_TRUE",6557,0.301464432186135
"cum_abs_estimate_total","mediating_TRUE",6570,0.302083861374686
"cum_abs_estimate_total","mediating_TRUE",6584,0.30267920636488
"cum_abs_estimate_total","mediating_TRUE",6597,0.303415201024331
"cum_abs_estimate_total","mediating_TRUE",6610,0.304267761154682
"cum_abs_estimate_total","mediating_TRUE",6623,0.304654059401433
"cum_abs_estimate_total","mediating_TRUE",6636,0.305506619531784
"cum_abs_estimate_total","mediating_TRUE",6649,0.306009483249436
"cum_abs_estimate_total","mediating_TRUE",6662,0.306512346967087
"cum_abs_estimate_total","mediating_TRUE",6675,0.307131776155638
"cum_abs_estimate_total","mediating_TRUE",6688,0.307867770815089
"cum_abs_estimate_total","mediating_TRUE",6701,0.30848720000364
"cum_abs_estimate_total","mediating_TRUE",6714,0.309339760133991
"cum_abs_estimate_total","mediating_TRUE",6727,0.309842623851643
"cum_abs_estimate_total","mediating_TRUE",6741,0.310904230725435
"cum_abs_estimate_total","mediating_TRUE",6754,0.311873356326686
"cum_abs_estimate_total","mediating_TRUE",6767,0.312492785515237
"cum_abs_estimate_total","mediating_TRUE",6780,0.313345345645588
"cum_abs_estimate_total","mediating_TRUE",6793,0.313848209363239
"cum_abs_estimate_total","mediating_TRUE",6806,0.314117942139091
"cum_abs_estimate_total","mediating_TRUE",6819,0.314970502269442
"cum_abs_estimate_total","mediating_TRUE",6832,0.315356800516193
"cum_abs_estimate_total","mediating_TRUE",6845,0.316092795175644
"cum_abs_estimate_total","mediating_TRUE",6858,0.316362527951496
"cum_abs_estimate_total","mediating_TRUE",6871,0.317331653552747
"cum_abs_estimate_total","mediating_TRUE",6885,0.317810433072041
"cum_abs_estimate_total","mediating_TRUE",6898,0.318662993202391
"cum_abs_estimate_total","mediating_TRUE",6911,0.319049291449143
"cum_abs_estimate_total","mediating_TRUE",6924,0.319552155166795
"cum_abs_estimate_total","mediating_TRUE",6937,0.320404715297145
"cum_abs_estimate_total","mediating_TRUE",6950,0.321140709956596
"cum_abs_estimate_total","mediating_TRUE",6963,0.321876704616047
"cum_abs_estimate_total","mediating_TRUE",6976,0.322612699275498
"cum_abs_estimate_total","mediating_TRUE",6989,0.323348693934949
"cum_abs_estimate_total","mediating_TRUE",7002,0.3242012540653
"cum_abs_estimate_total","mediating_TRUE",7015,0.324587552312052
"cum_abs_estimate_total","mediating_TRUE",7028,0.325440112442402
"cum_abs_estimate_total","mediating_TRUE",7042,0.326035457432596
"cum_abs_estimate_total","mediating_TRUE",7055,0.326654886621147
"cum_abs_estimate_total","mediating_TRUE",7068,0.327390881280598
"cum_abs_estimate_total","mediating_TRUE",7081,0.32742748311465
"cum_abs_estimate_total","mediating_TRUE",7094,0.328163477774101
"cum_abs_estimate_total","mediating_TRUE",7107,0.328782906962653
"cum_abs_estimate_total","mediating_TRUE",7120,0.329402336151204
"cum_abs_estimate_total","mediating_TRUE",7133,0.330021765339755
"cum_abs_estimate_total","mediating_TRUE",7146,0.330641194528306
"cum_abs_estimate_total","mediating_TRUE",7159,0.331377189187757
"cum_abs_estimate_total","mediating_TRUE",7172,0.331763487434509
"cum_abs_estimate_total","mediating_TRUE",7186,0.332591963366502
"cum_abs_estimate_total","mediating_TRUE",7199,0.333327958025953
"cum_abs_estimate_total","mediating_TRUE",7212,0.334180518156304
"cum_abs_estimate_total","mediating_TRUE",7225,0.334799947344855
"cum_abs_estimate_total","mediating_TRUE",7238,0.335535942004306
"cum_abs_estimate_total","mediating_TRUE",7251,0.335922240251058
"cum_abs_estimate_total","mediating_TRUE",7264,0.337007931323208
"cum_abs_estimate_total","mediating_TRUE",7277,0.33739422956996
"cum_abs_estimate_total","mediating_TRUE",7290,0.337897093287611
"cum_abs_estimate_total","mediating_TRUE",7303,0.338749653417962
"cum_abs_estimate_total","mediating_TRUE",7316,0.339252517135613
"cum_abs_estimate_total","mediating_TRUE",7329,0.339988511795064
"cum_abs_estimate_total","mediating_TRUE",7343,0.340933553197957
"cum_abs_estimate_total","mediating_TRUE",7356,0.341203285973809
"cum_abs_estimate_total","mediating_TRUE",7369,0.34205584610416
"cum_abs_estimate_total","mediating_TRUE",7382,0.342675275292711
"cum_abs_estimate_total","mediating_TRUE",7395,0.343294704481262
"cum_abs_estimate_total","mediating_TRUE",7408,0.344030699140713
"cum_abs_estimate_total","mediating_TRUE",7421,0.344650128329264
"cum_abs_estimate_total","mediating_TRUE",7434,0.345152992046916
"cum_abs_estimate_total","mediating_TRUE",7447,0.346005552177266
"cum_abs_estimate_total","mediating_TRUE",7460,0.346624981365818
"cum_abs_estimate_total","mediating_TRUE",7473,0.347244410554369
"cum_abs_estimate_total","mediating_TRUE",7486,0.34786383974292
"cum_abs_estimate_total","mediating_TRUE",7500,0.348459184733114
"cum_abs_estimate_total","mediating_TRUE",7513,0.348845482979865
"cum_abs_estimate_total","mediating_TRUE",7526,0.349698043110216
"cum_abs_estimate_total","mediating_TRUE",7539,0.350200906827868
"cum_abs_estimate_total","mediating_TRUE",7552,0.351053466958218
"cum_abs_estimate_total","mediating_TRUE",7565,0.351906027088569
"cum_abs_estimate_total","mediating_TRUE",7578,0.352175759864421
"cum_abs_estimate_total","mediating_TRUE",7591,0.352562058111173
"cum_abs_estimate_total","mediating_TRUE",7604,0.352948356357924
"cum_abs_estimate_total","mediating_TRUE",7617,0.353684351017375
"cum_abs_estimate_total","mediating_TRUE",7630,0.354303780205926
"cum_abs_estimate_total","mediating_TRUE",7644,0.355481952550619
"cum_abs_estimate_total","mediating_TRUE",7657,0.35621794721007
"cum_abs_estimate_total","mediating_TRUE",7670,0.356837376398621
"cum_abs_estimate_total","mediating_TRUE",7683,0.356990543703573
"cum_abs_estimate_total","mediating_TRUE",7696,0.357726538363024
"cum_abs_estimate_total","mediating_TRUE",7709,0.358579098493375
"cum_abs_estimate_total","mediating_TRUE",7722,0.359198527681926
"cum_abs_estimate_total","mediating_TRUE",7735,0.359934522341377
"cum_abs_estimate_total","mediating_TRUE",7748,0.360437386059028
"cum_abs_estimate_total","mediating_TRUE",7761,0.36105681524758
"cum_abs_estimate_total","mediating_TRUE",7774,0.36214250631973
"cum_abs_estimate_total","mediating_TRUE",7787,0.362645370037381
"cum_abs_estimate_total","mediating_TRUE",7801,0.363590411440274
"cum_abs_estimate_total","mediating_TRUE",7814,0.364209840628826
"cum_abs_estimate_total","mediating_TRUE",7827,0.365062400759176
"cum_abs_estimate_total","mediating_TRUE",7840,0.365681829947728
"cum_abs_estimate_total","mediating_TRUE",7853,0.366301259136279
"cum_abs_estimate_total","mediating_TRUE",7866,0.36680412285393
"cum_abs_estimate_total","mediating_TRUE",7879,0.367190421100682
"cum_abs_estimate_total","mediating_TRUE",7892,0.367576719347433
"cum_abs_estimate_total","mediating_TRUE",7905,0.368079583065085
"cum_abs_estimate_total","mediating_TRUE",7918,0.368582446782736
"cum_abs_estimate_total","mediating_TRUE",7931,0.369201875971288
"cum_abs_estimate_total","mediating_TRUE",7945,0.369447524548782
"cum_abs_estimate_total","mediating_TRUE",7958,0.369950388266433
"cum_abs_estimate_total","mediating_TRUE",7971,0.370569817454985
"cum_abs_estimate_total","mediating_TRUE",7984,0.371189246643536
"cum_abs_estimate_total","mediating_TRUE",7997,0.371808675832087
"cum_abs_estimate_total","mediating_TRUE",8010,0.372428105020638
"cum_abs_estimate_total","mediating_TRUE",8023,0.37258127232559
"cum_abs_estimate_total","mediating_TRUE",8036,0.373084136043242
"cum_abs_estimate_total","mediating_TRUE",8049,0.373936696173592
"cum_abs_estimate_total","mediating_TRUE",8062,0.374789256303943
"cum_abs_estimate_total","mediating_TRUE",8075,0.375058989079795
"cum_abs_estimate_total","mediating_TRUE",8088,0.375794983739246
"cum_abs_estimate_total","mediating_TRUE",8102,0.376740025142139
"cum_abs_estimate_total","mediating_TRUE",8115,0.37724288885979
"cum_abs_estimate_total","mediating_TRUE",8128,0.377629187106542
"cum_abs_estimate_total","mediating_TRUE",8141,0.378132050824194
"cum_abs_estimate_total","mediating_TRUE",8154,0.378518349070945
"cum_abs_estimate_total","mediating_TRUE",8167,0.379370909201296
"cum_abs_estimate_total","mediating_TRUE",8180,0.379640641977148
"cum_abs_estimate_total","mediating_TRUE",8193,0.380493202107499
"cum_abs_estimate_total","mediating_TRUE",8206,0.38087950035425
"cum_abs_estimate_total","mediating_TRUE",8219,0.381732060484601
"cum_abs_estimate_total","mediating_TRUE",8232,0.382001793260453
"cum_abs_estimate_total","mediating_TRUE",8246,0.382597138250647
"cum_abs_estimate_total","mediating_TRUE",8259,0.383449698380997
"cum_abs_estimate_total","mediating_TRUE",8272,0.384185693040448
"cum_abs_estimate_total","mediating_TRUE",8285,0.3844554258163
"cum_abs_estimate_total","mediating_TRUE",8298,0.385307985946651
"cum_abs_estimate_total","mediating_TRUE",8311,0.385694284193403
"cum_abs_estimate_total","mediating_TRUE",8324,0.386430278852853
"cum_abs_estimate_total","mediating_TRUE",8337,0.387049708041405
"cum_abs_estimate_total","mediating_TRUE",8350,0.388018833642655
"cum_abs_estimate_total","mediating_TRUE",8363,0.388754828302106
"cum_abs_estimate_total","mediating_TRUE",8376,0.389257692019758
"cum_abs_estimate_total","mediating_TRUE",8389,0.389877121208309
"cum_abs_estimate_total","mediating_TRUE",8403,0.390239335256703
"cum_abs_estimate_total","mediating_TRUE",8416,0.391091895387054
"cum_abs_estimate_total","mediating_TRUE",8429,0.391944455517404
"cum_abs_estimate_total","mediating_TRUE",8442,0.392330753764156
"cum_abs_estimate_total","mediating_TRUE",8455,0.393066748423607
"cum_abs_estimate_total","mediating_TRUE",8468,0.393919308553958
"cum_abs_estimate_total","mediating_TRUE",8481,0.394305606800709
"cum_abs_estimate_total","mediating_TRUE",8494,0.394925035989261
"cum_abs_estimate_total","mediating_TRUE",8507,0.395661030648712
"cum_abs_estimate_total","mediating_TRUE",8520,0.395930763424563
"cum_abs_estimate_total","mediating_TRUE",8533,0.396666758084014
"cum_abs_estimate_total","mediating_TRUE",8546,0.397053056330766
"cum_abs_estimate_total","mediating_TRUE",8560,0.39776496679186
"cum_abs_estimate_total","mediating_TRUE",8573,0.398151265038611
"cum_abs_estimate_total","mediating_TRUE",8586,0.399003825168962
"cum_abs_estimate_total","mediating_TRUE",8599,0.399856385299313
"cum_abs_estimate_total","mediating_TRUE",8612,0.400242683546064
"cum_abs_estimate_total","mediating_TRUE",8625,0.400862112734616
"cum_abs_estimate_total","mediating_TRUE",8638,0.401598107394066
"cum_abs_estimate_total","mediating_TRUE",8651,0.402100971111718
"cum_abs_estimate_total","mediating_TRUE",8664,0.402836965771169
"cum_abs_estimate_total","mediating_TRUE",8677,0.40368952590152
"cum_abs_estimate_total","mediating_TRUE",8690,0.404192389619171
"cum_abs_estimate_total","mediating_TRUE",8704,0.404904300080265
"cum_abs_estimate_total","mediating_TRUE",8717,0.405756860210615
"cum_abs_estimate_total","mediating_TRUE",8730,0.406143158457367
"cum_abs_estimate_total","mediating_TRUE",8743,0.406762587645918
"cum_abs_estimate_total","mediating_TRUE",8756,0.40691575495087
"cum_abs_estimate_total","mediating_TRUE",8769,0.407535184139421
"cum_abs_estimate_total","mediating_TRUE",8782,0.408038047857073
"cum_abs_estimate_total","mediating_TRUE",8795,0.408540911574724
"cum_abs_estimate_total","mediating_TRUE",8808,0.408927209821476
"cum_abs_estimate_total","mediating_TRUE",8821,0.409663204480927
"cum_abs_estimate_total","mediating_TRUE",8834,0.410166068198578
"cum_abs_estimate_total","mediating_TRUE",8847,0.41066893191623
"cum_abs_estimate_total","mediating_TRUE",8861,0.411031145964624
"cum_abs_estimate_total","mediating_TRUE",8874,0.411767140624075
"cum_abs_estimate_total","mediating_TRUE",8887,0.412270004341726
"cum_abs_estimate_total","mediating_TRUE",8900,0.412889433530278
"cum_abs_estimate_total","mediating_TRUE",8913,0.413392297247929
"cum_abs_estimate_total","mediating_TRUE",8926,0.41424485737828
"cum_abs_estimate_total","mediating_TRUE",8939,0.414747721095931
"cum_abs_estimate_total","mediating_TRUE",8952,0.415600281226282
"cum_abs_estimate_total","mediating_TRUE",8965,0.416336275885733
"cum_abs_estimate_total","mediating_TRUE",8978,0.416955705074284
"cum_abs_estimate_total","mediating_TRUE",8991,0.417458568791935
"cum_abs_estimate_total","mediating_TRUE",9005,0.418053913782129
"cum_abs_estimate_total","mediating_TRUE",9018,0.41890647391248
"cum_abs_estimate_total","mediating_TRUE",9031,0.419759034042831
"cum_abs_estimate_total","mediating_TRUE",9044,0.420611594173181
"cum_abs_estimate_total","mediating_TRUE",9057,0.421464154303532
"cum_abs_estimate_total","mediating_TRUE",9070,0.421733887079384
"cum_abs_estimate_total","mediating_TRUE",9083,0.422353316267935
"cum_abs_estimate_total","mediating_TRUE",9096,0.422972745456486
"cum_abs_estimate_total","mediating_TRUE",9109,0.423708740115937
"cum_abs_estimate_total","mediating_TRUE",9122,0.424095038362689
"cum_abs_estimate_total","mediating_TRUE",9135,0.424481336609441
"cum_abs_estimate_total","mediating_TRUE",9148,0.424984200327092
"cum_abs_estimate_total","mediating_TRUE",9162,0.425696110788186
"cum_abs_estimate_total","mediating_TRUE",9175,0.426432105447637
"cum_abs_estimate_total","mediating_TRUE",9188,0.426585272752589
"cum_abs_estimate_total","mediating_TRUE",9201,0.42697157099934
"cum_abs_estimate_total","mediating_TRUE",9214,0.427474434716992
"cum_abs_estimate_total","mediating_TRUE",9227,0.427977298434643
"cum_abs_estimate_total","mediating_TRUE",9240,0.428596727623194
"cum_abs_estimate_total","mediating_TRUE",9253,0.428866460399046
"cum_abs_estimate_total","mediating_TRUE",9266,0.429485889587597
"cum_abs_estimate_total","mediating_TRUE",9279,0.430221884247048
"cum_abs_estimate_total","mediating_TRUE",9292,0.4304916170229
"cum_abs_estimate_total","mediating_TRUE",9306,0.430853831071294
"cum_abs_estimate_total","mediating_TRUE",9319,0.431240129318046
"cum_abs_estimate_total","mediating_TRUE",9332,0.431976123977497
"cum_abs_estimate_total","mediating_TRUE",9345,0.432362422224249
"cum_abs_estimate_total","mediating_TRUE",9358,0.4329818514128
"cum_abs_estimate_total","mediating_TRUE",9371,0.43395097701405
"cum_abs_estimate_total","mediating_TRUE",9384,0.434453840731702
"cum_abs_estimate_total","mediating_TRUE",9397,0.434840138978454
"cum_abs_estimate_total","mediating_TRUE",9410,0.435576133637904
"cum_abs_estimate_total","mediating_TRUE",9423,0.435962431884656
"cum_abs_estimate_total","mediating_TRUE",9436,0.436232164660508
"cum_abs_estimate_total","mediating_TRUE",9449,0.43661846290726
"cum_abs_estimate_total","mediating_TRUE",9463,0.436864111484754
"cum_abs_estimate_total","mediating_TRUE",9476,0.437017278789706
"cum_abs_estimate_total","mediating_TRUE",9489,0.437520142507358
"cum_abs_estimate_total","mediating_TRUE",9502,0.43778987528321
"cum_abs_estimate_total","mediating_TRUE",9515,0.438059608059061
"cum_abs_estimate_total","mediating_TRUE",9528,0.438679037247613
"cum_abs_estimate_total","mediating_TRUE",9541,0.439298466436164
"cum_abs_estimate_total","mediating_TRUE",9554,0.439801330153815
"cum_abs_estimate_total","mediating_TRUE",9567,0.440187628400567
"cum_abs_estimate_total","mediating_TRUE",9580,0.440690492118218
"cum_abs_estimate_total","mediating_TRUE",9593,0.441543052248569
"cum_abs_estimate_total","mediating_TRUE",9607,0.442021831767863
"cum_abs_estimate_total","mediating_TRUE",9620,0.442408130014615
"cum_abs_estimate_total","mediating_TRUE",9633,0.443027559203166
"cum_abs_estimate_total","mediating_TRUE",9646,0.443297291979018
"cum_abs_estimate_total","mediating_TRUE",9659,0.444033286638469
"cum_abs_estimate_total","mediating_TRUE",9672,0.44441958488522
"cum_abs_estimate_total","mediating_TRUE",9685,0.444689317661072
"cum_abs_estimate_total","mediating_TRUE",9698,0.445308746849623
"cum_abs_estimate_total","mediating_TRUE",9711,0.446044741509074
"cum_abs_estimate_total","mediating_TRUE",9724,0.446664170697626
"cum_abs_estimate_total","mediating_TRUE",9737,0.447050468944377
"cum_abs_estimate_total","mediating_TRUE",9750,0.447786463603828
"cum_abs_estimate_total","mediating_TRUE",9764,0.448381808594022
"cum_abs_estimate_total","mediating_TRUE",9777,0.448768106840774
"cum_abs_estimate_total","mediating_TRUE",9790,0.449154405087525
"cum_abs_estimate_total","mediating_TRUE",9803,0.449890399746976
"cum_abs_estimate_total","mediating_TRUE",9816,0.450509828935527
"cum_abs_estimate_total","mediating_TRUE",9829,0.450779561711379
"cum_abs_estimate_total","mediating_TRUE",9842,0.451282425429031
"cum_abs_estimate_total","mediating_TRUE",9855,0.452018420088482
"cum_abs_estimate_total","mediating_TRUE",9868,0.452404718335233
"cum_abs_estimate_total","mediating_TRUE",9881,0.453024147523785
"cum_abs_estimate_total","mediating_TRUE",9894,0.453643576712336
"cum_abs_estimate_total","mediating_TRUE",9907,0.453796744017288
"cum_abs_estimate_total","mediating_TRUE",9921,0.454158958065682
"cum_abs_estimate_total","mediating_TRUE",9934,0.454778387254233
"cum_abs_estimate_total","mediating_TRUE",9947,0.455164685500985
"cum_abs_estimate_total","mediating_TRUE",9960,0.455550983747737
"cum_abs_estimate_total","mediating_TRUE",9973,0.455704151052689
"cum_abs_estimate_total","mediating_TRUE",9986,0.45632358024124
"cum_abs_estimate_total","mediating_TRUE",9999,0.457059574900691
"cum_abs_estimate_total","mediating_TRUE",10012,0.457679004089242
"cum_abs_estimate_total","mediating_TRUE",10025,0.458414998748693
"cum_abs_estimate_total","mediating_TRUE",10038,0.459150993408144
"cum_abs_estimate_total","mediating_TRUE",10051,0.460003553538495
"cum_abs_estimate_total","mediating_TRUE",10065,0.460482333057789
"cum_abs_estimate_total","mediating_TRUE",10078,0.46098519677544
"cum_abs_estimate_total","mediating_TRUE",10091,0.461721191434891
"cum_abs_estimate_total","mediating_TRUE",10104,0.462340620623442
"cum_abs_estimate_total","mediating_TRUE",10117,0.463193180753793
"cum_abs_estimate_total","mediating_TRUE",10130,0.463579479000545
"cum_abs_estimate_total","mediating_TRUE",10143,0.464198908189096
"cum_abs_estimate_total","mediating_TRUE",10156,0.464585206435847
"cum_abs_estimate_total","mediating_TRUE",10169,0.4647383737408
"cum_abs_estimate_total","mediating_TRUE",10182,0.465008106516652
"cum_abs_estimate_total","mediating_TRUE",10195,0.465277839292503
"cum_abs_estimate_total","mediating_TRUE",10208,0.465664137539255
"cum_abs_estimate_total","mediating_TRUE",10222,0.465909786116749
"cum_abs_estimate_total","mediating_TRUE",10235,0.466179518892601
"cum_abs_estimate_total","mediating_TRUE",10248,0.466565817139353
"cum_abs_estimate_total","mediating_TRUE",10261,0.467301811798804
"cum_abs_estimate_total","mediating_TRUE",10274,0.467571544574656
"cum_abs_estimate_total","mediating_TRUE",10287,0.468074408292307
"cum_abs_estimate_total","mediating_TRUE",10300,0.468460706539059
"cum_abs_estimate_total","mediating_TRUE",10313,0.46919670119851
"cum_abs_estimate_total","mediating_TRUE",10326,0.469466433974362
"cum_abs_estimate_total","mediating_TRUE",10339,0.470085863162913
"cum_abs_estimate_total","mediating_TRUE",10352,0.470588726880564
"cum_abs_estimate_total","mediating_TRUE",10366,0.470717809987159
"cum_abs_estimate_total","mediating_TRUE",10379,0.47145380464661
"cum_abs_estimate_total","mediating_TRUE",10392,0.471840102893362
"cum_abs_estimate_total","mediating_TRUE",10405,0.472342966611013
"cum_abs_estimate_total","mediating_TRUE",10418,0.473078961270464
"cum_abs_estimate_total","mediating_TRUE",10431,0.473232128575416
"cum_abs_estimate_total","mediating_TRUE",10444,0.473734992293068
"cum_abs_estimate_total","mediating_TRUE",10457,0.474237856010719
"cum_abs_estimate_total","mediating_TRUE",10470,0.474507588786571
"cum_abs_estimate_total","mediating_TRUE",10483,0.475127017975122
"cum_abs_estimate_total","mediating_TRUE",10496,0.475746447163673
"cum_abs_estimate_total","mediating_TRUE",10509,0.476016179939525
"cum_abs_estimate_total","mediating_TRUE",10523,0.476611524929719
"cum_abs_estimate_total","mediating_TRUE",10536,0.476764692234671
"cum_abs_estimate_total","mediating_TRUE",10549,0.477150990481423
"cum_abs_estimate_total","mediating_TRUE",10562,0.478003550611774
"cum_abs_estimate_total","mediating_TRUE",10575,0.478040152445826
"cum_abs_estimate_total","mediating_TRUE",10588,0.478543016163477
"cum_abs_estimate_total","mediating_TRUE",10601,0.478812748939329
"cum_abs_estimate_total","mediating_TRUE",10614,0.478732785302482
"cum_abs_estimate_total","mediating_TRUE",10627,0.479352214491033
"cum_abs_estimate_total","mediating_TRUE",10640,0.479855078208684
"cum_abs_estimate_total","mediating_TRUE",10653,0.479891680042737
"cum_abs_estimate_total","mediating_TRUE",10667,0.480370459562031
"cum_abs_estimate_total","mediating_TRUE",10680,0.480873323279682
"cum_abs_estimate_total","mediating_TRUE",10693,0.480909925113734
"cum_abs_estimate_total","mediating_TRUE",10706,0.481412788831386
"cum_abs_estimate_total","mediating_TRUE",10719,0.482032218019937
"cum_abs_estimate_total","mediating_TRUE",10732,0.482651647208488
"cum_abs_estimate_total","mediating_TRUE",10745,0.48292137998434
"cum_abs_estimate_total","mediating_TRUE",10758,0.483191112760192
"cum_abs_estimate_total","mediating_TRUE",10771,0.483460845536044
"cum_abs_estimate_total","mediating_TRUE",10784,0.483847143782796
"cum_abs_estimate_total","mediating_TRUE",10797,0.484233442029547
"cum_abs_estimate_total","mediating_TRUE",10810,0.484503174805399
"cum_abs_estimate_total","mediating_TRUE",10824,0.485215085266493
"cum_abs_estimate_total","mediating_TRUE",10837,0.485601383513244
"cum_abs_estimate_total","mediating_TRUE",10850,0.486220812701796
"cum_abs_estimate_total","mediating_TRUE",10863,0.486490545477647
"cum_abs_estimate_total","mediating_TRUE",10876,0.487343105607998
"cum_abs_estimate_total","mediating_TRUE",10889,0.48749627291295
"cum_abs_estimate_total","mediating_TRUE",10902,0.488232267572401
"cum_abs_estimate_total","mediating_TRUE",10915,0.488851696760952
"cum_abs_estimate_total","mediating_TRUE",10928,0.488888298595005
"cum_abs_estimate_total","mediating_TRUE",10941,0.489624293254456
"cum_abs_estimate_total","mediating_TRUE",10954,0.490243722443007
"cum_abs_estimate_total","mediating_TRUE",10968,0.490722501962301
"cum_abs_estimate_total","mediating_TRUE",10981,0.491225365679952
"cum_abs_estimate_total","mediating_TRUE",10994,0.491728229397604
"cum_abs_estimate_total","mediating_TRUE",11007,0.492231093115255
"cum_abs_estimate_total","mediating_TRUE",11020,0.492500825891107
"cum_abs_estimate_total","mediating_TRUE",11033,0.492537427725159
"cum_abs_estimate_total","mediating_TRUE",11046,0.492923725971911
"cum_abs_estimate_total","mediating_TRUE",11059,0.493543155160462
"cum_abs_estimate_total","mediating_TRUE",11072,0.493812887936314
"cum_abs_estimate_total","mediating_TRUE",11085,0.494432317124865
"cum_abs_estimate_total","mediating_TRUE",11098,0.494702049900717
"cum_abs_estimate_total","mediating_TRUE",11111,0.495204913618369
"cum_abs_estimate_total","mediating_TRUE",11125,0.495916824079462
"cum_abs_estimate_total","mediating_TRUE",11138,0.496536253268013
"cum_abs_estimate_total","mediating_TRUE",11151,0.496689420572965
"cum_abs_estimate_total","mediating_TRUE",11164,0.497308849761517
"cum_abs_estimate_total","mediating_TRUE",11177,0.497578582537369
"cum_abs_estimate_total","mediating_TRUE",11190,0.49819801172592
"cum_abs_estimate_total","mediating_TRUE",11203,0.498584309972671
"cum_abs_estimate_total","mediating_TRUE",11216,0.498970608219423
"cum_abs_estimate_total","mediating_TRUE",11229,0.499473471937074
"cum_abs_estimate_total","mediating_TRUE",11242,0.499743204712926
"cum_abs_estimate_total","mediating_TRUE",11255,0.500129502959678
"cum_abs_estimate_total","mediating_TRUE",11268,0.50051580120643
"cum_abs_estimate_total","mediating_TRUE",11282,0.500994580725724
"cum_abs_estimate_total","mediating_TRUE",11295,0.501264313501576
"cum_abs_estimate_total","mediating_TRUE",11308,0.501650611748327
"cum_abs_estimate_total","mediating_TRUE",11321,0.501920344524179
"cum_abs_estimate_total","mediating_TRUE",11334,0.50253977371273
"cum_abs_estimate_total","mediating_TRUE",11347,0.503159202901281
"cum_abs_estimate_total","mediating_TRUE",11360,0.503895197560732
"cum_abs_estimate_total","mediating_TRUE",11373,0.504398061278384
"cum_abs_estimate_total","mediating_TRUE",11386,0.505134055937835
"cum_abs_estimate_total","mediating_TRUE",11399,0.505520354184587
"cum_abs_estimate_total","mediating_TRUE",11412,0.505906652431338
"cum_abs_estimate_total","mediating_TRUE",11426,0.506268866479732
"cum_abs_estimate_total","mediating_TRUE",11439,0.506538599255584
"cum_abs_estimate_total","mediating_TRUE",11452,0.506691766560536
"cum_abs_estimate_total","mediating_TRUE",11465,0.507194630278188
"cum_abs_estimate_total","mediating_TRUE",11478,0.507930624937639
"cum_abs_estimate_total","mediating_TRUE",11491,0.507967226771691
"cum_abs_estimate_total","mediating_TRUE",11504,0.508353525018443
"cum_abs_estimate_total","mediating_TRUE",11517,0.508506692323395
"cum_abs_estimate_total","mediating_TRUE",11530,0.509359252453746
"cum_abs_estimate_total","mediating_TRUE",11543,0.509745550700497
"cum_abs_estimate_total","mediating_TRUE",11556,0.510015283476349
"cum_abs_estimate_total","mediating_TRUE",11569,0.510285016252201
"cum_abs_estimate_total","mediating_TRUE",11583,0.510414099358796
"cum_abs_estimate_total","mediating_TRUE",11596,0.510916963076447
"cum_abs_estimate_total","mediating_TRUE",11609,0.511536392264998
"cum_abs_estimate_total","mediating_TRUE",11622,0.51180612504085
"cum_abs_estimate_total","mediating_TRUE",11635,0.511842726874903
"cum_abs_estimate_total","mediating_TRUE",11648,0.512229025121654
"cum_abs_estimate_total","mediating_TRUE",11661,0.512848454310205
"cum_abs_estimate_total","mediating_TRUE",11674,0.513118187086057
"cum_abs_estimate_total","mediating_TRUE",11687,0.513621050803709
"cum_abs_estimate_total","mediating_TRUE",11700,0.513890783579561
"cum_abs_estimate_total","mediating_TRUE",11713,0.514743343709911
"cum_abs_estimate_total","mediating_TRUE",11727,0.514755861345606
"cum_abs_estimate_total","mediating_TRUE",11740,0.515491856005057
"cum_abs_estimate_total","mediating_TRUE",11753,0.515878154251809
"cum_abs_estimate_total","mediating_TRUE",11766,0.516031321556761
"cum_abs_estimate_total","mediating_TRUE",11779,0.516301054332613
"cum_abs_estimate_total","mediating_TRUE",11792,0.516920483521164
"cum_abs_estimate_total","mediating_TRUE",11805,0.517073650826116
"cum_abs_estimate_total","mediating_TRUE",11818,0.517576514543768
"cum_abs_estimate_total","mediating_TRUE",11831,0.51772968184872
"cum_abs_estimate_total","mediating_TRUE",11844,0.517999414624572
"cum_abs_estimate_total","mediating_TRUE",11857,0.518269147400424
"cum_abs_estimate_total","mediating_TRUE",11870,0.518655445647175
"cum_abs_estimate_total","mediating_TRUE",11884,0.519017659695569
"cum_abs_estimate_total","mediating_TRUE",11897,0.519170827000522
"cum_abs_estimate_total","mediating_TRUE",11910,0.519440559776373
"cum_abs_estimate_total","mediating_TRUE",11923,0.519826858023125
"cum_abs_estimate_total","mediating_TRUE",11936,0.519746894386278
"cum_abs_estimate_total","mediating_TRUE",11949,0.51990006169123
"cum_abs_estimate_total","mediating_TRUE",11962,0.520636056350681
"cum_abs_estimate_total","mediating_TRUE",11975,0.521138920068332
"cum_abs_estimate_total","mediating_TRUE",11988,0.521058956431485
"cum_abs_estimate_total","mediating_TRUE",12001,0.521328689207337
"cum_abs_estimate_total","mediating_TRUE",12014,0.521598421983189
"cum_abs_estimate_total","mediating_TRUE",12028,0.522077201502482
"cum_abs_estimate_total","mediating_TRUE",12041,0.522463499749234
"cum_abs_estimate_total","mediating_TRUE",12054,0.522733232525086
"cum_abs_estimate_total","mediating_TRUE",12067,0.523002965300938
"cum_abs_estimate_total","mediating_TRUE",12080,0.52315613260589
"cum_abs_estimate_total","mediating_TRUE",12093,0.523192734439942
"cum_abs_estimate_total","mediating_TRUE",12106,0.523695598157594
"cum_abs_estimate_total","mediating_TRUE",12119,0.523965330933446
"cum_abs_estimate_total","mediating_TRUE",12132,0.524235063709298
"cum_abs_estimate_total","mediating_TRUE",12145,0.52427166554335
"cum_abs_estimate_total","mediating_TRUE",12158,0.524541398319202
"cum_abs_estimate_total","mediating_TRUE",12171,0.524578000153254
"cum_abs_estimate_total","mediating_TRUE",12185,0.524940214201648
"cum_abs_estimate_total","mediating_TRUE",12198,0.5255596433902
"cum_abs_estimate_total","mediating_TRUE",12211,0.525945941636951
"cum_abs_estimate_total","mediating_TRUE",12224,0.526448805354603
"cum_abs_estimate_total","mediating_TRUE",12237,0.526601972659555
"cum_abs_estimate_total","mediating_TRUE",12250,0.527221401848106
"cum_abs_estimate_total","mediating_TRUE",12263,0.527724265565757
"cum_abs_estimate_total","mediating_TRUE",12276,0.527993998341609
"cum_abs_estimate_total","mediating_TRUE",12289,0.528147165646561
"cum_abs_estimate_total","mediating_TRUE",12302,0.528300332951513
"cum_abs_estimate_total","mediating_TRUE",12315,0.528570065727365
"cum_abs_estimate_total","mediating_TRUE",12329,0.529165410717559
"cum_abs_estimate_total","mediating_TRUE",12342,0.529551708964311
"cum_abs_estimate_total","mediating_TRUE",12355,0.530171138152862
"cum_abs_estimate_total","mediating_TRUE",12368,0.530674001870513
"cum_abs_estimate_total","mediating_TRUE",12381,0.530827169175466
"cum_abs_estimate_total","mediating_TRUE",12394,0.531213467422217
"cum_abs_estimate_total","mediating_TRUE",12407,0.531250069256269
"cum_abs_estimate_total","mediating_TRUE",12420,0.531869498444821
"cum_abs_estimate_total","mediating_TRUE",12433,0.532022665749773
"cum_abs_estimate_total","mediating_TRUE",12446,0.532175833054725
"cum_abs_estimate_total","mediating_TRUE",12459,0.532445565830577
"cum_abs_estimate_total","mediating_TRUE",12472,0.532365602193729
"cum_abs_estimate_total","mediating_TRUE",12486,0.532960947183923
"cum_abs_estimate_total","mediating_TRUE",12499,0.533230679959775
"cum_abs_estimate_total","mediating_TRUE",12512,0.533733543677427
"cum_abs_estimate_total","mediating_TRUE",12525,0.533886710982379
"cum_abs_estimate_total","mediating_TRUE",12538,0.53438957470003
"cum_abs_estimate_total","mediating_TRUE",12551,0.534542742004982
"cum_abs_estimate_total","mediating_TRUE",12564,0.534812474780834
"cum_abs_estimate_total","mediating_TRUE",12577,0.534965642085786
"cum_abs_estimate_total","mediating_TRUE",12590,0.535002243919839
"cum_abs_estimate_total","mediating_TRUE",12603,0.53527197669569
"cum_abs_estimate_total","mediating_TRUE",12616,0.535658274942442
"cum_abs_estimate_total","mediating_TRUE",12629,0.535694876776494
"cum_abs_estimate_total","mediating_TRUE",12643,0.535940525353989
"cum_abs_estimate_total","mediating_TRUE",12656,0.536326823600741
"cum_abs_estimate_total","mediating_TRUE",12669,0.536829687318392
"cum_abs_estimate_total","mediating_TRUE",12682,0.536982854623344
"cum_abs_estimate_total","mediating_TRUE",12695,0.537136021928296
"cum_abs_estimate_total","mediating_TRUE",12708,0.537522320175048
"cum_abs_estimate_total","mediating_TRUE",12721,0.5377920529509
"cum_abs_estimate_total","mediating_TRUE",12734,0.537828654784952
"cum_abs_estimate_total","mediating_TRUE",12747,0.537865256619004
"cum_abs_estimate_total","mediating_TRUE",12760,0.538251554865756
"cum_abs_estimate_total","mediating_TRUE",12773,0.538637853112508
"cum_abs_estimate_total","mediating_TRUE",12787,0.539116632631802
"cum_abs_estimate_total","mediating_TRUE",12800,0.539386365407654
"cum_abs_estimate_total","mediating_TRUE",12813,0.539656098183505
"cum_abs_estimate_total","mediating_TRUE",12826,0.539925830959357
"cum_abs_estimate_total","mediating_TRUE",12839,0.540428694677009
"cum_abs_estimate_total","mediating_TRUE",12852,0.540232165569262
"cum_abs_estimate_total","mediating_TRUE",12865,0.540618463816013
"cum_abs_estimate_total","mediating_TRUE",12878,0.540888196591865
"cum_abs_estimate_total","mediating_TRUE",12891,0.540808232955018
"cum_abs_estimate_total","mediating_TRUE",12904,0.54107796573087
"cum_abs_estimate_total","mediating_TRUE",12917,0.541347698506722
"cum_abs_estimate_total","mediating_TRUE",12930,0.541384300340774
"cum_abs_estimate_total","mediating_TRUE",12944,0.541746514389168
"cum_abs_estimate_total","mediating_TRUE",12957,0.54213281263592
"cum_abs_estimate_total","mediating_TRUE",12970,0.542752241824471
"cum_abs_estimate_total","mediating_TRUE",12983,0.542788843658523
"cum_abs_estimate_total","mediating_TRUE",12996,0.542708880021676
"cum_abs_estimate_total","mediating_TRUE",13009,0.542862047326628
"cum_abs_estimate_total","mediating_TRUE",13022,0.542782083689781
"cum_abs_estimate_total","mediating_TRUE",13035,0.542935250994733
"cum_abs_estimate_total","mediating_TRUE",13048,0.542855287357885
"cum_abs_estimate_total","mediating_TRUE",13061,0.542775323721038
"cum_abs_estimate_total","mediating_TRUE",13074,0.54304505649689
"cum_abs_estimate_total","mediating_TRUE",13088,0.543756966957983
"cum_abs_estimate_total","mediating_TRUE",13101,0.543910134262935
"cum_abs_estimate_total","mediating_TRUE",13114,0.544179867038787
"cum_abs_estimate_total","mediating_TRUE",13127,0.544682730756439
"cum_abs_estimate_total","mediating_TRUE",13140,0.544835898061391
"cum_abs_estimate_total","mediating_TRUE",13153,0.544989065366343
"cum_abs_estimate_total","mediating_TRUE",13166,0.545375363613095
"cum_abs_estimate_total","mediating_TRUE",13179,0.545994792801646
"cum_abs_estimate_total","mediating_TRUE",13192,0.546497656519297
"cum_abs_estimate_total","mediating_TRUE",13205,0.546650823824249
"cum_abs_estimate_total","mediating_TRUE",13218,0.547037122071001
"cum_abs_estimate_total","mediating_TRUE",13231,0.547190289375953
"cum_abs_estimate_total","mediating_TRUE",13245,0.547086241540748
"cum_abs_estimate_total","mediating_TRUE",13258,0.5473559743166
"cum_abs_estimate_total","mediating_TRUE",13271,0.547392576150653
"cum_abs_estimate_total","mediating_TRUE",13284,0.547778874397404
"cum_abs_estimate_total","mediating_TRUE",13297,0.547698910760557
"cum_abs_estimate_total","mediating_TRUE",13310,0.548318339949108
"cum_abs_estimate_total","mediating_TRUE",13323,0.54870463819586
"cum_abs_estimate_total","mediating_TRUE",13336,0.548508109088112
"cum_abs_estimate_total","mediating_TRUE",13349,0.548311579980365
"cum_abs_estimate_total","mediating_TRUE",13362,0.548231616343518
"cum_abs_estimate_total","mediating_TRUE",13375,0.54815165270667
"cum_abs_estimate_total","mediating_TRUE",13389,0.548513866755065
"cum_abs_estimate_total","mediating_TRUE",13402,0.548783599530916
"cum_abs_estimate_total","mediating_TRUE",13415,0.549286463248568
"cum_abs_estimate_total","mediating_TRUE",13428,0.54943963055352
"cum_abs_estimate_total","mediating_TRUE",13441,0.549592797858472
"cum_abs_estimate_total","mediating_TRUE",13454,0.550095661576124
"cum_abs_estimate_total","mediating_TRUE",13467,0.550365394351976
"cum_abs_estimate_total","mediating_TRUE",13480,0.550285430715128
"cum_abs_estimate_total","mediating_TRUE",13493,0.55055516349098
"cum_abs_estimate_total","mediating_TRUE",13506,0.550708330795932
"cum_abs_estimate_total","mediating_TRUE",13519,0.551211194513583
"cum_abs_estimate_total","mediating_TRUE",13532,0.551247796347636
"cum_abs_estimate_total","mediating_TRUE",13546,0.551376879454231
"cum_abs_estimate_total","mediating_TRUE",13559,0.551296915817383
"cum_abs_estimate_total","mediating_TRUE",13572,0.551683214064135
"cum_abs_estimate_total","mediating_TRUE",13585,0.552186077781786
"cum_abs_estimate_total","mediating_TRUE",13598,0.552688941499438
"cum_abs_estimate_total","mediating_TRUE",13611,0.55284210880439
"cum_abs_estimate_total","mediating_TRUE",13624,0.552995276109342
"cum_abs_estimate_total","mediating_TRUE",13637,0.553265008885194
"cum_abs_estimate_total","mediating_TRUE",13650,0.553534741661046
"cum_abs_estimate_total","mediating_TRUE",13663,0.553921039907797
"cum_abs_estimate_total","mediating_TRUE",13676,0.55395764174185
"cum_abs_estimate_total","mediating_TRUE",13690,0.554203290319344
"cum_abs_estimate_total","mediating_TRUE",13703,0.554356457624296
"cum_abs_estimate_total","mediating_TRUE",13716,0.555092452283747
"cum_abs_estimate_total","mediating_TRUE",13729,0.555362185059599
"cum_abs_estimate_total","mediating_TRUE",13742,0.555631917835451
"cum_abs_estimate_total","mediating_TRUE",13755,0.556018216082203
"cum_abs_estimate_total","mediating_TRUE",13768,0.556171383387155
"cum_abs_estimate_total","mediating_TRUE",13781,0.556207985221207
"cum_abs_estimate_total","mediating_TRUE",13794,0.556361152526159
"cum_abs_estimate_total","mediating_TRUE",13807,0.556281188889312
"cum_abs_estimate_total","mediating_TRUE",13820,0.556900618077863
"cum_abs_estimate_total","mediating_TRUE",13833,0.557170350853715
"cum_abs_estimate_total","mediating_TRUE",13847,0.55706630301851
"cum_abs_estimate_total","mediating_TRUE",13860,0.557336035794362
"cum_abs_estimate_total","mediating_TRUE",13873,0.557722334041113
"cum_abs_estimate_total","mediating_TRUE",13886,0.557992066816965
"cum_abs_estimate_total","mediating_TRUE",13899,0.558378365063717
"cum_abs_estimate_total","mediating_TRUE",13912,0.558531532368669
"cum_abs_estimate_total","mediating_TRUE",13925,0.558684699673621
"cum_abs_estimate_total","mediating_TRUE",13938,0.558837866978573
"cum_abs_estimate_total","mediating_TRUE",13951,0.558991034283526
"cum_abs_estimate_total","mediating_TRUE",13964,0.559260767059377
"cum_abs_estimate_total","mediating_TRUE",13977,0.55918080342253
"cum_abs_estimate_total","mediating_TRUE",13990,0.559333970727482
"cum_abs_estimate_total","mediating_TRUE",14004,0.559579619304977
"cum_abs_estimate_total","mediating_TRUE",14017,0.559499655668129
"cum_abs_estimate_total","mediating_TRUE",14030,0.559536257502181
"cum_abs_estimate_total","mediating_TRUE",14043,0.559922555748933
"cum_abs_estimate_total","mediating_TRUE",14056,0.559959157582986
"cum_abs_estimate_total","mediating_TRUE",14069,0.560228890358837
"cum_abs_estimate_total","mediating_TRUE",14082,0.56038205766379
"cum_abs_estimate_total","mediating_TRUE",14095,0.560535224968742
"cum_abs_estimate_total","mediating_TRUE",14108,0.560804957744594
"cum_abs_estimate_total","mediating_TRUE",14121,0.561191255991345
"cum_abs_estimate_total","mediating_TRUE",14134,0.561227857825398
"cum_abs_estimate_total","mediating_TRUE",14148,0.561240375461093
"cum_abs_estimate_total","mediating_TRUE",14161,0.561393542766045
"cum_abs_estimate_total","mediating_TRUE",14174,0.561546710070997
"cum_abs_estimate_total","mediating_TRUE",14187,0.561816442846849
"cum_abs_estimate_total","mediating_TRUE",14200,0.5620861756227
"cum_abs_estimate_total","mediating_TRUE",14213,0.562006211985853
"cum_abs_estimate_total","mediating_TRUE",14226,0.562159379290805
"cum_abs_estimate_total","mediating_TRUE",14239,0.562312546595757
"cum_abs_estimate_total","mediating_TRUE",14252,0.562465713900709
"cum_abs_estimate_total","mediating_TRUE",14265,0.562968577618361
"cum_abs_estimate_total","mediating_TRUE",14278,0.563005179452413
"cum_abs_estimate_total","mediating_TRUE",14291,0.563274912228265
"cum_abs_estimate_total","mediating_TRUE",14305,0.56352056080576
"cum_abs_estimate_total","mediating_TRUE",14318,0.563906859052511
"cum_abs_estimate_total","mediating_TRUE",14331,0.563826895415664
"cum_abs_estimate_total","mediating_TRUE",14344,0.563746931778816
"cum_abs_estimate_total","mediating_TRUE",14357,0.564133230025568
"cum_abs_estimate_total","mediating_TRUE",14370,0.56416983185962
"cum_abs_estimate_total","mediating_TRUE",14383,0.564322999164573
"cum_abs_estimate_total","mediating_TRUE",14396,0.564359600998625
"cum_abs_estimate_total","mediating_TRUE",14409,0.564512768303577
"cum_abs_estimate_total","mediating_TRUE",14422,0.564899066550329
"cum_abs_estimate_total","mediating_TRUE",14435,0.565052233855281
"cum_abs_estimate_total","mediating_TRUE",14449,0.565531013374575
"cum_abs_estimate_total","mediating_TRUE",14462,0.566033877092226
"cum_abs_estimate_total","mediating_TRUE",14475,0.566420175338978
"cum_abs_estimate_total","mediating_TRUE",14488,0.56668990811483
"cum_abs_estimate_total","mediating_TRUE",14501,0.566959640890682
"cum_abs_estimate_total","mediating_TRUE",14514,0.567112808195634
"cum_abs_estimate_total","mediating_TRUE",14527,0.567265975500586
"cum_abs_estimate_total","mediating_TRUE",14540,0.567419142805538
"cum_abs_estimate_total","mediating_TRUE",14553,0.567222613697791
"cum_abs_estimate_total","mediating_TRUE",14566,0.567142650060943
"cum_abs_estimate_total","mediating_TRUE",14579,0.567179251894996
"cum_abs_estimate_total","mediating_TRUE",14592,0.567215853729048
"cum_abs_estimate_total","mediating_TRUE",14606,0.567228371364743
"cum_abs_estimate_total","mediating_TRUE",14619,0.567031842256996
"cum_abs_estimate_total","mediating_TRUE",14632,0.567068444091048
"cum_abs_estimate_total","mediating_TRUE",14645,0.567221611396
"cum_abs_estimate_total","mediating_TRUE",14658,0.567724475113652
"cum_abs_estimate_total","mediating_TRUE",14671,0.567877642418604
"cum_abs_estimate_total","mediating_TRUE",14684,0.568147375194456
"cum_abs_estimate_total","mediating_TRUE",14697,0.568417107970308
"cum_abs_estimate_total","mediating_TRUE",14710,0.56845370980436
"cum_abs_estimate_total","mediating_TRUE",14723,0.568723442580212
"cum_abs_estimate_total","mediating_TRUE",14736,0.568876609885164
"cum_abs_estimate_total","mediating_TRUE",14750,0.569122258462658
"cum_abs_estimate_total","mediating_TRUE",14763,0.569158860296711
"cum_abs_estimate_total","mediating_TRUE",14776,0.569195462130763
"cum_abs_estimate_total","mediating_TRUE",14789,0.569115498493916
"cum_abs_estimate_total","mediating_TRUE",14802,0.569268665798868
"cum_abs_estimate_total","mediating_TRUE",14815,0.56942183310382
"cum_abs_estimate_total","mediating_TRUE",14828,0.569691565879672
"cum_abs_estimate_total","mediating_TRUE",14841,0.569961298655524
"cum_abs_estimate_total","mediating_TRUE",14854,0.569881335018676
"cum_abs_estimate_total","mediating_TRUE",14867,0.570034502323628
"cum_abs_estimate_total","mediating_TRUE",14880,0.57018766962858
"cum_abs_estimate_total","mediating_TRUE",14893,0.570340836933533
"cum_abs_estimate_total","mediating_TRUE",14907,0.570469920040127
"cum_abs_estimate_total","mediating_TRUE",14920,0.57038995640328
"cum_abs_estimate_total","mediating_TRUE",14933,0.570309992766432
"cum_abs_estimate_total","mediating_TRUE",14946,0.570346594600485
"cum_abs_estimate_total","mediating_TRUE",14959,0.570499761905437
"cum_abs_estimate_total","mediating_TRUE",14972,0.570536363739489
"cum_abs_estimate_total","mediating_TRUE",14985,0.570689531044441
"cum_abs_estimate_total","mediating_TRUE",14998,0.570609567407594
"cum_abs_estimate_total","mediating_TRUE",15011,0.570995865654346
"cum_abs_estimate_total","mediating_TRUE",15024,0.571382163901097
"cum_abs_estimate_total","mediating_TRUE",15037,0.571768462147849
"cum_abs_estimate_total","mediating_TRUE",15050,0.572154760394601
"cum_abs_estimate_total","mediating_TRUE",15064,0.572400408972095
"cum_abs_estimate_total","mediating_TRUE",15077,0.572553576277047
"cum_abs_estimate_total","mediating_TRUE",15090,0.572823309052899
"cum_abs_estimate_total","mediating_TRUE",15103,0.572976476357851
"cum_abs_estimate_total","mediating_TRUE",15116,0.573246209133703
"cum_abs_estimate_total","mediating_TRUE",15129,0.573515941909555
"cum_abs_estimate_total","mediating_TRUE",15142,0.573669109214507
"cum_abs_estimate_total","mediating_TRUE",15155,0.573938841990359
"cum_abs_estimate_total","mediating_TRUE",15168,0.573858878353512
"cum_abs_estimate_total","mediating_TRUE",15181,0.574128611129363
"cum_abs_estimate_total","mediating_TRUE",15194,0.574281778434316
"cum_abs_estimate_total","mediating_TRUE",15208,0.57452742701181
"cum_abs_estimate_total","mediating_TRUE",15221,0.574447463374963
"cum_abs_estimate_total","mediating_TRUE",15234,0.574717196150815
"cum_abs_estimate_total","mediating_TRUE",15247,0.574753797984867
"cum_abs_estimate_total","mediating_TRUE",15260,0.575023530760719
"cum_abs_estimate_total","mediating_TRUE",15273,0.575060132594771
"cum_abs_estimate_total","mediating_TRUE",15286,0.575329865370623
"cum_abs_estimate_total","mediating_TRUE",15299,0.575483032675575
"cum_abs_estimate_total","mediating_TRUE",15312,0.575985896393227
"cum_abs_estimate_total","mediating_TRUE",15325,0.576255629169078
"cum_abs_estimate_total","mediating_TRUE",15338,0.57652536194493
"cum_abs_estimate_total","mediating_TRUE",15351,0.576795094720782
"cum_abs_estimate_total","mediating_TRUE",15365,0.576691046885577
"cum_abs_estimate_total","mediating_TRUE",15378,0.57672764871963
"cum_abs_estimate_total","mediating_TRUE",15391,0.576764250553682
"cum_abs_estimate_total","mediating_TRUE",15404,0.576800852387734
"cum_abs_estimate_total","mediating_TRUE",15417,0.576954019692686
"cum_abs_estimate_total","mediating_TRUE",15430,0.576990621526739
"cum_abs_estimate_total","mediating_TRUE",15443,0.57737691977349
"cum_abs_estimate_total","mediating_TRUE",15456,0.577763218020242
"cum_abs_estimate_total","mediating_TRUE",15469,0.577916385325194
"cum_abs_estimate_total","mediating_TRUE",15482,0.578302683571946
"cum_abs_estimate_total","mediating_TRUE",15495,0.578688981818698
"cum_abs_estimate_total","mediating_TRUE",15509,0.579167761337992
"cum_abs_estimate_total","mediating_TRUE",15522,0.578854666759345
"cum_abs_estimate_total","mediating_TRUE",15535,0.578891268593397
"cum_abs_estimate_total","mediating_TRUE",15548,0.578927870427449
"cum_abs_estimate_total","mediating_TRUE",15561,0.578847906790602
"cum_abs_estimate_total","mediating_TRUE",15574,0.579117639566454
"cum_abs_estimate_total","mediating_TRUE",15587,0.579270806871406
"cum_abs_estimate_total","mediating_TRUE",15600,0.579074277763659
"cum_abs_estimate_total","mediating_TRUE",15613,0.579227445068611
"cum_abs_estimate_total","mediating_TRUE",15626,0.579030915960864
"cum_abs_estimate_total","mediating_TRUE",15639,0.579184083265816
"cum_abs_estimate_total","mediating_TRUE",15652,0.579453816041668
"cum_abs_estimate_total","mediating_TRUE",15666,0.579699464619162
"cum_abs_estimate_total","mediating_TRUE",15679,0.579852631924114
"cum_abs_estimate_total","mediating_TRUE",15692,0.579889233758167
"cum_abs_estimate_total","mediating_TRUE",15705,0.580275532004918
"cum_abs_estimate_total","mediating_TRUE",15718,0.58042869930987
"cum_abs_estimate_total","mediating_TRUE",15731,0.580465301143923
"cum_abs_estimate_total","mediating_TRUE",15744,0.580618468448875
"cum_abs_estimate_total","mediating_TRUE",15757,0.580655070282927
"cum_abs_estimate_total","mediating_TRUE",15770,0.580924803058779
"cum_abs_estimate_total","mediating_TRUE",15783,0.581194535834631
"cum_abs_estimate_total","mediating_TRUE",15796,0.581114572197784
"cum_abs_estimate_total","mediating_TRUE",15810,0.581593351717077
"cum_abs_estimate_total","mediating_TRUE",15823,0.581863084492929
"cum_abs_estimate_total","mediating_TRUE",15836,0.582249382739681
"cum_abs_estimate_total","mediating_TRUE",15849,0.582402550044633
"cum_abs_estimate_total","mediating_TRUE",15862,0.582672282820485
"cum_abs_estimate_total","mediating_TRUE",15875,0.582592319183638
"cum_abs_estimate_total","mediating_TRUE",15888,0.582978617430389
"cum_abs_estimate_total","mediating_TRUE",15901,0.583248350206241
"cum_abs_estimate_total","mediating_TRUE",15914,0.583051821098494
"cum_abs_estimate_total","mediating_TRUE",15927,0.583088422932546
"cum_abs_estimate_total","mediating_TRUE",15940,0.583241590237499
"cum_abs_estimate_total","mediating_TRUE",15953,0.58362788848425
"cum_abs_estimate_total","mediating_TRUE",15967,0.583640406119945
"cum_abs_estimate_total","mediating_TRUE",15980,0.583793573424897
"cum_abs_estimate_total","mediating_TRUE",15993,0.583946740729849
"cum_abs_estimate_total","mediating_TRUE",16006,0.584099908034801
"cum_abs_estimate_total","mediating_TRUE",16019,0.584369640810653
"cum_abs_estimate_total","mediating_TRUE",16032,0.584289677173806
"cum_abs_estimate_total","mediating_TRUE",16045,0.584326279007858
"cum_abs_estimate_total","mediating_TRUE",16058,0.58471257725461
"cum_abs_estimate_total","mediating_TRUE",16071,0.584749179088662
"cum_abs_estimate_total","mediating_TRUE",16084,0.584669215451815
"cum_abs_estimate_total","mediating_TRUE",16097,0.584822382756767
"cum_abs_estimate_total","mediating_TRUE",16111,0.584834900392462
"cum_abs_estimate_total","mediating_TRUE",16124,0.584988067697414
"cum_abs_estimate_total","mediating_TRUE",16137,0.584908104060567
"cum_abs_estimate_total","mediating_TRUE",16150,0.584711574952819
"cum_abs_estimate_total","mediating_TRUE",16163,0.584864742257772
"cum_abs_estimate_total","mediating_TRUE",16176,0.585017909562724
"cum_abs_estimate_total","mediating_TRUE",16189,0.585637338751275
"cum_abs_estimate_total","mediating_TRUE",16202,0.585907071527127
"cum_abs_estimate_total","mediating_TRUE",16215,0.585943673361179
"cum_abs_estimate_total","mediating_TRUE",16228,0.585863709724332
"cum_abs_estimate_total","mediating_TRUE",16241,0.585900311558384
"cum_abs_estimate_total","mediating_TRUE",16254,0.585936913392436
"cum_abs_estimate_total","mediating_TRUE",16268,0.585949431028131
"cum_abs_estimate_total","mediating_TRUE",16281,0.586335729274883
"cum_abs_estimate_total","mediating_TRUE",16294,0.586139200167136
"cum_abs_estimate_total","mediating_TRUE",16307,0.586408932942988
"cum_abs_estimate_total","mediating_TRUE",16320,0.587144927602439
"cum_abs_estimate_total","mediating_TRUE",16333,0.58741466037829
"cum_abs_estimate_total","mediating_TRUE",16346,0.587684393154142
"cum_abs_estimate_total","mediating_TRUE",16359,0.587837560459095
"cum_abs_estimate_total","mediating_TRUE",16372,0.587874162293147
"cum_abs_estimate_total","mediating_TRUE",16385,0.588377026010798
"cum_abs_estimate_total","mediating_TRUE",16398,0.588413627844851
"cum_abs_estimate_total","mediating_TRUE",16411,0.588683360620702
"cum_abs_estimate_total","mediating_TRUE",16425,0.588812443727297
"cum_abs_estimate_total","mediating_TRUE",16438,0.58884904556135
"cum_abs_estimate_total","mediating_TRUE",16451,0.589118778337201
"cum_abs_estimate_total","mediating_TRUE",16464,0.589388511113053
"cum_abs_estimate_total","mediating_TRUE",16477,0.589425112947106
"cum_abs_estimate_total","mediating_TRUE",16490,0.589578280252058
"cum_abs_estimate_total","mediating_TRUE",16503,0.58961488208611
"cum_abs_estimate_total","mediating_TRUE",16516,0.589884614861962
"cum_abs_estimate_total","mediating_TRUE",16529,0.590037782166914
"cum_abs_estimate_total","mediating_TRUE",16542,0.590307514942766
"cum_abs_estimate_total","mediating_TRUE",16555,0.590577247718618
"cum_abs_estimate_total","mediating_TRUE",16569,0.590939461767012
"cum_abs_estimate_total","mediating_TRUE",16582,0.591209194542864
"cum_abs_estimate_total","mediating_TRUE",16595,0.591478927318716
"cum_abs_estimate_total","mediating_TRUE",16608,0.591632094623668
"cum_abs_estimate_total","mediating_TRUE",16621,0.591552130986821
"cum_abs_estimate_total","mediating_TRUE",16634,0.591588732820873
"cum_abs_estimate_total","mediating_TRUE",16647,0.591625334654925
"cum_abs_estimate_total","mediating_TRUE",16660,0.591778501959877
"cum_abs_estimate_total","mediating_TRUE",16673,0.592164800206629
"cum_abs_estimate_total","mediating_TRUE",16686,0.591851705627982
"cum_abs_estimate_total","mediating_TRUE",16699,0.592004872932934
"cum_abs_estimate_total","mediating_TRUE",16712,0.591924909296087
"cum_abs_estimate_total","mediating_TRUE",16726,0.592053992402682
"cum_abs_estimate_total","mediating_TRUE",16739,0.592090594236734
"cum_abs_estimate_total","mediating_TRUE",16752,0.592010630599886
"cum_abs_estimate_total","mediating_TRUE",16765,0.592163797904839
"cum_abs_estimate_total","mediating_TRUE",16778,0.592083834267991
"cum_abs_estimate_total","mediating_TRUE",16791,0.592120436102044
"cum_abs_estimate_total","mediating_TRUE",16804,0.592273603406996
"cum_abs_estimate_total","mediating_TRUE",16817,0.592426770711948
"cum_abs_estimate_total","mediating_TRUE",16830,0.592230241604201
"cum_abs_estimate_total","mediating_TRUE",16843,0.592499974380052
"cum_abs_estimate_total","mediating_TRUE",16856,0.592769707155904
"cum_abs_estimate_total","mediating_TRUE",16870,0.592782224791599
"cum_abs_estimate_total","mediating_TRUE",16883,0.593051957567451
"cum_abs_estimate_total","mediating_TRUE",16896,0.593205124872403
"cum_abs_estimate_total","mediating_TRUE",16909,0.593358292177355
"cum_abs_estimate_total","mediating_TRUE",16922,0.593278328540508
"cum_abs_estimate_total","mediating_TRUE",16935,0.593198364903661
"cum_abs_estimate_total","mediating_TRUE",16948,0.593351532208613
"cum_abs_estimate_total","mediating_TRUE",16961,0.593737830455364
"cum_abs_estimate_total","mediating_TRUE",16974,0.593774432289417
"cum_abs_estimate_total","mediating_TRUE",16987,0.593694468652569
"cum_abs_estimate_total","mediating_TRUE",17000,0.593847635957521
"cum_abs_estimate_total","mediating_TRUE",17013,0.593534541378874
"cum_abs_estimate_total","mediating_TRUE",17027,0.59343049354367
"cum_abs_estimate_total","mediating_TRUE",17040,0.593700226319521
"cum_abs_estimate_total","mediating_TRUE",17053,0.593620262682674
"cum_abs_estimate_total","mediating_TRUE",17066,0.593773429987626
"cum_abs_estimate_total","mediating_TRUE",17079,0.593810031821679
"cum_abs_estimate_total","mediating_TRUE",17092,0.593613502713931
"cum_abs_estimate_total","mediating_TRUE",17105,0.593766670018884
"cum_abs_estimate_total","mediating_TRUE",17118,0.594036402794735
"cum_abs_estimate_total","mediating_TRUE",17131,0.593839873686988
"cum_abs_estimate_total","mediating_TRUE",17144,0.59410960646284
"cum_abs_estimate_total","mediating_TRUE",17157,0.594379339238692
"cum_abs_estimate_total","mediating_TRUE",17171,0.594508422345287
"cum_abs_estimate_total","mediating_TRUE",17184,0.594778155121139
"cum_abs_estimate_total","mediating_TRUE",17197,0.594698191484291
"cum_abs_estimate_total","mediating_TRUE",17210,0.594618227847444
"cum_abs_estimate_total","mediating_TRUE",17223,0.594538264210596
"cum_abs_estimate_total","mediating_TRUE",17236,0.594807996986448
"cum_abs_estimate_total","mediating_TRUE",17249,0.594844598820501
"cum_abs_estimate_total","mediating_TRUE",17262,0.595114331596352
"cum_abs_estimate_total","mediating_TRUE",17275,0.595384064372204
"cum_abs_estimate_total","mediating_TRUE",17288,0.595653797148056
"cum_abs_estimate_total","mediating_TRUE",17301,0.595573833511209
"cum_abs_estimate_total","mediating_TRUE",17314,0.595843566287061
"cum_abs_estimate_total","mediating_TRUE",17328,0.595972649393655
"cum_abs_estimate_total","mediating_TRUE",17341,0.596125816698607
"cum_abs_estimate_total","mediating_TRUE",17354,0.59616241853266
"cum_abs_estimate_total","mediating_TRUE",17367,0.596082454895812
"cum_abs_estimate_total","mediating_TRUE",17380,0.596235622200765
"cum_abs_estimate_total","mediating_TRUE",17393,0.596388789505717
"cum_abs_estimate_total","mediating_TRUE",17406,0.596658522281568
"cum_abs_estimate_total","mediating_TRUE",17419,0.596811689586521
"cum_abs_estimate_total","mediating_TRUE",17432,0.596964856891473
"cum_abs_estimate_total","mediating_TRUE",17445,0.596768327783726
"cum_abs_estimate_total","mediating_TRUE",17458,0.596804929617778
"cum_abs_estimate_total","mediating_TRUE",17472,0.596467750840774
"cum_abs_estimate_total","mediating_TRUE",17485,0.596504352674826
"cum_abs_estimate_total","mediating_TRUE",17498,0.596774085450678
"cum_abs_estimate_total","mediating_TRUE",17511,0.59669412181383
"cum_abs_estimate_total","mediating_TRUE",17524,0.596614158176983
"cum_abs_estimate_total","mediating_TRUE",17537,0.596650760011035
"cum_abs_estimate_total","mediating_TRUE",17550,0.596687361845088
"cum_abs_estimate_total","mediating_TRUE",17563,0.597073660091839
"cum_abs_estimate_total","mediating_TRUE",17576,0.597226827396791
"cum_abs_estimate_total","mediating_TRUE",17589,0.597379994701744
"cum_abs_estimate_total","mediating_TRUE",17602,0.597300031064896
"cum_abs_estimate_total","mediating_TRUE",17615,0.597453198369848
"cum_abs_estimate_total","mediating_TRUE",17629,0.597931977889142
"cum_abs_estimate_total","mediating_TRUE",17642,0.598201710664994
"cum_abs_estimate_total","mediating_TRUE",17655,0.598238312499046
"cum_abs_estimate_total","mediating_TRUE",17668,0.598274914333099
"cum_abs_estimate_total","mediating_TRUE",17681,0.598428081638051
"cum_abs_estimate_total","mediating_TRUE",17694,0.598348118001203
"cum_abs_estimate_total","mediating_TRUE",17707,0.598035023422557
"cum_abs_estimate_total","mediating_TRUE",17720,0.598304756198409
"cum_abs_estimate_total","mediating_TRUE",17733,0.59857448897426
"cum_abs_estimate_total","mediating_TRUE",17746,0.598727656279212
"cum_abs_estimate_total","mediating_TRUE",17759,0.598997389055064
"cum_abs_estimate_total","mediating_TRUE",17772,0.598917425418217
"cum_abs_estimate_total","mediating_TRUE",17786,0.599512770408411
"cum_abs_estimate_total","mediating_TRUE",17799,0.599665937713363
"cum_abs_estimate_total","mediating_TRUE",17812,0.599819105018315
"cum_abs_estimate_total","mediating_TRUE",17825,0.600321968735966
"cum_abs_estimate_total","mediating_TRUE",17838,0.600242005099119
"cum_abs_estimate_total","mediating_TRUE",17851,0.600162041462271
"cum_abs_estimate_total","mediating_TRUE",17864,0.600198643296324
"cum_abs_estimate_total","mediating_TRUE",17877,0.600235245130376
"cum_abs_estimate_total","mediating_TRUE",17890,0.600388412435328
"cum_abs_estimate_total","mediating_TRUE",17903,0.600075317856681
"cum_abs_estimate_total","mediating_TRUE",17916,0.600228485161634
"cum_abs_estimate_total","mediating_TRUE",17930,0.600007871855529
"cum_abs_estimate_total","mediating_TRUE",17943,0.599927908218681
"cum_abs_estimate_total","mediating_TRUE",17956,0.600197640994533
"cum_abs_estimate_total","mediating_TRUE",17969,0.600467373770385
"cum_abs_estimate_total","mediating_TRUE",17982,0.600503975604438
"cum_abs_estimate_total","mediating_TRUE",17995,0.600773708380289
"cum_abs_estimate_total","mediating_TRUE",18008,0.600810310214342
"cum_abs_estimate_total","mediating_TRUE",18021,0.600963477519294
"cum_abs_estimate_total","mediating_TRUE",18034,0.601116644824246
"cum_abs_estimate_total","mediating_TRUE",18047,0.601153246658298
"cum_abs_estimate_total","mediating_TRUE",18060,0.601189848492351
"cum_abs_estimate_total","mediating_TRUE",18073,0.601226450326403
"cum_abs_estimate_total","mediating_TRUE",18087,0.601355533432998
"cum_abs_estimate_total","mediating_TRUE",18100,0.601741831679749
"cum_abs_estimate_total","mediating_TRUE",18113,0.601661868042902
"cum_abs_estimate_total","mediating_TRUE",18126,0.601581904406055
"cum_abs_estimate_total","mediating_TRUE",18139,0.601735071711007
"cum_abs_estimate_total","mediating_TRUE",18152,0.601771673545059
"cum_abs_estimate_total","mediating_TRUE",18165,0.602041406320911
"cum_abs_estimate_total","mediating_TRUE",18178,0.602311139096763
"cum_abs_estimate_total","mediating_TRUE",18191,0.601998044518116
"cum_abs_estimate_total","mediating_TRUE",18204,0.601918080881269
"cum_abs_estimate_total","mediating_TRUE",18217,0.601838117244421
"cum_abs_estimate_total","mediating_TRUE",18231,0.601850634880116
"cum_abs_estimate_total","mediating_TRUE",18244,0.602003802185068
"cum_abs_estimate_total","mediating_TRUE",18257,0.60227353496092
"cum_abs_estimate_total","mediating_TRUE",18270,0.602193571324073
"cum_abs_estimate_total","mediating_TRUE",18283,0.602346738629025
"cum_abs_estimate_total","mediating_TRUE",18296,0.602383340463077
"cum_abs_estimate_total","mediating_TRUE",18309,0.602536507768029
"cum_abs_estimate_total","mediating_TRUE",18322,0.603039371485681
"cum_abs_estimate_total","mediating_TRUE",18335,0.603075973319733
"cum_abs_estimate_total","mediating_TRUE",18348,0.602762878741086
"cum_abs_estimate_total","mediating_TRUE",18361,0.602916046046038
"cum_abs_estimate_total","mediating_TRUE",18374,0.602836082409191
"cum_abs_estimate_total","mediating_TRUE",18388,0.602848600044886
"cum_abs_estimate_total","mediating_TRUE",18401,0.602885201878938
"cum_abs_estimate_total","mediating_TRUE",18414,0.60315493465479
"cum_abs_estimate_total","mediating_TRUE",18427,0.603424667430642
"cum_abs_estimate_total","mediating_TRUE",18440,0.603694400206494
"cum_abs_estimate_total","mediating_TRUE",18453,0.603964132982346
"cum_abs_estimate_total","mediating_TRUE",18466,0.604583562170897
"cum_abs_estimate_total","mediating_TRUE",18479,0.604736729475849
"cum_abs_estimate_total","mediating_TRUE",18492,0.6052395931935
"cum_abs_estimate_total","mediating_TRUE",18505,0.605159629556653
"cum_abs_estimate_total","mediating_TRUE",18518,0.605079665919805
"cum_abs_estimate_total","mediating_TRUE",18532,0.6050921835555
"cum_abs_estimate_total","mediating_TRUE",18545,0.605128785389553
"cum_abs_estimate_total","mediating_TRUE",18558,0.605281952694505
"cum_abs_estimate_total","mediating_TRUE",18571,0.605435119999457
"cum_abs_estimate_total","mediating_TRUE",18584,0.605471721833509
"cum_abs_estimate_total","mediating_TRUE",18597,0.605391758196662
"cum_abs_estimate_total","mediating_TRUE",18610,0.605428360030714
"cum_abs_estimate_total","mediating_TRUE",18623,0.605698092806566
"cum_abs_estimate_total","mediating_TRUE",18636,0.605734694640618
"cum_abs_estimate_total","mediating_TRUE",18649,0.605771296474671
"cum_abs_estimate_total","mediating_TRUE",18662,0.605691332837823
"cum_abs_estimate_total","mediating_TRUE",18675,0.605494803730076
"cum_abs_estimate_total","mediating_TRUE",18689,0.605623886836671
"cum_abs_estimate_total","mediating_TRUE",18702,0.606010185083423
"cum_abs_estimate_total","mediating_TRUE",18715,0.606163352388375
"cum_abs_estimate_total","mediating_TRUE",18728,0.606199954222427
"cum_abs_estimate_total","mediating_TRUE",18741,0.606702817940078
"cum_abs_estimate_total","mediating_TRUE",18754,0.606855985245031
"cum_abs_estimate_total","mediating_TRUE",18767,0.607242283491782
"cum_abs_estimate_total","mediating_TRUE",18780,0.607395450796734
"cum_abs_estimate_total","mediating_TRUE",18793,0.607315487159887
"cum_abs_estimate_total","mediating_TRUE",18806,0.607701785406639
"cum_abs_estimate_total","mediating_TRUE",18819,0.607854952711591
"cum_abs_estimate_total","mediating_TRUE",18833,0.607867470347286
"cum_abs_estimate_total","mediating_TRUE",18846,0.607787506710438
"cum_abs_estimate_total","mediating_TRUE",18859,0.607590977602691
"cum_abs_estimate_total","mediating_TRUE",18872,0.607977275849443
"cum_abs_estimate_total","mediating_TRUE",18885,0.608130443154395
"cum_abs_estimate_total","mediating_TRUE",18898,0.608167044988447
"cum_abs_estimate_total","mediating_TRUE",18911,0.608436777764299
"cum_abs_estimate_total","mediating_TRUE",18924,0.608240248656552
"cum_abs_estimate_total","mediating_TRUE",18937,0.608859677845103
"cum_abs_estimate_total","mediating_TRUE",18950,0.609012845150055
"cum_abs_estimate_total","mediating_TRUE",18963,0.609049446984108
"cum_abs_estimate_total","mediating_TRUE",18976,0.60896948334726
"cum_abs_estimate_total","mediating_TRUE",18990,0.608982000982955
"cum_abs_estimate_total","mediating_TRUE",19003,0.609601430171506
"cum_abs_estimate_total","mediating_TRUE",19016,0.609638032005559
"cum_abs_estimate_total","mediating_TRUE",19029,0.60990776478141
"cum_abs_estimate_total","mediating_TRUE",19042,0.609944366615463
"cum_abs_estimate_total","mediating_TRUE",19055,0.610097533920415
"cum_abs_estimate_total","mediating_TRUE",19068,0.610250701225367
"cum_abs_estimate_total","mediating_TRUE",19081,0.610636999472119
"cum_abs_estimate_total","mediating_TRUE",19094,0.610673601306171
"cum_abs_estimate_total","mediating_TRUE",19107,0.610710203140223
"cum_abs_estimate_total","mediating_TRUE",19120,0.610863370445176
"cum_abs_estimate_total","mediating_TRUE",19133,0.611133103221027
"cum_abs_estimate_total","mediating_TRUE",19147,0.611029055385823
"cum_abs_estimate_total","mediating_TRUE",19160,0.611182222690775
"cum_abs_estimate_total","mediating_TRUE",19173,0.611451955466627
"cum_abs_estimate_total","mediating_TRUE",19186,0.611255426358879
"cum_abs_estimate_total","mediating_TRUE",19199,0.611175462722032
"cum_abs_estimate_total","mediating_TRUE",19212,0.611328630026984
"cum_abs_estimate_total","mediating_TRUE",19225,0.611365231861036
"cum_abs_estimate_total","mediating_TRUE",19238,0.611868095578688
"cum_abs_estimate_total","mediating_TRUE",19251,0.61213782835454
"cum_abs_estimate_total","mediating_TRUE",19264,0.612524126601291
"cum_abs_estimate_total","mediating_TRUE",19277,0.612444162964444
"cum_abs_estimate_total","mediating_TRUE",19291,0.612573246071039
"cum_abs_estimate_total","mediating_TRUE",19304,0.612726413375991
"cum_abs_estimate_total","mediating_TRUE",19317,0.612646449739143
"cum_abs_estimate_total","mediating_TRUE",19330,0.612683051573196
"cum_abs_estimate_total","mediating_TRUE",19343,0.612952784349048
"cum_abs_estimate_total","mediating_TRUE",19356,0.6132225171249
"cum_abs_estimate_total","mediating_TRUE",19369,0.613492249900751
"cum_abs_estimate_total","mediating_TRUE",19382,0.613995113618403
"cum_abs_estimate_total","mediating_TRUE",19395,0.614264846394255
"cum_abs_estimate_total","mediating_TRUE",19408,0.614651144641006
"cum_abs_estimate_total","mediating_TRUE",19421,0.615037442887758
"cum_abs_estimate_total","mediating_TRUE",19434,0.61530717566361
"cum_abs_estimate_total","mediating_TRUE",19448,0.615319693299305
"cum_abs_estimate_total","mediating_TRUE",19461,0.615356295133357
"cum_abs_estimate_total","mediating_TRUE",19474,0.615859158851009
"cum_abs_estimate_total","mediating_TRUE",19487,0.615662629743261
"cum_abs_estimate_total","mediating_TRUE",19500,0.616048927990013
"cum_abs_estimate_total","mediating_TRUE",19513,0.616085529824065
"cum_abs_estimate_total","mediating_TRUE",19526,0.616122131658118
"cum_abs_estimate_total","mediating_TRUE",19539,0.616741560846669
"cum_abs_estimate_total","mediating_TRUE",19552,0.616661597209821
"cum_abs_estimate_total","mediating_TRUE",19565,0.616931329985673
"cum_abs_estimate_total","mediating_TRUE",19578,0.617084497290626
"cum_abs_estimate_total","mediating_TRUE",19592,0.61709701492632
"cum_abs_estimate_total","mediating_TRUE",19605,0.617250182231273
"cum_abs_estimate_total","mediating_TRUE",19618,0.617636480478024
"cum_abs_estimate_total","mediating_TRUE",19631,0.617789647782976
"cum_abs_estimate_total","mediating_TRUE",19644,0.618059380558828
"cum_abs_estimate_total","mediating_TRUE",19657,0.617979416921981
"cum_abs_estimate_total","mediating_TRUE",19670,0.618132584226933
"cum_abs_estimate_total","mediating_TRUE",19683,0.618169186060985
"cum_abs_estimate_total","mediating_TRUE",19696,0.618322353365937
"cum_abs_estimate_total","mediating_TRUE",19709,0.61847552067089
"cum_abs_estimate_total","mediating_TRUE",19722,0.618512122504942
"cum_abs_estimate_total","mediating_TRUE",19735,0.618315593397195
"cum_abs_estimate_total","mediating_TRUE",19749,0.618794372916489
"cum_abs_estimate_total","mediating_TRUE",19762,0.61918067116324
"cum_abs_estimate_total","mediating_TRUE",19775,0.619333838468192
"cum_abs_estimate_total","mediating_TRUE",19788,0.619720136714944
"cum_abs_estimate_total","mediating_TRUE",19801,0.620223000432595
"cum_abs_estimate_total","mediating_TRUE",19814,0.620143036795748
"cum_abs_estimate_total","mediating_TRUE",19827,0.620063073158901
"cum_abs_estimate_total","mediating_TRUE",19840,0.620449371405652
"cum_abs_estimate_total","mediating_TRUE",19853,0.620719104181504
"cum_abs_estimate_total","mediating_TRUE",19866,0.620872271486456
"cum_abs_estimate_total","mediating_TRUE",19879,0.621142004262308
"cum_abs_estimate_total","mediating_TRUE",19893,0.621154521898003
"cum_abs_estimate_total","mediating_TRUE",19906,0.621191123732056
"cum_abs_estimate_total","mediating_TRUE",19919,0.620994594624308
"cum_abs_estimate_total","mediating_TRUE",19932,0.620798065516561
"cum_abs_estimate_total","mediating_TRUE",19945,0.620951232821513
"cum_abs_estimate_total","mediating_TRUE",19958,0.620987834655566
"cum_abs_estimate_total","mediating_TRUE",19971,0.620907871018718
"cum_abs_estimate_total","mediating_TRUE",19984,0.62106103832367
"cum_abs_estimate_total","mediating_TRUE",19997,0.620747943745023
"cum_abs_estimate_total","mediating_TRUE",20010,0.620667980108176
"cum_abs_estimate_total","mediating_TRUE",20023,0.620471451000429
"cum_abs_estimate_total","mediating_TRUE",20036,0.620391487363581
"cum_abs_estimate_total","mediating_TRUE",20050,0.620404004999276
"cum_abs_estimate_total","mediating_TRUE",20063,0.620440606833329
"cum_abs_estimate_total","mediating_TRUE",20076,0.620477208667381
"cum_abs_estimate_total","mediating_TRUE",20089,0.620513810501433
"cum_abs_estimate_total","mediating_TRUE",20102,0.620900108748185
"cum_abs_estimate_total","mediating_TRUE",20115,0.620936710582237
"cum_abs_estimate_total","mediating_TRUE",20128,0.62108987788719
"cum_abs_estimate_total","mediating_TRUE",20141,0.620893348779442
"cum_abs_estimate_total","mediating_TRUE",20154,0.621046516084394
"cum_abs_estimate_total","mediating_TRUE",20167,0.621432814331146
"cum_abs_estimate_total","mediating_TRUE",20180,0.621585981636098
"cum_abs_estimate_total","mediating_TRUE",20194,0.621365368329994
"cum_abs_estimate_total","mediating_TRUE",20207,0.621751666576745
"cum_abs_estimate_total","mediating_TRUE",20220,0.622254530294397
"cum_abs_estimate_total","mediating_TRUE",20233,0.622524263070249
"cum_abs_estimate_total","mediating_TRUE",20246,0.622677430375201
"cum_abs_estimate_total","mediating_TRUE",20259,0.622947163151052
"cum_abs_estimate_total","mediating_TRUE",20272,0.622983764985105
"cum_abs_estimate_total","mediating_TRUE",20285,0.623136932290057
"cum_abs_estimate_total","mediating_TRUE",20298,0.623406665065909
"cum_abs_estimate_total","mediating_TRUE",20311,0.623559832370861
"cum_abs_estimate_total","mediating_TRUE",20324,0.623479868734014
"cum_abs_estimate_total","mediating_TRUE",20337,0.623749601509865
"cum_abs_estimate_total","mediating_TRUE",20351,0.624228381029159
"cum_abs_estimate_total","mediating_TRUE",20364,0.624498113805011
"cum_abs_estimate_total","mediating_TRUE",20377,0.624651281109963
"cum_abs_estimate_total","mediating_TRUE",20390,0.624571317473116
"cum_abs_estimate_total","mediating_TRUE",20403,0.624607919307168
"cum_abs_estimate_total","mediating_TRUE",20416,0.62476108661212
"cum_abs_estimate_total","mediating_TRUE",20429,0.625030819387972
"cum_abs_estimate_total","mediating_TRUE",20442,0.624950855751125
"cum_abs_estimate_total","mediating_TRUE",20455,0.624637761172478
"cum_abs_estimate_total","mediating_TRUE",20468,0.624441232064731
"cum_abs_estimate_total","mediating_TRUE",20481,0.624244702956984
"cum_abs_estimate_total","mediating_TRUE",20494,0.624281304791036
"cum_abs_estimate_total","mediating_TRUE",20508,0.624410387897631
"cum_abs_estimate_total","mediating_TRUE",20521,0.624213858789884
"cum_abs_estimate_total","mediating_TRUE",20534,0.624367026094836
"cum_abs_estimate_total","mediating_TRUE",20547,0.624287062457988
"cum_abs_estimate_total","mediating_TRUE",20560,0.624090533350241
"cum_abs_estimate_total","mediating_TRUE",20573,0.624243700655193
"cum_abs_estimate_total","mediating_TRUE",20586,0.624396867960145
"cum_abs_estimate_total","mediating_TRUE",20599,0.624316904323298
"cum_abs_estimate_total","mediating_TRUE",20612,0.62423694068645
"cum_abs_estimate_total","mediating_TRUE",20625,0.624390107991403
"cum_abs_estimate_total","mediating_TRUE",20638,0.624543275296355
"cum_abs_estimate_total","mediating_TRUE",20652,0.62455579293205
"cum_abs_estimate_total","mediating_TRUE",20665,0.624592394766102
"cum_abs_estimate_total","mediating_TRUE",20678,0.625211823954653
"cum_abs_estimate_total","mediating_TRUE",20691,0.625131860317806
"cum_abs_estimate_total","mediating_TRUE",20704,0.625051896680958
"cum_abs_estimate_total","mediating_TRUE",20717,0.62532162945681
"cum_abs_estimate_total","mediating_TRUE",20730,0.625358231290863
"cum_abs_estimate_total","mediating_TRUE",20743,0.625394833124915
"cum_abs_estimate_total","mediating_TRUE",20756,0.625431434958967
"cum_abs_estimate_total","mediating_TRUE",20769,0.62523490585122
"cum_abs_estimate_total","mediating_TRUE",20782,0.625038376743473
"cum_abs_estimate_total","mediating_TRUE",20795,0.625074978577525
"cum_abs_estimate_total","mediating_TRUE",20809,0.62508749621322
"cum_abs_estimate_total","mediating_TRUE",20822,0.625240663518172
"cum_abs_estimate_total","mediating_TRUE",20835,0.625277265352225
"cum_abs_estimate_total","mediating_TRUE",20848,0.625546998128076
"cum_abs_estimate_total","mediating_TRUE",20861,0.625583599962129
"cum_abs_estimate_total","mediating_TRUE",20874,0.625503636325281
"cum_abs_estimate_total","mediating_TRUE",20887,0.625889934572033
"cum_abs_estimate_total","mediating_TRUE",20900,0.626159667347885
"cum_abs_estimate_total","mediating_TRUE",20913,0.626429400123737
"cum_abs_estimate_total","mediating_TRUE",20926,0.626349436486889
"cum_abs_estimate_total","mediating_TRUE",20939,0.626386038320942
"cum_abs_estimate_total","mediating_TRUE",20953,0.626398555956637
"cum_abs_estimate_total","mediating_TRUE",20966,0.626435157790689
"cum_abs_estimate_total","mediating_TRUE",20979,0.626588325095641
"cum_abs_estimate_total","mediating_TRUE",20992,0.626624926929694
"cum_abs_estimate_total","mediating_TRUE",21005,0.626544963292846
"cum_abs_estimate_total","mediating_TRUE",21018,0.626931261539598
"cum_abs_estimate_total","mediating_TRUE",21031,0.62708442884455
"cum_abs_estimate_total","mediating_TRUE",21044,0.627004465207702
"cum_abs_estimate_total","mediating_TRUE",21057,0.626807936099955
"cum_abs_estimate_total","mediating_TRUE",21070,0.626961103404907
"cum_abs_estimate_total","mediating_TRUE",21083,0.62699770523896
"cum_abs_estimate_total","mediating_TRUE",21096,0.627384003485711
"cum_abs_estimate_total","mediating_TRUE",21110,0.627513086592306
"cum_abs_estimate_total","mediating_TRUE",21123,0.627433122955459
"cum_abs_estimate_total","mediating_TRUE",21136,0.627469724789511
"cum_abs_estimate_total","mediating_TRUE",21149,0.627739457565363
"cum_abs_estimate_total","mediating_TRUE",21162,0.627892624870315
"cum_abs_estimate_total","mediating_TRUE",21175,0.628045792175267
"cum_abs_estimate_total","mediating_TRUE",21188,0.628315524951119
"cum_abs_estimate_total","mediating_TRUE",21201,0.628002430372472
"cum_abs_estimate_total","mediating_TRUE",21214,0.627922466735625
"cum_abs_estimate_total","mediating_TRUE",21227,0.628075634040577
"cum_abs_estimate_total","mediating_TRUE",21240,0.628345366816429
"cum_abs_estimate_total","mediating_TRUE",21254,0.628357884452124
"cum_abs_estimate_total","mediating_TRUE",21267,0.628161355344376
"cum_abs_estimate_total","mediating_TRUE",21280,0.628081391707529
"cum_abs_estimate_total","mediating_TRUE",21293,0.627884862599782
"cum_abs_estimate_total","mediating_TRUE",21306,0.628038029904734
"cum_abs_estimate_total","mediating_TRUE",21319,0.628191197209686
"cum_abs_estimate_total","mediating_TRUE",21332,0.627994668101939
"cum_abs_estimate_total","mediating_TRUE",21345,0.628031269935991
"cum_abs_estimate_total","mediating_TRUE",21358,0.628067871770044
"cum_abs_estimate_total","mediating_TRUE",21371,0.628221039074996
"cum_abs_estimate_total","mediating_TRUE",21384,0.628141075438148
"cum_abs_estimate_total","mediating_TRUE",21397,0.627944546330401
"cum_abs_estimate_total","mediating_TRUE",21411,0.627957063966096
"cum_abs_estimate_total","mediating_TRUE",21424,0.627993665800148
"cum_abs_estimate_total","mediating_TRUE",21437,0.628263398576
"cum_abs_estimate_total","mediating_TRUE",21450,0.628066869468253
"cum_abs_estimate_total","mediating_TRUE",21463,0.628103471302305
"cum_abs_estimate_total","mediating_TRUE",21476,0.628023507665458
"cum_abs_estimate_total","mediating_TRUE",21489,0.627826978557711
"cum_abs_estimate_total","mediating_TRUE",21502,0.627747014920863
"cum_abs_estimate_total","mediating_TRUE",21515,0.628133313167615
"cum_abs_estimate_total","mediating_TRUE",21528,0.628286480472567
"cum_abs_estimate_total","mediating_TRUE",21541,0.628439647777519
"cum_abs_estimate_total","mediating_TRUE",21555,0.628452165413214
"cum_abs_estimate_total","mediating_TRUE",21568,0.628838463659966
"cum_abs_estimate_total","mediating_TRUE",21581,0.629224761906718
"cum_abs_estimate_total","mediating_TRUE",21594,0.62937792921167
"cum_abs_estimate_total","mediating_TRUE",21607,0.629880792929321
"cum_abs_estimate_total","mediating_TRUE",21620,0.630033960234273
"cum_abs_estimate_total","mediating_TRUE",21633,0.629837431126526
"cum_abs_estimate_total","mediating_TRUE",21646,0.629990598431478
"cum_abs_estimate_total","mediating_TRUE",21659,0.629910634794631
"cum_abs_estimate_total","mediating_TRUE",21672,0.629947236628683
"cum_abs_estimate_total","mediating_TRUE",21685,0.630100403933635
"cum_abs_estimate_total","mediating_TRUE",21698,0.630137005767688
"cum_abs_estimate_total","mediating_TRUE",21712,0.630149523403382
"cum_abs_estimate_total","mediating_TRUE",21725,0.630186125237435
"cum_abs_estimate_total","mediating_TRUE",21738,0.630222727071487
"cum_abs_estimate_total","mediating_TRUE",21751,0.630259328905539
"cum_abs_estimate_total","mediating_TRUE",21764,0.630295930739592
"cum_abs_estimate_total","mediating_TRUE",21777,0.630332532573644
"cum_abs_estimate_total","mediating_TRUE",21790,0.630136003465897
"cum_abs_estimate_total","mediating_TRUE",21803,0.630172605299949
"cum_abs_estimate_total","mediating_TRUE",21816,0.630092641663102
"cum_abs_estimate_total","mediating_TRUE",21829,0.630129243497154
"cum_abs_estimate_total","mediating_TRUE",21842,0.629932714389407
"cum_abs_estimate_total","mediating_TRUE",21855,0.62996931622346
"cum_abs_estimate_total","mediating_TRUE",21869,0.630214964800954
"cum_abs_estimate_total","mediating_TRUE",21882,0.630135001164106
"cum_abs_estimate_total","mediating_TRUE",21895,0.630171602998159
"cum_abs_estimate_total","mediating_TRUE",21908,0.629975073890412
"cum_abs_estimate_total","mediating_TRUE",21921,0.630128241195364
"cum_abs_estimate_total","mediating_TRUE",21934,0.630281408500316
"cum_abs_estimate_total","mediating_TRUE",21947,0.630318010334368
"cum_abs_estimate_total","mediating_TRUE",21960,0.630238046697521
"cum_abs_estimate_total","mediating_TRUE",21973,0.630391214002473
"cum_abs_estimate_total","mediating_TRUE",21986,0.630311250365626
"cum_abs_estimate_total","mediating_TRUE",21999,0.630231286728778
"cum_abs_estimate_total","mediating_TRUE",22013,0.630593500777172
"cum_abs_estimate_total","mediating_TRUE",22026,0.630513537140325
"cum_abs_estimate_total","mediating_TRUE",22039,0.630550138974377
"cum_abs_estimate_total","mediating_TRUE",22052,0.630819871750229
"cum_abs_estimate_total","mediating_TRUE",22065,0.630623342642482
"cum_abs_estimate_total","mediating_TRUE",22078,0.630659944476534
"cum_abs_estimate_total","mediating_TRUE",22091,0.630696546310587
"cum_abs_estimate_total","mediating_TRUE",22104,0.631082844557338
"cum_abs_estimate_total","mediating_TRUE",22117,0.631002880920491
"cum_abs_estimate_total","mediating_TRUE",22130,0.630922917283644
"cum_abs_estimate_total","mediating_TRUE",22143,0.631309215530395
"cum_abs_estimate_total","mediating_TRUE",22156,0.631229251893548
"cum_abs_estimate_total","mediating_TRUE",22170,0.631241769529243
"cum_abs_estimate_total","mediating_TRUE",22183,0.631278371363295
"cum_abs_estimate_total","mediating_TRUE",22196,0.631314973197347
"cum_abs_estimate_total","mediating_TRUE",22209,0.6312350095605
"cum_abs_estimate_total","mediating_TRUE",22222,0.631271611394552
"cum_abs_estimate_total","mediating_TRUE",22235,0.631191647757705
"cum_abs_estimate_total","mediating_TRUE",22248,0.631111684120857
"cum_abs_estimate_total","mediating_TRUE",22261,0.63126485142581
"cum_abs_estimate_total","mediating_TRUE",22274,0.631068322318062
"cum_abs_estimate_total","mediating_TRUE",22287,0.630755227739416
"cum_abs_estimate_total","mediating_TRUE",22300,0.630908395044368
"cum_abs_estimate_total","mediating_TRUE",22314,0.631270609092762
"cum_abs_estimate_total","mediating_TRUE",22327,0.631307210926814
"cum_abs_estimate_total","mediating_TRUE",22340,0.631343812760866
"cum_abs_estimate_total","mediating_TRUE",22353,0.631263849124019
"cum_abs_estimate_total","mediating_TRUE",22366,0.631300450958072
"cum_abs_estimate_total","mediating_TRUE",22379,0.631337052792124
"cum_abs_estimate_total","mediating_TRUE",22392,0.631257089155276
"cum_abs_estimate_total","mediating_TRUE",22405,0.631410256460229
"cum_abs_estimate_total","mediating_TRUE",22418,0.631330292823381
"cum_abs_estimate_total","mediating_TRUE",22431,0.631600025599233
"cum_abs_estimate_total","mediating_TRUE",22444,0.631520061962386
"cum_abs_estimate_total","mediating_TRUE",22457,0.631789794738237
"cum_abs_estimate_total","mediating_TRUE",22471,0.631802312373932
"cum_abs_estimate_total","mediating_TRUE",22484,0.631838914207985
"cum_abs_estimate_total","mediating_TRUE",22497,0.631875516042037
"cum_abs_estimate_total","mediating_TRUE",22510,0.632028683346989
"cum_abs_estimate_total","mediating_TRUE",22523,0.631715588768342
"cum_abs_estimate_total","mediating_TRUE",22536,0.631752190602395
"cum_abs_estimate_total","mediating_TRUE",22549,0.631672226965547
"cum_abs_estimate_total","mediating_TRUE",22562,0.6317088287996
"cum_abs_estimate_total","mediating_TRUE",22575,0.631628865162752
"cum_abs_estimate_total","mediating_TRUE",22588,0.631548901525905
"cum_abs_estimate_total","mediating_TRUE",22601,0.631818634301757
"cum_abs_estimate_total","mediating_TRUE",22615,0.631831151937452
"cum_abs_estimate_total","mediating_TRUE",22628,0.631984319242404
"cum_abs_estimate_total","mediating_TRUE",22641,0.632254052018255
"cum_abs_estimate_total","mediating_TRUE",22654,0.632523784794107
"cum_abs_estimate_total","mediating_TRUE",22667,0.63244382115726
"cum_abs_estimate_total","mediating_TRUE",22680,0.632480422991312
"cum_abs_estimate_total","mediating_TRUE",22693,0.632983286708964
"cum_abs_estimate_total","mediating_TRUE",22706,0.632903323072116
"cum_abs_estimate_total","mediating_TRUE",22719,0.633056490377068
"cum_abs_estimate_total","mediating_TRUE",22732,0.633093092211121
"cum_abs_estimate_total","mediating_TRUE",22745,0.633246259516073
"cum_abs_estimate_total","mediating_TRUE",22758,0.633515992291925
"cum_abs_estimate_total","mediating_TRUE",22772,0.63352850992762
"cum_abs_estimate_total","mediating_TRUE",22785,0.633448546290772
"cum_abs_estimate_total","mediating_TRUE",22798,0.633368582653925
"cum_abs_estimate_total","mediating_TRUE",22811,0.633521749958877
"cum_abs_estimate_total","mediating_TRUE",22824,0.633558351792929
"cum_abs_estimate_total","mediating_TRUE",22837,0.633478388156082
"cum_abs_estimate_total","mediating_TRUE",22850,0.633514989990134
"cum_abs_estimate_total","mediating_TRUE",22863,0.633784722765986
"cum_abs_estimate_total","mediating_TRUE",22876,0.633704759129139
"cum_abs_estimate_total","mediating_TRUE",22889,0.633857926434091
"cum_abs_estimate_total","mediating_TRUE",22902,0.633894528268143
"cum_abs_estimate_total","mediating_TRUE",22915,0.633931130102196
"cum_abs_estimate_total","mediating_TRUE",22929,0.63406021320879
"cum_abs_estimate_total","mediating_TRUE",22942,0.633980249571943
"cum_abs_estimate_total","mediating_TRUE",22955,0.633900285935096
"cum_abs_estimate_total","mediating_TRUE",22968,0.634053453240048
"cum_abs_estimate_total","mediating_TRUE",22981,0.6340900550741
"cum_abs_estimate_total","mediating_TRUE",22994,0.633893525966353
"cum_abs_estimate_total","mediating_TRUE",23007,0.633930127800405
"cum_abs_estimate_total","mediating_TRUE",23020,0.633966729634457
"cum_abs_estimate_total","mediating_TRUE",23033,0.63388676599761
"cum_abs_estimate_total","mediating_TRUE",23046,0.634039933302562
"cum_abs_estimate_total","mediating_TRUE",23059,0.634076535136615
"cum_abs_estimate_total","mediating_TRUE",23073,0.634089052772309
"cum_abs_estimate_total","mediating_TRUE",23086,0.634242220077261
"cum_abs_estimate_total","mediating_TRUE",23099,0.634278821911314
"cum_abs_estimate_total","mediating_TRUE",23112,0.634198858274466
"cum_abs_estimate_total","mediating_TRUE",23125,0.634235460108519
"cum_abs_estimate_total","mediating_TRUE",23138,0.63462175835527
"cum_abs_estimate_total","mediating_TRUE",23151,0.634541794718423
"cum_abs_estimate_total","mediating_TRUE",23164,0.634345265610676
"cum_abs_estimate_total","mediating_TRUE",23177,0.634498432915628
"cum_abs_estimate_total","mediating_TRUE",23190,0.634418469278781
"cum_abs_estimate_total","mediating_TRUE",23203,0.634571636583733
"cum_abs_estimate_total","mediating_TRUE",23216,0.634375107475986
"cum_abs_estimate_total","mediating_TRUE",23230,0.63438762511168
"cum_abs_estimate_total","mediating_TRUE",23243,0.634773923358432
"cum_abs_estimate_total","mediating_TRUE",23256,0.634577394250685
"cum_abs_estimate_total","mediating_TRUE",23269,0.634730561555637
"cum_abs_estimate_total","mediating_TRUE",23282,0.634883728860589
"cum_abs_estimate_total","mediating_TRUE",23295,0.634920330694641
"cum_abs_estimate_total","mediating_TRUE",23308,0.635190063470493
"cum_abs_estimate_total","mediating_TRUE",23321,0.635343230775446
"cum_abs_estimate_total","mediating_TRUE",23334,0.635379832609498
"cum_abs_estimate_total","mediating_TRUE",23347,0.63564956538535
"cum_abs_estimate_total","mediating_TRUE",23360,0.635453036277603
"cum_abs_estimate_total","mediating_TRUE",23374,0.635348988442398
"cum_abs_estimate_total","mediating_TRUE",23387,0.63538559027645
"cum_abs_estimate_total","mediating_TRUE",23400,0.635305626639603
"cum_abs_estimate_total","mediating_TRUE",23413,0.635458793944555
"cum_abs_estimate_total","mediating_TRUE",23426,0.635378830307707
"cum_abs_estimate_total","mediating_TRUE",23439,0.63506573572906
"cum_abs_estimate_total","mediating_TRUE",23452,0.634869206621313
"cum_abs_estimate_total","mediating_TRUE",23465,0.635022373926265
"cum_abs_estimate_total","mediating_TRUE",23478,0.635058975760318
"cum_abs_estimate_total","mediating_TRUE",23491,0.63509557759437
"cum_abs_estimate_total","mediating_TRUE",23504,0.635015613957523
"cum_abs_estimate_total","mediating_TRUE",23517,0.634935650320675
"cum_abs_estimate_total","mediating_TRUE",23531,0.635414429839969
"cum_abs_estimate_total","mediating_TRUE",23544,0.635567597144921
"cum_abs_estimate_total","mediating_TRUE",23557,0.635487633508074
"cum_abs_estimate_total","mediating_TRUE",23570,0.635640800813026
"cum_abs_estimate_total","mediating_TRUE",23583,0.635677402647078
"cum_abs_estimate_total","mediating_TRUE",23596,0.63594713542293
"cum_abs_estimate_total","mediating_TRUE",23609,0.635983737256983
"cum_abs_estimate_total","mediating_TRUE",23622,0.636020339091035
"cum_abs_estimate_total","mediating_TRUE",23635,0.636056940925087
"cum_abs_estimate_total","mediating_TRUE",23648,0.636326673700939
"cum_abs_estimate_total","mediating_TRUE",23661,0.636363275534992
"cum_abs_estimate_total","mediating_TRUE",23675,0.636259227699787
"cum_abs_estimate_total","mediating_TRUE",23688,0.636528960475639
"cum_abs_estimate_total","mediating_TRUE",23701,0.636565562309691
"cum_abs_estimate_total","mediating_TRUE",23714,0.636602164143743
"cum_abs_estimate_total","mediating_TRUE",23727,0.636638765977796
"cum_abs_estimate_total","mediating_TRUE",23740,0.636558802340948
"cum_abs_estimate_total","mediating_TRUE",23753,0.636595404175001
"cum_abs_estimate_total","mediating_TRUE",23766,0.636515440538153
"cum_abs_estimate_total","mediating_TRUE",23779,0.636435476901306
"cum_abs_estimate_total","mediating_TRUE",23792,0.636122382322659
"cum_abs_estimate_total","mediating_TRUE",23805,0.636275549627611
"cum_abs_estimate_total","mediating_TRUE",23818,0.636195585990764
"cum_abs_estimate_total","mediating_TRUE",23832,0.636208103626458
"cum_abs_estimate_total","mediating_TRUE",23845,0.636011574518711
"cum_abs_estimate_total","mediating_TRUE",23858,0.635815045410964
"cum_abs_estimate_total","mediating_TRUE",23871,0.636317909128615
"cum_abs_estimate_total","mediating_TRUE",23884,0.636004814549968
"cum_abs_estimate_total","mediating_TRUE",23897,0.636041416384021
"cum_abs_estimate_total","mediating_TRUE",23910,0.635961452747173
"cum_abs_estimate_total","mediating_TRUE",23923,0.635764923639426
"cum_abs_estimate_total","mediating_TRUE",23936,0.635568394531679
"cum_abs_estimate_total","mediating_TRUE",23949,0.635721561836631
"cum_abs_estimate_total","mediating_TRUE",23962,0.635641598199784
"cum_abs_estimate_total","mediating_TRUE",23976,0.635537550364579
"cum_abs_estimate_total","mediating_TRUE",23989,0.635690717669531
"cum_abs_estimate_total","mediating_TRUE",24002,0.635727319503583
"cum_abs_estimate_total","mediating_TRUE",24015,0.635763921337636
"cum_abs_estimate_total","mediating_TRUE",24028,0.635800523171688
"cum_abs_estimate_total","mediating_TRUE",24041,0.63595369047664
"cum_abs_estimate_total","mediating_TRUE",24054,0.635873726839793
"cum_abs_estimate_total","mediating_TRUE",24067,0.635910328673845
"cum_abs_estimate_total","mediating_TRUE",24080,0.636063495978797
"cum_abs_estimate_total","mediating_TRUE",24093,0.63610009781285
"cum_abs_estimate_total","mediating_TRUE",24106,0.636136699646902
"cum_abs_estimate_total","mediating_TRUE",24119,0.635940170539155
"cum_abs_estimate_total","mediating_TRUE",24133,0.63571955723305
"cum_abs_estimate_total","mediating_TRUE",24146,0.635639593596203
"cum_abs_estimate_total","mediating_TRUE",24159,0.635676195430255
"cum_abs_estimate_total","mediating_TRUE",24172,0.635596231793408
"cum_abs_estimate_total","mediating_TRUE",24185,0.63551626815656
"cum_abs_estimate_total","mediating_TRUE",24198,0.635319739048813
"cum_abs_estimate_total","mediating_TRUE",24211,0.635356340882865
"cum_abs_estimate_total","mediating_TRUE",24224,0.635626073658717
"cum_abs_estimate_total","mediating_TRUE",24237,0.63542954455097
"cum_abs_estimate_total","mediating_TRUE",24250,0.635582711855922
"cum_abs_estimate_total","mediating_TRUE",24263,0.635735879160874
"cum_abs_estimate_total","mediating_TRUE",24276,0.635889046465827
"cum_abs_estimate_total","mediating_TRUE",24290,0.636018129572421
"cum_abs_estimate_total","mediating_TRUE",24303,0.636054731406474
"cum_abs_estimate_total","mediating_TRUE",24316,0.636207898711426
"cum_abs_estimate_total","mediating_TRUE",24329,0.636127935074578
"cum_abs_estimate_total","mediating_TRUE",24342,0.635931405966831
"cum_abs_estimate_total","mediating_TRUE",24355,0.636317704213583
"cum_abs_estimate_total","mediating_TRUE",24368,0.636354306047635
"cum_abs_estimate_total","mediating_TRUE",24381,0.636041211468988
"cum_abs_estimate_total","mediating_TRUE",24394,0.63607781330304
"cum_abs_estimate_total","mediating_TRUE",24407,0.635764718724394
"cum_abs_estimate_total","mediating_TRUE",24420,0.635801320558446
"cum_abs_estimate_total","mediating_TRUE",24434,0.635697272723241
"cum_abs_estimate_total","mediating_TRUE",24447,0.635967005499093
"cum_abs_estimate_total","mediating_TRUE",24460,0.636120172804045
"cum_abs_estimate_total","mediating_TRUE",24473,0.636040209167198
"cum_abs_estimate_total","mediating_TRUE",24486,0.636426507413949
"cum_abs_estimate_total","mediating_TRUE",24499,0.636463109248002
"cum_abs_estimate_total","mediating_TRUE",24512,0.636383145611154
"cum_abs_estimate_total","mediating_TRUE",24525,0.636303181974307
"cum_abs_estimate_total","mediating_TRUE",24538,0.636456349279259
"cum_abs_estimate_total","mediating_TRUE",24551,0.636492951113311
"cum_abs_estimate_total","mediating_TRUE",24564,0.636412987476464
"cum_abs_estimate_total","mediating_TRUE",24577,0.636333023839616
"cum_abs_estimate_total","mediating_TRUE",24591,0.636345541475311
"cum_abs_estimate_total","mediating_TRUE",24604,0.636615274251163
"cum_abs_estimate_total","mediating_TRUE",24617,0.636302179672516
"cum_abs_estimate_total","mediating_TRUE",24630,0.635989085093869
"cum_abs_estimate_total","mediating_TRUE",24643,0.635792555986122
"cum_abs_estimate_total","mediating_TRUE",24656,0.635479461407475
"cum_abs_estimate_total","mediating_TRUE",24669,0.635399497770628
"cum_abs_estimate_total","mediating_TRUE",24682,0.63531953413378
"cum_abs_estimate_total","mediating_TRUE",24695,0.635356135967833
"cum_abs_estimate_total","mediating_TRUE",24708,0.635392737801885
"cum_abs_estimate_total","mediating_TRUE",24721,0.635196208694138
"cum_abs_estimate_total","mediating_TRUE",24735,0.635208726329833
"cum_abs_estimate_total","mediating_TRUE",24748,0.635245328163885
"cum_abs_estimate_total","mediating_TRUE",24761,0.635281929997938
"cum_abs_estimate_total","mediating_TRUE",24774,0.63543509730289
"cum_abs_estimate_total","mediating_TRUE",24787,0.635588264607842
"cum_abs_estimate_total","mediating_TRUE",24800,0.635391735500095
"cum_abs_estimate_total","mediating_TRUE",24813,0.635311771863247
"cum_abs_estimate_total","mediating_TRUE",24826,0.635348373697299
"cum_abs_estimate_total","mediating_TRUE",24839,0.635501541002252
"cum_abs_estimate_total","mediating_TRUE",24852,0.635421577365404
"cum_abs_estimate_total","mediating_TRUE",24865,0.635807875612156
"cum_abs_estimate_total","mediating_TRUE",24878,0.635611346504409
"cum_abs_estimate_total","mediating_TRUE",24892,0.635623864140104
"cum_abs_estimate_total","mediating_TRUE",24905,0.635660465974156
"cum_abs_estimate_total","mediating_TRUE",24918,0.635697067808208
"cum_abs_estimate_total","mediating_TRUE",24931,0.63596680058406
"cum_abs_estimate_total","mediating_TRUE",24944,0.635886836947213
"cum_abs_estimate_total","mediating_TRUE",24957,0.635923438781265
"cum_abs_estimate_total","mediating_TRUE",24970,0.636076606086217
"cum_abs_estimate_total","mediating_TRUE",24983,0.63611320792027
"cum_abs_estimate_total","mediating_TRUE",24996,0.635916678812522
"cum_abs_estimate_total","mediating_TRUE",25009,0.636186411588374
"cum_abs_estimate_total","mediating_TRUE",25022,0.636106447951527
"cum_abs_estimate_total","mediating_TRUE",25036,0.636468661999921
"cum_abs_estimate_total","mediating_TRUE",25049,0.636272132892174
"cum_abs_estimate_total","mediating_TRUE",25062,0.636192169255327
"cum_abs_estimate_total","mediating_TRUE",25075,0.636112205618479
"cum_abs_estimate_total","mediating_TRUE",25088,0.636148807452531
"cum_abs_estimate_total","mediating_TRUE",25101,0.635835712873885
"cum_abs_estimate_total","mediating_TRUE",25114,0.635639183766137
"cum_abs_estimate_total","mediating_TRUE",25127,0.635792351071089
"cum_abs_estimate_total","mediating_TRUE",25140,0.635712387434242
"cum_abs_estimate_total","mediating_TRUE",25153,0.635632423797395
"cum_abs_estimate_total","mediating_TRUE",25166,0.635785591102347
"cum_abs_estimate_total","mediating_TRUE",25179,0.6355890619946
"cum_abs_estimate_total","mediating_TRUE",25193,0.635485014159395
"cum_abs_estimate_total","mediating_TRUE",25206,0.635405050522547
"cum_abs_estimate_total","mediating_TRUE",25219,0.6350919559439
"cum_abs_estimate_total","mediating_TRUE",25232,0.634778861365253
"cum_abs_estimate_total","mediating_TRUE",25245,0.634815463199306
"cum_abs_estimate_total","mediating_TRUE",25258,0.634618934091558
"cum_abs_estimate_total","mediating_TRUE",25271,0.634305839512912
"cum_abs_estimate_total","mediating_TRUE",25284,0.634342441346964
"cum_abs_estimate_total","mediating_TRUE",25297,0.634145912239217
"cum_abs_estimate_total","mediating_TRUE",25310,0.63394938313147
"cum_abs_estimate_total","mediating_TRUE",25323,0.633985984965522
"cum_abs_estimate_total","mediating_TRUE",25337,0.633881937130317
"cum_abs_estimate_total","mediating_TRUE",25350,0.634035104435269
"cum_abs_estimate_total","mediating_TRUE",25363,0.633838575327522
"cum_abs_estimate_total","mediating_TRUE",25376,0.633642046219775
"cum_abs_estimate_total","mediating_TRUE",25389,0.633445517112028
"cum_abs_estimate_total","mediating_TRUE",25402,0.63324898800428
"cum_abs_estimate_total","mediating_TRUE",25415,0.632935893425634
"cum_abs_estimate_total","mediating_TRUE",25428,0.632855929788786
"cum_abs_estimate_total","mediating_TRUE",25441,0.632659400681039
"cum_abs_estimate_total","mediating_TRUE",25454,0.632462871573292
"cum_abs_estimate_total","mediating_TRUE",25467,0.632266342465544
"cum_abs_estimate_total","mediating_TRUE",25480,0.632302944299597
"cum_abs_estimate_total","mediating_TRUE",25494,0.632198896464392
"cum_abs_estimate_total","mediating_TRUE",25507,0.632002367356645
"cum_abs_estimate_total","mediating_TRUE",25520,0.632038969190697
"cum_abs_estimate_total","mediating_TRUE",25533,0.63172587461205
"cum_abs_estimate_total","mediating_TRUE",25546,0.631762476446103
"cum_abs_estimate_total","mediating_TRUE",25559,0.631682512809255
"cum_abs_estimate_total","mediating_TRUE",25572,0.631602549172408
"cum_abs_estimate_total","mediating_TRUE",25585,0.631406020064661
"cum_abs_estimate_total","mediating_TRUE",25598,0.631209490956913
"cum_abs_estimate_total","mediating_TRUE",25611,0.631012961849166
"cum_abs_estimate_total","mediating_TRUE",25624,0.630816432741419
"cum_abs_estimate_total","mediating_TRUE",25637,0.630853034575471
"cum_abs_estimate_total","mediating_TRUE",25651,0.630748986740266
"cum_abs_estimate_total","mediating_TRUE",25664,0.630552457632519
"cum_abs_estimate_total","mediating_TRUE",25677,0.630239363053872
"cum_abs_estimate_total","mediating_TRUE",25690,0.629926268475225
"cum_abs_estimate_total","mediating_TRUE",25703,0.629729739367478
"cum_abs_estimate_total","mediating_TRUE",25716,0.629649775730631
"cum_abs_estimate_total","mediating_TRUE",25729,0.629802943035583
"cum_abs_estimate_total","mediating_TRUE",25742,0.629722979398736
"cum_abs_estimate_total","mediating_TRUE",25755,0.629759581232788
"cum_abs_estimate_total","mediating_TRUE",25768,0.62991274853774
"cum_abs_estimate_total","mediating_TRUE",25781,0.629599653959093
"cum_abs_estimate_total","mediating_TRUE",25795,0.629612171594788
"cum_abs_estimate_total","mediating_TRUE",25808,0.62976533889974
"cum_abs_estimate_total","mediating_TRUE",25821,0.629918506204692
"cum_abs_estimate_total","mediating_TRUE",25834,0.629721977096945
"cum_abs_estimate_total","mediating_TRUE",25847,0.629525447989198
"cum_abs_estimate_total","mediating_TRUE",25860,0.629212353410551
"cum_abs_estimate_total","mediating_TRUE",25873,0.629015824302804
"cum_abs_estimate_total","mediating_TRUE",25886,0.628935860665956
"cum_abs_estimate_total","mediating_TRUE",25899,0.628622766087309
"cum_abs_estimate_total","mediating_TRUE",25912,0.628309671508662
"cum_abs_estimate_total","mediating_TRUE",25925,0.627996576930015
"cum_abs_estimate_total","mediating_TRUE",25938,0.627800047822268
"cum_abs_estimate_total","mediating_TRUE",25952,0.627695999987063
"cum_abs_estimate_total","mediating_TRUE",25965,0.627616036350216
"cum_abs_estimate_total","mediating_TRUE",25978,0.627302941771569
"cum_abs_estimate_total","mediating_TRUE",25991,0.627456109076521
"cum_abs_estimate_total","mediating_TRUE",26004,0.627143014497874
"cum_abs_estimate_total","mediating_TRUE",26017,0.626829919919227
"cum_abs_estimate_total","mediating_TRUE",26030,0.62651682534058
"cum_abs_estimate_total","mediating_TRUE",26043,0.626320296232833
"cum_abs_estimate_total","mediating_TRUE",26056,0.626007201654186
"cum_abs_estimate_total","mediating_TRUE",26069,0.625810672546439
"cum_abs_estimate_total","mediating_TRUE",26082,0.625614143438692
"cum_abs_estimate_total","mediating_TRUE",26096,0.625393530132587
"cum_abs_estimate_total","mediating_TRUE",26109,0.62519700102484
"cum_abs_estimate_total","mediating_TRUE",26122,0.625000471917093
"cum_abs_estimate_total","mediating_TRUE",26135,0.624687377338446
"cum_abs_estimate_total","mediating_TRUE",26148,0.624607413701598
"cum_abs_estimate_total","mediating_TRUE",26161,0.624294319122951
"cum_abs_estimate_total","mediating_TRUE",26174,0.623981224544304
"cum_abs_estimate_total","mediating_TRUE",26187,0.623784695436557
"cum_abs_estimate_total","mediating_TRUE",26200,0.62370473179971
"cum_abs_estimate_total","mediating_TRUE",26213,0.623391637221063
"cum_abs_estimate_total","mediating_TRUE",26226,0.623078542642416
"cum_abs_estimate_total","mediating_TRUE",26239,0.622882013534669
"cum_abs_estimate_total","mediating_TRUE",26253,0.622661400228564
"cum_abs_estimate_total","mediating_TRUE",26266,0.622464871120817
"cum_abs_estimate_total","mediating_TRUE",26279,0.62238490748397
"cum_abs_estimate_total","mediating_TRUE",26292,0.622654640259822
"cum_abs_estimate_total","mediating_TRUE",26305,0.622691242093874
"cum_abs_estimate_total","mediating_TRUE",26318,0.622494712986127
"cum_abs_estimate_total","mediating_TRUE",26331,0.622298183878379
"cum_abs_estimate_total","mediating_TRUE",26344,0.622101654770632
"cum_abs_estimate_total","mediating_TRUE",26357,0.621905125662885
"cum_abs_estimate_total","mediating_TRUE",26370,0.621592031084238
"cum_abs_estimate_total","mediating_TRUE",26383,0.621395501976491
"cum_abs_estimate_total","mediating_TRUE",26397,0.621408019612186
"cum_abs_estimate_total","mediating_TRUE",26410,0.621094925033539
"cum_abs_estimate_total","mediating_TRUE",26423,0.620781830454892
"cum_abs_estimate_total","mediating_TRUE",26436,0.620701866818045
"cum_abs_estimate_total","mediating_TRUE",26449,0.620388772239398
"cum_abs_estimate_total","mediating_TRUE",26462,0.620075677660751
"cum_abs_estimate_total","mediating_TRUE",26475,0.619762583082104
"cum_abs_estimate_total","mediating_TRUE",26488,0.619566053974356
"cum_abs_estimate_total","mediating_TRUE",26501,0.619369524866609
"cum_abs_estimate_total","mediating_TRUE",26514,0.619056430287962
"cum_abs_estimate_total","mediating_TRUE",26527,0.618743335709315
"cum_abs_estimate_total","mediating_TRUE",26540,0.618663372072468
"cum_abs_estimate_total","mediating_TRUE",26554,0.618442758766363
"cum_abs_estimate_total","mediating_TRUE",26567,0.618246229658616
"cum_abs_estimate_total","mediating_TRUE",26580,0.618166266021769
"cum_abs_estimate_total","mediating_TRUE",26593,0.617853171443122
"cum_abs_estimate_total","mediating_TRUE",26606,0.617656642335375
"cum_abs_estimate_total","mediating_TRUE",26619,0.617343547756728
"cum_abs_estimate_total","mediating_TRUE",26632,0.617030453178081
"cum_abs_estimate_total","mediating_TRUE",26645,0.616833924070334
"cum_abs_estimate_total","mediating_TRUE",26658,0.616520829491687
"cum_abs_estimate_total","mediating_TRUE",26671,0.616440865854839
"cum_abs_estimate_total","mediating_TRUE",26684,0.616360902217992
"cum_abs_estimate_total","mediating_TRUE",26698,0.616023723440987
"cum_abs_estimate_total","mediating_TRUE",26711,0.61571062886234
"cum_abs_estimate_total","mediating_TRUE",26724,0.615397534283693
"cum_abs_estimate_total","mediating_TRUE",26737,0.615084439705047
"cum_abs_estimate_total","mediating_TRUE",26750,0.614887910597299
"cum_abs_estimate_total","mediating_TRUE",26763,0.614691381489552
"cum_abs_estimate_total","mediating_TRUE",26776,0.614494852381805
"cum_abs_estimate_total","mediating_TRUE",26789,0.614181757803158
"cum_abs_estimate_total","mediating_TRUE",26802,0.613868663224511
"cum_abs_estimate_total","mediating_TRUE",26815,0.613672134116764
"cum_abs_estimate_total","mediating_TRUE",26828,0.613359039538117
"cum_abs_estimate_total","mediating_TRUE",26841,0.61304594495947
"cum_abs_estimate_total","mediating_TRUE",26855,0.612825331653365
"cum_abs_estimate_total","mediating_TRUE",26868,0.612512237074718
"cum_abs_estimate_total","mediating_TRUE",26881,0.612199142496071
"cum_abs_estimate_total","mediating_TRUE",26894,0.611886047917425
"cum_abs_estimate_total","mediating_TRUE",26907,0.611689518809677
"cum_abs_estimate_total","mediating_TRUE",26920,0.61149298970193
"cum_abs_estimate_total","mediating_TRUE",26933,0.611296460594183
"cum_abs_estimate_total","mediating_TRUE",26946,0.610983366015536
"cum_abs_estimate_total","mediating_TRUE",26959,0.610670271436889
"cum_abs_estimate_total","mediating_TRUE",26972,0.610357176858242
"cum_abs_estimate_total","mediating_TRUE",26985,0.610044082279595
"cum_abs_estimate_total","mediating_TRUE",26998,0.609730987700948
"cum_abs_estimate_total","mediating_TRUE",27012,0.609393808923944
"cum_abs_estimate_total","mediating_TRUE",27025,0.609080714345297
"cum_abs_estimate_total","mediating_TRUE",27038,0.60888418523755
"cum_abs_estimate_total","mediating_TRUE",27051,0.608571090658903
"cum_abs_estimate_total","mediating_TRUE",27064,0.608257996080256
"cum_abs_estimate_total","mediating_TRUE",27077,0.607944901501609
"cum_abs_estimate_total","mediating_TRUE",27090,0.607748372393862
"cum_abs_estimate_total","mediating_TRUE",27103,0.607551843286114
"cum_abs_estimate_total","mediating_TRUE",27116,0.607238748707468
"cum_abs_estimate_total","mediating_TRUE",27129,0.606925654128821
"cum_abs_estimate_total","mediating_TRUE",27142,0.606612559550174
"cum_abs_estimate_total","mediating_TRUE",27156,0.606275380773169
"cum_abs_estimate_total","mediating_TRUE",27169,0.605962286194522
"cum_abs_estimate_total","mediating_TRUE",27182,0.605649191615875
"cum_abs_estimate_total","mediating_TRUE",27195,0.605336097037228
"cum_abs_estimate_total","mediating_TRUE",27208,0.605023002458581
"cum_abs_estimate_total","mediating_TRUE",27221,0.604826473350834
"cum_abs_estimate_total","mediating_TRUE",27234,0.604513378772187
"cum_abs_estimate_total","mediating_TRUE",27247,0.60420028419354
"cum_abs_estimate_total","mediating_TRUE",27260,0.603887189614893
"cum_abs_estimate_total","mediating_TRUE",27273,0.603574095036246
"cum_abs_estimate_total","mediating_TRUE",27286,0.603261000457599
"cum_abs_estimate_total","mediating_TRUE",27299,0.602947905878953
"cum_abs_estimate_total","mediating_TRUE",27313,0.602610727101948
"cum_abs_estimate_total","mediating_TRUE",27326,0.602297632523301
"cum_abs_estimate_total","mediating_TRUE",27339,0.601984537944654
"cum_abs_estimate_total","mediating_TRUE",27352,0.601671443366007
"cum_abs_estimate_total","mediating_TRUE",27365,0.60135834878736
"cum_abs_estimate_total","mediating_TRUE",27378,0.601045254208713
"cum_abs_estimate_total","mediating_TRUE",27391,0.600732159630066
"cum_abs_estimate_total","mediating_TRUE",27404,0.60041906505142
"cum_abs_estimate_total","mediating_TRUE",27417,0.600105970472772
"cum_abs_estimate_total","mediating_TRUE",27430,0.599792875894126
"cum_abs_estimate_total","mediating_TRUE",27443,0.599479781315479
"cum_abs_estimate_total","mediating_TRUE",27457,0.599142602538474
"cum_abs_estimate_total","mediating_TRUE",27470,0.598829507959827
"cum_abs_estimate_total","mediating_TRUE",27483,0.59851641338118
"cum_abs_estimate_total","mediating_TRUE",27496,0.598203318802533
"cum_abs_estimate_total","mediating_TRUE",27509,0.597890224223886
"cum_abs_estimate_total","mediating_TRUE",27522,0.597577129645239
"cum_abs_estimate_total","mediating_TRUE",27535,0.597264035066593
"cum_abs_estimate_total","mediating_TRUE",27548,0.596950940487946
"cum_abs_estimate_total","mediating_TRUE",27561,0.596637845909299
"cum_abs_estimate_total","mediating_TRUE",27574,0.596324751330652
"cum_abs_estimate_total","mediating_TRUE",27587,0.596011656752005
"cum_abs_estimate_total","mediating_TRUE",27600,0.595698562173358
"cum_abs_estimate_total","mediating_TRUE",27614,0.595361383396353
"cum_abs_estimate_total","mediating_TRUE",27627,0.595048288817706
"cum_abs_estimate_total","mediating_TRUE",27640,0.594735194239059
"cum_abs_estimate_total","mediating_TRUE",27653,0.594422099660412
"cum_abs_estimate_total","mediating_TRUE",27666,0.594109005081766
"cum_abs_estimate_total","mediating_TRUE",27679,0.593795910503119
"cum_abs_estimate_total","mediating_TRUE",27692,0.593482815924472
"cum_abs_estimate_total","mediating_TRUE",27705,0.593169721345825
"cum_abs_estimate_total","mediating_TRUE",27718,0.592856626767178
"cum_abs_estimate_total","mediating_TRUE",27731,0.592543532188531
"cum_abs_estimate_total","mediating_TRUE",27744,0.592230437609884
"cum_abs_estimate_total","mediating_TRUE",27758,0.591893258832879
"cum_abs_estimate_total","mediating_TRUE",27771,0.591580164254233
"cum_abs_estimate_total","mediating_TRUE",27784,0.591267069675586
"cum_abs_estimate_total","mediating_TRUE",27797,0.590953975096939
"cum_abs_estimate_total","mediating_TRUE",27810,0.590640880518292
"cum_abs_estimate_total","mediating_TRUE",27823,0.590327785939645
"cum_abs_estimate_total","mediating_TRUE",27836,0.590014691360998
"cum_abs_estimate_total","mediating_TRUE",27849,0.589701596782351
"cum_abs_estimate_total","mediating_TRUE",27862,0.589388502203704
"cum_abs_estimate_total","mediating_TRUE",27875,0.589075407625057
"cum_abs_estimate_total","mediating_TRUE",27888,0.58876231304641
"cum_abs_estimate_total","mediating_TRUE",27901,0.588449218467763
"cum_abs_estimate_total","mediating_TRUE",27915,0.588112039690759
"cum_abs_estimate_total","mediating_TRUE",27928,0.587798945112112
"cum_abs_estimate_total","mediating_TRUE",27941,0.587485850533465
"cum_abs_estimate_total","mediating_TRUE",27954,0.587172755954818
"cum_abs_estimate_total","mediating_TRUE",27967,0.586859661376171
"cum_abs_estimate_total","mediating_TRUE",27980,0.586546566797524
"cum_abs_estimate_total","mediating_TRUE",27993,0.586233472218877
"cum_abs_estimate_total","mediating_TRUE",28006,0.58592037764023
"cum_abs_estimate_total","mediating_TRUE",28019,0.585607283061583
"cum_abs_estimate_total","mediating_TRUE",28032,0.585294188482936
"cum_abs_estimate_total","mediating_TRUE",28045,0.584981093904289
"cum_abs_estimate_total","mediating_TRUE",28059,0.584643915127285
"cum_abs_estimate_total","mediating_TRUE",28072,0.584330820548638
"cum_abs_estimate_total","mediating_TRUE",28085,0.584017725969991
"cum_abs_estimate_total","mediating_TRUE",28098,0.583704631391344
"cum_abs_estimate_total","mediating_TRUE",28111,0.583391536812697
"cum_abs_estimate_total","mediating_TRUE",28124,0.58307844223405
"cum_abs_estimate_total","mediating_TRUE",28137,0.582765347655403
"cum_abs_estimate_total","mediating_TRUE",28150,0.582452253076756
"cum_abs_estimate_total","mediating_TRUE",28163,0.582139158498109
"cum_abs_estimate_total","mediating_TRUE",28176,0.581826063919462
"cum_abs_estimate_total","mediating_TRUE",28189,0.581512969340815
"cum_abs_estimate_total","mediating_TRUE",28202,0.581199874762168
"cum_abs_estimate_total","mediating_TRUE",28216,0.580862695985164
"cum_abs_estimate_total","mediating_TRUE",28229,0.580549601406517
"cum_abs_estimate_total","mediating_TRUE",28242,0.58023650682787
"cum_abs_estimate_total","mediating_TRUE",28255,0.579923412249223
"cum_abs_estimate_total","mediating_TRUE",28268,0.579610317670576
"cum_abs_estimate_total","mediating_TRUE",28281,0.579297223091929
"cum_abs_estimate_total","mediating_TRUE",28294,0.578984128513282
"cum_abs_estimate_total","mediating_TRUE",28307,0.578671033934635
"cum_abs_estimate_total","mediating_TRUE",28320,0.578357939355988
"cum_abs_estimate_total","mediating_TRUE",28333,0.578044844777341
"cum_abs_estimate_total","mediating_TRUE",28346,0.577731750198694
"cum_abs_estimate_total","mediating_TRUE",28359,0.577418655620047
"cum_abs_estimate_total","mediating_TRUE",28373,0.577081476843043
"cum_abs_estimate_total","mediating_TRUE",28386,0.576768382264396
"cum_abs_estimate_total","mediating_TRUE",28399,0.576455287685749
"cum_abs_estimate_total","mediating_TRUE",28412,0.576142193107102
"cum_abs_estimate_total","mediating_TRUE",28425,0.575829098528455
"cum_abs_estimate_total","mediating_TRUE",28438,0.575516003949808
"cum_abs_estimate_total","mediating_TRUE",28451,0.575202909371161
"cum_abs_estimate_total","mediating_TRUE",28464,0.574889814792514
"cum_abs_estimate_total","mediating_TRUE",28477,0.574576720213867
"cum_abs_estimate_total","mediating_TRUE",28490,0.57426362563522
"cum_abs_estimate_total","mediating_TRUE",28503,0.573950531056573
"cum_abs_estimate_total","mediating_TRUE",28517,0.573613352279569
"cum_abs_estimate_total","mediating_TRUE",28530,0.573300257700922
"cum_abs_estimate_total","mediating_TRUE",28543,0.572987163122275
"cum_abs_estimate_total","mediating_TRUE",28556,0.572674068543628
"cum_abs_estimate_total","mediating_TRUE",28569,0.572360973964981
"cum_abs_estimate_total","mediating_TRUE",28582,0.572047879386334
"cum_abs_estimate_total","mediating_TRUE",28595,0.571734784807687
"cum_abs_estimate_total","mediating_TRUE",28608,0.57142169022904
"cum_abs_estimate_total","mediating_TRUE",28621,0.571108595650394
"cum_abs_estimate_total","mediating_TRUE",28634,0.570795501071746
"cum_abs_estimate_total","mediating_TRUE",28647,0.5704824064931
"cum_abs_estimate_total","mediating_TRUE",28660,0.570169311914453
"cum_abs_estimate_total","mediating_TRUE",28674,0.569832133137448
"cum_abs_estimate_total","mediating_TRUE",28687,0.569519038558801
"cum_abs_estimate_total","mediating_TRUE",28700,0.569205943980154
"cum_abs_estimate_total","mediating_TRUE",28713,0.568892849401507
"cum_abs_estimate_total","mediating_TRUE",28726,0.56857975482286
"cum_abs_estimate_total","mediating_TRUE",28739,0.568266660244213
"cum_abs_estimate_total","mediating_TRUE",28752,0.567953565665567
"cum_abs_estimate_total","mediating_TRUE",28765,0.56764047108692
"cum_abs_estimate_total","mediating_TRUE",28778,0.567327376508273
"cum_abs_estimate_total","mediating_TRUE",28791,0.567014281929626
"cum_abs_estimate_total","mediating_TRUE",28804,0.566701187350979
"cum_abs_estimate_total","mediating_TRUE",28818,0.566364008573974
"cum_abs_estimate_total","mediating_TRUE",28831,0.566050913995327
"cum_abs_estimate_total","mediating_TRUE",28844,0.56573781941668
"cum_abs_estimate_total","mediating_TRUE",28857,0.565424724838033
"cum_abs_estimate_total","mediating_TRUE",28870,0.565111630259386
"cum_abs_estimate_total","mediating_TRUE",28883,0.56479853568074
"cum_abs_estimate_total","mediating_TRUE",28896,0.564485441102093
"cum_abs_estimate_total","mediating_TRUE",28909,0.564172346523446
"cum_abs_estimate_total","mediating_TRUE",28922,0.563859251944799
"cum_abs_estimate_total","mediating_TRUE",28935,0.563546157366152
"cum_abs_estimate_total","mediating_TRUE",28948,0.563233062787505
"cum_abs_estimate_total","mediating_TRUE",28961,0.562919968208858
"cum_abs_estimate_total","mediating_TRUE",28975,0.562582789431853
"cum_abs_estimate_total","mediating_TRUE",28988,0.562269694853207
"cum_abs_estimate_total","mediating_TRUE",29001,0.56195660027456
"cum_abs_estimate_total","mediating_TRUE",29014,0.561643505695913
"cum_abs_estimate_total","mediating_TRUE",29027,0.561330411117266
"cum_abs_estimate_total","mediating_TRUE",29040,0.561017316538619
"cum_abs_estimate_total","mediating_TRUE",29053,0.560704221959972
"cum_abs_estimate_total","mediating_TRUE",29066,0.560391127381325
"cum_abs_estimate_total","mediating_TRUE",29079,0.560078032802678
"cum_abs_estimate_total","mediating_TRUE",29092,0.559764938224031
"cum_abs_estimate_total","mediating_TRUE",29105,0.559451843645384
"cum_abs_estimate_total","mediating_TRUE",29119,0.55911466486838
"cum_abs_estimate_total","mediating_TRUE",29132,0.558801570289733
"cum_abs_estimate_total","mediating_TRUE",29145,0.558488475711086
"cum_abs_estimate_total","mediating_TRUE",29158,0.558175381132439
"cum_abs_estimate_total","mediating_TRUE",29171,0.557862286553792
"cum_abs_estimate_total","mediating_TRUE",29184,0.557549191975145
"cum_abs_estimate_total","mediating_TRUE",29197,0.557236097396498
"cum_abs_estimate_total","mediating_TRUE",29210,0.556923002817851
"cum_abs_estimate_total","mediating_TRUE",29223,0.556609908239204
"cum_abs_estimate_total","mediating_TRUE",29236,0.556296813660557
"cum_abs_estimate_total","mediating_TRUE",29249,0.55598371908191
"cum_abs_estimate_total","mediating_TRUE",29262,0.555670624503263
"cum_abs_estimate_total","mediating_TRUE",29276,0.555333445726259
"cum_abs_estimate_total","mediating_TRUE",29289,0.555020351147612
"cum_abs_estimate_total","mediating_TRUE",29302,0.554707256568965
"cum_abs_estimate_total","mediating_TRUE",29315,0.554394161990318
"cum_abs_estimate_total","mediating_TRUE",29328,0.554081067411671
"cum_abs_estimate_total","mediating_TRUE",29341,0.553767972833024
"cum_abs_estimate_total","mediating_TRUE",29354,0.553454878254377
"cum_abs_estimate_total","mediating_TRUE",29367,0.55314178367573
"cum_abs_estimate_total","mediating_TRUE",29380,0.552828689097083
"cum_abs_estimate_total","mediating_TRUE",29393,0.552515594518436
"cum_abs_estimate_total","mediating_TRUE",29406,0.552202499939789
"cum_abs_estimate_total","mediating_TRUE",29420,0.551865321162785
"cum_abs_estimate_total","mediating_TRUE",29433,0.551552226584138
"cum_abs_estimate_total","mediating_TRUE",29446,0.551239132005491
"cum_abs_estimate_total","mediating_TRUE",29459,0.550926037426844
"cum_abs_estimate_total","mediating_TRUE",29472,0.550612942848197
"cum_abs_estimate_total","mediating_TRUE",29485,0.55029984826955
"cum_abs_estimate_total","mediating_TRUE",29498,0.549986753690903
"cum_abs_estimate_total","mediating_TRUE",29511,0.549673659112256
"cum_abs_estimate_total","mediating_TRUE",29524,0.549360564533609
"cum_abs_estimate_total","mediating_TRUE",29537,0.549047469954962
"cum_abs_estimate_total","mediating_TRUE",29550,0.548734375376315
"cum_abs_estimate_total","mediating_TRUE",29563,0.548421280797668
"cum_abs_estimate_total","mediating_TRUE",29577,0.548084102020664
"cum_abs_estimate_total","mediating_TRUE",29590,0.547771007442017
"cum_abs_estimate_total","mediating_TRUE",29603,0.54745791286337
"cum_abs_estimate_total","mediating_TRUE",29616,0.547144818284723
"cum_abs_estimate_total","mediating_TRUE",29629,0.546831723706076
"cum_abs_estimate_total","mediating_TRUE",29642,0.546518629127429
"cum_abs_estimate_total","mediating_TRUE",29655,0.546205534548782
"cum_abs_estimate_total","mediating_TRUE",29668,0.545892439970135
"cum_abs_estimate_total","mediating_TRUE",29681,0.545579345391488
"cum_abs_estimate_total","mediating_TRUE",29694,0.545266250812841
"cum_abs_estimate_total","mediating_TRUE",29707,0.544953156234194
"cum_abs_estimate_total","mediating_TRUE",29720,0.544640061655547
"cum_abs_estimate_total","mediating_TRUE",29734,0.544302882878543
"cum_abs_estimate_total","mediating_TRUE",29747,0.543989788299896
"cum_abs_estimate_total","mediating_TRUE",29760,0.543676693721249
"cum_abs_estimate_total","mediating_TRUE",29773,0.543363599142602
"cum_abs_estimate_total","mediating_TRUE",29786,0.543050504563955
"cum_abs_estimate_total","mediating_TRUE",29799,0.542737409985308
"cum_abs_estimate_total","mediating_TRUE",29812,0.542424315406661
"cum_abs_estimate_total","mediating_TRUE",29825,0.542111220828014
"cum_abs_estimate_total","mediating_TRUE",29838,0.541798126249367
"cum_abs_estimate_total","mediating_TRUE",29851,0.54148503167072
"cum_abs_estimate_total","mediating_TRUE",29864,0.541171937092074
"cum_abs_estimate_total","mediating_TRUE",29878,0.540834758315069
"cum_abs_estimate_total","mediating_TRUE",29891,0.540521663736422
"cum_abs_estimate_total","mediating_TRUE",29904,0.540208569157775
"cum_abs_estimate_total","mediating_TRUE",29917,0.539895474579128
"cum_abs_estimate_total","mediating_TRUE",29930,0.539582380000481
"cum_abs_estimate_total","mediating_TRUE",29943,0.539269285421834
"cum_abs_estimate_total","mediating_TRUE",29956,0.538956190843187
"cum_abs_estimate_total","mediating_TRUE",29969,0.538643096264541
"cum_abs_estimate_total","mediating_TRUE",29982,0.538330001685894
"cum_abs_estimate_total","mediating_TRUE",29995,0.538016907107247
"cum_abs_estimate_total","mediating_TRUE",30008,0.5377038125286
"cum_abs_estimate_total","mediating_TRUE",30021,0.537390717949953
"cum_abs_estimate_total","mediating_TRUE",30035,0.537053539172948
"cum_abs_estimate_total","mediating_TRUE",30048,0.536740444594301
"cum_abs_estimate_total","mediating_TRUE",30061,0.536427350015654
"cum_abs_estimate_total","mediating_TRUE",30074,0.536114255437007
"cum_abs_estimate_total","mediating_TRUE",30087,0.53580116085836
"cum_abs_estimate_total","mediating_TRUE",30100,0.535488066279714
"cum_abs_estimate_total","mediating_TRUE",30113,0.535174971701067
"cum_abs_estimate_total","mediating_TRUE",30126,0.53486187712242
"cum_abs_estimate_total","mediating_TRUE",30139,0.534548782543773
"cum_abs_estimate_total","mediating_TRUE",30152,0.534235687965126
"cum_abs_estimate_total","mediating_TRUE",30165,0.533922593386479
"cum_abs_estimate_total","mediating_TRUE",30179,0.533585414609474
"cum_abs_estimate_total","mediating_TRUE",30192,0.533272320030827
"cum_abs_estimate_total","mediating_TRUE",30205,0.53295922545218
"cum_abs_estimate_total","mediating_TRUE",30218,0.532646130873534
"cum_abs_estimate_total","mediating_TRUE",30231,0.532333036294887
"cum_abs_estimate_total","mediating_TRUE",30244,0.53201994171624
"cum_abs_estimate_total","mediating_TRUE",30257,0.531706847137593
"cum_abs_estimate_total","mediating_TRUE",30270,0.531393752558946
"cum_abs_estimate_total","mediating_TRUE",30283,0.531080657980299
"cum_abs_estimate_total","mediating_TRUE",30296,0.530767563401652
"cum_abs_estimate_total","mediating_TRUE",30309,0.530454468823005
"cum_abs_estimate_total","mediating_TRUE",30322,0.530141374244358
"cum_abs_estimate_total","mediating_TRUE",30336,0.529804195467354
"cum_abs_estimate_total","mediating_TRUE",30349,0.529491100888707
"cum_abs_estimate_total","mediating_TRUE",30362,0.52917800631006
"cum_abs_estimate_total","mediating_TRUE",30375,0.528864911731413
"cum_abs_estimate_total","mediating_TRUE",30388,0.528551817152766
"cum_abs_estimate_total","mediating_TRUE",30401,0.528238722574119
"cum_abs_estimate_total","mediating_TRUE",30414,0.527925627995472
"cum_abs_estimate_total","mediating_TRUE",30427,0.527612533416825
"cum_abs_estimate_total","mediating_TRUE",30440,0.527299438838178
"cum_abs_estimate_total","mediating_TRUE",30453,0.526986344259531
"cum_abs_estimate_total","mediating_TRUE",30466,0.526673249680884
"cum_abs_estimate_total","mediating_TRUE",30480,0.52633607090388
"cum_abs_estimate_total","mediating_TRUE",30493,0.526022976325233
"cum_abs_estimate_total","mediating_TRUE",30506,0.525709881746586
"cum_abs_estimate_total","mediating_TRUE",30519,0.525396787167939
"cum_abs_estimate_total","mediating_TRUE",30532,0.525083692589292
"cum_abs_estimate_total","mediating_TRUE",30545,0.524770598010645
"cum_abs_estimate_total","mediating_TRUE",30558,0.524457503431998
"cum_abs_estimate_total","mediating_TRUE",30571,0.524144408853351
"cum_abs_estimate_total","mediating_TRUE",30584,0.523831314274704
"cum_abs_estimate_total","mediating_TRUE",30597,0.523518219696057
"cum_abs_estimate_total","mediating_TRUE",30610,0.52320512511741
"cum_abs_estimate_total","mediating_TRUE",30623,0.522892030538763
"cum_abs_estimate_total","mediating_TRUE",30637,0.522554851761759
"cum_abs_estimate_total","mediating_TRUE",30650,0.522241757183112
"cum_abs_estimate_total","mediating_TRUE",30663,0.521928662604465
"cum_abs_estimate_total","mediating_TRUE",30676,0.521615568025818
"cum_abs_estimate_total","mediating_TRUE",30689,0.521302473447171
"cum_abs_estimate_total","mediating_TRUE",30702,0.520989378868524
"cum_abs_estimate_total","mediating_TRUE",30715,0.520676284289877
"cum_abs_estimate_total","mediating_TRUE",30728,0.52036318971123
"cum_abs_estimate_total","mediating_TRUE",30741,0.520050095132583
"cum_abs_estimate_total","mediating_TRUE",30754,0.519737000553936
"cum_abs_estimate_total","mediating_TRUE",30767,0.519423905975289
"cum_abs_estimate_total","mediating_TRUE",30780,0.519110811396642
"cum_abs_estimate_total","mediating_TRUE",30794,0.518773632619638
"cum_abs_estimate_total","mediating_TRUE",30807,0.518460538040991
"cum_abs_estimate_total","mediating_TRUE",30820,0.518147443462344
"cum_abs_estimate_total","mediating_TRUE",30833,0.517834348883697
"cum_abs_estimate_total","mediating_TRUE",30846,0.51752125430505
"cum_abs_estimate_total","mediating_TRUE",30859,0.517208159726403
"cum_abs_estimate_total","mediating_TRUE",30872,0.516895065147756
"cum_abs_estimate_total","mediating_TRUE",30885,0.516581970569109
"cum_abs_estimate_total","mediating_TRUE",30898,0.516268875990462
"cum_abs_estimate_total","mediating_TRUE",30911,0.515955781411815
"cum_abs_estimate_total","mediating_TRUE",30924,0.515642686833168
"cum_abs_estimate_total","mediating_TRUE",30938,0.515305508056164
"cum_abs_estimate_total","mediating_TRUE",30951,0.514992413477517
"cum_abs_estimate_total","mediating_TRUE",30964,0.51467931889887
"cum_abs_estimate_total","mediating_TRUE",30977,0.514366224320223
"cum_abs_estimate_total","mediating_TRUE",30990,0.514053129741576
"cum_abs_estimate_total","mediating_TRUE",31003,0.513740035162929
"cum_abs_estimate_total","mediating_TRUE",31016,0.513426940584282
"cum_abs_estimate_total","mediating_TRUE",31029,0.513113846005635
"cum_abs_estimate_total","mediating_TRUE",31042,0.512800751426988
"cum_abs_estimate_total","mediating_TRUE",31055,0.512487656848341
"cum_abs_estimate_total","mediating_TRUE",31068,0.512174562269694
"cum_abs_estimate_total","mediating_TRUE",31081,0.511861467691048
"cum_abs_estimate_total","mediating_TRUE",31095,0.511524288914043
"cum_abs_estimate_total","mediating_TRUE",31108,0.511211194335396
"cum_abs_estimate_total","mediating_TRUE",31121,0.510898099756749
"cum_abs_estimate_total","mediating_TRUE",31134,0.510585005178102
"cum_abs_estimate_total","mediating_TRUE",31147,0.510271910599455
"cum_abs_estimate_total","mediating_TRUE",31160,0.509958816020808
"cum_abs_estimate_total","mediating_TRUE",31173,0.509645721442161
"cum_abs_estimate_total","mediating_TRUE",31186,0.509332626863514
"cum_abs_estimate_total","mediating_TRUE",31199,0.509019532284868
"cum_abs_estimate_total","mediating_TRUE",31212,0.508706437706221
"cum_abs_estimate_total","mediating_TRUE",31225,0.508393343127574
"cum_abs_estimate_total","mediating_TRUE",31239,0.508056164350569
"cum_abs_estimate_total","mediating_TRUE",31252,0.507743069771922
"cum_abs_estimate_total","mediating_TRUE",31265,0.507429975193275
"cum_abs_estimate_total","mediating_TRUE",31278,0.507116880614628
"cum_abs_estimate_total","mediating_TRUE",31291,0.506803786035981
"cum_abs_estimate_total","mediating_TRUE",31304,0.506490691457334
"cum_abs_estimate_total","mediating_TRUE",31317,0.506177596878688
"cum_abs_estimate_total","mediating_TRUE",31330,0.505864502300041
"cum_abs_estimate_total","mediating_TRUE",31343,0.505551407721394
"cum_abs_estimate_total","mediating_TRUE",31356,0.505238313142747
"cum_abs_estimate_total","mediating_TRUE",31369,0.5049252185641
"cum_abs_estimate_total","mediating_TRUE",31382,0.504612123985453
"cum_abs_estimate_total","mediating_TRUE",31396,0.504274945208448
"cum_abs_estimate_total","mediating_TRUE",31409,0.503961850629801
"cum_abs_estimate_total","mediating_TRUE",31422,0.503648756051154
"cum_abs_estimate_total","mediating_TRUE",31435,0.503335661472508
"cum_abs_estimate_total","mediating_TRUE",31448,0.503022566893861
"cum_abs_estimate_total","mediating_TRUE",31461,0.502709472315214
"cum_abs_estimate_total","mediating_TRUE",31474,0.502396377736567
"cum_abs_estimate_total","mediating_TRUE",31487,0.50208328315792
"cum_abs_estimate_total","mediating_TRUE",31500,0.501770188579273
"cum_abs_estimate_total","mediating_TRUE",31513,0.501457094000626
"cum_abs_estimate_total","mediating_TRUE",31526,0.501143999421979
"cum_abs_estimate_total","mediating_TRUE",31540,0.500806820644975
"cum_abs_estimate_total","mediating_TRUE",31553,0.500493726066327
"cum_abs_estimate_total","mediating_TRUE",31566,0.500180631487681
"cum_abs_estimate_total","mediating_TRUE",31579,0.499867536909034
"cum_abs_estimate_total","mediating_TRUE",31592,0.499554442330387
"cum_abs_estimate_total","mediating_TRUE",31605,0.49924134775174
"cum_abs_estimate_total","mediating_TRUE",31618,0.498928253173093
"cum_abs_estimate_total","mediating_TRUE",31631,0.498615158594446
"cum_abs_estimate_total","mediating_TRUE",31644,0.498302064015799
"cum_abs_estimate_total","mediating_TRUE",31657,0.497988969437152
"cum_abs_estimate_total","mediating_TRUE",31670,0.497675874858505
"cum_abs_estimate_total","mediating_TRUE",31683,0.497362780279858
"cum_abs_estimate_total","mediating_TRUE",31697,0.497025601502854
"cum_abs_estimate_total","mediating_TRUE",31710,0.496712506924207
"cum_abs_estimate_total","mediating_TRUE",31723,0.49639941234556
"cum_abs_estimate_total","mediating_TRUE",31736,0.496086317766913
"cum_abs_estimate_total","mediating_TRUE",31749,0.495773223188266
"cum_abs_estimate_total","mediating_TRUE",31762,0.495460128609619
"cum_abs_estimate_total","mediating_TRUE",31775,0.495147034030972
"cum_abs_estimate_total","mediating_TRUE",31788,0.494833939452325
"cum_abs_estimate_total","mediating_TRUE",31801,0.494520844873678
"cum_abs_estimate_total","mediating_TRUE",31814,0.494207750295031
"cum_abs_estimate_total","mediating_TRUE",31827,0.493894655716384
"cum_abs_estimate_total","mediating_TRUE",31841,0.49355747693938
"cum_abs_estimate_total","mediating_TRUE",31854,0.493244382360733
"cum_abs_estimate_total","mediating_TRUE",31867,0.492931287782086
"cum_abs_estimate_total","mediating_TRUE",31880,0.492618193203439
"cum_abs_estimate_total","mediating_TRUE",31893,0.492305098624792
"cum_abs_estimate_total","mediating_TRUE",31906,0.491992004046145
"cum_abs_estimate_total","mediating_TRUE",31919,0.491678909467498
"cum_abs_estimate_total","mediating_TRUE",31932,0.491365814888851
"cum_abs_estimate_total","mediating_TRUE",31945,0.491052720310204
"cum_abs_estimate_total","mediating_TRUE",31958,0.490739625731557
"cum_abs_estimate_total","mediating_TRUE",31971,0.49042653115291
"cum_abs_estimate_total","mediating_TRUE",31984,0.490113436574263
"cum_abs_estimate_total","mediating_TRUE",31998,0.489776257797259
"cum_abs_estimate_total","mediating_TRUE",32011,0.489463163218612
"cum_abs_estimate_total","mediating_TRUE",32024,0.489150068639965
"cum_abs_estimate_total","mediating_TRUE",32037,0.488836974061318
"cum_abs_estimate_total","mediating_TRUE",32050,0.488523879482671
"cum_abs_estimate_total","mediating_TRUE",32063,0.488210784904024
"cum_abs_estimate_total","mediating_TRUE",32076,0.487897690325377
"cum_abs_estimate_total","mediating_TRUE",32089,0.48758459574673
"cum_abs_estimate_total","mediating_TRUE",32102,0.487271501168083
"cum_abs_estimate_total","mediating_TRUE",32115,0.486958406589436
"cum_abs_estimate_total","mediating_TRUE",32128,0.486645312010789
"cum_abs_estimate_total","mediating_TRUE",32141,0.486332217432142
"cum_abs_estimate_total","mediating_TRUE",32155,0.485995038655138
"cum_abs_estimate_total","mediating_TRUE",32168,0.485681944076491
"cum_abs_estimate_total","mediating_TRUE",32181,0.485368849497844
"cum_abs_estimate_total","mediating_TRUE",32194,0.485055754919197
"cum_abs_estimate_total","mediating_TRUE",32207,0.48474266034055
"cum_abs_estimate_total","mediating_TRUE",32220,0.484429565761903
"cum_abs_estimate_total","mediating_TRUE",32233,0.484116471183256
"cum_abs_estimate_total","mediating_TRUE",32246,0.483803376604609
"cum_abs_estimate_total","mediating_TRUE",32259,0.483490282025962
"cum_abs_estimate_total","mediating_TRUE",32272,0.483177187447315
"cum_abs_estimate_total","mediating_TRUE",32285,0.482864092868668
"cum_abs_estimate_total","mediating_TRUE",32299,0.482526914091664
"cum_abs_estimate_total","mediating_TRUE",32312,0.482213819513017
"cum_abs_estimate_total","mediating_TRUE",32325,0.48190072493437
"cum_abs_estimate_total","mediating_TRUE",32338,0.481587630355723
"cum_abs_estimate_total","mediating_TRUE",32351,0.481274535777076
"cum_abs_estimate_total","mediating_TRUE",32364,0.480961441198429
"cum_abs_estimate_total","mediating_TRUE",32377,0.480648346619782
"cum_abs_estimate_total","mediating_TRUE",32390,0.480335252041135
"cum_abs_estimate_total","mediating_TRUE",32403,0.480022157462488
"cum_abs_estimate_total","mediating_TRUE",32416,0.479709062883842
"cum_abs_estimate_total","mediating_TRUE",32429,0.479395968305195
"cum_abs_estimate_total","mediating_TRUE",32442,0.479082873726548
"cum_abs_estimate_total","mediating_TRUE",32456,0.478745694949543
"cum_abs_estimate_total","mediating_TRUE",32469,0.478432600370896
"cum_abs_estimate_total","mediating_TRUE",32482,0.478119505792249
"cum_abs_estimate_total","mediating_TRUE",32495,0.477806411213602
"cum_abs_estimate_total","mediating_TRUE",32508,0.477493316634955
"cum_abs_estimate_total","mediating_TRUE",32521,0.477180222056309
"cum_abs_estimate_total","mediating_TRUE",32534,0.476867127477662
"cum_abs_estimate_total","mediating_TRUE",32547,0.476554032899015
"cum_abs_estimate_total","mediating_TRUE",32560,0.476240938320368
"cum_abs_estimate_total","mediating_TRUE",32573,0.475927843741721
"cum_abs_estimate_total","mediating_TRUE",32586,0.475614749163074
"cum_abs_estimate_total","mediating_TRUE",32600,0.475277570386069
"cum_abs_estimate_total","mediating_TRUE",32613,0.474964475807422
"cum_abs_estimate_total","mediating_TRUE",32626,0.474651381228775
"cum_abs_estimate_total","mediating_TRUE",32639,0.474338286650129
"cum_abs_estimate_total","mediating_TRUE",32652,0.474025192071482
"cum_abs_estimate_total","mediating_TRUE",32665,0.473712097492835
"cum_abs_estimate_total","mediating_TRUE",32678,0.473399002914188
"cum_abs_estimate_total","mediating_TRUE",32691,0.473085908335541
"cum_abs_estimate_total","mediating_TRUE",32704,0.472772813756894
"cum_abs_estimate_total","mediating_TRUE",32717,0.472459719178247
"cum_abs_estimate_total","mediating_TRUE",32730,0.4721466245996
"cum_abs_estimate_total","mediating_TRUE",32743,0.471833530020953
"cum_abs_estimate_total","mediating_TRUE",32757,0.471496351243949
"cum_abs_estimate_total","mediating_TRUE",32770,0.471183256665302
"cum_abs_estimate_total","mediating_TRUE",32783,0.470870162086655
"cum_abs_estimate_total","mediating_TRUE",32796,0.470557067508008
"cum_abs_estimate_total","mediating_TRUE",32809,0.470243972929361
"cum_abs_estimate_total","mediating_TRUE",32822,0.469930878350714
"cum_abs_estimate_total","mediating_TRUE",32835,0.469617783772067
"cum_abs_estimate_total","mediating_TRUE",32848,0.46930468919342
"cum_abs_estimate_total","mediating_TRUE",32861,0.468991594614773
"cum_abs_estimate_total","mediating_TRUE",32874,0.468678500036126
"cum_abs_estimate_total","mediating_TRUE",32887,0.468365405457479
"cum_abs_estimate_total","mediating_TRUE",32901,0.468028226680475
"cum_abs_estimate_total","mediating_TRUE",32914,0.467715132101828
"cum_abs_estimate_total","mediating_TRUE",32927,0.467402037523181
"cum_abs_estimate_total","mediating_TRUE",32940,0.467088942944534
"cum_abs_estimate_total","mediating_TRUE",32953,0.466775848365887
"cum_abs_estimate_total","mediating_TRUE",32966,0.46646275378724
"cum_abs_estimate_total","mediating_TRUE",32979,0.466149659208593
"cum_abs_estimate_total","mediating_TRUE",32992,0.465836564629946
"cum_abs_estimate_total","mediating_TRUE",33005,0.465523470051299
"cum_abs_estimate_total","mediating_TRUE",33018,0.465210375472652
"cum_abs_estimate_total","mediating_TRUE",33031,0.464897280894005
"cum_abs_estimate_total","mediating_TRUE",33044,0.464584186315358
"cum_abs_estimate_total","mediating_TRUE",33058,0.464247007538354
"cum_abs_estimate_total","mediating_TRUE",33071,0.463933912959707
"cum_abs_estimate_total","mediating_TRUE",33084,0.46362081838106
"cum_abs_estimate_total","mediating_TRUE",33097,0.463307723802413
"cum_abs_estimate_total","mediating_TRUE",33110,0.462994629223766
"cum_abs_estimate_total","mediating_TRUE",33123,0.462681534645119
"cum_abs_estimate_total","mediating_TRUE",33136,0.462368440066472
"cum_abs_estimate_total","mediating_TRUE",33149,0.462055345487825
"cum_abs_estimate_total","mediating_TRUE",33162,0.461742250909178
"cum_abs_estimate_total","mediating_TRUE",33175,0.461429156330531
"cum_abs_estimate_total","mediating_TRUE",33188,0.461116061751884
"cum_abs_estimate_total","mediating_TRUE",33202,0.46077888297488
"cum_abs_estimate_total","mediating_TRUE",33215,0.460465788396233
"cum_abs_estimate_total","mediating_TRUE",33228,0.460152693817586
"cum_abs_estimate_total","mediating_TRUE",33241,0.459839599238939
"cum_abs_estimate_total","mediating_TRUE",33254,0.459526504660292
"cum_abs_estimate_total","mediating_TRUE",33267,0.459213410081645
"cum_abs_estimate_total","mediating_TRUE",33280,0.458900315502998
"cum_abs_estimate_total","mediating_TRUE",33293,0.458587220924351
"cum_abs_estimate_total","mediating_TRUE",33306,0.458274126345704
"cum_abs_estimate_total","mediating_TRUE",33319,0.457961031767057
"cum_abs_estimate_total","mediating_TRUE",33332,0.45764793718841
"cum_abs_estimate_total","mediating_TRUE",33345,0.457334842609763
"cum_abs_estimate_total","mediating_TRUE",33359,0.456997663832759
"cum_abs_estimate_total","mediating_TRUE",33372,0.456684569254112
"cum_abs_estimate_total","mediating_TRUE",33385,0.456371474675465
"cum_abs_estimate_total","mediating_TRUE",33398,0.456058380096818
"cum_abs_estimate_total","mediating_TRUE",33411,0.455745285518171
"cum_abs_estimate_total","mediating_TRUE",33424,0.455432190939524
"cum_abs_estimate_total","mediating_TRUE",33437,0.455119096360877
"cum_abs_estimate_total","mediating_TRUE",33450,0.45480600178223
"cum_abs_estimate_total","mediating_TRUE",33463,0.454492907203583
"cum_abs_estimate_total","mediating_TRUE",33476,0.454179812624936
"cum_abs_estimate_total","mediating_TRUE",33489,0.453866718046289
"cum_abs_estimate_total","mediating_TRUE",33502,0.453553623467642
"cum_abs_estimate_total","mediating_TRUE",33516,0.453216444690638
"cum_abs_estimate_total","mediating_TRUE",33529,0.452903350111991
"cum_abs_estimate_total","mediating_TRUE",33542,0.452590255533344
"cum_abs_estimate_total","mediating_TRUE",33555,0.452277160954697
"cum_abs_estimate_total","mediating_TRUE",33568,0.45196406637605
"cum_abs_estimate_total","mediating_TRUE",33581,0.451650971797403
"cum_abs_estimate_total","mediating_TRUE",33594,0.451337877218756
"cum_abs_estimate_total","mediating_TRUE",33607,0.451024782640109
"cum_abs_estimate_total","mediating_TRUE",33620,0.450711688061463
"cum_abs_estimate_total","mediating_TRUE",33633,0.450398593482816
"cum_abs_estimate_total","mediating_TRUE",33646,0.450085498904169
"cum_abs_estimate_total","mediating_TRUE",33660,0.449748320127164
"cum_abs_estimate_total","mediating_TRUE",33673,0.449435225548517
"cum_abs_estimate_total","mediating_TRUE",33686,0.44912213096987
"cum_abs_estimate_total","mediating_TRUE",33699,0.448809036391223
"cum_abs_estimate_total","mediating_TRUE",33712,0.448495941812576
"cum_abs_estimate_total","mediating_TRUE",33725,0.448182847233929
"cum_abs_estimate_total","mediating_TRUE",33738,0.447869752655283
"cum_abs_estimate_total","mediating_TRUE",33751,0.447556658076636
"cum_abs_estimate_total","mediating_TRUE",33764,0.447243563497989
"cum_abs_estimate_total","mediating_TRUE",33777,0.446930468919342
"cum_abs_estimate_total","mediating_TRUE",33790,0.446617374340695
"cum_abs_estimate_total","mediating_TRUE",33803,0.446304279762048
"cum_abs_estimate_total","mediating_TRUE",33817,0.445967100985043
"cum_abs_estimate_total","mediating_TRUE",33830,0.445654006406396
"cum_abs_estimate_total","mediating_TRUE",33843,0.445340911827749
"cum_abs_estimate_total","mediating_TRUE",33856,0.445027817249103
"cum_abs_estimate_total","mediating_TRUE",33869,0.444714722670456
"cum_abs_estimate_total","mediating_TRUE",33882,0.444401628091809
"cum_abs_estimate_total","mediating_TRUE",33895,0.444088533513162
"cum_abs_estimate_total","mediating_TRUE",33908,0.443775438934515
"cum_abs_estimate_total","mediating_TRUE",33921,0.443462344355868
"cum_abs_estimate_total","mediating_TRUE",33934,0.443149249777221
"cum_abs_estimate_total","mediating_TRUE",33947,0.442836155198574
"cum_abs_estimate_total","mediating_TRUE",33961,0.442498976421569
"cum_abs_estimate_total","mediating_TRUE",33974,0.442185881842923
"cum_abs_estimate_total","mediating_TRUE",33987,0.441872787264276
"cum_abs_estimate_total","mediating_TRUE",34000,0.441559692685629
"cum_abs_estimate_total","mediating_TRUE",34013,0.441246598106982
"cum_abs_estimate_total","mediating_TRUE",34026,0.440933503528335
"cum_abs_estimate_total","mediating_TRUE",34039,0.440620408949688
"cum_abs_estimate_total","mediating_TRUE",34052,0.440307314371041
"cum_abs_estimate_total","mediating_TRUE",34065,0.439994219792394
"cum_abs_estimate_total","mediating_TRUE",34078,0.439681125213747
"cum_abs_estimate_total","mediating_TRUE",34091,0.4393680306351
"cum_abs_estimate_total","mediating_TRUE",34104,0.439054936056453
"cum_abs_estimate_total","mediating_TRUE",34118,0.438717757279449
"cum_abs_estimate_total","mediating_TRUE",34131,0.438404662700802
"cum_abs_estimate_total","mediating_TRUE",34144,0.438091568122155
"cum_abs_estimate_total","mediating_TRUE",34157,0.437778473543508
"cum_abs_estimate_total","mediating_TRUE",34170,0.437465378964861
"cum_abs_estimate_total","mediating_TRUE",34183,0.437152284386214
"cum_abs_estimate_total","mediating_TRUE",34196,0.436839189807567
"cum_abs_estimate_total","mediating_TRUE",34209,0.43652609522892
"cum_abs_estimate_total","mediating_TRUE",34222,0.436213000650273
"cum_abs_estimate_total","mediating_TRUE",34235,0.435899906071626
"cum_abs_estimate_total","mediating_TRUE",34248,0.435586811492979
"cum_abs_estimate_total","mediating_TRUE",34262,0.435249632715975
"cum_abs_estimate_total","mediating_TRUE",34275,0.434936538137328
"cum_abs_estimate_total","mediating_TRUE",34288,0.434623443558681
"cum_abs_estimate_total","mediating_TRUE",34301,0.434310348980034
"cum_abs_estimate_total","mediating_TRUE",34314,0.433997254401387
"cum_abs_estimate_total","mediating_TRUE",34327,0.43368415982274
"cum_abs_estimate_total","mediating_TRUE",34340,0.433371065244093
"cum_abs_estimate_total","mediating_TRUE",34353,0.433057970665446
"cum_abs_estimate_total","mediating_TRUE",34366,0.432744876086799
"cum_abs_estimate_total","mediating_TRUE",34379,0.432431781508152
"cum_abs_estimate_total","mediating_TRUE",34392,0.432118686929505
"cum_abs_estimate_total","mediating_TRUE",34405,0.431805592350858
"cum_abs_estimate_total","mediating_TRUE",34419,0.431468413573854
"cum_abs_estimate_total","mediating_TRUE",34432,0.431155318995207
"cum_abs_estimate_total","mediating_TRUE",34445,0.43084222441656
"cum_abs_estimate_total","mediating_TRUE",34458,0.430529129837913
"cum_abs_estimate_total","mediating_TRUE",34471,0.430216035259266
"cum_abs_estimate_total","mediating_TRUE",34484,0.429902940680619
"cum_abs_estimate_total","mediating_TRUE",34497,0.429589846101972
"cum_abs_estimate_total","mediating_TRUE",34510,0.429276751523325
"cum_abs_estimate_total","mediating_TRUE",34523,0.428963656944678
"cum_abs_estimate_total","mediating_TRUE",34536,0.428650562366031
"cum_abs_estimate_total","mediating_TRUE",34549,0.428337467787384
"cum_abs_estimate_total","mediating_TRUE",34563,0.42800028901038
"cum_abs_estimate_total","mediating_TRUE",34576,0.427687194431733
"cum_abs_estimate_total","mediating_TRUE",34589,0.427374099853086
"cum_abs_estimate_total","mediating_TRUE",34602,0.427061005274439
"cum_abs_estimate_total","mediating_TRUE",34615,0.426747910695792
"cum_abs_estimate_total","mediating_TRUE",34628,0.426434816117145
"cum_abs_estimate_total","mediating_TRUE",34641,0.426121721538498
"cum_abs_estimate_total","mediating_TRUE",34654,0.425808626959851
"cum_abs_estimate_total","mediating_TRUE",34667,0.425495532381204
"cum_abs_estimate_total","mediating_TRUE",34680,0.425182437802557
"cum_abs_estimate_total","mediating_TRUE",34693,0.42486934322391
"cum_abs_estimate_total","mediating_TRUE",34706,0.424556248645263
"cum_abs_estimate_total","mediating_TRUE",34720,0.424219069868259
"cum_abs_estimate_total","mediating_TRUE",34733,0.423905975289612
"cum_abs_estimate_total","mediating_TRUE",34746,0.423592880710965
"cum_abs_estimate_total","mediating_TRUE",34759,0.423279786132318
"cum_abs_estimate_total","mediating_TRUE",34772,0.422966691553671
"cum_abs_estimate_total","mediating_TRUE",34785,0.422653596975024
"cum_abs_estimate_total","mediating_TRUE",34798,0.422340502396377
"cum_abs_estimate_total","mediating_TRUE",34811,0.42202740781773
"cum_abs_estimate_total","mediating_TRUE",34824,0.421714313239083
"cum_abs_estimate_total","mediating_TRUE",34837,0.421401218660437
"cum_abs_estimate_total","mediating_TRUE",34850,0.42108812408179
"cum_abs_estimate_total","mediating_TRUE",34863,0.420775029503143
"cum_abs_estimate_total","mediating_TRUE",34877,0.420437850726138
"cum_abs_estimate_total","mediating_TRUE",34890,0.420124756147491
"cum_abs_estimate_total","mediating_TRUE",34903,0.419811661568844
"cum_abs_estimate_total","mediating_TRUE",34916,0.419498566990197
"cum_abs_estimate_total","mediating_TRUE",34929,0.41918547241155
"cum_abs_estimate_total","mediating_TRUE",34942,0.418872377832903
"cum_abs_estimate_total","mediating_TRUE",34955,0.418559283254257
"cum_abs_estimate_total","mediating_TRUE",34968,0.41824618867561
"cum_abs_estimate_total","mediating_TRUE",34981,0.417933094096963
"cum_abs_estimate_total","mediating_TRUE",34994,0.417619999518316
"cum_abs_estimate_total","mediating_TRUE",35007,0.417306904939669
"cum_abs_estimate_total","mediating_TRUE",35021,0.416969726162664
"cum_abs_estimate_total","mediating_TRUE",35034,0.416656631584017
"cum_abs_estimate_total","mediating_TRUE",35047,0.41634353700537
"cum_abs_estimate_total","mediating_TRUE",35060,0.416030442426723
"cum_abs_estimate_total","mediating_TRUE",35073,0.415717347848077
"cum_abs_estimate_total","mediating_TRUE",35086,0.41540425326943
"cum_abs_estimate_total","mediating_TRUE",35099,0.415091158690783
"cum_abs_estimate_total","mediating_TRUE",35112,0.414778064112136
"cum_abs_estimate_total","mediating_TRUE",35125,0.414464969533489
"cum_abs_estimate_total","mediating_TRUE",35138,0.414151874954842
"cum_abs_estimate_total","mediating_TRUE",35151,0.413838780376195
"cum_abs_estimate_total","mediating_TRUE",35164,0.413525685797548
"cum_abs_estimate_total","mediating_TRUE",35178,0.413188507020543
"cum_abs_estimate_total","mediating_TRUE",35191,0.412875412441897
"cum_abs_estimate_total","mediating_TRUE",35204,0.41256231786325
"cum_abs_estimate_total","mediating_TRUE",35217,0.412249223284603
"cum_abs_estimate_total","mediating_TRUE",35230,0.411936128705956
"cum_abs_estimate_total","mediating_TRUE",35243,0.411623034127309
"cum_abs_estimate_total","mediating_TRUE",35256,0.411309939548662
"cum_abs_estimate_total","mediating_TRUE",35269,0.410996844970015
"cum_abs_estimate_total","mediating_TRUE",35282,0.410683750391368
"cum_abs_estimate_total","mediating_TRUE",35295,0.410370655812721
"cum_abs_estimate_total","mediating_TRUE",35308,0.410057561234074
"cum_abs_estimate_total","mediating_TRUE",35322,0.40972038245707
"cum_abs_estimate_total","mediating_TRUE",35335,0.409407287878423
"cum_abs_estimate_total","mediating_TRUE",35348,0.409094193299776
"cum_abs_estimate_total","mediating_TRUE",35361,0.408781098721129
"cum_abs_estimate_total","mediating_TRUE",35374,0.408468004142482
"cum_abs_estimate_total","mediating_TRUE",35387,0.408154909563835
"cum_abs_estimate_total","mediating_TRUE",35400,0.407841814985188
"cum_abs_estimate_total","mediating_TRUE",35413,0.407528720406541
"cum_abs_estimate_total","mediating_TRUE",35426,0.407215625827894
"cum_abs_estimate_total","mediating_TRUE",35439,0.406902531249247
"cum_abs_estimate_total","mediating_TRUE",35452,0.4065894366706
"cum_abs_estimate_total","mediating_TRUE",35465,0.406276342091953
"cum_abs_estimate_total","mediating_TRUE",35479,0.405939163314949
"cum_abs_estimate_total","mediating_TRUE",35492,0.405626068736302
"cum_abs_estimate_total","mediating_TRUE",35505,0.405312974157655
"cum_abs_estimate_total","mediating_TRUE",35518,0.404999879579008
"cum_abs_estimate_total","mediating_TRUE",35531,0.404686785000361
"cum_abs_estimate_total","mediating_TRUE",35544,0.404373690421714
"cum_abs_estimate_total","mediating_TRUE",35557,0.404060595843067
"cum_abs_estimate_total","mediating_TRUE",35570,0.40374750126442
"cum_abs_estimate_total","mediating_TRUE",35583,0.403434406685773
"cum_abs_estimate_total","mediating_TRUE",35596,0.403121312107126
"cum_abs_estimate_total","mediating_TRUE",35609,0.402808217528479
"cum_abs_estimate_total","mediating_TRUE",35623,0.402471038751475
"cum_abs_estimate_total","mediating_TRUE",35636,0.402157944172828
"cum_abs_estimate_total","mediating_TRUE",35649,0.401844849594181
"cum_abs_estimate_total","mediating_TRUE",35662,0.401531755015534
"cum_abs_estimate_total","mediating_TRUE",35675,0.401218660436887
"cum_abs_estimate_total","mediating_TRUE",35688,0.40090556585824
"cum_abs_estimate_total","mediating_TRUE",35701,0.400592471279593
"cum_abs_estimate_total","mediating_TRUE",35714,0.400279376700946
"cum_abs_estimate_total","mediating_TRUE",35727,0.399966282122299
"cum_abs_estimate_total","mediating_TRUE",35740,0.399653187543652
"cum_abs_estimate_total","mediating_TRUE",35753,0.399340092965005
"cum_abs_estimate_total","mediating_TRUE",35766,0.399026998386358
"cum_abs_estimate_total","mediating_TRUE",35780,0.398689819609354
"cum_abs_estimate_total","mediating_TRUE",35793,0.398376725030707
"cum_abs_estimate_total","mediating_TRUE",35806,0.39806363045206
"cum_abs_estimate_total","mediating_TRUE",35819,0.397750535873413
"cum_abs_estimate_total","mediating_TRUE",35832,0.397437441294766
"cum_abs_estimate_total","mediating_TRUE",35845,0.397124346716119
"cum_abs_estimate_total","mediating_TRUE",35858,0.396811252137472
"cum_abs_estimate_total","mediating_TRUE",35871,0.396498157558825
"cum_abs_estimate_total","mediating_TRUE",35884,0.396185062980178
"cum_abs_estimate_total","mediating_TRUE",35897,0.395871968401531
"cum_abs_estimate_total","mediating_TRUE",35910,0.395558873822884
"cum_abs_estimate_total","mediating_TRUE",35924,0.39522169504588
"cum_abs_estimate_total","mediating_TRUE",35937,0.394908600467233
"cum_abs_estimate_total","mediating_TRUE",35950,0.394595505888586
"cum_abs_estimate_total","mediating_TRUE",35963,0.394282411309939
"cum_abs_estimate_total","mediating_TRUE",35976,0.393969316731292
"cum_abs_estimate_total","mediating_TRUE",35989,0.393656222152645
"cum_abs_estimate_total","mediating_TRUE",36002,0.393343127573998
"cum_abs_estimate_total","mediating_TRUE",36015,0.393030032995351
"cum_abs_estimate_total","mediating_TRUE",36028,0.392716938416704
"cum_abs_estimate_total","mediating_TRUE",36041,0.392403843838057
"cum_abs_estimate_total","mediating_TRUE",36054,0.392090749259411
"cum_abs_estimate_total","mediating_TRUE",36067,0.391777654680764
"cum_abs_estimate_total","mediating_TRUE",36081,0.391440475903759
"cum_abs_estimate_total","mediating_TRUE",36094,0.391127381325112
"cum_abs_estimate_total","mediating_TRUE",36107,0.390814286746465
"cum_abs_estimate_total","mediating_TRUE",36120,0.390501192167818
"cum_abs_estimate_total","mediating_TRUE",36133,0.390188097589171
"cum_abs_estimate_total","mediating_TRUE",36146,0.389875003010524
"cum_abs_estimate_total","mediating_TRUE",36159,0.389561908431877
"cum_abs_estimate_total","mediating_TRUE",36172,0.389248813853231
"cum_abs_estimate_total","mediating_TRUE",36185,0.388935719274584
"cum_abs_estimate_total","mediating_TRUE",36198,0.388622624695937
"cum_abs_estimate_total","mediating_TRUE",36211,0.38830953011729
"cum_abs_estimate_total","mediating_TRUE",36224,0.387996435538643
"cum_abs_estimate_total","mediating_TRUE",36238,0.387659256761638
"cum_abs_estimate_total","mediating_TRUE",36251,0.387346162182991
"cum_abs_estimate_total","mediating_TRUE",36264,0.387033067604344
"cum_abs_estimate_total","mediating_TRUE",36277,0.386719973025697
"cum_abs_estimate_total","mediating_TRUE",36290,0.386406878447051
"cum_abs_estimate_total","mediating_TRUE",36303,0.386093783868404
"cum_abs_estimate_total","mediating_TRUE",36316,0.385780689289757
"cum_abs_estimate_total","mediating_TRUE",36329,0.38546759471111
"cum_abs_estimate_total","mediating_TRUE",36342,0.385154500132463
"cum_abs_estimate_total","mediating_TRUE",36355,0.384841405553816
"cum_abs_estimate_total","mediating_TRUE",36368,0.384528310975169
"cum_abs_estimate_total","mediating_TRUE",36382,0.384191132198164
"cum_abs_estimate_total","mediating_TRUE",36395,0.383878037619517
"cum_abs_estimate_total","mediating_TRUE",36408,0.383564943040871
"cum_abs_estimate_total","mediating_TRUE",36421,0.383251848462224
"cum_abs_estimate_total","mediating_TRUE",36434,0.382938753883577
"cum_abs_estimate_total","mediating_TRUE",36447,0.38262565930493
"cum_abs_estimate_total","mediating_TRUE",36460,0.382312564726283
"cum_abs_estimate_total","mediating_TRUE",36473,0.381999470147636
"cum_abs_estimate_total","mediating_TRUE",36486,0.381686375568989
"cum_abs_estimate_total","mediating_TRUE",36499,0.381373280990342
"cum_abs_estimate_total","mediating_TRUE",36512,0.381060186411695
"cum_abs_estimate_total","mediating_TRUE",36525,0.380747091833048
"cum_abs_estimate_total","mediating_TRUE",36539,0.380409913056044
"cum_abs_estimate_total","mediating_TRUE",36552,0.380096818477397
"cum_abs_estimate_total","mediating_TRUE",36565,0.37978372389875
"cum_abs_estimate_total","mediating_TRUE",36578,0.379470629320103
"cum_abs_estimate_total","mediating_TRUE",36591,0.379157534741456
"cum_abs_estimate_total","mediating_TRUE",36604,0.378844440162809
"cum_abs_estimate_total","mediating_TRUE",36617,0.378531345584162
"cum_abs_estimate_total","mediating_TRUE",36630,0.378218251005515
"cum_abs_estimate_total","mediating_TRUE",36643,0.377905156426868
"cum_abs_estimate_total","mediating_TRUE",36656,0.377592061848221
"cum_abs_estimate_total","mediating_TRUE",36669,0.377278967269574
"cum_abs_estimate_total","mediating_TRUE",36683,0.37694178849257
"cum_abs_estimate_total","mediating_TRUE",36696,0.376628693913923
"cum_abs_estimate_total","mediating_TRUE",36709,0.376315599335276
"cum_abs_estimate_total","mediating_TRUE",36722,0.376002504756629
"cum_abs_estimate_total","mediating_TRUE",36735,0.375689410177982
"cum_abs_estimate_total","mediating_TRUE",36748,0.375376315599335
"cum_abs_estimate_total","mediating_TRUE",36761,0.375063221020688
"cum_abs_estimate_total","mediating_TRUE",36774,0.374750126442041
"cum_abs_estimate_total","mediating_TRUE",36787,0.374437031863394
"cum_abs_estimate_total","mediating_TRUE",36800,0.374123937284747
"cum_abs_estimate_total","mediating_TRUE",36813,0.3738108427061
"cum_abs_estimate_total","mediating_TRUE",36826,0.373497748127453
"cum_abs_estimate_total","mediating_TRUE",36840,0.373160569350449
"cum_abs_estimate_total","mediating_TRUE",36853,0.372847474771802
"cum_abs_estimate_total","mediating_TRUE",36866,0.372534380193155
"cum_abs_estimate_total","mediating_TRUE",36879,0.372221285614508
"cum_abs_estimate_total","mediating_TRUE",36892,0.371908191035861
"cum_abs_estimate_total","mediating_TRUE",36905,0.371595096457214
"cum_abs_estimate_total","mediating_TRUE",36918,0.371282001878567
"cum_abs_estimate_total","mediating_TRUE",36931,0.37096890729992
"cum_abs_estimate_total","mediating_TRUE",36944,0.370655812721273
"cum_abs_estimate_total","mediating_TRUE",36957,0.370342718142626
"cum_abs_estimate_total","mediating_TRUE",36970,0.370029623563979
"cum_abs_estimate_total","mediating_TRUE",36984,0.369692444786975
"cum_abs_estimate_total","mediating_TRUE",36997,0.369379350208328
"cum_abs_estimate_total","mediating_TRUE",37010,0.369066255629681
"cum_abs_estimate_total","mediating_TRUE",37023,0.368753161051034
"cum_abs_estimate_total","mediating_TRUE",37036,0.368440066472387
"cum_abs_estimate_total","mediating_TRUE",37049,0.36812697189374
"cum_abs_estimate_total","mediating_TRUE",37062,0.367813877315093
"cum_abs_estimate_total","mediating_TRUE",37075,0.367500782736446
"cum_abs_estimate_total","mediating_TRUE",37088,0.367187688157799
"cum_abs_estimate_total","mediating_TRUE",37101,0.366874593579152
"cum_abs_estimate_total","mediating_TRUE",37114,0.366561499000505
"cum_abs_estimate_total","mediating_TRUE",37127,0.366248404421858
"cum_abs_estimate_total","mediating_TRUE",37141,0.365911225644854
"cum_abs_estimate_total","mediating_TRUE",37154,0.365598131066207
"cum_abs_estimate_total","mediating_TRUE",37167,0.36528503648756
"cum_abs_estimate_total","mediating_TRUE",37180,0.364971941908913
"cum_abs_estimate_total","mediating_TRUE",37193,0.364658847330266
"cum_abs_estimate_total","mediating_TRUE",37206,0.364345752751619
"cum_abs_estimate_total","mediating_TRUE",37219,0.364032658172972
"cum_abs_estimate_total","mediating_TRUE",37232,0.363719563594325
"cum_abs_estimate_total","mediating_TRUE",37245,0.363406469015678
"cum_abs_estimate_total","mediating_TRUE",37258,0.363093374437032
"cum_abs_estimate_total","mediating_TRUE",37271,0.362780279858385
"cum_abs_estimate_total","mediating_TRUE",37285,0.36244310108138
"cum_abs_estimate_total","mediating_TRUE",37298,0.362130006502733
"cum_abs_estimate_total","mediating_TRUE",37311,0.361816911924086
"cum_abs_estimate_total","mediating_TRUE",37324,0.361503817345439
"cum_abs_estimate_total","mediating_TRUE",37337,0.361190722766792
"cum_abs_estimate_total","mediating_TRUE",37350,0.360877628188145
"cum_abs_estimate_total","mediating_TRUE",37363,0.360564533609498
"cum_abs_estimate_total","mediating_TRUE",37376,0.360251439030852
"cum_abs_estimate_total","mediating_TRUE",37389,0.359938344452205
"cum_abs_estimate_total","mediating_TRUE",37402,0.359625249873558
"cum_abs_estimate_total","mediating_TRUE",37415,0.359312155294911
"cum_abs_estimate_total","mediating_TRUE",37428,0.358999060716264
"cum_abs_estimate_total","mediating_TRUE",37442,0.358661881939259
"cum_abs_estimate_total","mediating_TRUE",37455,0.358348787360612
"cum_abs_estimate_total","mediating_TRUE",37468,0.358035692781965
"cum_abs_estimate_total","mediating_TRUE",37481,0.357722598203318
"cum_abs_estimate_total","mediating_TRUE",37494,0.357409503624671
"cum_abs_estimate_total","mediating_TRUE",37507,0.357096409046025
"cum_abs_estimate_total","mediating_TRUE",37520,0.356783314467378
"cum_abs_estimate_total","mediating_TRUE",37533,0.356470219888731
"cum_abs_estimate_total","mediating_TRUE",37546,0.356157125310084
"cum_abs_estimate_total","mediating_TRUE",37559,0.355844030731437
"cum_abs_estimate_total","mediating_TRUE",37572,0.35553093615279
"cum_abs_estimate_total","mediating_TRUE",37585,0.355217841574143
"cum_abs_estimate_total","mediating_TRUE",37599,0.354880662797138
"cum_abs_estimate_total","mediating_TRUE",37612,0.354567568218492
"cum_abs_estimate_total","mediating_TRUE",37625,0.354254473639845
"cum_abs_estimate_total","mediating_TRUE",37638,0.353941379061198
"cum_abs_estimate_total","mediating_TRUE",37651,0.353628284482551
"cum_abs_estimate_total","mediating_TRUE",37664,0.353315189903904
"cum_abs_estimate_total","mediating_TRUE",37677,0.353002095325257
"cum_abs_estimate_total","mediating_TRUE",37690,0.35268900074661
"cum_abs_estimate_total","mediating_TRUE",37703,0.352375906167963
"cum_abs_estimate_total","mediating_TRUE",37716,0.352062811589316
"cum_abs_estimate_total","mediating_TRUE",37729,0.351749717010669
"cum_abs_estimate_total","mediating_TRUE",37743,0.351412538233665
"cum_abs_estimate_total","mediating_TRUE",37756,0.351099443655018
"cum_abs_estimate_total","mediating_TRUE",37769,0.350786349076371
"cum_abs_estimate_total","mediating_TRUE",37782,0.350473254497724
"cum_abs_estimate_total","mediating_TRUE",37795,0.350160159919077
"cum_abs_estimate_total","mediating_TRUE",37808,0.34984706534043
"cum_abs_estimate_total","mediating_TRUE",37821,0.349533970761783
"cum_abs_estimate_total","mediating_TRUE",37834,0.349220876183136
"cum_abs_estimate_total","mediating_TRUE",37847,0.348907781604489
"cum_abs_estimate_total","mediating_TRUE",37860,0.348594687025842
"cum_abs_estimate_total","mediating_TRUE",37873,0.348281592447195
"cum_abs_estimate_total","mediating_TRUE",37886,0.347968497868548
"cum_abs_estimate_total","mediating_TRUE",37900,0.347631319091544
"cum_abs_estimate_total","mediating_TRUE",37913,0.347318224512897
"cum_abs_estimate_total","mediating_TRUE",37926,0.34700512993425
"cum_abs_estimate_total","mediating_TRUE",37939,0.346692035355603
"cum_abs_estimate_total","mediating_TRUE",37952,0.346378940776956
"cum_abs_estimate_total","mediating_TRUE",37965,0.346065846198309
"cum_abs_estimate_total","mediating_TRUE",37978,0.345752751619662
"cum_abs_estimate_total","mediating_TRUE",37991,0.345439657041015
"cum_abs_estimate_total","mediating_TRUE",38004,0.345126562462368
"cum_abs_estimate_total","mediating_TRUE",38017,0.344813467883721
"cum_abs_estimate_total","mediating_TRUE",38030,0.344500373305074
"cum_abs_estimate_total","mediating_TRUE",38044,0.34416319452807
"cum_abs_estimate_total","mediating_TRUE",38057,0.343850099949423
"cum_abs_estimate_total","mediating_TRUE",38070,0.343537005370776
"cum_abs_estimate_total","mediating_TRUE",38083,0.343223910792129
"cum_abs_estimate_total","mediating_TRUE",38096,0.342910816213482
"cum_abs_estimate_total","mediating_TRUE",38109,0.342597721634835
"cum_abs_estimate_total","mediating_TRUE",38122,0.342284627056188
"cum_abs_estimate_total","mediating_TRUE",38135,0.341971532477541
"cum_abs_estimate_total","mediating_TRUE",38148,0.341658437898894
"cum_abs_estimate_total","mediating_TRUE",38161,0.341345343320247
"cum_abs_estimate_total","mediating_TRUE",38174,0.3410322487416
"cum_abs_estimate_total","mediating_TRUE",38187,0.340719154162953
"cum_abs_estimate_total","mediating_TRUE",38201,0.340381975385949
"cum_abs_estimate_total","mediating_TRUE",38214,0.340068880807302
"cum_abs_estimate_total","mediating_TRUE",38227,0.339755786228655
"cum_abs_estimate_total","mediating_TRUE",38240,0.339442691650008
"cum_abs_estimate_total","mediating_TRUE",38253,0.339129597071361
"cum_abs_estimate_total","mediating_TRUE",38266,0.338816502492714
"cum_abs_estimate_total","mediating_TRUE",38279,0.338503407914067
"cum_abs_estimate_total","mediating_TRUE",38292,0.33819031333542
"cum_abs_estimate_total","mediating_TRUE",38305,0.337877218756773
"cum_abs_estimate_total","mediating_TRUE",38318,0.337564124178126
"cum_abs_estimate_total","mediating_TRUE",38331,0.337251029599479
"cum_abs_estimate_total","mediating_TRUE",38345,0.336913850822475
"cum_abs_estimate_total","mediating_TRUE",38358,0.336600756243828
"cum_abs_estimate_total","mediating_TRUE",38371,0.336287661665181
"cum_abs_estimate_total","mediating_TRUE",38384,0.335974567086534
"cum_abs_estimate_total","mediating_TRUE",38397,0.335661472507887
"cum_abs_estimate_total","mediating_TRUE",38410,0.33534837792924
"cum_abs_estimate_total","mediating_TRUE",38423,0.335035283350593
"cum_abs_estimate_total","mediating_TRUE",38436,0.334722188771946
"cum_abs_estimate_total","mediating_TRUE",38449,0.334409094193299
"cum_abs_estimate_total","mediating_TRUE",38462,0.334095999614653
"cum_abs_estimate_total","mediating_TRUE",38475,0.333782905036006
"cum_abs_estimate_total","mediating_TRUE",38488,0.333469810457359
"cum_abs_estimate_total","mediating_TRUE",38502,0.333132631680354
"cum_abs_estimate_total","mediating_TRUE",38515,0.332819537101707
"cum_abs_estimate_total","mediating_TRUE",38528,0.33250644252306
"cum_abs_estimate_total","mediating_TRUE",38541,0.332193347944413
"cum_abs_estimate_total","mediating_TRUE",38554,0.331880253365766
"cum_abs_estimate_total","mediating_TRUE",38567,0.331567158787119
"cum_abs_estimate_total","mediating_TRUE",38580,0.331254064208472
"cum_abs_estimate_total","mediating_TRUE",38593,0.330940969629826
"cum_abs_estimate_total","mediating_TRUE",38606,0.330627875051179
"cum_abs_estimate_total","mediating_TRUE",38619,0.330314780472532
"cum_abs_estimate_total","mediating_TRUE",38632,0.330001685893885
"cum_abs_estimate_total","mediating_TRUE",38645,0.329688591315238
"cum_abs_estimate_total","mediating_TRUE",38659,0.329351412538233
"cum_abs_estimate_total","mediating_TRUE",38672,0.329038317959586
"cum_abs_estimate_total","mediating_TRUE",38685,0.328725223380939
"cum_abs_estimate_total","mediating_TRUE",38698,0.328412128802292
"cum_abs_estimate_total","mediating_TRUE",38711,0.328099034223646
"cum_abs_estimate_total","mediating_TRUE",38724,0.327785939644999
"cum_abs_estimate_total","mediating_TRUE",38737,0.327472845066352
"cum_abs_estimate_total","mediating_TRUE",38750,0.327159750487705
"cum_abs_estimate_total","mediating_TRUE",38763,0.326846655909058
"cum_abs_estimate_total","mediating_TRUE",38776,0.326533561330411
"cum_abs_estimate_total","mediating_TRUE",38789,0.326220466751764
"cum_abs_estimate_total","mediating_TRUE",38803,0.325883287974759
"cum_abs_estimate_total","mediating_TRUE",38816,0.325570193396112
"cum_abs_estimate_total","mediating_TRUE",38829,0.325257098817466
"cum_abs_estimate_total","mediating_TRUE",38842,0.324944004238819
"cum_abs_estimate_total","mediating_TRUE",38855,0.324630909660172
"cum_abs_estimate_total","mediating_TRUE",38868,0.324317815081525
"cum_abs_estimate_total","mediating_TRUE",38881,0.324004720502878
"cum_abs_estimate_total","mediating_TRUE",38894,0.323691625924231
"cum_abs_estimate_total","mediating_TRUE",38907,0.323378531345584
"cum_abs_estimate_total","mediating_TRUE",38920,0.323065436766937
"cum_abs_estimate_total","mediating_TRUE",38933,0.32275234218829
"cum_abs_estimate_total","mediating_TRUE",38946,0.322439247609643
"cum_abs_estimate_total","mediating_TRUE",38960,0.322102068832639
"cum_abs_estimate_total","mediating_TRUE",38973,0.321788974253992
"cum_abs_estimate_total","mediating_TRUE",38986,0.321475879675345
"cum_abs_estimate_total","mediating_TRUE",38999,0.321162785096698
"cum_abs_estimate_total","mediating_TRUE",39012,0.320849690518051
"cum_abs_estimate_total","mediating_TRUE",39025,0.320536595939404
"cum_abs_estimate_total","mediating_TRUE",39038,0.320223501360757
"cum_abs_estimate_total","mediating_TRUE",39051,0.31991040678211
"cum_abs_estimate_total","mediating_TRUE",39064,0.319597312203463
"cum_abs_estimate_total","mediating_TRUE",39077,0.319284217624816
"cum_abs_estimate_total","mediating_TRUE",39090,0.318971123046169
"cum_abs_estimate_total","mediating_TRUE",39104,0.318633944269165
"cum_abs_estimate_total","mediating_TRUE",39117,0.318320849690518
"cum_abs_estimate_total","mediating_TRUE",39130,0.318007755111871
"cum_abs_estimate_total","mediating_TRUE",39143,0.317694660533224
"cum_abs_estimate_total","mediating_TRUE",39156,0.317381565954577
"cum_abs_estimate_total","mediating_TRUE",39169,0.31706847137593
"cum_abs_estimate_total","mediating_TRUE",39182,0.316755376797283
"cum_abs_estimate_total","mediating_TRUE",39195,0.316442282218636
"cum_abs_estimate_total","mediating_TRUE",39208,0.316129187639989
"cum_abs_estimate_total","mediating_TRUE",39221,0.315816093061342
"cum_abs_estimate_total","mediating_TRUE",39234,0.315502998482695
"cum_abs_estimate_total","mediating_TRUE",39247,0.315189903904048
"cum_abs_estimate_total","mediating_TRUE",39261,0.314852725127044
"cum_abs_estimate_total","mediating_TRUE",39274,0.314539630548397
"cum_abs_estimate_total","mediating_TRUE",39287,0.31422653596975
"cum_abs_estimate_total","mediating_TRUE",39300,0.313913441391103
"cum_abs_estimate_total","mediating_TRUE",39313,0.313600346812456
"cum_abs_estimate_total","mediating_TRUE",39326,0.313287252233809
"cum_abs_estimate_total","mediating_TRUE",39339,0.312974157655162
"cum_abs_estimate_total","mediating_TRUE",39352,0.312661063076515
"cum_abs_estimate_total","mediating_TRUE",39365,0.312347968497868
"cum_abs_estimate_total","mediating_TRUE",39378,0.312034873919221
"cum_abs_estimate_total","mediating_TRUE",39391,0.311721779340574
"cum_abs_estimate_total","mediating_TRUE",39405,0.31138460056357
"cum_abs_estimate_total","mediating_TRUE",39418,0.311071505984923
"cum_abs_estimate_total","mediating_TRUE",39431,0.310758411406276
"cum_abs_estimate_total","mediating_TRUE",39444,0.310445316827629
"cum_abs_estimate_total","mediating_TRUE",39457,0.310132222248982
"cum_abs_estimate_total","mediating_TRUE",39470,0.309819127670335
"cum_abs_estimate_total","mediating_TRUE",39483,0.309506033091688
"cum_abs_estimate_total","mediating_TRUE",39496,0.309192938513041
"cum_abs_estimate_total","mediating_TRUE",39509,0.308879843934394
"cum_abs_estimate_total","mediating_TRUE",39522,0.308566749355747
"cum_abs_estimate_total","mediating_TRUE",39535,0.3082536547771
"cum_abs_estimate_total","mediating_TRUE",39548,0.307940560198454
"cum_abs_estimate_total","mediating_TRUE",39562,0.307603381421449
"cum_abs_estimate_total","mediating_TRUE",39575,0.307290286842802
"cum_abs_estimate_total","mediating_TRUE",39588,0.306977192264155
"cum_abs_estimate_total","mediating_TRUE",39601,0.306664097685508
"cum_abs_estimate_total","mediating_TRUE",39614,0.306351003106861
"cum_abs_estimate_total","mediating_TRUE",39627,0.306037908528214
"cum_abs_estimate_total","mediating_TRUE",39640,0.305724813949567
"cum_abs_estimate_total","mediating_TRUE",39653,0.30541171937092
"cum_abs_estimate_total","mediating_TRUE",39666,0.305098624792273
"cum_abs_estimate_total","mediating_TRUE",39679,0.304785530213627
"cum_abs_estimate_total","mediating_TRUE",39692,0.30447243563498
"cum_abs_estimate_total","mediating_TRUE",39706,0.304135256857975
"cum_abs_estimate_total","mediating_TRUE",39719,0.303822162279328
"cum_abs_estimate_total","mediating_TRUE",39732,0.303509067700681
"cum_abs_estimate_total","mediating_TRUE",39745,0.303195973122034
"cum_abs_estimate_total","mediating_TRUE",39758,0.302882878543387
"cum_abs_estimate_total","mediating_TRUE",39771,0.30256978396474
"cum_abs_estimate_total","mediating_TRUE",39784,0.302256689386093
"cum_abs_estimate_total","mediating_TRUE",39797,0.301943594807447
"cum_abs_estimate_total","mediating_TRUE",39810,0.3016305002288
"cum_abs_estimate_total","mediating_TRUE",39823,0.301317405650153
"cum_abs_estimate_total","mediating_TRUE",39836,0.301004311071506
"cum_abs_estimate_total","mediating_TRUE",39849,0.300691216492859
"cum_abs_estimate_total","mediating_TRUE",39863,0.300354037715854
"cum_abs_estimate_total","mediating_TRUE",39876,0.300040943137207
"cum_abs_estimate_total","mediating_TRUE",39889,0.29972784855856
"cum_abs_estimate_total","mediating_TRUE",39902,0.299414753979913
"cum_abs_estimate_total","mediating_TRUE",39915,0.299101659401267
"cum_abs_estimate_total","mediating_TRUE",39928,0.29878856482262
"cum_abs_estimate_total","mediating_TRUE",39941,0.298475470243973
"cum_abs_estimate_total","mediating_TRUE",39954,0.298162375665326
"cum_abs_estimate_total","mediating_TRUE",39967,0.297849281086679
"cum_abs_estimate_total","mediating_TRUE",39980,0.297536186508032
"cum_abs_estimate_total","mediating_TRUE",39993,0.297223091929385
"cum_abs_estimate_total","mediating_TRUE",40006,0.296909997350738
"cum_abs_estimate_total","mediating_TRUE",40020,0.296572818573733
"cum_abs_estimate_total","mediating_TRUE",40033,0.296259723995086
"cum_abs_estimate_total","mediating_TRUE",40046,0.29594662941644
"cum_abs_estimate_total","mediating_TRUE",40059,0.295633534837793
"cum_abs_estimate_total","mediating_TRUE",40072,0.295320440259146
"cum_abs_estimate_total","mediating_TRUE",40085,0.295007345680499
"cum_abs_estimate_total","mediating_TRUE",40098,0.294694251101852
"cum_abs_estimate_total","mediating_TRUE",40111,0.294381156523205
"cum_abs_estimate_total","mediating_TRUE",40124,0.294068061944558
"cum_abs_estimate_total","mediating_TRUE",40137,0.293754967365911
"cum_abs_estimate_total","mediating_TRUE",40150,0.293441872787264
"cum_abs_estimate_total","mediating_TRUE",40164,0.29310469401026
"cum_abs_estimate_total","mediating_TRUE",40177,0.292791599431613
"cum_abs_estimate_total","mediating_TRUE",40190,0.292478504852966
"cum_abs_estimate_total","mediating_TRUE",40203,0.292165410274319
"cum_abs_estimate_total","mediating_TRUE",40216,0.291852315695672
"cum_abs_estimate_total","mediating_TRUE",40229,0.291539221117025
"cum_abs_estimate_total","mediating_TRUE",40242,0.291226126538378
"cum_abs_estimate_total","mediating_TRUE",40255,0.290913031959731
"cum_abs_estimate_total","mediating_TRUE",40268,0.290599937381084
"cum_abs_estimate_total","mediating_TRUE",40281,0.290286842802437
"cum_abs_estimate_total","mediating_TRUE",40294,0.28997374822379
"cum_abs_estimate_total","mediating_TRUE",40307,0.289660653645143
"cum_abs_estimate_total","mediating_TRUE",40321,0.289323474868139
"cum_abs_estimate_total","mediating_TRUE",40334,0.289010380289492
"cum_abs_estimate_total","mediating_TRUE",40347,0.288697285710845
"cum_abs_estimate_total","mediating_TRUE",40360,0.288384191132198
"cum_abs_estimate_total","mediating_TRUE",40373,0.288071096553551
"cum_abs_estimate_total","mediating_TRUE",40386,0.287758001974904
"cum_abs_estimate_total","mediating_TRUE",40399,0.287444907396257
"cum_abs_estimate_total","mediating_TRUE",40412,0.28713181281761
"cum_abs_estimate_total","mediating_TRUE",40425,0.286818718238963
"cum_abs_estimate_total","mediating_TRUE",40438,0.286505623660316
"cum_abs_estimate_total","mediating_TRUE",40451,0.286192529081669
"cum_abs_estimate_total","mediating_TRUE",40465,0.285855350304665
"cum_abs_estimate_total","mediating_TRUE",40478,0.285542255726018
"cum_abs_estimate_total","mediating_TRUE",40491,0.285229161147371
"cum_abs_estimate_total","mediating_TRUE",40504,0.284916066568724
"cum_abs_estimate_total","mediating_TRUE",40517,0.284602971990077
"cum_abs_estimate_total","mediating_TRUE",40530,0.28428987741143
"cum_abs_estimate_total","mediating_TRUE",40543,0.283976782832783
"cum_abs_estimate_total","mediating_TRUE",40556,0.283663688254136
"cum_abs_estimate_total","mediating_TRUE",40569,0.283350593675489
"cum_abs_estimate_total","mediating_TRUE",40582,0.283037499096842
"cum_abs_estimate_total","mediating_TRUE",40595,0.282724404518195
"cum_abs_estimate_total","mediating_TRUE",40608,0.282411309939548
"cum_abs_estimate_total","mediating_TRUE",40622,0.282074131162544
"cum_abs_estimate_total","mediating_TRUE",40635,0.281761036583897
"cum_abs_estimate_total","mediating_TRUE",40648,0.28144794200525
"cum_abs_estimate_total","mediating_TRUE",40661,0.281134847426603
"cum_abs_estimate_total","mediating_TRUE",40674,0.280821752847956
"cum_abs_estimate_total","mediating_TRUE",40687,0.280508658269309
"cum_abs_estimate_total","mediating_TRUE",40700,0.280195563690662
"cum_abs_estimate_total","mediating_TRUE",40713,0.279882469112015
"cum_abs_estimate_total","mediating_TRUE",40726,0.279569374533368
"cum_abs_estimate_total","mediating_TRUE",40739,0.279256279954721
"cum_abs_estimate_total","mediating_TRUE",40752,0.278943185376074
"cum_abs_estimate_total","mediating_TRUE",40766,0.27860600659907
"cum_abs_estimate_total","mediating_TRUE",40779,0.278292912020423
"cum_abs_estimate_total","mediating_TRUE",40792,0.277979817441776
"cum_abs_estimate_total","mediating_TRUE",40805,0.277666722863129
"cum_abs_estimate_total","mediating_TRUE",40818,0.277353628284482
"cum_abs_estimate_total","mediating_TRUE",40831,0.277040533705835
"cum_abs_estimate_total","mediating_TRUE",40844,0.276727439127188
"cum_abs_estimate_total","mediating_TRUE",40857,0.276414344548541
"cum_abs_estimate_total","mediating_TRUE",40870,0.276101249969894
"cum_abs_estimate_total","mediating_TRUE",40883,0.275788155391248
"cum_abs_estimate_total","mediating_TRUE",40896,0.275475060812601
"cum_abs_estimate_total","mediating_TRUE",40909,0.275161966233954
"cum_abs_estimate_total","mediating_TRUE",40923,0.274824787456949
"cum_abs_estimate_total","mediating_TRUE",40936,0.274511692878302
"cum_abs_estimate_total","mediating_TRUE",40949,0.274198598299655
"cum_abs_estimate_total","mediating_TRUE",40962,0.273885503721008
"cum_abs_estimate_total","mediating_TRUE",40975,0.273572409142361
"cum_abs_estimate_total","mediating_TRUE",40988,0.273259314563714
"cum_abs_estimate_total","mediating_TRUE",41001,0.272946219985068
"cum_abs_estimate_total","mediating_TRUE",41014,0.272633125406421
"cum_abs_estimate_total","mediating_TRUE",41027,0.272320030827774
"cum_abs_estimate_total","mediating_TRUE",41040,0.272006936249127
"cum_abs_estimate_total","mediating_TRUE",41053,0.27169384167048
"cum_abs_estimate_total","mediating_TRUE",41067,0.271356662893475
"cum_abs_estimate_total","mediating_TRUE",41080,0.271043568314828
"cum_abs_estimate_total","mediating_TRUE",41093,0.270730473736181
"cum_abs_estimate_total","mediating_TRUE",41106,0.270417379157534
"cum_abs_estimate_total","mediating_TRUE",41119,0.270104284578887
"cum_abs_estimate_total","mediating_TRUE",41132,0.269791190000241
"cum_abs_estimate_total","mediating_TRUE",41145,0.269478095421594
"cum_abs_estimate_total","mediating_TRUE",41158,0.269165000842947
"cum_abs_estimate_total","mediating_TRUE",41171,0.2688519062643
"cum_abs_estimate_total","mediating_TRUE",41184,0.268538811685653
"cum_abs_estimate_total","mediating_TRUE",41197,0.268225717107006
"cum_abs_estimate_total","mediating_TRUE",41210,0.267912622528359
"cum_abs_estimate_total","mediating_TRUE",41224,0.267575443751354
"cum_abs_estimate_total","mediating_TRUE",41237,0.267262349172707
"cum_abs_estimate_total","mediating_TRUE",41250,0.266949254594061
"cum_abs_estimate_total","mediating_TRUE",41263,0.266636160015414
"cum_abs_estimate_total","mediating_TRUE",41276,0.266323065436767
"cum_abs_estimate_total","mediating_TRUE",41289,0.26600997085812
"cum_abs_estimate_total","mediating_TRUE",41302,0.265696876279473
"cum_abs_estimate_total","mediating_TRUE",41315,0.265383781700826
"cum_abs_estimate_total","mediating_TRUE",41328,0.265070687122179
"cum_abs_estimate_total","mediating_TRUE",41341,0.264757592543532
"cum_abs_estimate_total","mediating_TRUE",41354,0.264444497964885
"cum_abs_estimate_total","mediating_TRUE",41367,0.264131403386238
"cum_abs_estimate_total","mediating_TRUE",41381,0.263794224609234
"cum_abs_estimate_total","mediating_TRUE",41394,0.263481130030587
"cum_abs_estimate_total","mediating_TRUE",41407,0.26316803545194
"cum_abs_estimate_total","mediating_TRUE",41420,0.262854940873293
"cum_abs_estimate_total","mediating_TRUE",41433,0.262541846294646
"cum_abs_estimate_total","mediating_TRUE",41446,0.262228751715999
"cum_abs_estimate_total","mediating_TRUE",41459,0.261915657137352
"cum_abs_estimate_total","mediating_TRUE",41472,0.261602562558705
"cum_abs_estimate_total","mediating_TRUE",41485,0.261289467980058
"cum_abs_estimate_total","mediating_TRUE",41498,0.260976373401411
"cum_abs_estimate_total","mediating_TRUE",41511,0.260663278822764
"cum_abs_estimate_total","mediating_TRUE",41525,0.26032610004576
"cum_abs_estimate_total","mediating_TRUE",41538,0.260013005467113
"cum_abs_estimate_total","mediating_TRUE",41551,0.259699910888466
"cum_abs_estimate_total","mediating_TRUE",41564,0.259386816309819
"cum_abs_estimate_total","mediating_TRUE",41577,0.259073721731172
"cum_abs_estimate_total","mediating_TRUE",41590,0.258760627152525
"cum_abs_estimate_total","mediating_TRUE",41603,0.258447532573878
"cum_abs_estimate_total","mediating_TRUE",41616,0.258134437995231
"cum_abs_estimate_total","mediating_TRUE",41629,0.257821343416584
"cum_abs_estimate_total","mediating_TRUE",41642,0.257508248837937
"cum_abs_estimate_total","mediating_TRUE",41655,0.25719515425929
"cum_abs_estimate_total","mediating_TRUE",41668,0.256882059680643
"cum_abs_estimate_total","mediating_TRUE",41682,0.256544880903639
"cum_abs_estimate_total","mediating_TRUE",41695,0.256231786324992
"cum_abs_estimate_total","mediating_TRUE",41708,0.255918691746345
"cum_abs_estimate_total","mediating_TRUE",41721,0.255605597167698
"cum_abs_estimate_total","mediating_TRUE",41734,0.255292502589051
"cum_abs_estimate_total","mediating_TRUE",41747,0.254979408010404
"cum_abs_estimate_total","mediating_TRUE",41760,0.254666313431757
"cum_abs_estimate_total","mediating_TRUE",41773,0.25435321885311
"cum_abs_estimate_total","mediating_TRUE",41786,0.254040124274463
"cum_abs_estimate_total","mediating_TRUE",41799,0.253727029695816
"cum_abs_estimate_total","mediating_TRUE",41812,0.253413935117169
"cum_abs_estimate_total","mediating_TRUE",41826,0.253076756340165
"cum_abs_estimate_total","mediating_TRUE",41839,0.252763661761518
"cum_abs_estimate_total","mediating_TRUE",41852,0.252450567182871
"cum_abs_estimate_total","mediating_TRUE",41865,0.252137472604224
"cum_abs_estimate_total","mediating_TRUE",41878,0.251824378025577
"cum_abs_estimate_total","mediating_TRUE",41891,0.25151128344693
"cum_abs_estimate_total","mediating_TRUE",41904,0.251198188868283
"cum_abs_estimate_total","mediating_TRUE",41917,0.250885094289636
"cum_abs_estimate_total","mediating_TRUE",41930,0.250571999710989
"cum_abs_estimate_total","mediating_TRUE",41943,0.250258905132342
"cum_abs_estimate_total","mediating_TRUE",41956,0.249945810553695
"cum_abs_estimate_total","mediating_TRUE",41969,0.249632715975048
"cum_abs_estimate_total","mediating_TRUE",41983,0.249295537198044
"cum_abs_estimate_total","mediating_TRUE",41996,0.248982442619397
"cum_abs_estimate_total","mediating_TRUE",42009,0.24866934804075
"cum_abs_estimate_total","mediating_TRUE",42022,0.248356253462103
"cum_abs_estimate_total","mediating_TRUE",42035,0.248043158883456
"cum_abs_estimate_total","mediating_TRUE",42048,0.247730064304809
"cum_abs_estimate_total","mediating_TRUE",42061,0.247416969726162
"cum_abs_estimate_total","mediating_TRUE",42074,0.247103875147515
"cum_abs_estimate_total","mediating_TRUE",42087,0.246790780568868
"cum_abs_estimate_total","mediating_TRUE",42100,0.246477685990222
"cum_abs_estimate_total","mediating_TRUE",42113,0.246164591411575
"cum_abs_estimate_total","mediating_TRUE",42127,0.24582741263457
"cum_abs_estimate_total","mediating_TRUE",42140,0.245514318055923
"cum_abs_estimate_total","mediating_TRUE",42153,0.245201223477276
"cum_abs_estimate_total","mediating_TRUE",42166,0.244888128898629
"cum_abs_estimate_total","mediating_TRUE",42179,0.244575034319982
"cum_abs_estimate_total","mediating_TRUE",42192,0.244261939741335
"cum_abs_estimate_total","mediating_TRUE",42205,0.243948845162688
"cum_abs_estimate_total","mediating_TRUE",42218,0.243635750584042
"cum_abs_estimate_total","mediating_TRUE",42231,0.243322656005395
"cum_abs_estimate_total","mediating_TRUE",42244,0.243009561426748
"cum_abs_estimate_total","mediating_TRUE",42257,0.242696466848101
"cum_abs_estimate_total","mediating_TRUE",42270,0.242383372269454
"cum_abs_estimate_total","mediating_TRUE",42284,0.242046193492449
"cum_abs_estimate_total","mediating_TRUE",42297,0.241733098913802
"cum_abs_estimate_total","mediating_TRUE",42310,0.241420004335155
"cum_abs_estimate_total","mediating_TRUE",42323,0.241106909756508
"cum_abs_estimate_total","mediating_TRUE",42336,0.240793815177861
"cum_abs_estimate_total","mediating_TRUE",42349,0.240480720599215
"cum_abs_estimate_total","mediating_TRUE",42362,0.240167626020568
"cum_abs_estimate_total","mediating_TRUE",42375,0.239854531441921
"cum_abs_estimate_total","mediating_TRUE",42388,0.239541436863274
"cum_abs_estimate_total","mediating_TRUE",42401,0.239228342284627
"cum_abs_estimate_total","mediating_TRUE",42414,0.23891524770598
"cum_abs_estimate_total","mediating_TRUE",42428,0.238578068928975
"cum_abs_estimate_total","mediating_TRUE",42441,0.238264974350328
"cum_abs_estimate_total","mediating_TRUE",42454,0.237951879771682
"cum_abs_estimate_total","mediating_TRUE",42467,0.237638785193035
"cum_abs_estimate_total","mediating_TRUE",42480,0.237325690614388
"cum_abs_estimate_total","mediating_TRUE",42493,0.237012596035741
"cum_abs_estimate_total","mediating_TRUE",42506,0.236699501457094
"cum_abs_estimate_total","mediating_TRUE",42519,0.236386406878447
"cum_abs_estimate_total","mediating_TRUE",42532,0.2360733122998
"cum_abs_estimate_total","mediating_TRUE",42545,0.235760217721153
"cum_abs_estimate_total","mediating_TRUE",42558,0.235447123142506
"cum_abs_estimate_total","mediating_TRUE",42571,0.235134028563859
"cum_abs_estimate_total","mediating_TRUE",42585,0.234796849786855
"cum_abs_estimate_total","mediating_TRUE",42598,0.234483755208208
"cum_abs_estimate_total","mediating_TRUE",42611,0.234170660629561
"cum_abs_estimate_total","mediating_TRUE",42624,0.233857566050914
"cum_abs_estimate_total","mediating_TRUE",42637,0.233544471472267
"cum_abs_estimate_total","mediating_TRUE",42650,0.23323137689362
"cum_abs_estimate_total","mediating_TRUE",42663,0.232918282314973
"cum_abs_estimate_total","mediating_TRUE",42676,0.232605187736326
"cum_abs_estimate_total","mediating_TRUE",42689,0.232292093157679
"cum_abs_estimate_total","mediating_TRUE",42702,0.231978998579032
"cum_abs_estimate_total","mediating_TRUE",42715,0.231665904000385
"cum_abs_estimate_total","mediating_TRUE",42728,0.231352809421738
"cum_abs_estimate_total","mediating_TRUE",42742,0.231015630644734
"cum_abs_estimate_total","mediating_TRUE",42755,0.230702536066087
"cum_abs_estimate_total","mediating_TRUE",42768,0.23038944148744
"cum_abs_estimate_total","mediating_TRUE",42781,0.230076346908793
"cum_abs_estimate_total","mediating_TRUE",42794,0.229763252330146
"cum_abs_estimate_total","mediating_TRUE",42807,0.229450157751499
"cum_abs_estimate_total","mediating_TRUE",42820,0.229137063172852
"cum_abs_estimate_total","mediating_TRUE",42833,0.228823968594205
"cum_abs_estimate_total","mediating_TRUE",42846,0.228510874015558
"cum_abs_estimate_total","mediating_TRUE",42859,0.228197779436911
"cum_abs_estimate_total","mediating_TRUE",42872,0.227884684858264
"cum_abs_estimate_total","mediating_TRUE",42886,0.22754750608126
"cum_abs_estimate_total","mediating_TRUE",42899,0.227234411502613
"cum_abs_estimate_total","mediating_TRUE",42912,0.226921316923966
"cum_abs_estimate_total","mediating_TRUE",42925,0.226608222345319
"cum_abs_estimate_total","mediating_TRUE",42938,0.226295127766672
"cum_abs_estimate_total","mediating_TRUE",42951,0.225982033188025
"cum_abs_estimate_total","mediating_TRUE",42964,0.225668938609378
"cum_abs_estimate_total","mediating_TRUE",42977,0.225355844030731
"cum_abs_estimate_total","mediating_TRUE",42990,0.225042749452084
"cum_abs_estimate_total","mediating_TRUE",43003,0.224729654873437
"cum_abs_estimate_total","mediating_TRUE",43016,0.22441656029479
"cum_abs_estimate_total","mediating_TRUE",43029,0.224103465716143
"cum_abs_estimate_total","mediating_TRUE",43043,0.223766286939139
"cum_abs_estimate_total","mediating_TRUE",43056,0.223453192360492
"cum_abs_estimate_total","mediating_TRUE",43069,0.223140097781845
"cum_abs_estimate_total","mediating_TRUE",43082,0.222827003203198
"cum_abs_estimate_total","mediating_TRUE",43095,0.222513908624551
"cum_abs_estimate_total","mediating_TRUE",43108,0.222200814045904
"cum_abs_estimate_total","mediating_TRUE",43121,0.221887719467257
"cum_abs_estimate_total","mediating_TRUE",43134,0.22157462488861
"cum_abs_estimate_total","mediating_TRUE",43147,0.221261530309963
"cum_abs_estimate_total","mediating_TRUE",43160,0.220948435731316
"cum_abs_estimate_total","mediating_TRUE",43173,0.220635341152669
"cum_abs_estimate_total","mediating_TRUE",43187,0.220298162375665
"cum_abs_estimate_total","mediating_TRUE",43200,0.219985067797018
"cum_abs_estimate_total","mediating_TRUE",43213,0.219671973218371
"cum_abs_estimate_total","mediating_TRUE",43226,0.219358878639724
"cum_abs_estimate_total","mediating_TRUE",43239,0.219045784061077
"cum_abs_estimate_total","mediating_TRUE",43252,0.21873268948243
"cum_abs_estimate_total","mediating_TRUE",43265,0.218419594903783
"cum_abs_estimate_total","mediating_TRUE",43278,0.218106500325136
"cum_abs_estimate_total","mediating_TRUE",43291,0.217793405746489
"cum_abs_estimate_total","mediating_TRUE",43304,0.217480311167842
"cum_abs_estimate_total","mediating_TRUE",43317,0.217167216589196
"cum_abs_estimate_total","mediating_TRUE",43330,0.216854122010549
"cum_abs_estimate_total","mediating_TRUE",43344,0.216516943233544
"cum_abs_estimate_total","mediating_TRUE",43357,0.216203848654897
"cum_abs_estimate_total","mediating_TRUE",43370,0.21589075407625
"cum_abs_estimate_total","mediating_TRUE",43383,0.215577659497603
"cum_abs_estimate_total","mediating_TRUE",43396,0.215264564918956
"cum_abs_estimate_total","mediating_TRUE",43409,0.214951470340309
"cum_abs_estimate_total","mediating_TRUE",43422,0.214638375761662
"cum_abs_estimate_total","mediating_TRUE",43435,0.214325281183016
"cum_abs_estimate_total","mediating_TRUE",43448,0.214012186604369
"cum_abs_estimate_total","mediating_TRUE",43461,0.213699092025722
"cum_abs_estimate_total","mediating_TRUE",43474,0.213385997447075
"cum_abs_estimate_total","mediating_TRUE",43488,0.21304881867007
"cum_abs_estimate_total","mediating_TRUE",43501,0.212735724091423
"cum_abs_estimate_total","mediating_TRUE",43514,0.212422629512776
"cum_abs_estimate_total","mediating_TRUE",43527,0.212109534934129
"cum_abs_estimate_total","mediating_TRUE",43540,0.211796440355482
"cum_abs_estimate_total","mediating_TRUE",43553,0.211483345776836
"cum_abs_estimate_total","mediating_TRUE",43566,0.211170251198189
"cum_abs_estimate_total","mediating_TRUE",43579,0.210857156619542
"cum_abs_estimate_total","mediating_TRUE",43592,0.210544062040895
"cum_abs_estimate_total","mediating_TRUE",43605,0.210230967462248
"cum_abs_estimate_total","mediating_TRUE",43618,0.209917872883601
"cum_abs_estimate_total","mediating_TRUE",43631,0.209604778304954
"cum_abs_estimate_total","mediating_TRUE",43645,0.209267599527949
"cum_abs_estimate_total","mediating_TRUE",43658,0.208954504949302
"cum_abs_estimate_total","mediating_TRUE",43671,0.208641410370656
"cum_abs_estimate_total","mediating_TRUE",43684,0.208328315792009
"cum_abs_estimate_total","mediating_TRUE",43697,0.208015221213362
"cum_abs_estimate_total","mediating_TRUE",43710,0.207702126634715
"cum_abs_estimate_total","mediating_TRUE",43723,0.207389032056068
"cum_abs_estimate_total","mediating_TRUE",43736,0.207075937477421
"cum_abs_estimate_total","mediating_TRUE",43749,0.206762842898774
"cum_abs_estimate_total","mediating_TRUE",43762,0.206449748320127
"cum_abs_estimate_total","mediating_TRUE",43775,0.20613665374148
"cum_abs_estimate_total","mediating_TRUE",43789,0.205799474964476
"cum_abs_estimate_total","mediating_TRUE",43802,0.205486380385829
"cum_abs_estimate_total","mediating_TRUE",43815,0.205173285807182
"cum_abs_estimate_total","mediating_TRUE",43828,0.204860191228535
"cum_abs_estimate_total","mediating_TRUE",43841,0.204547096649888
"cum_abs_estimate_total","mediating_TRUE",43854,0.204234002071241
"cum_abs_estimate_total","mediating_TRUE",43867,0.203920907492594
"cum_abs_estimate_total","mediating_TRUE",43880,0.203607812913947
"cum_abs_estimate_total","mediating_TRUE",43893,0.2032947183353
"cum_abs_estimate_total","mediating_TRUE",43906,0.202981623756653
"cum_abs_estimate_total","mediating_TRUE",43919,0.202668529178006
"cum_abs_estimate_total","mediating_TRUE",43932,0.202355434599359
"cum_abs_estimate_total","mediating_TRUE",43946,0.202018255822355
"cum_abs_estimate_total","mediating_TRUE",43959,0.201705161243708
"cum_abs_estimate_total","mediating_TRUE",43972,0.201392066665061
"cum_abs_estimate_total","mediating_TRUE",43985,0.201078972086414
"cum_abs_estimate_total","mediating_TRUE",43998,0.200765877507767
"cum_abs_estimate_total","mediating_TRUE",44011,0.20045278292912
"cum_abs_estimate_total","mediating_TRUE",44024,0.200139688350473
"cum_abs_estimate_total","mediating_TRUE",44037,0.199826593771826
"cum_abs_estimate_total","mediating_TRUE",44050,0.199513499193179
"cum_abs_estimate_total","mediating_TRUE",44063,0.199200404614532
"cum_abs_estimate_total","mediating_TRUE",44076,0.198887310035885
"cum_abs_estimate_total","mediating_TRUE",44089,0.198574215457238
"cum_abs_estimate_total","mediating_TRUE",44103,0.198237036680234
"cum_abs_estimate_total","mediating_TRUE",44116,0.197923942101587
"cum_abs_estimate_total","mediating_TRUE",44129,0.19761084752294
"cum_abs_estimate_total","mediating_TRUE",44142,0.197297752944293
"cum_abs_estimate_total","mediating_TRUE",44155,0.196984658365646
"cum_abs_estimate_total","mediating_TRUE",44168,0.196671563786999
"cum_abs_estimate_total","mediating_TRUE",44181,0.196358469208352
"cum_abs_estimate_total","mediating_TRUE",44194,0.196045374629705
"cum_abs_estimate_total","mediating_TRUE",44207,0.195732280051058
"cum_abs_estimate_total","mediating_TRUE",44220,0.195419185472411
"cum_abs_estimate_total","mediating_TRUE",44233,0.195106090893764
"cum_abs_estimate_total","mediating_TRUE",44247,0.19476891211676
"cum_abs_estimate_total","mediating_TRUE",44260,0.194455817538113
"cum_abs_estimate_total","mediating_TRUE",44273,0.194142722959466
"cum_abs_estimate_total","mediating_TRUE",44286,0.193829628380819
"cum_abs_estimate_total","mediating_TRUE",44299,0.193516533802172
"cum_abs_estimate_total","mediating_TRUE",44312,0.193203439223525
"cum_abs_estimate_total","mediating_TRUE",44325,0.192890344644878
"cum_abs_estimate_total","mediating_TRUE",44338,0.192577250066231
"cum_abs_estimate_total","mediating_TRUE",44351,0.192264155487584
"cum_abs_estimate_total","mediating_TRUE",44364,0.191951060908937
"cum_abs_estimate_total","mediating_TRUE",44377,0.19163796633029
"cum_abs_estimate_total","mediating_TRUE",44390,0.191324871751643
"cum_abs_estimate_total","mediating_TRUE",44404,0.190987692974639
"cum_abs_estimate_total","mediating_TRUE",44417,0.190674598395992
"cum_abs_estimate_total","mediating_TRUE",44430,0.190361503817345
"cum_abs_estimate_total","mediating_TRUE",44443,0.190048409238698
"cum_abs_estimate_total","mediating_TRUE",44456,0.189735314660051
"cum_abs_estimate_total","mediating_TRUE",44469,0.189422220081404
"cum_abs_estimate_total","mediating_TRUE",44482,0.189109125502757
"cum_abs_estimate_total","mediating_TRUE",44495,0.18879603092411
"cum_abs_estimate_total","mediating_TRUE",44508,0.188482936345463
"cum_abs_estimate_total","mediating_TRUE",44521,0.188169841766817
"cum_abs_estimate_total","mediating_TRUE",44534,0.18785674718817
"cum_abs_estimate_total","mediating_TRUE",44548,0.187519568411165
"cum_abs_estimate_total","mediating_TRUE",44561,0.187206473832518
"cum_abs_estimate_total","mediating_TRUE",44574,0.186893379253871
"cum_abs_estimate_total","mediating_TRUE",44587,0.186580284675224
"cum_abs_estimate_total","mediating_TRUE",44600,0.186267190096577
"cum_abs_estimate_total","mediating_TRUE",44613,0.18595409551793
"cum_abs_estimate_total","mediating_TRUE",44626,0.185641000939283
"cum_abs_estimate_total","mediating_TRUE",44639,0.185327906360637
"cum_abs_estimate_total","mediating_TRUE",44652,0.18501481178199
"cum_abs_estimate_total","mediating_TRUE",44665,0.184701717203343
"cum_abs_estimate_total","mediating_TRUE",44678,0.184388622624696
"cum_abs_estimate_total","mediating_TRUE",44691,0.184075528046049
"cum_abs_estimate_total","mediating_TRUE",44705,0.183738349269044
"cum_abs_estimate_total","mediating_TRUE",44718,0.183425254690397
"cum_abs_estimate_total","mediating_TRUE",44731,0.18311216011175
"cum_abs_estimate_total","mediating_TRUE",44744,0.182799065533103
"cum_abs_estimate_total","mediating_TRUE",44757,0.182485970954457
"cum_abs_estimate_total","mediating_TRUE",44770,0.18217287637581
"cum_abs_estimate_total","mediating_TRUE",44783,0.181859781797163
"cum_abs_estimate_total","mediating_TRUE",44796,0.181546687218516
"cum_abs_estimate_total","mediating_TRUE",44809,0.181233592639869
"cum_abs_estimate_total","mediating_TRUE",44822,0.180920498061222
"cum_abs_estimate_total","mediating_TRUE",44835,0.180607403482575
"cum_abs_estimate_total","mediating_TRUE",44849,0.18027022470557
"cum_abs_estimate_total","mediating_TRUE",44862,0.179957130126923
"cum_abs_estimate_total","mediating_TRUE",44875,0.179644035548276
"cum_abs_estimate_total","mediating_TRUE",44888,0.17933094096963
"cum_abs_estimate_total","mediating_TRUE",44901,0.179017846390983
"cum_abs_estimate_total","mediating_TRUE",44914,0.178704751812336
"cum_abs_estimate_total","mediating_TRUE",44927,0.178391657233689
"cum_abs_estimate_total","mediating_TRUE",44940,0.178078562655042
"cum_abs_estimate_total","mediating_TRUE",44953,0.177765468076395
"cum_abs_estimate_total","mediating_TRUE",44966,0.177452373497748
"cum_abs_estimate_total","mediating_TRUE",44979,0.177139278919101
"cum_abs_estimate_total","mediating_TRUE",44992,0.176826184340454
"cum_abs_estimate_total","mediating_TRUE",45006,0.17648900556345
"cum_abs_estimate_total","mediating_TRUE",45019,0.176175910984803
"cum_abs_estimate_total","mediating_TRUE",45032,0.175862816406156
"cum_abs_estimate_total","mediating_TRUE",45045,0.175549721827509
"cum_abs_estimate_total","mediating_TRUE",45058,0.175236627248862
"cum_abs_estimate_total","mediating_TRUE",45071,0.174923532670215
"cum_abs_estimate_total","mediating_TRUE",45084,0.174610438091568
"cum_abs_estimate_total","mediating_TRUE",45097,0.174297343512921
"cum_abs_estimate_total","mediating_TRUE",45110,0.173984248934274
"cum_abs_estimate_total","mediating_TRUE",45123,0.173671154355627
"cum_abs_estimate_total","mediating_TRUE",45136,0.17335805977698
"cum_abs_estimate_total","mediating_TRUE",45149,0.173044965198333
"cum_abs_estimate_total","mediating_TRUE",45163,0.172707786421329
"cum_abs_estimate_total","mediating_TRUE",45176,0.172394691842682
"cum_abs_estimate_total","mediating_TRUE",45189,0.172081597264035
"cum_abs_estimate_total","mediating_TRUE",45202,0.171768502685388
"cum_abs_estimate_total","mediating_TRUE",45215,0.171455408106741
"cum_abs_estimate_total","mediating_TRUE",45228,0.171142313528094
"cum_abs_estimate_total","mediating_TRUE",45241,0.170829218949447
"cum_abs_estimate_total","mediating_TRUE",45254,0.1705161243708
"cum_abs_estimate_total","mediating_TRUE",45267,0.170203029792153
"cum_abs_estimate_total","mediating_TRUE",45280,0.169889935213506
"cum_abs_estimate_total","mediating_TRUE",45293,0.169576840634859
"cum_abs_estimate_total","mediating_TRUE",45307,0.169239661857855
"cum_abs_estimate_total","mediating_TRUE",45320,0.168926567279208
"cum_abs_estimate_total","mediating_TRUE",45333,0.168613472700561
"cum_abs_estimate_total","mediating_TRUE",45346,0.168300378121914
"cum_abs_estimate_total","mediating_TRUE",45359,0.167987283543267
"cum_abs_estimate_total","mediating_TRUE",45372,0.16767418896462
"cum_abs_estimate_total","mediating_TRUE",45385,0.167361094385973
"cum_abs_estimate_total","mediating_TRUE",45398,0.167047999807326
"cum_abs_estimate_total","mediating_TRUE",45411,0.166734905228679
"cum_abs_estimate_total","mediating_TRUE",45424,0.166421810650032
"cum_abs_estimate_total","mediating_TRUE",45437,0.166108716071385
"cum_abs_estimate_total","mediating_TRUE",45450,0.165795621492738
"cum_abs_estimate_total","mediating_TRUE",45464,0.165458442715734
"cum_abs_estimate_total","mediating_TRUE",45477,0.165145348137087
"cum_abs_estimate_total","mediating_TRUE",45490,0.16483225355844
"cum_abs_estimate_total","mediating_TRUE",45503,0.164519158979793
"cum_abs_estimate_total","mediating_TRUE",45516,0.164206064401146
"cum_abs_estimate_total","mediating_TRUE",45529,0.163892969822499
"cum_abs_estimate_total","mediating_TRUE",45542,0.163579875243852
"cum_abs_estimate_total","mediating_TRUE",45555,0.163266780665205
"cum_abs_estimate_total","mediating_TRUE",45568,0.162953686086558
"cum_abs_estimate_total","mediating_TRUE",45581,0.162640591507911
"cum_abs_estimate_total","mediating_TRUE",45594,0.162327496929264
"cum_abs_estimate_total","mediating_TRUE",45608,0.16199031815226
"cum_abs_estimate_total","mediating_TRUE",45621,0.161677223573613
"cum_abs_estimate_total","mediating_TRUE",45634,0.161364128994966
"cum_abs_estimate_total","mediating_TRUE",45647,0.161051034416319
"cum_abs_estimate_total","mediating_TRUE",45660,0.160737939837672
"cum_abs_estimate_total","mediating_TRUE",45673,0.160424845259025
"cum_abs_estimate_total","mediating_TRUE",45686,0.160111750680378
"cum_abs_estimate_total","mediating_TRUE",45699,0.159798656101731
"cum_abs_estimate_total","mediating_TRUE",45712,0.159485561523084
"cum_abs_estimate_total","mediating_TRUE",45725,0.159172466944437
"cum_abs_estimate_total","mediating_TRUE",45738,0.158859372365791
"cum_abs_estimate_total","mediating_TRUE",45751,0.158546277787144
"cum_abs_estimate_total","mediating_TRUE",45765,0.158209099010139
"cum_abs_estimate_total","mediating_TRUE",45778,0.157896004431492
"cum_abs_estimate_total","mediating_TRUE",45791,0.157582909852845
"cum_abs_estimate_total","mediating_TRUE",45804,0.157269815274198
"cum_abs_estimate_total","mediating_TRUE",45817,0.156956720695551
"cum_abs_estimate_total","mediating_TRUE",45830,0.156643626116904
"cum_abs_estimate_total","mediating_TRUE",45843,0.156330531538257
"cum_abs_estimate_total","mediating_TRUE",45856,0.156017436959611
"cum_abs_estimate_total","mediating_TRUE",45869,0.155704342380964
"cum_abs_estimate_total","mediating_TRUE",45882,0.155391247802317
"cum_abs_estimate_total","mediating_TRUE",45895,0.15507815322367
"cum_abs_estimate_total","mediating_TRUE",45909,0.154740974446665
"cum_abs_estimate_total","mediating_TRUE",45922,0.154427879868018
"cum_abs_estimate_total","mediating_TRUE",45935,0.154114785289371
"cum_abs_estimate_total","mediating_TRUE",45948,0.153801690710724
"cum_abs_estimate_total","mediating_TRUE",45961,0.153488596132077
"cum_abs_estimate_total","mediating_TRUE",45974,0.153175501553431
"cum_abs_estimate_total","mediating_TRUE",45987,0.152862406974784
"cum_abs_estimate_total","mediating_TRUE",46000,0.152549312396137
"cum_abs_estimate_total","mediating_TRUE",46013,0.15223621781749
"cum_abs_estimate_total","mediating_TRUE",46026,0.151923123238843
"cum_abs_estimate_total","mediating_TRUE",46039,0.151610028660196
"cum_abs_estimate_total","mediating_TRUE",46052,0.151296934081549
"cum_abs_estimate_total","mediating_TRUE",46066,0.150959755304544
"cum_abs_estimate_total","mediating_TRUE",46079,0.150646660725897
"cum_abs_estimate_total","mediating_TRUE",46092,0.150333566147251
"cum_abs_estimate_total","mediating_TRUE",46105,0.150020471568604
"cum_abs_estimate_total","mediating_TRUE",46118,0.149707376989957
"cum_abs_estimate_total","mediating_TRUE",46131,0.14939428241131
"cum_abs_estimate_total","mediating_TRUE",46144,0.149081187832663
"cum_abs_estimate_total","mediating_TRUE",46157,0.148768093254016
"cum_abs_estimate_total","mediating_TRUE",46170,0.148454998675369
"cum_abs_estimate_total","mediating_TRUE",46183,0.148141904096722
"cum_abs_estimate_total","mediating_TRUE",46196,0.147828809518075
"cum_abs_estimate_total","mediating_TRUE",46210,0.147491630741071
"cum_abs_estimate_total","mediating_TRUE",46223,0.147178536162424
"cum_abs_estimate_total","mediating_TRUE",46236,0.146865441583777
"cum_abs_estimate_total","mediating_TRUE",46249,0.14655234700513
"cum_abs_estimate_total","mediating_TRUE",46262,0.146239252426483
"cum_abs_estimate_total","mediating_TRUE",46275,0.145926157847836
"cum_abs_estimate_total","mediating_TRUE",46288,0.145613063269189
"cum_abs_estimate_total","mediating_TRUE",46301,0.145299968690542
"cum_abs_estimate_total","mediating_TRUE",46314,0.144986874111895
"cum_abs_estimate_total","mediating_TRUE",46327,0.144673779533248
"cum_abs_estimate_total","mediating_TRUE",46340,0.144360684954601
"cum_abs_estimate_total","mediating_TRUE",46353,0.144047590375954
"cum_abs_estimate_total","mediating_TRUE",46367,0.14371041159895
"cum_abs_estimate_total","mediating_TRUE",46380,0.143397317020303
"cum_abs_estimate_total","mediating_TRUE",46393,0.143084222441656
"cum_abs_estimate_total","mediating_TRUE",46406,0.142771127863009
"cum_abs_estimate_total","mediating_TRUE",46419,0.142458033284362
"cum_abs_estimate_total","mediating_TRUE",46432,0.142144938705715
"cum_abs_estimate_total","mediating_TRUE",46445,0.141831844127068
"cum_abs_estimate_total","mediating_TRUE",46458,0.141518749548421
"cum_abs_estimate_total","mediating_TRUE",46471,0.141205654969774
"cum_abs_estimate_total","mediating_TRUE",46484,0.140892560391127
"cum_abs_estimate_total","mediating_TRUE",46497,0.14057946581248
"cum_abs_estimate_total","mediating_TRUE",46510,0.140266371233833
"cum_abs_estimate_total","mediating_TRUE",46524,0.139929192456829
"cum_abs_estimate_total","mediating_TRUE",46537,0.139616097878182
"cum_abs_estimate_total","mediating_TRUE",46550,0.139303003299535
"cum_abs_estimate_total","mediating_TRUE",46563,0.138989908720888
"cum_abs_estimate_total","mediating_TRUE",46576,0.138676814142241
"cum_abs_estimate_total","mediating_TRUE",46589,0.138363719563594
"cum_abs_estimate_total","mediating_TRUE",46602,0.138050624984947
"cum_abs_estimate_total","mediating_TRUE",46615,0.1377375304063
"cum_abs_estimate_total","mediating_TRUE",46628,0.137424435827653
"cum_abs_estimate_total","mediating_TRUE",46641,0.137111341249006
"cum_abs_estimate_total","mediating_TRUE",46654,0.136798246670359
"cum_abs_estimate_total","mediating_TRUE",46668,0.136461067893355
"cum_abs_estimate_total","mediating_TRUE",46681,0.136147973314708
"cum_abs_estimate_total","mediating_TRUE",46694,0.135834878736061
"cum_abs_estimate_total","mediating_TRUE",46707,0.135521784157414
"cum_abs_estimate_total","mediating_TRUE",46720,0.135208689578767
"cum_abs_estimate_total","mediating_TRUE",46733,0.13489559500012
"cum_abs_estimate_total","mediating_TRUE",46746,0.134582500421473
"cum_abs_estimate_total","mediating_TRUE",46759,0.134269405842826
"cum_abs_estimate_total","mediating_TRUE",46772,0.133956311264179
"cum_abs_estimate_total","mediating_TRUE",46785,0.133643216685532
"cum_abs_estimate_total","mediating_TRUE",46798,0.133330122106885
"cum_abs_estimate_total","mediating_TRUE",46811,0.133017027528238
"cum_abs_estimate_total","mediating_TRUE",46825,0.132679848751234
"cum_abs_estimate_total","mediating_TRUE",46838,0.132366754172587
"cum_abs_estimate_total","mediating_TRUE",46851,0.13205365959394
"cum_abs_estimate_total","mediating_TRUE",46864,0.131740565015293
"cum_abs_estimate_total","mediating_TRUE",46877,0.131427470436646
"cum_abs_estimate_total","mediating_TRUE",46890,0.131114375857999
"cum_abs_estimate_total","mediating_TRUE",46903,0.130801281279352
"cum_abs_estimate_total","mediating_TRUE",46916,0.130488186700705
"cum_abs_estimate_total","mediating_TRUE",46929,0.130175092122058
"cum_abs_estimate_total","mediating_TRUE",46942,0.129861997543412
"cum_abs_estimate_total","mediating_TRUE",46955,0.129548902964765
"cum_abs_estimate_total","mediating_TRUE",46969,0.12921172418776
"cum_abs_estimate_total","mediating_TRUE",46982,0.128898629609113
"cum_abs_estimate_total","mediating_TRUE",46995,0.128585535030466
"cum_abs_estimate_total","mediating_TRUE",47008,0.128272440451819
"cum_abs_estimate_total","mediating_TRUE",47021,0.127959345873172
"cum_abs_estimate_total","mediating_TRUE",47034,0.127646251294525
"cum_abs_estimate_total","mediating_TRUE",47047,0.127333156715878
"cum_abs_estimate_total","mediating_TRUE",47060,0.127020062137231
"cum_abs_estimate_total","mediating_TRUE",47073,0.126706967558585
"cum_abs_estimate_total","mediating_TRUE",47086,0.126393872979938
"cum_abs_estimate_total","mediating_TRUE",47099,0.126080778401291
"cum_abs_estimate_total","mediating_TRUE",47112,0.125767683822644
"cum_abs_estimate_total","mediating_TRUE",47126,0.125430505045639
"cum_abs_estimate_total","mediating_TRUE",47139,0.125117410466992
"cum_abs_estimate_total","mediating_TRUE",47152,0.124804315888345
"cum_abs_estimate_total","mediating_TRUE",47165,0.124491221309698
"cum_abs_estimate_total","mediating_TRUE",47178,0.124178126731051
"cum_abs_estimate_total","mediating_TRUE",47191,0.123865032152405
"cum_abs_estimate_total","mediating_TRUE",47204,0.123551937573758
"cum_abs_estimate_total","mediating_TRUE",47217,0.123238842995111
"cum_abs_estimate_total","mediating_TRUE",47230,0.122925748416464
"cum_abs_estimate_total","mediating_TRUE",47243,0.122612653837817
"cum_abs_estimate_total","mediating_TRUE",47256,0.12229955925917
"cum_abs_estimate_total","mediating_TRUE",47270,0.121962380482165
"cum_abs_estimate_total","mediating_TRUE",47283,0.121649285903518
"cum_abs_estimate_total","mediating_TRUE",47296,0.121336191324871
"cum_abs_estimate_total","mediating_TRUE",47309,0.121023096746225
"cum_abs_estimate_total","mediating_TRUE",47322,0.120710002167578
"cum_abs_estimate_total","mediating_TRUE",47335,0.120396907588931
"cum_abs_estimate_total","mediating_TRUE",47348,0.120083813010284
"cum_abs_estimate_total","mediating_TRUE",47361,0.119770718431637
"cum_abs_estimate_total","mediating_TRUE",47374,0.11945762385299
"cum_abs_estimate_total","mediating_TRUE",47387,0.119144529274343
"cum_abs_estimate_total","mediating_TRUE",47400,0.118831434695696
"cum_abs_estimate_total","mediating_TRUE",47413,0.118518340117049
"cum_abs_estimate_total","mediating_TRUE",47427,0.118181161340045
"cum_abs_estimate_total","mediating_TRUE",47440,0.117868066761398
"cum_abs_estimate_total","mediating_TRUE",47453,0.117554972182751
"cum_abs_estimate_total","mediating_TRUE",47466,0.117241877604104
"cum_abs_estimate_total","mediating_TRUE",47479,0.116928783025457
"cum_abs_estimate_total","mediating_TRUE",47492,0.11661568844681
"cum_abs_estimate_total","mediating_TRUE",47505,0.116302593868163
"cum_abs_estimate_total","mediating_TRUE",47518,0.115989499289516
"cum_abs_estimate_total","mediating_TRUE",47531,0.115676404710869
"cum_abs_estimate_total","mediating_TRUE",47544,0.115363310132222
"cum_abs_estimate_total","mediating_TRUE",47557,0.115050215553575
"cum_abs_estimate_total","mediating_TRUE",47571,0.114713036776571
"cum_abs_estimate_total","mediating_TRUE",47584,0.114399942197924
"cum_abs_estimate_total","mediating_TRUE",47597,0.114086847619277
"cum_abs_estimate_total","mediating_TRUE",47610,0.11377375304063
"cum_abs_estimate_total","mediating_TRUE",47623,0.113460658461983
"cum_abs_estimate_total","mediating_TRUE",47636,0.113147563883336
"cum_abs_estimate_total","mediating_TRUE",47649,0.112834469304689
"cum_abs_estimate_total","mediating_TRUE",47662,0.112521374726042
"cum_abs_estimate_total","mediating_TRUE",47675,0.112208280147395
"cum_abs_estimate_total","mediating_TRUE",47688,0.111895185568748
"cum_abs_estimate_total","mediating_TRUE",47701,0.111582090990101
"cum_abs_estimate_total","mediating_TRUE",47714,0.111268996411454
"cum_abs_estimate_total","mediating_TRUE",47728,0.11093181763445
"cum_abs_estimate_total","mediating_TRUE",47741,0.110618723055803
"cum_abs_estimate_total","mediating_TRUE",47754,0.110305628477156
"cum_abs_estimate_total","mediating_TRUE",47767,0.109992533898509
"cum_abs_estimate_total","mediating_TRUE",47780,0.109679439319862
"cum_abs_estimate_total","mediating_TRUE",47793,0.109366344741215
"cum_abs_estimate_total","mediating_TRUE",47806,0.109053250162568
"cum_abs_estimate_total","mediating_TRUE",47819,0.108740155583921
"cum_abs_estimate_total","mediating_TRUE",47832,0.108427061005274
"cum_abs_estimate_total","mediating_TRUE",47845,0.108113966426627
"cum_abs_estimate_total","mediating_TRUE",47858,0.10780087184798
"cum_abs_estimate_total","mediating_TRUE",47871,0.107487777269333
"cum_abs_estimate_total","mediating_TRUE",47885,0.107150598492329
"cum_abs_estimate_total","mediating_TRUE",47898,0.106837503913682
"cum_abs_estimate_total","mediating_TRUE",47911,0.106524409335035
"cum_abs_estimate_total","mediating_TRUE",47924,0.106211314756388
"cum_abs_estimate_total","mediating_TRUE",47937,0.105898220177741
"cum_abs_estimate_total","mediating_TRUE",47950,0.105585125599094
"cum_abs_estimate_total","mediating_TRUE",47963,0.105272031020447
"cum_abs_estimate_total","mediating_TRUE",47976,0.1049589364418
"cum_abs_estimate_total","mediating_TRUE",47989,0.104645841863153
"cum_abs_estimate_total","mediating_TRUE",48002,0.104332747284506
"cum_abs_estimate_total","mediating_TRUE",48015,0.104019652705859
"cum_abs_estimate_total","mediating_TRUE",48029,0.103682473928855
"cum_abs_estimate_total","mediating_TRUE",48042,0.103369379350208
"cum_abs_estimate_total","mediating_TRUE",48055,0.103056284771561
"cum_abs_estimate_total","mediating_TRUE",48068,0.102743190192914
"cum_abs_estimate_total","mediating_TRUE",48081,0.102430095614267
"cum_abs_estimate_total","mediating_TRUE",48094,0.10211700103562
"cum_abs_estimate_total","mediating_TRUE",48107,0.101803906456973
"cum_abs_estimate_total","mediating_TRUE",48120,0.101490811878326
"cum_abs_estimate_total","mediating_TRUE",48133,0.101177717299679
"cum_abs_estimate_total","mediating_TRUE",48146,0.100864622721032
"cum_abs_estimate_total","mediating_TRUE",48159,0.100551528142386
"cum_abs_estimate_total","mediating_TRUE",48172,0.100238433563739
"cum_abs_estimate_total","mediating_TRUE",48186,0.0999012547867342
"cum_abs_estimate_total","mediating_TRUE",48199,0.0995881602080872
"cum_abs_estimate_total","mediating_TRUE",48212,0.0992750656294403
"cum_abs_estimate_total","mediating_TRUE",48225,0.0989619710507933
"cum_abs_estimate_total","mediating_TRUE",48238,0.0986488764721464
"cum_abs_estimate_total","mediating_TRUE",48251,0.0983357818934994
"cum_abs_estimate_total","mediating_TRUE",48264,0.0980226873148525
"cum_abs_estimate_total","mediating_TRUE",48277,0.0977095927362055
"cum_abs_estimate_total","mediating_TRUE",48290,0.0973964981575586
"cum_abs_estimate_total","mediating_TRUE",48303,0.0970834035789116
"cum_abs_estimate_total","mediating_TRUE",48316,0.0967703090002647
"cum_abs_estimate_total","mediating_TRUE",48330,0.0964331302232603
"cum_abs_estimate_total","mediating_TRUE",48343,0.0961200356446133
"cum_abs_estimate_total","mediating_TRUE",48356,0.0958069410659664
"cum_abs_estimate_total","mediating_TRUE",48369,0.0954938464873194
"cum_abs_estimate_total","mediating_TRUE",48382,0.0951807519086725
"cum_abs_estimate_total","mediating_TRUE",48395,0.0948676573300255
"cum_abs_estimate_total","mediating_TRUE",48408,0.0945545627513786
"cum_abs_estimate_total","mediating_TRUE",48421,0.0942414681727316
"cum_abs_estimate_total","mediating_TRUE",48434,0.0939283735940847
"cum_abs_estimate_total","mediating_TRUE",48447,0.0936152790154377
"cum_abs_estimate_total","mediating_TRUE",48460,0.0933021844367908
"cum_abs_estimate_total","mediating_TRUE",48473,0.0929890898581438
"cum_abs_estimate_total","mediating_TRUE",48487,0.0926519110811394
"cum_abs_estimate_total","mediating_TRUE",48500,0.0923388165024925
"cum_abs_estimate_total","mediating_TRUE",48513,0.0920257219238455
"cum_abs_estimate_total","mediating_TRUE",48526,0.0917126273451986
"cum_abs_estimate_total","mediating_TRUE",48539,0.0913995327665516
"cum_abs_estimate_total","mediating_TRUE",48552,0.0910864381879047
"cum_abs_estimate_total","mediating_TRUE",48565,0.0907733436092577
"cum_abs_estimate_total","mediating_TRUE",48578,0.0904602490306108
"cum_abs_estimate_total","mediating_TRUE",48591,0.0901471544519638
"cum_abs_estimate_total","mediating_TRUE",48604,0.0898340598733169
"cum_abs_estimate_total","mediating_TRUE",48617,0.0895209652946699
"cum_abs_estimate_total","mediating_TRUE",48631,0.0891837865176655
"cum_abs_estimate_total","mediating_TRUE",48644,0.0888706919390185
"cum_abs_estimate_total","mediating_TRUE",48657,0.0885575973603716
"cum_abs_estimate_total","mediating_TRUE",48670,0.0882445027817246
"cum_abs_estimate_total","mediating_TRUE",48683,0.0879314082030777
"cum_abs_estimate_total","mediating_TRUE",48696,0.0876183136244307
"cum_abs_estimate_total","mediating_TRUE",48709,0.0873052190457838
"cum_abs_estimate_total","mediating_TRUE",48722,0.0869921244671368
"cum_abs_estimate_total","mediating_TRUE",48735,0.0866790298884899
"cum_abs_estimate_total","mediating_TRUE",48748,0.0863659353098429
"cum_abs_estimate_total","mediating_TRUE",48761,0.086052840731196
"cum_abs_estimate_total","mediating_TRUE",48774,0.085739746152549
"cum_abs_estimate_total","mediating_TRUE",48788,0.0854025673755446
"cum_abs_estimate_total","mediating_TRUE",48801,0.0850894727968977
"cum_abs_estimate_total","mediating_TRUE",48814,0.0847763782182508
"cum_abs_estimate_total","mediating_TRUE",48827,0.0844632836396038
"cum_abs_estimate_total","mediating_TRUE",48840,0.0841501890609568
"cum_abs_estimate_total","mediating_TRUE",48853,0.0838370944823099
"cum_abs_estimate_total","mediating_TRUE",48866,0.0835239999036629
"cum_abs_estimate_total","mediating_TRUE",48879,0.083210905325016
"cum_abs_estimate_total","mediating_TRUE",48892,0.082897810746369
"cum_abs_estimate_total","mediating_TRUE",48905,0.0825847161677221
"cum_abs_estimate_total","mediating_TRUE",48918,0.0822716215890751
"cum_abs_estimate_total","mediating_TRUE",48932,0.0819344428120707
"cum_abs_estimate_total","mediating_TRUE",48945,0.0816213482334238
"cum_abs_estimate_total","mediating_TRUE",48958,0.0813082536547768
"cum_abs_estimate_total","mediating_TRUE",48971,0.0809951590761299
"cum_abs_estimate_total","mediating_TRUE",48984,0.0806820644974829
"cum_abs_estimate_total","mediating_TRUE",48997,0.080368969918836
"cum_abs_estimate_total","mediating_TRUE",49010,0.080055875340189
"cum_abs_estimate_total","mediating_TRUE",49023,0.0797427807615421
"cum_abs_estimate_total","mediating_TRUE",49036,0.0794296861828951
"cum_abs_estimate_total","mediating_TRUE",49049,0.0791165916042482
"cum_abs_estimate_total","mediating_TRUE",49062,0.0788034970256012
"cum_abs_estimate_total","mediating_TRUE",49075,0.0784904024469543
"cum_abs_estimate_total","mediating_TRUE",49089,0.0781532236699499
"cum_abs_estimate_total","mediating_TRUE",49102,0.0778401290913029
"cum_abs_estimate_total","mediating_TRUE",49115,0.077527034512656
"cum_abs_estimate_total","mediating_TRUE",49128,0.077213939934009
"cum_abs_estimate_total","mediating_TRUE",49141,0.0769008453553621
"cum_abs_estimate_total","mediating_TRUE",49154,0.0765877507767151
"cum_abs_estimate_total","mediating_TRUE",49167,0.0762746561980682
"cum_abs_estimate_total","mediating_TRUE",49180,0.0759615616194212
"cum_abs_estimate_total","mediating_TRUE",49193,0.0756484670407743
"cum_abs_estimate_total","mediating_TRUE",49206,0.0753353724621273
"cum_abs_estimate_total","mediating_TRUE",49219,0.0750222778834804
"cum_abs_estimate_total","mediating_TRUE",49232,0.0747091833048334
"cum_abs_estimate_total","mediating_TRUE",49246,0.074372004527829
"cum_abs_estimate_total","mediating_TRUE",49259,0.0740589099491821
"cum_abs_estimate_total","mediating_TRUE",49272,0.0737458153705351
"cum_abs_estimate_total","mediating_TRUE",49285,0.0734327207918882
"cum_abs_estimate_total","mediating_TRUE",49298,0.0731196262132412
"cum_abs_estimate_total","mediating_TRUE",49311,0.0728065316345943
"cum_abs_estimate_total","mediating_TRUE",49324,0.0724934370559473
"cum_abs_estimate_total","mediating_TRUE",49337,0.0721803424773004
"cum_abs_estimate_total","mediating_TRUE",49350,0.0718672478986534
"cum_abs_estimate_total","mediating_TRUE",49363,0.0715541533200065
"cum_abs_estimate_total","mediating_TRUE",49376,0.0712410587413595
"cum_abs_estimate_total","mediating_TRUE",49390,0.0709038799643551
"cum_abs_estimate_total","mediating_TRUE",49403,0.0705907853857082
"cum_abs_estimate_total","mediating_TRUE",49416,0.0702776908070612
"cum_abs_estimate_total","mediating_TRUE",49429,0.0699645962284143
"cum_abs_estimate_total","mediating_TRUE",49442,0.0696515016497673
"cum_abs_estimate_total","mediating_TRUE",49455,0.0693384070711204
"cum_abs_estimate_total","mediating_TRUE",49468,0.0690253124924734
"cum_abs_estimate_total","mediating_TRUE",49481,0.0687122179138265
"cum_abs_estimate_total","mediating_TRUE",49494,0.0683991233351795
"cum_abs_estimate_total","mediating_TRUE",49507,0.0680860287565326
"cum_abs_estimate_total","mediating_TRUE",49520,0.0677729341778856
"cum_abs_estimate_total","mediating_TRUE",49533,0.0674598395992387
"cum_abs_estimate_total","mediating_TRUE",49547,0.0671226608222343
"cum_abs_estimate_total","mediating_TRUE",49560,0.0668095662435873
"cum_abs_estimate_total","mediating_TRUE",49573,0.0664964716649404
"cum_abs_estimate_total","mediating_TRUE",49586,0.0661833770862934
"cum_abs_estimate_total","mediating_TRUE",49599,0.0658702825076465
"cum_abs_estimate_total","mediating_TRUE",49612,0.0655571879289995
"cum_abs_estimate_total","mediating_TRUE",49625,0.0652440933503526
"cum_abs_estimate_total","mediating_TRUE",49638,0.0649309987717056
"cum_abs_estimate_total","mediating_TRUE",49651,0.0646179041930587
"cum_abs_estimate_total","mediating_TRUE",49664,0.0643048096144117
"cum_abs_estimate_total","mediating_TRUE",49677,0.0639917150357648
"cum_abs_estimate_total","mediating_TRUE",49691,0.0636545362587604
"cum_abs_estimate_total","mediating_TRUE",49704,0.0633414416801134
"cum_abs_estimate_total","mediating_TRUE",49717,0.0630283471014665
"cum_abs_estimate_total","mediating_TRUE",49730,0.0627152525228195
"cum_abs_estimate_total","mediating_TRUE",49743,0.0624021579441726
"cum_abs_estimate_total","mediating_TRUE",49756,0.0620890633655256
"cum_abs_estimate_total","mediating_TRUE",49769,0.0617759687868787
"cum_abs_estimate_total","mediating_TRUE",49782,0.0614628742082317
"cum_abs_estimate_total","mediating_TRUE",49795,0.0611497796295848
"cum_abs_estimate_total","mediating_TRUE",49808,0.0608366850509378
"cum_abs_estimate_total","mediating_TRUE",49821,0.0605235904722909
"cum_abs_estimate_total","mediating_TRUE",49834,0.0602104958936439
"cum_abs_estimate_total","mediating_TRUE",49848,0.0598733171166395
"cum_abs_estimate_total","mediating_TRUE",49861,0.0595602225379926
"cum_abs_estimate_total","mediating_TRUE",49874,0.0592471279593456
"cum_abs_estimate_total","mediating_TRUE",49887,0.0589340333806987
"cum_abs_estimate_total","mediating_TRUE",49900,0.0586209388020517
"cum_abs_estimate_total","mediating_TRUE",49913,0.0583078442234048
"cum_abs_estimate_total","mediating_TRUE",49926,0.0579947496447578
"cum_abs_estimate_total","mediating_TRUE",49939,0.0576816550661109
"cum_abs_estimate_total","mediating_TRUE",49952,0.0573685604874639
"cum_abs_estimate_total","mediating_TRUE",49965,0.057055465908817
"cum_abs_estimate_total","mediating_TRUE",49978,0.05674237133017
"cum_abs_estimate_total","mediating_TRUE",49992,0.0564051925531656
"cum_abs_estimate_total","mediating_TRUE",50005,0.0560920979745187
"cum_abs_estimate_total","mediating_TRUE",50018,0.0557790033958717
"cum_abs_estimate_total","mediating_TRUE",50031,0.0554659088172248
"cum_abs_estimate_total","mediating_TRUE",50044,0.0551528142385778
"cum_abs_estimate_total","mediating_TRUE",50057,0.0548397196599309
"cum_abs_estimate_total","mediating_TRUE",50070,0.0545266250812839
"cum_abs_estimate_total","mediating_TRUE",50083,0.054213530502637
"cum_abs_estimate_total","mediating_TRUE",50096,0.05390043592399
"cum_abs_estimate_total","mediating_TRUE",50109,0.0535873413453431
"cum_abs_estimate_total","mediating_TRUE",50122,0.0532742467666961
"cum_abs_estimate_total","mediating_TRUE",50135,0.0529611521880492
"cum_abs_estimate_total","mediating_TRUE",50149,0.0526239734110448
"cum_abs_estimate_total","mediating_TRUE",50162,0.0523108788323978
"cum_abs_estimate_total","mediating_TRUE",50175,0.0519977842537509
"cum_abs_estimate_total","mediating_TRUE",50188,0.0516846896751039
"cum_abs_estimate_total","mediating_TRUE",50201,0.051371595096457
"cum_abs_estimate_total","mediating_TRUE",50214,0.05105850051781
"cum_abs_estimate_total","mediating_TRUE",50227,0.0507454059391631
"cum_abs_estimate_total","mediating_TRUE",50240,0.0504323113605161
"cum_abs_estimate_total","mediating_TRUE",50253,0.0501192167818692
"cum_abs_estimate_total","mediating_TRUE",50266,0.0498061222032222
"cum_abs_estimate_total","mediating_TRUE",50279,0.0494930276245753
"cum_abs_estimate_total","mediating_TRUE",50293,0.0491558488475708
"cum_abs_estimate_total","mediating_TRUE",50306,0.0488427542689239
"cum_abs_estimate_total","mediating_TRUE",50319,0.0485296596902769
"cum_abs_estimate_total","mediating_TRUE",50332,0.04821656511163
"cum_abs_estimate_total","mediating_TRUE",50345,0.0479034705329831
"cum_abs_estimate_total","mediating_TRUE",50358,0.0475903759543361
"cum_abs_estimate_total","mediating_TRUE",50371,0.0472772813756892
"cum_abs_estimate_total","mediating_TRUE",50384,0.0469641867970422
"cum_abs_estimate_total","mediating_TRUE",50397,0.0466510922183953
"cum_abs_estimate_total","mediating_TRUE",50410,0.0463379976397483
"cum_abs_estimate_total","mediating_TRUE",50423,0.0460249030611014
"cum_abs_estimate_total","mediating_TRUE",50436,0.0457118084824544
"cum_abs_estimate_total","mediating_TRUE",50450,0.04537462970545
"cum_abs_estimate_total","mediating_TRUE",50463,0.045061535126803
"cum_abs_estimate_total","mediating_TRUE",50476,0.0447484405481561
"cum_abs_estimate_total","mediating_TRUE",50489,0.0444353459695091
"cum_abs_estimate_total","mediating_TRUE",50502,0.0441222513908622
"cum_abs_estimate_total","mediating_TRUE",50515,0.0438091568122152
"cum_abs_estimate_total","mediating_TRUE",50528,0.0434960622335683
"cum_abs_estimate_total","mediating_TRUE",50541,0.0431829676549213
"cum_abs_estimate_total","mediating_TRUE",50554,0.0428698730762744
"cum_abs_estimate_total","mediating_TRUE",50567,0.0425567784976274
"cum_abs_estimate_total","mediating_TRUE",50580,0.0422436839189805
"cum_abs_estimate_total","mediating_TRUE",50593,0.0419305893403335
"cum_abs_estimate_total","mediating_TRUE",50607,0.0415934105633291
"cum_abs_estimate_total","mediating_TRUE",50620,0.0412803159846822
"cum_abs_estimate_total","mediating_TRUE",50633,0.0409672214060352
"cum_abs_estimate_total","mediating_TRUE",50646,0.0406541268273883
"cum_abs_estimate_total","mediating_TRUE",50659,0.0403410322487413
"cum_abs_estimate_total","mediating_TRUE",50672,0.0400279376700944
"cum_abs_estimate_total","mediating_TRUE",50685,0.0397148430914474
"cum_abs_estimate_total","mediating_TRUE",50698,0.0394017485128005
"cum_abs_estimate_total","mediating_TRUE",50711,0.0390886539341535
"cum_abs_estimate_total","mediating_TRUE",50724,0.0387755593555066
"cum_abs_estimate_total","mediating_TRUE",50737,0.0384624647768596
"cum_abs_estimate_total","mediating_TRUE",50751,0.0381252859998552
"cum_abs_estimate_total","mediating_TRUE",50764,0.0378121914212083
"cum_abs_estimate_total","mediating_TRUE",50777,0.0374990968425613
"cum_abs_estimate_total","mediating_TRUE",50790,0.0371860022639144
"cum_abs_estimate_total","mediating_TRUE",50803,0.0368729076852674
"cum_abs_estimate_total","mediating_TRUE",50816,0.0365598131066205
"cum_abs_estimate_total","mediating_TRUE",50829,0.0362467185279735
"cum_abs_estimate_total","mediating_TRUE",50842,0.0359336239493266
"cum_abs_estimate_total","mediating_TRUE",50855,0.0356205293706796
"cum_abs_estimate_total","mediating_TRUE",50868,0.0353074347920327
"cum_abs_estimate_total","mediating_TRUE",50881,0.0349943402133857
"cum_abs_estimate_total","mediating_TRUE",50894,0.0346812456347388
"cum_abs_estimate_total","mediating_TRUE",50908,0.0343440668577344
"cum_abs_estimate_total","mediating_TRUE",50921,0.0340309722790874
"cum_abs_estimate_total","mediating_TRUE",50934,0.0337178777004405
"cum_abs_estimate_total","mediating_TRUE",50947,0.0334047831217935
"cum_abs_estimate_total","mediating_TRUE",50960,0.0330916885431466
"cum_abs_estimate_total","mediating_TRUE",50973,0.0327785939644996
"cum_abs_estimate_total","mediating_TRUE",50986,0.0324654993858527
"cum_abs_estimate_total","mediating_TRUE",50999,0.0321524048072057
"cum_abs_estimate_total","mediating_TRUE",51012,0.0318393102285588
"cum_abs_estimate_total","mediating_TRUE",51025,0.0315262156499118
"cum_abs_estimate_total","mediating_TRUE",51038,0.0312131210712649
"cum_abs_estimate_total","mediating_TRUE",51052,0.0308759422942605
"cum_abs_estimate_total","mediating_TRUE",51065,0.0305628477156135
"cum_abs_estimate_total","mediating_TRUE",51078,0.0302497531369666
"cum_abs_estimate_total","mediating_TRUE",51091,0.0299366585583196
"cum_abs_estimate_total","mediating_TRUE",51104,0.0296235639796727
"cum_abs_estimate_total","mediating_TRUE",51117,0.0293104694010257
"cum_abs_estimate_total","mediating_TRUE",51130,0.0289973748223788
"cum_abs_estimate_total","mediating_TRUE",51143,0.0286842802437318
"cum_abs_estimate_total","mediating_TRUE",51156,0.0283711856650849
"cum_abs_estimate_total","mediating_TRUE",51169,0.0280580910864379
"cum_abs_estimate_total","mediating_TRUE",51182,0.027744996507791
"cum_abs_estimate_total","mediating_TRUE",51195,0.027431901929144
"cum_abs_estimate_total","mediating_TRUE",51209,0.0270947231521396
"cum_abs_estimate_total","mediating_TRUE",51222,0.0267816285734927
"cum_abs_estimate_total","mediating_TRUE",51235,0.0264685339948457
"cum_abs_estimate_total","mediating_TRUE",51248,0.0261554394161988
"cum_abs_estimate_total","mediating_TRUE",51261,0.0258423448375518
"cum_abs_estimate_total","mediating_TRUE",51274,0.0255292502589049
"cum_abs_estimate_total","mediating_TRUE",51287,0.0252161556802579
"cum_abs_estimate_total","mediating_TRUE",51300,0.024903061101611
"cum_abs_estimate_total","mediating_TRUE",51313,0.024589966522964
"cum_abs_estimate_total","mediating_TRUE",51326,0.0242768719443171
"cum_abs_estimate_total","mediating_TRUE",51339,0.0239637773656701
"cum_abs_estimate_total","mediating_TRUE",51353,0.0236265985886657
"cum_abs_estimate_total","mediating_TRUE",51366,0.0233135040100188
"cum_abs_estimate_total","mediating_TRUE",51379,0.0230004094313718
"cum_abs_estimate_total","mediating_TRUE",51392,0.0226873148527249
"cum_abs_estimate_total","mediating_TRUE",51405,0.0223742202740779
"cum_abs_estimate_total","mediating_TRUE",51418,0.022061125695431
"cum_abs_estimate_total","mediating_TRUE",51431,0.021748031116784
"cum_abs_estimate_total","mediating_TRUE",51444,0.0214349365381371
"cum_abs_estimate_total","mediating_TRUE",51457,0.0211218419594901
"cum_abs_estimate_total","mediating_TRUE",51470,0.0208087473808432
"cum_abs_estimate_total","mediating_TRUE",51483,0.0204956528021962
"cum_abs_estimate_total","mediating_TRUE",51496,0.0201825582235493
"cum_abs_estimate_total","mediating_TRUE",51510,0.0198453794465449
"cum_abs_estimate_total","mediating_TRUE",51523,0.0195322848678979
"cum_abs_estimate_total","mediating_TRUE",51536,0.019219190289251
"cum_abs_estimate_total","mediating_TRUE",51549,0.018906095710604
"cum_abs_estimate_total","mediating_TRUE",51562,0.0185930011319571
"cum_abs_estimate_total","mediating_TRUE",51575,0.0182799065533101
"cum_abs_estimate_total","mediating_TRUE",51588,0.0179668119746632
"cum_abs_estimate_total","mediating_TRUE",51601,0.0176537173960162
"cum_abs_estimate_total","mediating_TRUE",51614,0.0173406228173693
"cum_abs_estimate_total","mediating_TRUE",51627,0.0170275282387223
"cum_abs_estimate_total","mediating_TRUE",51640,0.0167144336600754
"cum_abs_estimate_total","mediating_TRUE",51654,0.016377254883071
"cum_abs_estimate_total","mediating_TRUE",51667,0.016064160304424
"cum_abs_estimate_total","mediating_TRUE",51680,0.0157510657257771
"cum_abs_estimate_total","mediating_TRUE",51693,0.0154379711471301
"cum_abs_estimate_total","mediating_TRUE",51706,0.0151248765684832
"cum_abs_estimate_total","mediating_TRUE",51719,0.0148117819898362
"cum_abs_estimate_total","mediating_TRUE",51732,0.0144986874111893
"cum_abs_estimate_total","mediating_TRUE",51745,0.0141855928325423
"cum_abs_estimate_total","mediating_TRUE",51758,0.0138724982538954
"cum_abs_estimate_total","mediating_TRUE",51771,0.0135594036752484
"cum_abs_estimate_total","mediating_TRUE",51784,0.0132463090966015
"cum_abs_estimate_total","mediating_TRUE",51797,0.0129332145179545
"cum_abs_estimate_total","mediating_TRUE",51811,0.0125960357409501
"cum_abs_estimate_total","mediating_TRUE",51824,0.0122829411623032
"cum_abs_estimate_total","mediating_TRUE",51837,0.0119698465836562
"cum_abs_estimate_total","mediating_TRUE",51850,0.0116567520050093
"cum_abs_estimate_total","mediating_TRUE",51863,0.0113436574263623
"cum_abs_estimate_total","mediating_TRUE",51876,0.0110305628477154
"cum_abs_estimate_total","mediating_TRUE",51889,0.0107174682690684
"cum_abs_estimate_total","mediating_TRUE",51902,0.0104043736904215
"cum_abs_estimate_total","mediating_TRUE",51915,0.0100912791117745
"cum_abs_estimate_total","mediating_TRUE",51928,0.00977818453312755
"cum_abs_estimate_total","mediating_TRUE",51941,0.0094650899544806
"cum_abs_estimate_total","mediating_TRUE",51954,0.00915199537583365
"cum_abs_estimate_total","mediating_TRUE",51968,0.00881481659882925
"cum_abs_estimate_total","mediating_TRUE",51981,0.0085017220201823
"cum_abs_estimate_total","mediating_TRUE",51994,0.00818862744153535
"cum_abs_estimate_total","mediating_TRUE",52007,0.0078755328628884
"cum_abs_estimate_total","mediating_TRUE",52020,0.00756243828424145
"cum_abs_estimate_total","mediating_TRUE",52033,0.0072493437055945
"cum_abs_estimate_total","mediating_TRUE",52046,0.00693624912694755
"cum_abs_estimate_total","mediating_TRUE",52059,0.0066231545483006
"cum_abs_estimate_total","mediating_TRUE",52072,0.00631005996965365
"cum_abs_estimate_total","mediating_TRUE",52085,0.0059969653910067
"cum_abs_estimate_total","mediating_TRUE",52098,0.00568387081235975
"cum_abs_estimate_total","mediating_TRUE",52112,0.00534669203535534
"cum_abs_estimate_total","mediating_TRUE",52125,0.00503359745670839
"cum_abs_estimate_total","mediating_TRUE",52138,0.00472050287806144
"cum_abs_estimate_total","mediating_TRUE",52151,0.00440740829941449
"cum_abs_estimate_total","mediating_TRUE",52164,0.00409431372076754
"cum_abs_estimate_total","mediating_TRUE",52177,0.00378121914212059
"cum_abs_estimate_total","mediating_TRUE",52190,0.00346812456347364
"cum_abs_estimate_total","mediating_TRUE",52203,0.00315502998482669
"cum_abs_estimate_total","mediating_TRUE",52216,0.00284193540617974
"cum_abs_estimate_total","mediating_TRUE",52229,0.00252884082753279
"cum_abs_estimate_total","mediating_TRUE",52242,0.00221574624888584
"cum_abs_estimate_total","mediating_TRUE",52255,0.00190265167023889
"cum_abs_estimate_total","mediating_TRUE",52269,0.00156547289323449
"cum_abs_estimate_total","mediating_TRUE",52282,0.00125237831458754
"cum_abs_estimate_total","mediating_TRUE",52295,0.000939283735940588
"cum_abs_estimate_total","mediating_TRUE",52308,0.000626189157293638
"cum_abs_estimate_total","mediating_TRUE",52321,0.000313094578646688
"cum_abs_estimate_total","mediating_TRUE",52334,-2.61475682685613e-16
