"screen_peak_ID","peak_type","network_peak_id","compare","gene_symbol","CAT_geneClass","logFC","wilcox_p","mlog_wilcox_p","hit_score"
"CATG00000000096_P1","Enhancer","chr10_72247500_72249483","NSC_P0vsNSC_P1","CATG00000000096.1","LncRNA",-0.0778164797508657,0.269453347768612,0.569516416230498,-0.0443177626713861
"CATG00000000096_P1","Enhancer","chr10_72247500_72249483","NSC_P0vsNeuron","CATG00000000096.1","LncRNA",0.0903776957572297,0.081471471404833,1.08899444009995,0.0984208081886679
"CATG00000000096_P1","Enhancer","chr10_72247500_72249483","iPSvsNSC_P2","CATG00000000096.1","LncRNA",-0.809098002877633,0.00408454862756935,2.38885592918954,-1.93281856146965
"CATG00000000096_P1","Enhancer","chr10_72247500_72249483","NSC_P0vsNSC_P2","CATG00000000096.1","LncRNA",-0.657673599585128,0.00489392461060797,2.31034272510461,-1.51945141629486
"CATG00000000096_P1","Enhancer","chr10_72247500_72249483","NSC_P1vsNSC_P2","CATG00000000096.1","LncRNA",-0.598157544496347,0.00681214146073613,2.16671634206892,-1.29603772679205
"CATG00000000096_P1","Enhancer","chr10_72247500_72249483","iPSvsNSC_P0","CATG00000000096.1","LncRNA",0.0969139442918023,0.0395171712596854,1.40321415088295,0.135991018048139
"CATG00000000096_P1","Enhancer","chr10_72247500_72249483","NSC_P1vsNeuron","CATG00000000096.1","LncRNA",0.096292151978933,0.206735087507968,0.684585807756446,0.0659202406431044
"CATG00000000096_P1","Enhancer","chr10_72247500_72249483","iPSvsNeuron","CATG00000000096.1","LncRNA",0.336549353935904,0.167555706760993,0.775840775989842,0.261108711916512
"CATG00000000096_P1","Enhancer","chr10_72247500_72249483","NSC_P2vsNeuron","CATG00000000096.1","LncRNA",0.630757646371163,0.00471422363483603,2.32658981912363,1.46751431838153
"CATG00000000096_P1","Enhancer","chr10_72247500_72249483","iPSvsNSC_P1","CATG00000000096.1","LncRNA",-0.155654781555658,0.0558150208204296,1.25324890891981,-0.195074185152779
"CATG00000000096_P2","Enhancer","chr10_72247500_72249483","iPSvsNSC_P2","CATG00000000096.1","LncRNA",-0.662607535950563,0.0310782884428883,1.50754290686845,-0.998909290859853
"CATG00000000096_P2","Enhancer","chr10_72247500_72249483","NSC_P2vsNeuron","CATG00000000096.1","LncRNA",0.63256384872595,0.0171181130722709,1.76654410925376,1.11745194069371
"CATG00000000096_P2","Enhancer","chr10_72247500_72249483","NSC_P0vsNeuron","CATG00000000096.1","LncRNA",-0.460578015550769,0.0142996145247451,1.84467566967008,-0.849617059271431
"CATG00000000096_P2","Enhancer","chr10_72247500_72249483","NSC_P1vsNSC_P2","CATG00000000096.1","LncRNA",-0.591765193595867,0.0138553378332788,1.85838288039492,-1.09972630499214
"CATG00000000096_P2","Enhancer","chr10_72247500_72249483","NSC_P0vsNSC_P2","CATG00000000096.1","LncRNA",-0.752875171495478,0.00440574858293474,2.35598028979068,-1.77375906471612
"CATG00000000096_P2","Enhancer","chr10_72247500_72249483","NSC_P0vsNSC_P1","CATG00000000096.1","LncRNA",-0.073509660260315,0.00605812516720691,2.2176617579319,-0.163019562397867
"CATG00000000096_P2","Enhancer","chr10_72247500_72249483","iPSvsNeuron","CATG00000000096.1","LncRNA",0.059907431430207,0.0814713551989765,1.08899505955112,0.0652388968578928
"CATG00000000096_P2","Enhancer","chr10_72247500_72249483","iPSvsNSC_P1","CATG00000000096.1","LncRNA",0.07594133612737,0.0642952765148213,1.19182093156877,0.0905084739678994
"CATG00000000096_P2","Enhancer","chr10_72247500_72249483","iPSvsNSC_P0","CATG00000000096.1","LncRNA",0.138786837619685,0.0195674080671405,1.70846669793365,0.237112690184757
"CATG00000000096_P2","Enhancer","chr10_72247500_72249483","NSC_P1vsNeuron","CATG00000000096.1","LncRNA",0.0781376975990573,0.346576699571042,0.460200638355727,0.035959018314733
"CATG00000000100_P1","Enhancer","chr10_72254732_72255659","NSC_P1vsNeuron","CATG00000000100.1","LncRNA",-0.419683044881673,0.0264573620367207,1.57745345984648,-0.662030471187501
"CATG00000000100_P1","Enhancer","chr10_72254732_72255659","NSC_P0vsNeuron","CATG00000000100.1","LncRNA",-0.16806993670318,0.0660425331007597,1.18017627746581,-0.198352152252274
"CATG00000000100_P1","Enhancer","chr10_72254732_72255659","NSC_P2vsNeuron","CATG00000000100.1","LncRNA",0.845988852331224,0.00647513335926646,2.18875128259851,1.85165918560401
"CATG00000000100_P1","Enhancer","chr10_72254732_72255659","iPSvsNSC_P1","CATG00000000100.1","LncRNA",-0.201504056383943,0.0379358397634009,1.42095029777167,-0.286327248920963
"CATG00000000100_P1","Enhancer","chr10_72254732_72255659","NSC_P1vsNSC_P2","CATG00000000100.1","LncRNA",-1.15085711612838,0.00339856501291827,2.46870441781717,-2.84112604686244
"CATG00000000100_P1","Enhancer","chr10_72254732_72255659","iPSvsNSC_P0","CATG00000000100.1","LncRNA",-0.527073307432797,0.00936781385584524,2.02836174754526,-1.06909533494885
"CATG00000000100_P1","Enhancer","chr10_72254732_72255659","NSC_P0vsNSC_P1","CATG00000000100.1","LncRNA",0.215992922553593,0.142529949587911,0.846093868468765,0.182750287405244
"CATG00000000100_P1","Enhancer","chr10_72254732_72255659","iPSvsNeuron","CATG00000000100.1","LncRNA",-0.426571081290363,0.0848835913701297,1.07117625399793,-0.456932812920456
"CATG00000000100_P1","Enhancer","chr10_72254732_72255659","iPSvsNSC_P2","CATG00000000100.1","LncRNA",-1.22987571299637,0.00309650134933083,2.50912872640629,-3.08591648138861
"CATG00000000100_P1","Enhancer","chr10_72254732_72255659","NSC_P0vsNSC_P2","CATG00000000100.1","LncRNA",-0.86756790218703,0.00489392461060797,2.31034272510461,-2.00437919135207
"CATG00000000161_P1","Enhancer","chr10_73965759_73966729",NA,NA,NA,NA,NA,NA,NA
"CATG00000000211_P1","Enhancer","chr10_78039519_78040350","NSC_P1vsNeuron","CATG00000000211.1","LncRNA",0.17066067743111,0.00610263255328724,2.21448277863982,0.377925131162198
"CATG00000000211_P1","Enhancer","chr10_78039519_78040350","NSC_P0vsNeuron","CATG00000000211.1","LncRNA",0.137423584123156,0.0757684312155119,1.12051170471969,0.153984734514527
"CATG00000000211_P1","Enhancer","chr10_78039519_78040350","iPSvsNSC_P1","CATG00000000211.1","LncRNA",0.331169860787591,0.0359820587485065,1.44391399169817,0.478180795619936
"CATG00000000211_P1","Enhancer","chr10_78039519_78040350","NSC_P1vsNSC_P2","CATG00000000211.1","LncRNA",0.45217361556734,0.0422327911435525,1.37435021532655,0.621444905919957
"CATG00000000211_P1","Enhancer","chr10_78039519_78040350","iPSvsNeuron","CATG00000000211.1","LncRNA",0.651634643815413,0.00546632083605825,2.26230488174681,1.47419623581895
"CATG00000000211_P1","Enhancer","chr10_78039519_78040350","iPSvsNSC_P2","CATG00000000211.1","LncRNA",0.743702115327085,0.00414703579002058,2.38226221654305,1.77169344970686
"CATG00000000211_P1","Enhancer","chr10_78039519_78040350","NSC_P0vsNSC_P2","CATG00000000211.1","LncRNA",0.378674955329698,0.0389388747414714,1.40961660290923,0.533786504138652
"CATG00000000211_P1","Enhancer","chr10_78039519_78040350","NSC_P2vsNeuron","CATG00000000211.1","LncRNA",-0.189338871183056,0.134705025054032,0.870616202996157,-0.164841489108971
"CATG00000000211_P1","Enhancer","chr10_78039519_78040350","NSC_P0vsNSC_P1","CATG00000000211.1","LncRNA",-0.127857113186908,0.00579772561816194,2.23674234181612,-0.285983418767532
"CATG00000000211_P1","Enhancer","chr10_78039519_78040350","iPSvsNSC_P0","CATG00000000211.1","LncRNA",0.606720254276048,0.00358570157365514,2.44542585819491,1.48368939849724
"CATG00000000468_P1","Enhancer","chr10_93272722_93273639",NA,NA,NA,NA,NA,NA,NA
"CATG00000000685_P1","Enhancer","chr10_103230884_103231859",NA,NA,NA,NA,NA,NA,NA
"CATG00000001318_P1","Enhancer","chr11_1351305_1352191","iPSvsNSC_P1","CATG00000001318.1","LncRNA",-0.0829014964232017,0.00904571720644997,2.0435569935963,-0.169413932795232
"CATG00000001318_P1","Enhancer","chr11_1351305_1352191","NSC_P1vsNeuron","CATG00000001318.1","LncRNA",0.141411867758153,0.00936784344630317,2.02836037572549,0.286834229217971
"CATG00000001318_P1","Enhancer","chr11_1351305_1352191","iPSvsNeuron","CATG00000001318.1","LncRNA",0.114634085620166,0.0239580542399196,1.62054845619841,0.185770090479477
"CATG00000001318_P1","Enhancer","chr11_1351305_1352191","NSC_P0vsNSC_P1","CATG00000001318.1","LncRNA",0.113473611683186,0.0345221086076733,1.46190268547394,0.165887377650077
"CATG00000001318_P1","Enhancer","chr11_1351305_1352191","iPSvsNSC_P2","CATG00000001318.1","LncRNA",0.341439292112215,0.044218797558383,1.35439307136516,0.462443011528609
"CATG00000001318_P1","Enhancer","chr11_1351305_1352191","NSC_P0vsNSC_P2","CATG00000001318.1","LncRNA",0.551340090323272,0.00706243574496986,2.15104549042659,1.18595761498126
"CATG00000001318_P1","Enhancer","chr11_1351305_1352191","NSC_P2vsNeuron","CATG00000001318.1","LncRNA",-0.492993878553768,0.0266851182791862,1.57373086788816,-0.775839684359971
"CATG00000001318_P1","Enhancer","chr11_1351305_1352191","iPSvsNSC_P0","CATG00000001318.1","LncRNA",-0.0954702757253523,0.163894686611518,0.785435125823661,-0.0749857080267616
"CATG00000001318_P1","Enhancer","chr11_1351305_1352191","NSC_P1vsNSC_P2","CATG00000001318.1","LncRNA",0.509883837890555,0.00519435989291888,2.28446796342948,1.16481329273144
"CATG00000001318_P1","Enhancer","chr11_1351305_1352191","NSC_P0vsNeuron","CATG00000001318.1","LncRNA",0.0936861469590203,0.0343181831838512,1.46447571191056,0.137201086763968
"CATG00000001487_P1","Enhancer","chr11_7905810_7906718",NA,NA,NA,NA,NA,NA,NA
"CATG00000001642_P1","Enhancer","chr11_15843050_15844018","NSC_P0vsNSC_P1","CATG00000001642.1","LncRNA",-0.156700498498229,0.00637520704498579,2.19550570626111,-0.344036838626824
"CATG00000001642_P1","Enhancer","chr11_15843050_15844018","NSC_P1vsNSC_P2","CATG00000001642.1","LncRNA",-0.416067888175315,0.0487016067348518,1.31245671056012,-0.546071091884271
"CATG00000001642_P1","Enhancer","chr11_15843050_15844018","iPSvsNeuron","CATG00000001642.1","LncRNA",0.323970050960645,0.0853181324657349,1.06895865941931,0.346310591366897
"CATG00000001642_P1","Enhancer","chr11_15843050_15844018","iPSvsNSC_P1","CATG00000001642.1","LncRNA",-0.290566739511548,0.175825064292826,0.754919215108843,-0.219354414928793
"CATG00000001642_P1","Enhancer","chr11_15843050_15844018","iPSvsNSC_P0","CATG00000001642.1","LncRNA",-0.115087543096914,0.149175067667535,0.826303756482823,-0.0950972691853592
"CATG00000001642_P1","Enhancer","chr11_15843050_15844018","iPSvsNSC_P2","CATG00000001642.1","LncRNA",-0.545159183054348,0.0393956576073484,1.404551645715,-0.765704227735629
"CATG00000001642_P1","Enhancer","chr11_15843050_15844018","NSC_P1vsNeuron","CATG00000001642.1","LncRNA",0.357710871695373,0.0619137868857733,1.20821263205077,0.432190793804241
"CATG00000001642_P1","Enhancer","chr11_15843050_15844018","NSC_P0vsNSC_P2","CATG00000001642.1","LncRNA",-0.57943058675014,0.0107776157205065,1.96747730537896,-1.14001652947331
"CATG00000001642_P1","Enhancer","chr11_15843050_15844018","NSC_P2vsNeuron","CATG00000001642.1","LncRNA",0.717011925519534,0.00511773170338474,2.29092248570044,1.64261874268807
"CATG00000001642_P1","Enhancer","chr11_15843050_15844018","NSC_P0vsNeuron","CATG00000001642.1","LncRNA",-0.031363371092408,0.0176486294340648,1.75328901562089,-0.0549890540291606
"CATG00000002557_P1","Enhancer","chr11_63566885_63567871",NA,NA,NA,NA,NA,NA,NA
"CATG00000003410_P2","Enhancer","chr11_92228034_92229211","NSC_P2vsNeuron","CATG00000003410.1","LncRNA",-0.110802358028659,0.126757161600519,0.897027494276889,-0.0993927615824186
"CATG00000003410_P2","Enhancer","chr11_92228034_92229211","NSC_P1vsNSC_P2","CATG00000003410.1","LncRNA",0.167520070019933,0.159437100892732,0.79741061118248,0.133582281419927
"CATG00000003410_P2","Enhancer","chr11_92228034_92229211","NSC_P0vsNSC_P2","CATG00000003410.1","LncRNA",0.286409861216839,0.281018353515331,0.551265315076644,0.157887822384758
"CATG00000003410_P2","Enhancer","chr11_92228034_92229211","iPSvsNSC_P0","CATG00000003410.1","LncRNA",0.26035967256401,0.185986104861448,0.730519500983248,0.190197818077622
"CATG00000003410_P2","Enhancer","chr11_92228034_92229211","NSC_P0vsNeuron","CATG00000003410.1","LncRNA",-0.062934199264928,0.164622328868134,0.783511258755999,-0.0493096536848646
"CATG00000003410_P2","Enhancer","chr11_92228034_92229211","iPSvsNSC_P1","CATG00000003410.1","LncRNA",0.338884790657341,0.0250250681928971,1.60162473040175,0.542766261473817
"CATG00000003410_P2","Enhancer","chr11_92228034_92229211","iPSvsNSC_P2","CATG00000003410.1","LncRNA",0.453907649912539,0.0114642870764023,1.94065294733713,0.880877218621637
"CATG00000003410_P2","Enhancer","chr11_92228034_92229211","iPSvsNeuron","CATG00000003410.1","LncRNA",0.290595097964274,0.105251732623659,0.977770746202975,0.284135385779455
"CATG00000003410_P2","Enhancer","chr11_92228034_92229211","NSC_P1vsNeuron","CATG00000003410.1","LncRNA",-0.082334901838292,0.0502253132835687,1.29907734563196,-0.106959405732956
"CATG00000003410_P2","Enhancer","chr11_92228034_92229211","NSC_P0vsNSC_P1","CATG00000003410.1","LncRNA",0.0932261933384367,0.0925178567109617,1.03377443674647,0.0963748555084598
"CATG00000003973_P1","Enhancer","chr11_117906855_117907862","NSC_P1vsNSC_P2","CATG00000003973.1","LncRNA",-0.734574398647988,0.00944681339836072,2.02471466311978,-1.48730355609498
"CATG00000003973_P1","Enhancer","chr11_117906855_117907862","iPSvsNSC_P2","CATG00000003973.1","LncRNA",-1.07275777274379,0.00440575164054266,2.3559799883886,-2.52739584497268
"CATG00000003973_P1","Enhancer","chr11_117906855_117907862","NSC_P0vsNSC_P1","CATG00000003973.1","LncRNA",-0.496246390219789,0.00837157447034875,2.07719285509162,-1.03079945612955
"CATG00000003973_P1","Enhancer","chr11_117906855_117907862","NSC_P0vsNeuron","CATG00000003973.1","LncRNA",-0.593191006059177,0.00813798435159822,2.08948314957994,-1.23946261164302
"CATG00000003973_P1","Enhancer","chr11_117906855_117907862","NSC_P1vsNeuron","CATG00000003973.1","LncRNA",-0.352938802604533,0.0948660914310344,1.02288899237707,-0.361017216166921
"CATG00000003973_P1","Enhancer","chr11_117906855_117907862","NSC_P0vsNSC_P2","CATG00000003973.1","LncRNA",-0.902598646773276,0.0078077510493027,2.10747404263104,-1.90220321898858
"CATG00000003973_P1","Enhancer","chr11_117906855_117907862","NSC_P2vsNeuron","CATG00000003973.1","LncRNA",0.492508188910469,0.0706175971052024,1.15108706419724,0.566919805266053
"CATG00000003973_P1","Enhancer","chr11_117906855_117907862","iPSvsNSC_P1","CATG00000003973.1","LncRNA",-0.554307553580522,0.0118427394271411,1.92654782628883,-1.06790001244604
"CATG00000003973_P1","Enhancer","chr11_117906855_117907862","iPSvsNSC_P0","CATG00000003973.1","LncRNA",0.0972972203637037,0.103206691612065,0.986292143445431,0.0959634840237998
"CATG00000003973_P1","Enhancer","chr11_117906855_117907862","iPSvsNeuron","CATG00000003973.1","LncRNA",-0.914865638384541,0.0125881863642135,1.90003683611547,-1.73827841302692
"CATG00000003991_P1","Enhancer","chr1_68975335_68976227","NSC_P1vsNSC_P2","CATG00000003991.1","LncRNA",0.197075268970673,0.471346214272199,0.326659976706662,0.0643766027714191
"CATG00000003991_P1","Enhancer","chr1_68975335_68976227","iPSvsNSC_P1","CATG00000003991.1","LncRNA",0.0316892826088853,0.0505072499235442,1.29664627780609,0.0410897903411565
"CATG00000003991_P1","Enhancer","chr1_68975335_68976227","NSC_P0vsNSC_P1","CATG00000003991.1","LncRNA",0.244632360325401,0.0615790977923281,1.21056667832148,0.296143783849065
"CATG00000003991_P1","Enhancer","chr1_68975335_68976227","NSC_P1vsNeuron","CATG00000003991.1","LncRNA",0.144804265094553,0.935970029107889,0.0287380576737072,0.00416139332168607
"CATG00000003991_P1","Enhancer","chr1_68975335_68976227","NSC_P2vsNeuron","CATG00000003991.1","LncRNA",-0.250162866415119,0.475791664397125,0.322583170827636,-0.0806983306715196
"CATG00000003991_P1","Enhancer","chr1_68975335_68976227","NSC_P0vsNSC_P2","CATG00000003991.1","LncRNA",0.386610284744117,0.0186252192592143,1.72989860596188,0.668796592629373
"CATG00000003991_P1","Enhancer","chr1_68975335_68976227","iPSvsNeuron","CATG00000003991.1","LncRNA",0.04629485293703,0.0269502566440501,1.56943709472347,0.0726568594941428
"CATG00000003991_P1","Enhancer","chr1_68975335_68976227","NSC_P0vsNeuron","CATG00000003991.1","LncRNA",0.0964220521626923,0.0345225227000165,1.46189747614727,0.14095915470158
"CATG00000003991_P1","Enhancer","chr1_68975335_68976227","iPSvsNSC_P0","CATG00000003991.1","LncRNA",0.0696044155000253,0.194092916272174,0.711990314586109,0.0495576696884453
"CATG00000003991_P1","Enhancer","chr1_68975335_68976227","iPSvsNSC_P2","CATG00000003991.1","LncRNA",0.409078204040773,0.0140418969761036,1.85257421766182,0.757847733813338
"CATG00000004080_P1","Enhancer","chr11_121236262_121237184",NA,NA,NA,NA,NA,NA,NA
"CATG00000004087_P1","Enhancer","chr1_69692265_69693194","NSC_P0vsNSC_P2","CATG00000004087.1","LncRNA",0.446232858021098,0.0117817349752791,1.9287907507452,0.860689809229688
"CATG00000004087_P1","Enhancer","chr1_69692265_69693194","iPSvsNeuron","CATG00000004087.1","LncRNA",0.563871449552548,0.00873357364012438,2.05880801349791,1.16090305892147
"CATG00000004087_P1","Enhancer","chr1_69692265_69693194","NSC_P1vsNSC_P2","CATG00000004087.1","LncRNA",0.369918252683421,0.0476138639033156,1.32226657374922,0.489130540543004
"CATG00000004087_P1","Enhancer","chr1_69692265_69693194","iPSvsNSC_P1","CATG00000004087.1","LncRNA",0.203808243547948,0.00579779876673441,2.23673686245696,0.4558654112163
"CATG00000004087_P1","Enhancer","chr1_69692265_69693194","NSC_P2vsNeuron","CATG00000004087.1","LncRNA",-0.205637901554255,0.074436823159772,1.12821217011437,-0.232003183170292
"CATG00000004087_P1","Enhancer","chr1_69692265_69693194","NSC_P0vsNeuron","CATG00000004087.1","LncRNA",0.0777690068842303,0.210205244737068,0.677356452285171,0.0526773386008432
"CATG00000004087_P1","Enhancer","chr1_69692265_69693194","iPSvsNSC_P2","CATG00000004087.1","LncRNA",0.604044234386687,0.0099881816074124,2.00051356980687,1.20839868765417
"CATG00000004087_P1","Enhancer","chr1_69692265_69693194","NSC_P1vsNeuron","CATG00000004087.1","LncRNA",0.0460148503466467,0.0418731236850663,1.37806464005011,0.0634114381799115
"CATG00000004087_P1","Enhancer","chr1_69692265_69693194","iPSvsNSC_P0","CATG00000004087.1","LncRNA",0.184052886919094,0.0258122353672917,1.58817438345915,0.292308080206609
"CATG00000004087_P1","Enhancer","chr1_69692265_69693194","NSC_P0vsNSC_P1","CATG00000004087.1","LncRNA",0.284749666614659,0.128111675137977,0.892411290107378,0.254113817341234
"CATG00000005113_P1","Enhancer","chr11_27635455_27636384",NA,NA,NA,NA,NA,NA,NA
"CATG00000005770_P1","Enhancer","chr1_81245027_81245906",NA,NA,NA,NA,NA,NA,NA
"CATG00000006613_P1","Enhancer","chr11_93116456_93117300","NSC_P0vsNSC_P1","CATG00000006613.1","LncRNA",-0.0367751087101983,0.0741995347508347,1.12959881784467,-0.0415411193251494
"CATG00000006613_P1","Enhancer","chr11_93116456_93117300","NSC_P0vsNeuron","CATG00000006613.1","LncRNA",-0.134291153029913,0.249205395972936,0.603442558257252,-0.081036996935687
"CATG00000006613_P1","Enhancer","chr11_93116456_93117300","iPSvsNSC_P0","CATG00000006613.1","LncRNA",0.090518246989671,0.0409167989146376,1.38809835023086,0.125648229312152
"CATG00000006613_P1","Enhancer","chr11_93116456_93117300","NSC_P0vsNSC_P2","CATG00000006613.1","LncRNA",0.559036883058348,0.0172301228987315,1.76371162481253,0.985979849348973
"CATG00000006613_P1","Enhancer","chr11_93116456_93117300","NSC_P2vsNeuron","CATG00000006613.1","LncRNA",-0.382798884814368,0.00791979026211824,2.10128631957349,-0.80437005980842
"CATG00000006613_P1","Enhancer","chr11_93116456_93117300","NSC_P1vsNeuron","CATG00000006613.1","LncRNA",0.0565135983896343,0.216378611555167,0.664785670287478,0.0375694303858104
"CATG00000006613_P1","Enhancer","chr11_93116456_93117300","iPSvsNSC_P1","CATG00000006613.1","LncRNA",0.019021601697211,0.0309992464711498,1.50864886285602,0.0286969177701975
"CATG00000006613_P1","Enhancer","chr11_93116456_93117300","NSC_P1vsNSC_P2","CATG00000006613.1","LncRNA",0.692683167550919,0.00527202825431513,2.27802227089882,1.57794768235773
"CATG00000006613_P1","Enhancer","chr11_93116456_93117300","iPSvsNeuron","CATG00000006613.1","LncRNA",-0.078164418398741,0.0925184800777907,1.0337715105669,-0.0808041488806498
"CATG00000006613_P1","Enhancer","chr11_93116456_93117300","iPSvsNSC_P2","CATG00000006613.1","LncRNA",0.51184747047479,0.0124401268206713,1.90517519221457,0.975159102946351
"CATG00000006660_P2","Enhancer","chr11_95153050_95153883","iPSvsNSC_P1","CATG00000006660.1","LncRNA",0.504780137310808,0.00515200918074286,2.28802337174638,1.15494875176047
"CATG00000006660_P2","Enhancer","chr11_95153050_95153883","NSC_P1vsNeuron","CATG00000006660.1","LncRNA",-0.334856148100513,0.0592818351016993,1.22707836099691,-0.410894733380916
"CATG00000006660_P2","Enhancer","chr11_95153050_95153883","NSC_P0vsNSC_P1","CATG00000006660.1","LncRNA",-0.00941445260593566,0.0291784951693636,1.53493710985497,-0.0144505926738215
"CATG00000006660_P2","Enhancer","chr11_95153050_95153883","NSC_P1vsNSC_P2","CATG00000006660.1","LncRNA",-0.532526373266678,0.0117817258238626,1.92879108808186,-1.02713212292532
"CATG00000006660_P2","Enhancer","chr11_95153050_95153883","iPSvsNSC_P0","CATG00000006660.1","LncRNA",0.376165313082715,0.0137381561943995,1.86207155026995,0.700446727689712
"CATG00000006660_P2","Enhancer","chr11_95153050_95153883","iPSvsNeuron","CATG00000006660.1","LncRNA",0.581365612999227,0.00661085921941388,2.17974209119522,1.26722709702792
"CATG00000006660_P2","Enhancer","chr11_95153050_95153883","NSC_P2vsNeuron","CATG00000006660.1","LncRNA",0.63571615509402,0.00584573918315919,2.23316056527718,1.4196562482656
"CATG00000006660_P2","Enhancer","chr11_95153050_95153883","iPSvsNSC_P2","CATG00000006660.1","LncRNA",-0.433683317575567,0.115248431829647,0.938364975286379,-0.406953235578911
"CATG00000006660_P2","Enhancer","chr11_95153050_95153883","NSC_P0vsNSC_P2","CATG00000006660.1","LncRNA",-0.56655075015261,0.00576047592914816,2.23954163378788,-1.26881399262053
"CATG00000006660_P2","Enhancer","chr11_95153050_95153883","NSC_P0vsNeuron","CATG00000006660.1","LncRNA",-0.201179478160363,0.00503845955964614,2.29770222288077,-0.462250534167058
"CATG00000006709_P1","Enhancer","chr11_98494879_98495541",NA,NA,NA,NA,NA,NA,NA
"CATG00000006713_P1","Enhancer","chr11_99422650_99423912",NA,NA,NA,NA,NA,NA,NA
"CATG00000007708_P1","Enhancer","chr12_4027212_4028140","NSC_P2vsNeuron","CATG00000007708.1","LncRNA",-0.484649988107922,0.131603740592171,0.880731766531701,-0.426846640175858
"CATG00000007708_P1","Enhancer","chr12_4027212_4028140","NSC_P1vsNSC_P2","CATG00000007708.1","LncRNA",0.303054793584396,0.115803580974497,0.936278010786319,0.283743539296457
"CATG00000007708_P1","Enhancer","chr12_4027212_4028140","NSC_P0vsNSC_P2","CATG00000007708.1","LncRNA",0.180150421536388,0.229951473565018,0.638363803054042,0.115001508213758
"CATG00000007708_P1","Enhancer","chr12_4027212_4028140","NSC_P0vsNSC_P1","CATG00000007708.1","LncRNA",0.127713823220578,0.0539960111269285,1.26763832183536,0.161894936542511
"CATG00000007708_P1","Enhancer","chr12_4027212_4028140","iPSvsNSC_P0","CATG00000007708.1","LncRNA",0.0532594308181233,0.141229331365313,0.85007509700085,0.0452745158189263
"CATG00000007708_P1","Enhancer","chr12_4027212_4028140","NSC_P1vsNeuron","CATG00000007708.1","LncRNA",-0.211072949617554,0.276801069195716,0.557832236668666,-0.117743295585413
"CATG00000007708_P1","Enhancer","chr12_4027212_4028140","iPSvsNeuron","CATG00000007708.1","LncRNA",-0.133247516993413,0.130535030288501,0.884272925724351,-0.11782717169727
"CATG00000007708_P1","Enhancer","chr12_4027212_4028140","iPSvsNSC_P1","CATG00000007708.1","LncRNA",-0.0300878414273343,0.472616657243628,0.325490975844769,-0.00979332086724571
"CATG00000007708_P1","Enhancer","chr12_4027212_4028140","iPSvsNSC_P2","CATG00000007708.1","LncRNA",0.123605481395129,0.408842191395191,0.388444292558726,0.0480138437769115
"CATG00000007708_P1","Enhancer","chr12_4027212_4028140","NSC_P0vsNeuron","CATG00000007708.1","LncRNA",-0.36083744584711,0.0967784710383853,1.01422124340571,-0.365969002994397
"CATG00000007806_P1","Enhancer","chr1_91135566_91136470",NA,NA,NA,NA,NA,NA,NA
"CATG00000007831_P1","Enhancer","chr12_6716161_6717086","NSC_P2vsNeuron","CATG00000007831.1","LncRNA",-0.518768832903341,0.0581767716061019,1.23525038265165,-0.6408093993516
"CATG00000007831_P1","Enhancer","chr12_6716161_6717086","iPSvsNSC_P0","CATG00000007831.1","LncRNA",0.319479703810829,0.0707683339903947,1.15016102832148,0.367453104662904
"CATG00000007831_P1","Enhancer","chr12_6716161_6717086","NSC_P1vsNSC_P2","CATG00000007831.1","LncRNA",0.279364348665654,0.534040037032097,0.27242618265251,0.0761061630761889
"CATG00000007831_P1","Enhancer","chr12_6716161_6717086","NSC_P0vsNeuron","CATG00000007831.1","LncRNA",-0.235478507363032,0.0168623584892323,1.77308168195182,-0.417522627898749
"CATG00000007831_P1","Enhancer","chr12_6716161_6717086","iPSvsNeuron","CATG00000007831.1","LncRNA",0.0205999468366063,0.0222204485719919,1.65324717805157,0.0340568039756317
"CATG00000007831_P1","Enhancer","chr12_6716161_6717086","NSC_P1vsNeuron","CATG00000007831.1","LncRNA",-0.213433920775576,0.0586385561954148,1.23181673147886,-0.262911474676488
"CATG00000007831_P1","Enhancer","chr12_6716161_6717086","NSC_P0vsNSC_P1","CATG00000007831.1","LncRNA",0.0242938253911072,0.426632012870952,0.369946559829918,0.00898741712854884
"CATG00000007831_P1","Enhancer","chr12_6716161_6717086","iPSvsNSC_P1","CATG00000007831.1","LncRNA",0.346458433316283,0.0194423476659998,1.71125129512839,0.592877442720643
"CATG00000007831_P1","Enhancer","chr12_6716161_6717086","iPSvsNSC_P2","CATG00000007831.1","LncRNA",0.448918530536734,0.0333987145211602,1.47627024837138,0.662725070573978
"CATG00000007831_P1","Enhancer","chr12_6716161_6717086","NSC_P0vsNSC_P2","CATG00000007831.1","LncRNA",0.26777058180399,0.37823384507034,0.422239612271429,0.113063346638612
"CATG00000007858_P1","Enhancer","chr12_7862320_7863268",NA,NA,NA,NA,NA,NA,NA
"CATG00000007860_P1","Enhancer","chr12_7881385_7882200",NA,NA,NA,NA,NA,NA,NA
"CATG00000008097_P1","Enhancer","chr12_14259975_14261064",NA,NA,NA,NA,NA,NA,NA
"CATG00000008177_P1","Enhancer","chr12_16796016_16796917","NSC_P0vsNeuron","CATG00000008177.1","LncRNA",-0.252556671783343,0.028476847933509,1.54550808388501,-0.390328377880249
"CATG00000008177_P1","Enhancer","chr12_16796016_16796917","NSC_P1vsNeuron","CATG00000008177.1","LncRNA",-0.177105714012486,0.0204627231621791,1.68903657122939,-0.299138027940782
"CATG00000008177_P1","Enhancer","chr12_16796016_16796917","NSC_P0vsNSC_P2","CATG00000008177.1","LncRNA",-0.549360688673628,0.00656985881358129,2.18244396333845,-1.19894891869121
"CATG00000008177_P1","Enhancer","chr12_16796016_16796917","NSC_P2vsNeuron","CATG00000008177.1","LncRNA",0.532499143044154,0.00814819789263657,2.08893843197472,1.11235792489854
"CATG00000008177_P1","Enhancer","chr12_16796016_16796917","NSC_P0vsNSC_P1","CATG00000008177.1","LncRNA",-0.0659430106549157,0.379454701362839,0.420840061988187,-0.0277514606917024
"CATG00000008177_P1","Enhancer","chr12_16796016_16796917","iPSvsNSC_P1","CATG00000008177.1","LncRNA",0.284372827719147,0.0619136780491807,1.20821339548611,0.343583059762537
"CATG00000008177_P1","Enhancer","chr12_16796016_16796917","NSC_P1vsNSC_P2","CATG00000008177.1","LncRNA",-0.521443597237181,0.00971412976119206,2.0125960995254,-1.04945534992204
"CATG00000008177_P1","Enhancer","chr12_16796016_16796917","iPSvsNeuron","CATG00000008177.1","LncRNA",0.214716078178061,0.0329164760583163,1.48258666526859,0.318335194325561
"CATG00000008177_P1","Enhancer","chr12_16796016_16796917","iPSvsNSC_P0","CATG00000008177.1","LncRNA",0.289076855732923,0.0789857965864968,1.10245099755373,0.318693067972456
"CATG00000008177_P1","Enhancer","chr12_16796016_16796917","iPSvsNSC_P2","CATG00000008177.1","LncRNA",-0.362318348971761,0.187459736239764,0.727091998371823,-0.263438772400657
"CATG00000008210_P1","Enhancer","chr12_18753508_18754386","NSC_P1vsNeuron","CATG00000008210.1","LncRNA",-0.350195718341644,0.067109303709314,1.17321726717047,-0.410855663647583
"CATG00000008210_P1","Enhancer","chr12_18753508_18754386","NSC_P1vsNSC_P2","CATG00000008210.1","LncRNA",-0.554328218095513,0.0120249082914116,1.91991822711095,-1.06426484972351
"CATG00000008210_P1","Enhancer","chr12_18753508_18754386","iPSvsNSC_P1","CATG00000008210.1","LncRNA",0.063028559856642,0.00534646824496384,2.27193300829951,0.143196665603886
"CATG00000008210_P1","Enhancer","chr12_18753508_18754386","NSC_P2vsNeuron","CATG00000008210.1","LncRNA",0.439858066880284,0.0855974571995815,1.067539136498,0.469565700899057
"CATG00000008210_P1","Enhancer","chr12_18753508_18754386","NSC_P0vsNeuron","CATG00000008210.1","LncRNA",-0.158702039430947,0.172029554907462,0.76439693431001,-0.121311352409762
"CATG00000008210_P1","Enhancer","chr12_18753508_18754386","NSC_P0vsNSC_P2","CATG00000008210.1","LncRNA",-0.55220847651073,0.02037688796026,1.69086214245362,-0.933708407673984
"CATG00000008210_P1","Enhancer","chr12_18753508_18754386","NSC_P0vsNSC_P1","CATG00000008210.1","LncRNA",0.0676932030177657,0.0528112710744415,1.27727337968112,0.0864627261999414
"CATG00000008210_P1","Enhancer","chr12_18753508_18754386","iPSvsNSC_P0","CATG00000008210.1","LncRNA",-0.104445080756145,0.207598470157114,0.682775851231921,-0.0713125789202636
"CATG00000008210_P1","Enhancer","chr12_18753508_18754386","iPSvsNeuron","CATG00000008210.1","LncRNA",-0.392681656430089,0.0866325556898505,1.06231887357713,-0.417153134933212
"CATG00000008210_P1","Enhancer","chr12_18753508_18754386","iPSvsNSC_P2","CATG00000008210.1","LncRNA",-0.739087438377634,0.0128679761981135,1.89048975108352,-1.39723722740749
"CATG00000008210_P2","Enhancer","chr12_18800158_18801047","iPSvsNeuron","CATG00000008210.1","LncRNA",0.272964438343245,0.00910936301098372,2.04051199080822,0.556987209503623
"CATG00000008210_P2","Enhancer","chr12_18800158_18801047","NSC_P2vsNeuron","CATG00000008210.1","LncRNA",0.601593087643367,0.0080905498912676,2.09202195964518,1.25854595012067
"CATG00000008210_P2","Enhancer","chr12_18800158_18801047","iPSvsNSC_P2","CATG00000008210.1","LncRNA",-0.603373477557757,0.00726858285775442,2.13855025448494,-1.2903445039806
"CATG00000008210_P2","Enhancer","chr12_18800158_18801047","NSC_P0vsNeuron","CATG00000008210.1","LncRNA",-0.187088489298434,0.00808046989549553,2.09256338339781,-0.391494522161115
"CATG00000008210_P2","Enhancer","chr12_18800158_18801047","iPSvsNSC_P0","CATG00000008210.1","LncRNA",0.638588250181994,0.00402100068806936,2.39566585258107,1.5298440648205
"CATG00000008210_P2","Enhancer","chr12_18800158_18801047","iPSvsNSC_P1","CATG00000008210.1","LncRNA",0.531354789572499,0.00474651661481788,2.32362499457331,1.2346692700369
"CATG00000008210_P2","Enhancer","chr12_18800158_18801047","NSC_P1vsNeuron","CATG00000008210.1","LncRNA",-0.340768374032556,0.0404457437002708,1.39312717453984,-0.47473368208851
"CATG00000008210_P2","Enhancer","chr12_18800158_18801047","NSC_P1vsNSC_P2","CATG00000008210.1","LncRNA",-0.639647394237502,0.00576047063992093,2.23954203255411,-1.43251722540859
"CATG00000008210_P2","Enhancer","chr12_18800158_18801047","NSC_P0vsNSC_P2","CATG00000008210.1","LncRNA",-0.832655722601852,0.0031943546823459,2.49561686401667,-2.07798966324517
"CATG00000008210_P2","Enhancer","chr12_18800158_18801047","NSC_P0vsNSC_P1","CATG00000008210.1","LncRNA",-0.173987304721791,0.00554746077975645,2.25590575952328,-0.39249896280582
"CATG00000009771_P1","Enhancer","chr12_84986331_84987238","NSC_P0vsNSC_P1","CATG00000009771.1","LncRNA",0.373103101591733,0.00943334115307783,2.0253344591879,0.755658568483621
"CATG00000009771_P1","Enhancer","chr12_84986331_84987238","NSC_P2vsNeuron","CATG00000009771.1","LncRNA",0.634876400696846,0.0040845457487729,2.38885623528109,1.51662844843748
"CATG00000009771_P1","Enhancer","chr12_84986331_84987238","iPSvsNSC_P2","CATG00000009771.1","LncRNA",-0.452839602459227,0.115248431829647,0.938364975286379,-0.424928822370346
"CATG00000009771_P1","Enhancer","chr12_84986331_84987238","iPSvsNSC_P1","CATG00000009771.1","LncRNA",0.15816372276104,0.0179952306042806,1.74484258360263,0.275970798654583
"CATG00000009771_P1","Enhancer","chr12_84986331_84987238","NSC_P0vsNSC_P2","CATG00000009771.1","LncRNA",-0.484274486801743,0.0136709982577384,1.86419977204531,-0.902784387903171
"CATG00000009771_P1","Enhancer","chr12_84986331_84987238","NSC_P0vsNeuron","CATG00000009771.1","LncRNA",0.225194089206408,0.00720843862021246,2.1421587952057,0.482401498821843
"CATG00000009771_P1","Enhancer","chr12_84986331_84987238","NSC_P1vsNSC_P2","CATG00000009771.1","LncRNA",-0.465664886267508,0.028028608970486,1.55239845526978,-0.722897450115057
"CATG00000009771_P1","Enhancer","chr12_84986331_84987238","iPSvsNeuron","CATG00000009771.1","LncRNA",0.189012474355753,0.0281312687291179,1.55081068057459,0.293122563992733
"CATG00000009771_P1","Enhancer","chr12_84986331_84987238","iPSvsNSC_P0","CATG00000009771.1","LncRNA",0.0848183480252443,0.380757153464345,0.419351928619871,0.0355687378267376
"CATG00000009771_P1","Enhancer","chr12_84986331_84987238","NSC_P1vsNeuron","CATG00000009771.1","LncRNA",0.16323009702501,0.00619233432461287,2.20814560409924,0.360435821202469
"CATG00000009773_P1","Enhancer","chr12_85003879_85005723",NA,NA,NA,NA,NA,NA,NA
"CATG00000010181_P1","Enhancer","chr1_100325189_100326103",NA,NA,NA,NA,NA,NA,NA
"CATG00000011251_P1","Enhancer","chr12_11604377_11605275",NA,NA,NA,NA,NA,NA,NA
"CATG00000011917_P1","Enhancer","chr12_50169937_50170924","iPSvsNeuron","CATG00000011917.1","LncRNA",0.462293869694907,0.0149800186879408,1.82448764484319,0.843449453545106
"CATG00000011917_P1","Enhancer","chr12_50169937_50170924","iPSvsNSC_P0","CATG00000011917.1","LncRNA",0.33632837917211,0.0374940392095442,1.42603777078349,0.479616972085819
"CATG00000011917_P1","Enhancer","chr12_50169937_50170924","NSC_P0vsNeuron","CATG00000011917.1","LncRNA",0.057329595015125,0.0866326758024272,1.0623182714456,0.0609022762791437
"CATG00000011917_P1","Enhancer","chr12_50169937_50170924","NSC_P1vsNeuron","CATG00000011917.1","LncRNA",0.080313879466332,0.0440940024678661,1.35562047792999,0.10887513966656
"CATG00000011917_P1","Enhancer","chr12_50169937_50170924","NSC_P2vsNeuron","CATG00000011917.1","LncRNA",0.621773735756959,0.00500469704502008,2.30062220702747,1.43046646422889
"CATG00000011917_P1","Enhancer","chr12_50169937_50170924","iPSvsNSC_P2","CATG00000011917.1","LncRNA",-0.227827897622711,0.033799521183724,1.47108945205191,-0.335155217075934
"CATG00000011917_P1","Enhancer","chr12_50169937_50170924","iPSvsNSC_P1","CATG00000011917.1","LncRNA",0.377096492388601,0.0157924094794149,1.80155160376101,0.679358790635337
"CATG00000011917_P1","Enhancer","chr12_50169937_50170924","NSC_P0vsNSC_P2","CATG00000011917.1","LncRNA",-0.562460648638329,0.0211705484838799,1.67426789018858,-0.941709803509796
"CATG00000011917_P1","Enhancer","chr12_50169937_50170924","NSC_P0vsNSC_P1","CATG00000011917.1","LncRNA",0.0551941497277205,0.774439873072952,0.111012294891597,0.00612722922586465
"CATG00000011917_P1","Enhancer","chr12_50169937_50170924","NSC_P1vsNSC_P2","CATG00000011917.1","LncRNA",-0.561882866468971,0.0305202524371844,1.51541187859321,-0.851483970225082
"CATG00000012267_P1","Enhancer","chr12_64992419_64993321",NA,NA,NA,NA,NA,NA,NA
"CATG00000012315_P1","Enhancer","chr12_66497321_66498116",NA,NA,NA,NA,NA,NA,NA
"CATG00000012356_P1","Enhancer","chr12_68506343_68507161",NA,NA,NA,NA,NA,NA,NA
"CATG00000012418_P1","Enhancer","chr12_70983440_70984354","NSC_P0vsNeuron","CATG00000012418.1","LncRNA",-0.115696451859876,0.103715206208556,0.984157564842183,-0.113863538323296
"CATG00000012418_P1","Enhancer","chr12_70983440_70984354","NSC_P2vsNeuron","CATG00000012418.1","LncRNA",0.478026272441403,0.0181495825231049,1.74113336015939,0.832307489980367
"CATG00000012418_P1","Enhancer","chr12_70983440_70984354","NSC_P1vsNeuron","CATG00000012418.1","LncRNA",-0.444324391600746,0.0185863650217177,1.73080553789728,-0.769039117605411
"CATG00000012418_P1","Enhancer","chr12_70983440_70984354","iPSvsNeuron","CATG00000012418.1","LncRNA",0.149963664303725,0.00891970087405203,2.04964970962913,0.307372980995049
"CATG00000012418_P1","Enhancer","chr12_70983440_70984354","iPSvsNSC_P0","CATG00000012418.1","LncRNA",0.290132792803727,0.00584048586522737,2.23355102278313,0.648026396109688
"CATG00000012418_P1","Enhancer","chr12_70983440_70984354","NSC_P0vsNSC_P1","CATG00000012418.1","LncRNA",0.17626405269022,0.00949938425194763,2.02230454467411,0.356459594818108
"CATG00000012418_P1","Enhancer","chr12_70983440_70984354","NSC_P0vsNSC_P2","CATG00000012418.1","LncRNA",-0.513583418089209,0.0148104061227802,1.82943303233199,-0.939566469910369
"CATG00000012418_P1","Enhancer","chr12_70983440_70984354","iPSvsNSC_P1","CATG00000012418.1","LncRNA",0.488757763472631,0.00891967236751017,2.04965109759648,1.00178288636048
"CATG00000012418_P1","Enhancer","chr12_70983440_70984354","NSC_P1vsNSC_P2","CATG00000012418.1","LncRNA",-0.626739495709352,0.00706242954598901,2.1510458716243,-1.3481454048295
"CATG00000012418_P1","Enhancer","chr12_70983440_70984354","iPSvsNSC_P2","CATG00000012418.1","LncRNA",-0.272828091119729,0.0162448074915047,1.78928543087933,-0.488167328575151
"CATG00000012857_P2","Enhancer","chr12_92600017_92601003","NSC_P1vsNeuron","CATG00000012857.1","LncRNA",0.12264795929193,0.0347278315837254,1.45932233332105,0.178982906130965
"CATG00000012857_P2","Enhancer","chr12_92600017_92601003","NSC_P0vsNSC_P1","CATG00000012857.1","LncRNA",-0.333404317018083,0.0122517452201816,1.91180204309463,-0.637403054451741
"CATG00000012857_P2","Enhancer","chr12_92600017_92601003","iPSvsNSC_P0","CATG00000012857.1","LncRNA",0.327165262954466,0.032916403036352,1.48258762870925,0.485051171399699
"CATG00000012857_P2","Enhancer","chr12_92600017_92601003","iPSvsNSC_P2","CATG00000012857.1","LncRNA",-0.564784616142418,0.0175700274745181,1.75522755939131,-0.991325523373417
"CATG00000012857_P2","Enhancer","chr12_92600017_92601003","NSC_P0vsNeuron","CATG00000012857.1","LncRNA",-0.103632529674042,0.0308130447532186,1.51126538528618,-0.156616254886023
"CATG00000012857_P2","Enhancer","chr12_92600017_92601003","NSC_P2vsNeuron","CATG00000012857.1","LncRNA",0.588575072221933,0.0210364304612763,1.67702795094832,0.987056847347607
"CATG00000012857_P2","Enhancer","chr12_92600017_92601003","NSC_P1vsNSC_P2","CATG00000012857.1","LncRNA",-0.477420284507497,0.0211705344621026,1.67426817783264,-0.79932958980271
"CATG00000012857_P2","Enhancer","chr12_92600017_92601003","NSC_P0vsNSC_P2","CATG00000012857.1","LncRNA",-0.599933507251633,0.00998817583397901,2.00051382084065,-1.20017527284229
"CATG00000012857_P2","Enhancer","chr12_92600017_92601003","iPSvsNeuron","CATG00000012857.1","LncRNA",-0.0846062686095897,0.014782754691057,1.83024462983484,-0.154850168773066
"CATG00000012857_P2","Enhancer","chr12_92600017_92601003","iPSvsNSC_P1","CATG00000012857.1","LncRNA",0.118553982223554,0.0149799766781585,1.82448886277507,0.216300420204508
"CATG00000013220_P1","Enhancer","chr1_112819878_112820729",NA,NA,NA,NA,NA,NA,NA
"CATG00000013220_P2","Enhancer","chr1_112818933_112819823",NA,NA,NA,NA,NA,NA,NA
"CATG00000013519_P1","Enhancer","chr1_114031808_114032585",NA,NA,NA,NA,NA,NA,NA
"CATG00000013575_P1","Enhancer","chr12_120413738_120414677","iPSvsNeuron","CATG00000013575.1","LncRNA",-0.913451625424076,0.0093026171827464,2.0313948505728,-1.85558092813382
"CATG00000013575_P1","Enhancer","chr12_120413738_120414677","NSC_P1vsNeuron","CATG00000013575.1","LncRNA",0.28520330773805,0.00597027331844389,2.22400578646278,0.634293806727747
"CATG00000013575_P1","Enhancer","chr12_120413738_120414677","NSC_P1vsNSC_P2","CATG00000013575.1","LncRNA",0.517975225331196,0.0261958222834642,1.58176796455461,0.819316617861839
"CATG00000013575_P1","Enhancer","chr12_120413738_120414677","NSC_P0vsNSC_P1","CATG00000013575.1","LncRNA",-0.214608485058211,0.00997334605550976,2.00115911153317,-0.429465725286569
"CATG00000013575_P1","Enhancer","chr12_120413738_120414677","NSC_P0vsNeuron","CATG00000013575.1","LncRNA",0.0196050833313507,0.00414494496668306,2.38248123129574,0.046708743074932
"CATG00000013575_P1","Enhancer","chr12_120413738_120414677","NSC_P2vsNeuron","CATG00000013575.1","LncRNA",-0.303651914621537,0.0348195582947683,1.45817674244791,-0.442778159700904
"CATG00000013575_P1","Enhancer","chr12_120413738_120414677","iPSvsNSC_P1","CATG00000013575.1","LncRNA",-0.941328541683284,0.00297765776872575,2.52612521850285,-2.37791376804266
"CATG00000013575_P1","Enhancer","chr12_120413738_120414677","iPSvsNSC_P2","CATG00000013575.1","LncRNA",-0.267166638812234,0.0709921606150221,1.14878960606415,-0.306918257754589
"CATG00000013575_P1","Enhancer","chr12_120413738_120414677","NSC_P0vsNSC_P2","CATG00000013575.1","LncRNA",0.447909094299304,0.0335985928956519,1.47367891042117,0.660074186054731
"CATG00000013575_P1","Enhancer","chr12_120413738_120414677","iPSvsNSC_P0","CATG00000013575.1","LncRNA",-0.636059281719809,0.00910933404370837,2.04051337184308,-1.29788746963417
"CATG00000014422_P2","Enhancer","chr13_37934085_37935156",NA,NA,NA,NA,NA,NA,NA
"CATG00000014624_P1","Enhancer","chr13_44691999_44693107","NSC_P0vsNSC_P2","CATG00000014624.1","LncRNA",0.412668459509224,0.0373754535671467,1.42741352828588,0.589048541800359
"CATG00000014624_P1","Enhancer","chr13_44691999_44693107","NSC_P0vsNSC_P1","CATG00000014624.1","LncRNA",0.0903768199510587,0.0426022614686241,1.37056734650112,0.123867518305532
"CATG00000014624_P1","Enhancer","chr13_44691999_44693107","NSC_P1vsNSC_P2","CATG00000014624.1","LncRNA",0.123730360365508,0.0764087703535185,1.11685678936238,0.138189093024472
"CATG00000014624_P1","Enhancer","chr13_44691999_44693107","NSC_P1vsNeuron","CATG00000014624.1","LncRNA",0.010674739440668,0.181243894587059,0.741736614229022,0.00791784509049808
"CATG00000014624_P1","Enhancer","chr13_44691999_44693107","iPSvsNeuron","CATG00000014624.1","LncRNA",0.370485605479899,0.0934518649248164,1.02941202742078,0.381382338267277
"CATG00000014624_P1","Enhancer","chr13_44691999_44693107","iPSvsNSC_P1","CATG00000014624.1","LncRNA",0.123931275390452,0.0261330468865272,1.58280995235215,0.196159656095702
"CATG00000014624_P1","Enhancer","chr13_44691999_44693107","NSC_P0vsNeuron","CATG00000014624.1","LncRNA",0.136969631681967,0.0308130447532186,1.51126538528618,0.206997463196354
"CATG00000014624_P1","Enhancer","chr13_44691999_44693107","NSC_P2vsNeuron","CATG00000014624.1","LncRNA",-0.150812419356907,0.549946052572983,0.259679910903894,-0.0391629556218025
"CATG00000014624_P1","Enhancer","chr13_44691999_44693107","iPSvsNSC_P2","CATG00000014624.1","LncRNA",0.409284326651895,0.0538579939183701,1.26874982705536,0.519279418656061
"CATG00000014624_P1","Enhancer","chr13_44691999_44693107","iPSvsNSC_P0","CATG00000014624.1","LncRNA",0.10288513713932,0.0453701411529267,1.34322986958032,0.138198389341402
"CATG00000015003_P1","Enhancer","chr1_119293570_119295532",NA,NA,NA,NA,NA,NA,NA
"CATG00000015582_P1","Enhancer","chr13_85666042_85667011",NA,NA,NA,NA,NA,NA,NA
"CATG00000015744_P1","Enhancer","chr13_93215890_93216852",NA,NA,NA,NA,NA,NA,NA
"CATG00000016118_P1","Enhancer","chr13_106858643_106860197",NA,NA,NA,NA,NA,NA,NA
"CATG00000016486_P1","Enhancer","chr13_21476709_21477631","NSC_P0vsNSC_P2","CATG00000016486.1","LncRNA",-0.474122237823713,0.0136709982577384,1.86419977204531,-0.883858567672579
"CATG00000016486_P1","Enhancer","chr13_21476709_21477631","iPSvsNeuron","CATG00000016486.1","LncRNA",-0.136425745674053,0.251180894224245,0.600013397771409,-0.0818572752053865
"CATG00000016486_P1","Enhancer","chr13_21476709_21477631","iPSvsNSC_P2","CATG00000016486.1","LncRNA",-0.49490038620683,0.0437150584738368,1.35936893635719,-0.672752211600743
"CATG00000016486_P1","Enhancer","chr13_21476709_21477631","iPSvsNSC_P0","CATG00000016486.1","LncRNA",-0.112685641237362,0.0711430801270829,1.14786733604034,-0.129348166817128
"CATG00000016486_P1","Enhancer","chr13_21476709_21477631","NSC_P2vsNeuron","CATG00000016486.1","LncRNA",0.522475115351763,0.0132195702272301,1.87878266368369,0.981617188929028
"CATG00000016486_P1","Enhancer","chr13_21476709_21477631","NSC_P0vsNSC_P1","CATG00000016486.1","LncRNA",0.238562940103804,0.161009040878462,0.79314973705269,0.189216133213848
"CATG00000016486_P1","Enhancer","chr13_21476709_21477631","iPSvsNSC_P1","CATG00000016486.1","LncRNA",-0.0979847937093423,0.0127593310973146,1.89417209272769,-0.185600061755916
"CATG00000016486_P1","Enhancer","chr13_21476709_21477631","NSC_P1vsNeuron","CATG00000016486.1","LncRNA",-0.125660786645613,0.0390598342420239,1.40826960405705,-0.176964266254914
"CATG00000016486_P1","Enhancer","chr13_21476709_21477631","NSC_P0vsNeuron","CATG00000016486.1","LncRNA",-0.0610336517831763,0.121630443777599,0.914957708699631,-0.0558432101891063
"CATG00000016486_P1","Enhancer","chr13_21476709_21477631","NSC_P1vsNSC_P2","CATG00000016486.1","LncRNA",-0.668968175065,0.00474967406546081,2.32333619172851,-1.55423797224309
"CATG00000016957_P1","Enhancer","chr13_43805339_43806212",NA,NA,NA,NA,NA,NA,NA
"CATG00000017775_P1","Enhancer","chr13_93215890_93216852",NA,NA,NA,NA,NA,NA,NA
"CATG00000018232_P1","Enhancer","chr1_151945507_151946390",NA,NA,NA,NA,NA,NA,NA
"CATG00000018232_P2","Enhancer","chr1_151944209_151944982",NA,NA,NA,NA,NA,NA,NA
"CATG00000018268_P1","Enhancer","chr14_22650796_22651831","iPSvsNSC_P0","CATG00000018268.1","LncRNA",0.102996840616261,0.0810526367551752,1.09123285238121,0.112393536171936
"CATG00000018268_P1","Enhancer","chr14_22650796_22651831","NSC_P2vsNeuron","CATG00000018268.1","LncRNA",-0.405788530501783,0.0442187811058533,1.35439323295355,-0.549597239721778
"CATG00000018268_P1","Enhancer","chr14_22650796_22651831","iPSvsNSC_P1","CATG00000018268.1","LncRNA",-0.00133322274681234,0.0542959979609367,1.26523218012634,-0.0016868363225434
"CATG00000018268_P1","Enhancer","chr14_22650796_22651831","NSC_P1vsNeuron","CATG00000018268.1","LncRNA",-0.433496956854878,0.00923779645482066,2.03443161120855,-0.881919912388274
"CATG00000018268_P1","Enhancer","chr14_22650796_22651831","NSC_P0vsNSC_P1","CATG00000018268.1","LncRNA",0.116085671022008,0.0115240787129476,1.93839378401866,0.225019743122696
"CATG00000018268_P1","Enhancer","chr14_22650796_22651831","iPSvsNSC_P2","CATG00000018268.1","LncRNA",0.151514996072763,0.0736597871046017,1.13276954070009,0.171631572510519
"CATG00000018268_P1","Enhancer","chr14_22650796_22651831","iPSvsNeuron","CATG00000018268.1","LncRNA",-0.366808135231983,0.0738122030778536,1.13187183206235,-0.415179796040397
"CATG00000018268_P1","Enhancer","chr14_22650796_22651831","NSC_P1vsNSC_P2","CATG00000018268.1","LncRNA",0.110695002129685,0.0478838666863722,1.31981078698846,0.146096457876469
"CATG00000018268_P1","Enhancer","chr14_22650796_22651831","NSC_P0vsNSC_P2","CATG00000018268.1","LncRNA",0.239468678812569,0.0164593753232552,1.78358665143306,0.42711313896641
"CATG00000018268_P1","Enhancer","chr14_22650796_22651831","NSC_P0vsNeuron","CATG00000018268.1","LncRNA",-0.286379131823291,0.121630443777599,0.914957708699631,-0.262024794272428
"CATG00000018715_P1","Enhancer","chr14_41403170_41404854","NSC_P0vsNeuron","CATG00000018715.1","LncRNA",0.0463027650289737,0.153965455215832,0.812576709631478,0.0376245484540829
"CATG00000018715_P1","Enhancer","chr14_41403170_41404854","iPSvsNSC_P0","CATG00000018715.1","LncRNA",0.382212128467814,0.0109850214172841,1.95919909200708,0.748829655048235
"CATG00000018715_P1","Enhancer","chr14_41403170_41404854","NSC_P1vsNeuron","CATG00000018715.1","LncRNA",-0.215997304147243,0.0649895714226891,1.18715632700238,-0.256422566233857
"CATG00000018715_P1","Enhancer","chr14_41403170_41404854","iPSvsNSC_P2","CATG00000018715.1","LncRNA",-0.444592431640635,0.0276874082595856,1.5577176954368,-0.692549498023893
"CATG00000018715_P1","Enhancer","chr14_41403170_41404854","NSC_P1vsNSC_P2","CATG00000018715.1","LncRNA",-0.603946159958652,0.00706242954598901,2.1510458716243,-1.29911589406241
"CATG00000018715_P1","Enhancer","chr14_41403170_41404854","NSC_P2vsNeuron","CATG00000018715.1","LncRNA",0.453686322234767,0.0352348784081504,1.45302722286858,0.659218576850245
"CATG00000018715_P1","Enhancer","chr14_41403170_41404854","NSC_P0vsNSC_P1","CATG00000018715.1","LncRNA",0.143265342313103,0.613700160054109,0.212043763451269,0.0303785223562046
"CATG00000018715_P1","Enhancer","chr14_41403170_41404854","NSC_P0vsNSC_P2","CATG00000018715.1","LncRNA",-0.593569341494905,0.00615319304361797,2.21089945961327,-1.31232213635409
"CATG00000018715_P1","Enhancer","chr14_41403170_41404854","iPSvsNSC_P1","CATG00000018715.1","LncRNA",0.383775845369144,0.00923776717722563,2.03443298763184,0.78076623967528
"CATG00000018715_P1","Enhancer","chr14_41403170_41404854","iPSvsNeuron","CATG00000018715.1","LncRNA",0.447526478190054,0.0261331093172477,1.58280891484263,0.708348899307342
"CATG00000019100_P1","Enhancer","chr14_56703640_56704559",NA,NA,NA,NA,NA,NA,NA
"CATG00000019608_P1","Enhancer","chr14_77763288_77764403","NSC_P0vsNSC_P1","CATG00000019608.1","LncRNA",-0.362452556378593,0.00774282105891984,2.11110077741756,-0.765173873547829
"CATG00000019608_P1","Enhancer","chr14_77763288_77764403","iPSvsNSC_P2","CATG00000019608.1","LncRNA",0.471132963862857,0.0140418969761036,1.85257421766182,0.872808781942928
"CATG00000019608_P1","Enhancer","chr14_77763288_77764403","iPSvsNSC_P1","CATG00000019608.1","LncRNA",0.421830183951173,0.00879519857960365,2.0557543505155,0.867179235836379
"CATG00000019608_P1","Enhancer","chr14_77763288_77764403","NSC_P1vsNSC_P2","CATG00000019608.1","LncRNA",0.196408954927506,0.0617686079114933,1.20923218631277,0.237504029978395
"CATG00000019608_P1","Enhancer","chr14_77763288_77764403","NSC_P0vsNSC_P2","CATG00000019608.1","LncRNA",0.025443684163792,0.314412932697361,0.502499598499089,0.0127854410766431
"CATG00000019608_P1","Enhancer","chr14_77763288_77764403","NSC_P1vsNeuron","CATG00000019608.1","LncRNA",-0.327977859465762,0.138654479782955,0.858066094253535,-0.281426680873421
"CATG00000019608_P1","Enhancer","chr14_77763288_77764403","NSC_P2vsNeuron","CATG00000019608.1","LncRNA",-0.511566810352117,0.0278575606430927,1.55505691539325,-0.795515506123729
"CATG00000019608_P1","Enhancer","chr14_77763288_77764403","NSC_P0vsNeuron","CATG00000019608.1","LncRNA",-0.568019094224526,0.0110607129085646,1.95621688005866,-1.11116854031765
"CATG00000019608_P1","Enhancer","chr14_77763288_77764403","iPSvsNeuron","CATG00000019608.1","LncRNA",0.396215349020563,0.0298956614880484,1.52439183269605,0.603987442035761
"CATG00000019608_P1","Enhancer","chr14_77763288_77764403","iPSvsNSC_P0","CATG00000019608.1","LncRNA",0.506689449565052,0.00474651661481788,2.32362499457331,1.17735626949595
"CATG00000019700_P1","Enhancer","chr14_80454756_80455743","iPSvsNSC_P1","CATG00000019700.1","LncRNA",0.130850256814343,0.0156887799671342,1.80441082786894,0.236107620225232
"CATG00000019700_P1","Enhancer","chr14_80454756_80455743","iPSvsNeuron","CATG00000019700.1","LncRNA",0.404379795192186,0.0327202985909521,1.48518274180355,0.600577892953489
"CATG00000019700_P1","Enhancer","chr14_80454756_80455743","NSC_P0vsNSC_P2","CATG00000019700.1","LncRNA",-0.537913942107821,0.0113861130462576,1.94362450863951,-1.04550272141966
"CATG00000019700_P1","Enhancer","chr14_80454756_80455743","NSC_P0vsNSC_P1","CATG00000019700.1","LncRNA",-0.0450578582644773,0.03883244302179,1.41080528631444,-0.0635678646295312
"CATG00000019700_P1","Enhancer","chr14_80454756_80455743","NSC_P1vsNSC_P2","CATG00000019700.1","LncRNA",-0.52330837293562,0.00951302007645172,2.02168158670926,-1.05796290173472
"CATG00000019700_P1","Enhancer","chr14_80454756_80455743","iPSvsNSC_P0","CATG00000019700.1","LncRNA",0.255171819988701,0.242375790736945,0.615510761050395,0.15706100111986
"CATG00000019700_P1","Enhancer","chr14_80454756_80455743","iPSvsNSC_P2","CATG00000019700.1","LncRNA",-0.42108296466869,0.046283015597613,1.33457835208122,-0.561968209077014
"CATG00000019700_P1","Enhancer","chr14_80454756_80455743","NSC_P0vsNeuron","CATG00000019700.1","LncRNA",0.127840606854539,0.0586386524666326,1.23181601846635,0.15747610733388
"CATG00000019700_P1","Enhancer","chr14_80454756_80455743","NSC_P1vsNeuron","CATG00000019700.1","LncRNA",-0.093766900108576,0.0244104418332152,1.6124243597065,-0.151192033869234
"CATG00000019700_P1","Enhancer","chr14_80454756_80455743","NSC_P2vsNeuron","CATG00000019700.1","LncRNA",0.616355591594836,0.0060638960963514,2.21724824886146,1.36661335613962
"CATG00000020039_P1","Enhancer","chr14_95943411_95944354","NSC_P1vsNSC_P2","CATG00000020039.1","Others",-0.385568726507214,0.0444724591745669,1.35190885489072,-0.521253775534043
"CATG00000020039_P1","Enhancer","chr14_95943411_95944354","NSC_P0vsNSC_P2","CATG00000020039.1","Others",-0.361950989323428,0.10981071203415,0.959355292395909,-0.347239597195366
"CATG00000020039_P1","Enhancer","chr14_95943411_95944354","NSC_P0vsNSC_P1","CATG00000020039.1","Others",0.0270226432275657,0.151213223686582,0.82041022786264,0.022169652887778
"CATG00000020039_P1","Enhancer","chr14_95943411_95944354","iPSvsNSC_P1","CATG00000020039.1","Others",-0.452431027923403,0.0168622708646712,1.77308393875132,-0.802198189003737
"CATG00000020039_P1","Enhancer","chr14_95943411_95944354","NSC_P2vsNeuron","CATG00000020039.1","Others",0.478878096778307,0.0201181647937822,1.69641163873962,0.812374376912198
"CATG00000020039_P1","Enhancer","chr14_95943411_95944354","iPSvsNSC_P2","CATG00000020039.1","Others",-0.659482054980338,0.0283734869024136,1.54708728918045,-1.02027630470268
"CATG00000020039_P1","Enhancer","chr14_95943411_95944354","iPSvsNeuron","CATG00000020039.1","Others",-0.228392387109123,0.0236605177363664,1.62597575642884,-0.371360484392346
"CATG00000020039_P1","Enhancer","chr14_95943411_95944354","NSC_P0vsNeuron","CATG00000020039.1","Others",0.164401978353816,0.56087894311043,0.251130864256138,0.0412864109094129
"CATG00000020039_P1","Enhancer","chr14_95943411_95944354","iPSvsNSC_P0","CATG00000020039.1","Others",-0.594502612857939,0.00530705424246805,2.27514647350041,-1.35258052313052
"CATG00000020039_P1","Enhancer","chr14_95943411_95944354","NSC_P1vsNeuron","CATG00000020039.1","Others",-0.113369131050121,0.0564325659742965,1.24847020202232,-0.14153798194524
"CATG00000020242_P1","Enhancer","chr14_103871617_103873146",NA,NA,NA,NA,NA,NA,NA
"CATG00000020412_P1","Enhancer","chr14_21557182_21558244",NA,NA,NA,NA,NA,NA,NA
"CATG00000020415_P2","Enhancer","chr1_156432354_156433187","iPSvsNSC_P1","CATG00000020415.1","LncRNA",-0.189973670226634,0.0428481248629656,1.36806817909634,-0.2598969331032
"CATG00000020415_P2","Enhancer","chr1_156432354_156433187","iPSvsNSC_P2","CATG00000020415.1","LncRNA",-0.979042418164788,0.00580297016960885,2.2363496619372,-2.18948118088501
"CATG00000020415_P2","Enhancer","chr1_156432354_156433187","iPSvsNeuron","CATG00000020415.1","LncRNA",-0.835306150641702,0.0149800186879408,1.82448764484319,-1.52400575150731
"CATG00000020415_P2","Enhancer","chr1_156432354_156433187","NSC_P0vsNSC_P2","CATG00000020415.1","LncRNA",-0.769038486959652,0.00478537475691804,2.32008404566384,-1.78423392409655
"CATG00000020415_P2","Enhancer","chr1_156432354_156433187","NSC_P0vsNSC_P1","CATG00000020415.1","LncRNA",-0.207197012970375,0.0132851629522214,1.87663311428219,-0.388832775720562
"CATG00000020415_P2","Enhancer","chr1_156432354_156433187","NSC_P1vsNeuron","CATG00000020415.1","LncRNA",-0.457659720694501,0.00917337911161626,2.03747065787355,-0.932468252205651
"CATG00000020415_P2","Enhancer","chr1_156432354_156433187","NSC_P1vsNSC_P2","CATG00000020415.1","LncRNA",-0.658573480481589,0.00580296105001427,2.2363503444485,-1.47280102991965
"CATG00000020415_P2","Enhancer","chr1_156432354_156433187","NSC_P0vsNeuron","CATG00000020415.1","LncRNA",-0.638749911694445,0.00567145844918031,2.24630524534284,-1.43482727710151
"CATG00000020415_P2","Enhancer","chr1_156432354_156433187","iPSvsNSC_P0","CATG00000020415.1","LncRNA",-0.0348567005688243,0.0198196384031046,1.70290427320942,-0.0593576243486321
"CATG00000020415_P2","Enhancer","chr1_156432354_156433187","NSC_P2vsNeuron","CATG00000020415.1","LncRNA",0.601710000708249,0.00893179197099246,2.04906140056949,1.23294073678792
"CATG00000020954_P2","Enhancer","chr14_48267633_48268549",NA,NA,NA,NA,NA,NA,NA
"CATG00000023631_P1","Enhancer","chr1_164477070_164477994",NA,NA,NA,NA,NA,NA,NA
"CATG00000023989_P2","Enhancer","chr15_88992742_88993648",NA,NA,NA,NA,NA,NA,NA
"CATG00000024176_P1","Enhancer","chr15_95845690_95847201","iPSvsNSC_P0","CATG00000024176.1","LncRNA",0.140382313193375,0.63748022672478,0.195533281572435,0.0274494143734299
"CATG00000024176_P1","Enhancer","chr15_95845690_95847201","iPSvsNSC_P1","CATG00000024176.1","LncRNA",0.257415306366418,0.16755552942239,0.775841235641256,0.199713409364295
"CATG00000024176_P1","Enhancer","chr15_95845690_95847201","NSC_P0vsNeuron","CATG00000024176.1","LncRNA",0.340155964722485,0.0726585941581774,1.13871300938072,0.387340022247941
"CATG00000024176_P1","Enhancer","chr15_95845690_95847201","NSC_P1vsNeuron","CATG00000024176.1","LncRNA",0.113894551016655,0.0539964703267258,1.26763462846827,0.144376676862558
"CATG00000024176_P1","Enhancer","chr15_95845690_95847201","NSC_P1vsNSC_P2","CATG00000024176.1","LncRNA",-0.660316001021991,0.00721653635947244,2.14167119590644,-1.41417975958493
"CATG00000024176_P1","Enhancer","chr15_95845690_95847201","NSC_P0vsNSC_P1","CATG00000024176.1","LncRNA",0.07623991474277,0.25516406705306,0.593180484258585,0.0452240295469495
"CATG00000024176_P1","Enhancer","chr15_95845690_95847201","iPSvsNeuron","CATG00000024176.1","LncRNA",0.199011526134224,0.0646417106235287,1.18948715927974,0.236721654885324
"CATG00000024176_P1","Enhancer","chr15_95845690_95847201","NSC_P2vsNeuron","CATG00000024176.1","LncRNA",0.829907866073034,0.00314507994638831,2.50236831052587,2.07673514471731
"CATG00000024176_P1","Enhancer","chr15_95845690_95847201","NSC_P0vsNSC_P2","CATG00000024176.1","LncRNA",-0.648978990694673,0.0062893597908274,2.2013935601925,-1.42865817081548
"CATG00000024176_P1","Enhancer","chr15_95845690_95847201","iPSvsNSC_P2","CATG00000024176.1","LncRNA",-0.708454810012714,0.00652234557865454,2.18559619434842,-1.54839613663162
"CATG00000024176_P2","Enhancer","chr15_95845690_95847201","NSC_P0vsNeuron","CATG00000024176.1","LncRNA",0.602992502040026,0.00736520863484609,2.13281494635305,1.28607142088979
"CATG00000024176_P2","Enhancer","chr15_95845690_95847201","iPSvsNSC_P0","CATG00000024176.1","LncRNA",0.181985662245844,0.0153814721004326,1.8130020979221,0.329940387443457
"CATG00000024176_P2","Enhancer","chr15_95845690_95847201","iPSvsNSC_P2","CATG00000024176.1","LncRNA",0.261756706761406,0.00938103122250282,2.02774941859042,0.530777009947584
"CATG00000024176_P2","Enhancer","chr15_95845690_95847201","NSC_P2vsNeuron","CATG00000024176.1","LncRNA",0.62800426368218,0.011078153373471,1.95553262648027,1.22808282719922
"CATG00000024176_P2","Enhancer","chr15_95845690_95847201","iPSvsNSC_P1","CATG00000024176.1","LncRNA",0.6282917700375,0.00614731470897441,2.21131455280197,1.38935073448963
"CATG00000024176_P2","Enhancer","chr15_95845690_95847201","NSC_P0vsNSC_P1","CATG00000024176.1","LncRNA",0.428912519366817,0.0128455577048497,1.89124703558753,0.811179530778872
"CATG00000024176_P2","Enhancer","chr15_95845690_95847201","NSC_P1vsNSC_P2","CATG00000024176.1","LncRNA",-0.519803133585014,0.010340385756393,1.98546325923551,-1.03205002376854
"CATG00000024176_P2","Enhancer","chr15_95845690_95847201","iPSvsNeuron","CATG00000024176.1","LncRNA",0.709287003935109,0.0108351769765799,1.96516399072862,1.39386527922507
"CATG00000024176_P2","Enhancer","chr15_95845690_95847201","NSC_P1vsNeuron","CATG00000024176.1","LncRNA",0.153930352503754,0.260206577134805,0.584681730152403,0.0900002648248644
"CATG00000024176_P2","Enhancer","chr15_95845690_95847201","NSC_P0vsNSC_P2","CATG00000024176.1","LncRNA",-0.174358247067352,0.0237152269401764,1.6249727150604,-0.283327394130208
"CATG00000024523_P1","Enhancer","chr15_35061535_35062205",NA,NA,NA,NA,NA,NA,NA
"CATG00000025270_P1","Enhancer","chr15_64634270_64635337",NA,NA,NA,NA,NA,NA,NA
"CATG00000026687_P1","Enhancer","chr16_13439395_13440375","NSC_P0vsNSC_P1","CATG00000026687.1","LncRNA",-0.0876267527338183,0.0962967778843435,1.01638824424058,-0.0890628013596292
"CATG00000026687_P1","Enhancer","chr16_13439395_13440375","iPSvsNSC_P0","CATG00000026687.1","LncRNA",0.416097911004363,0.0163196385111669,1.78728946533364,0.743687412885432
"CATG00000026687_P1","Enhancer","chr16_13439395_13440375","iPSvsNSC_P2","CATG00000026687.1","LncRNA",-0.820020119090182,0.00474968185447548,2.32333547952736,-1.90518183660847
"CATG00000026687_P1","Enhancer","chr16_13439395_13440375","NSC_P1vsNSC_P2","CATG00000026687.1","LncRNA",-0.682056186602888,0.00519435989291888,2.28446796342948,-1.55813550755317
"CATG00000026687_P1","Enhancer","chr16_13439395_13440375","NSC_P0vsNeuron","CATG00000026687.1","LncRNA",0.13567212976213,0.0660425331007597,1.18017627746581,0.16011702905853
"CATG00000026687_P1","Enhancer","chr16_13439395_13440375","NSC_P2vsNeuron","CATG00000026687.1","LncRNA",0.714967210902478,0.00474967860905183,2.32333577627778,1.66110889995527
"CATG00000026687_P1","Enhancer","chr16_13439395_13440375","iPSvsNSC_P1","CATG00000026687.1","LncRNA",0.0789416394067307,0.204159834441517,0.690029695139402,0.054472075373631
"CATG00000026687_P1","Enhancer","chr16_13439395_13440375","iPSvsNeuron","CATG00000026687.1","LncRNA",0.033290325469422,0.133613117106622,0.874150904080631,0.0291007681062337
"CATG00000026687_P1","Enhancer","chr16_13439395_13440375","NSC_P1vsNeuron","CATG00000026687.1","LncRNA",0.0229909980983207,0.0844508420815935,1.0733960156067,0.0246784457535585
"CATG00000026687_P1","Enhancer","chr16_13439395_13440375","NSC_P0vsNSC_P2","CATG00000026687.1","LncRNA",-0.609425123023113,0.00671428460512266,2.1730002538216,-1.32428094701449
"CATG00000026809_P1","Enhancer","chr16_19291203_19292120",NA,NA,NA,NA,NA,NA,NA
"CATG00000027715_P1","Enhancer","chr16_69530417_69531307",NA,NA,NA,NA,NA,NA,NA
"CATG00000027715_P2","Enhancer","chr16_69529280_69530173",NA,NA,NA,NA,NA,NA,NA
"CATG00000028100_P1","Enhancer","chr16_84526489_84527471","NSC_P0vsNSC_P2","CATG00000028100.1","LncRNA",-0.819893643743236,0.00478537475691804,2.32008404566384,-1.90222216198987
"CATG00000028100_P1","Enhancer","chr16_84526489_84527471","NSC_P1vsNeuron","CATG00000028100.1","LncRNA",0.159211885074295,0.00843106397432079,2.07411761529,0.330224175396122
"CATG00000028100_P1","Enhancer","chr16_84526489_84527471","NSC_P0vsNeuron","CATG00000028100.1","LncRNA",-0.237585506178588,0.00720843862021246,2.1421587952057,-0.50894588167386
"CATG00000028100_P1","Enhancer","chr16_84526489_84527471","NSC_P1vsNSC_P2","CATG00000028100.1","LncRNA",-0.611484534002783,0.00832334718404341,2.07970198966724,-1.27170560201633
"CATG00000028100_P1","Enhancer","chr16_84526489_84527471","iPSvsNSC_P0","CATG00000028100.1","LncRNA",-0.928035873001258,0.00507603202792518,2.29447564632767,-2.12935570951983
"CATG00000028100_P1","Enhancer","chr16_84526489_84527471","NSC_P0vsNSC_P1","CATG00000028100.1","LncRNA",0.00675719815543598,0.0236602508470949,1.62598065527311,0.010987073484586
"CATG00000028100_P1","Enhancer","chr16_84526489_84527471","iPSvsNSC_P2","CATG00000028100.1","LncRNA",-1.42555506160297,0.00304860558687743,2.51589875881686,-3.586552210112
"CATG00000028100_P1","Enhancer","chr16_84526489_84527471","iPSvsNSC_P1","CATG00000028100.1","LncRNA",-0.990979027482146,0.00464105850097568,2.33338295722398,-2.31233357369323
"CATG00000028100_P1","Enhancer","chr16_84526489_84527471","iPSvsNeuron","CATG00000028100.1","LncRNA",-1.29837546254274,0.00372580663144846,2.42877968864378,-3.15346795165728
"CATG00000028100_P1","Enhancer","chr16_84526489_84527471","NSC_P2vsNeuron","CATG00000028100.1","LncRNA",0.741329443025334,0.00447267272235345,2.34943287917499,1.7417037677442
"CATG00000028762_P1","Enhancer","chr16_14283644_14284585",NA,NA,NA,NA,NA,NA,NA
"CATG00000029348_P1","Enhancer","chr16_56547087_56548123","NSC_P1vsNeuron","CATG00000029348.1","LncRNA",-0.288421165363024,0.103206835477646,0.986291538058479,-0.284467354794517
"CATG00000029348_P1","Enhancer","chr16_56547087_56548123","NSC_P0vsNeuron","CATG00000029348.1","LncRNA",-0.19361456898048,0.159581954902,0.797016219060209,-0.154313951723794
"CATG00000029348_P1","Enhancer","chr16_56547087_56548123","iPSvsNSC_P0","CATG00000029348.1","LncRNA",-0.163363443437748,0.103206691612065,0.986292143445431,-0.161124080788843
"CATG00000029348_P1","Enhancer","chr16_56547087_56548123","iPSvsNeuron","CATG00000029348.1","LncRNA",-0.443519029361305,0.067109303709314,1.17321726717047,-0.520344183565368
"CATG00000029348_P1","Enhancer","chr16_56547087_56548123","NSC_P2vsNeuron","CATG00000029348.1","LncRNA",-0.362792533596741,0.0141359887978007,1.84967380766196,-0.671047847009216
"CATG00000029348_P1","Enhancer","chr16_56547087_56548123","iPSvsNSC_P2","CATG00000029348.1","LncRNA",0.323411825089356,0.323741840049146,0.489801169215833,0.158407490066993
"CATG00000029348_P1","Enhancer","chr16_56547087_56548123","NSC_P0vsNSC_P2","CATG00000029348.1","LncRNA",0.190295032604727,0.0676792560918532,1.16954442356505,0.222558494214989
"CATG00000029348_P1","Enhancer","chr16_56547087_56548123","iPSvsNSC_P1","CATG00000029348.1","LncRNA",-0.197658490589525,0.0213934509216748,1.66971915486946,-0.330034167859914
"CATG00000029348_P1","Enhancer","chr16_56547087_56548123","NSC_P1vsNSC_P2","CATG00000029348.1","LncRNA",0.300633193237196,0.0203768743130642,1.69086243331765,0.508329372653102
"CATG00000029348_P1","Enhancer","chr16_56547087_56548123","NSC_P0vsNSC_P1","CATG00000029348.1","LncRNA",-0.105115723888945,0.0660419121520566,1.18018036083225,-0.124055512948398
"CATG00000031130_P1","Enhancer","chr17_33582434_33583741",NA,NA,NA,NA,NA,NA,NA
"CATG00000031568_P1","Enhancer","chr1_203521892_203522890",NA,NA,NA,NA,NA,NA,NA
"CATG00000031773_P1","Enhancer","chr17_53061104_53062170",NA,NA,NA,NA,NA,NA,NA
"CATG00000031941_P1","Enhancer","chr17_58658619_58659733","iPSvsNSC_P1","CATG00000031941.1","LncRNA",0.298697205254391,0.137380443740414,0.862075085181146,0.25749941866305
"CATG00000031941_P1","Enhancer","chr17_58658619_58659733","NSC_P1vsNeuron","CATG00000031941.1","LncRNA",-0.0660578363290697,0.0335110610898669,1.47481182050319,-0.097422877854977
"CATG00000031941_P1","Enhancer","chr17_58658619_58659733","iPSvsNSC_P0","CATG00000031941.1","LncRNA",0.40169150437539,0.0196931705747004,1.70568435738924,0.685158915509256
"CATG00000031941_P1","Enhancer","chr17_58658619_58659733","NSC_P1vsNSC_P2","CATG00000031941.1","LncRNA",0.435812339700142,0.0384865926380726,1.41469053691754,0.616539592845685
"CATG00000031941_P1","Enhancer","chr17_58658619_58659733","iPSvsNSC_P2","CATG00000031941.1","LncRNA",0.537455172764837,0.00985031337376616,2.00654995281888,1.07843065155355
"CATG00000031941_P1","Enhancer","chr17_58658619_58659733","iPSvsNeuron","CATG00000031941.1","LncRNA",0.454651762501634,0.0433429108014502,1.36308192590595,0.61972760004726
"CATG00000031941_P1","Enhancer","chr17_58658619_58659733","NSC_P0vsNeuron","CATG00000031941.1","LncRNA",-0.124328786898142,0.0388328903874219,1.41080028309313,-0.175403087752524
"CATG00000031941_P1","Enhancer","chr17_58658619_58659733","NSC_P0vsNSC_P1","CATG00000031941.1","LncRNA",0.061213650718301,0.180461467506863,0.743615515285208,0.0455194204213782
"CATG00000031941_P1","Enhancer","chr17_58658619_58659733","NSC_P2vsNeuron","CATG00000031941.1","LncRNA",-0.49657587884467,0.0205073344914918,1.68809078482255,-0.838265165042849
"CATG00000031941_P1","Enhancer","chr17_58658619_58659733","NSC_P0vsNSC_P2","CATG00000031941.1","LncRNA",0.547993620638833,0.0130427218527127,1.88463176732635,1.03276618574813
"CATG00000032314_P1","Enhancer","chr17_71080677_71081579",NA,NA,NA,NA,NA,NA,NA
"CATG00000032326_P1","Enhancer","chr17_72150750_72153415",NA,NA,NA,NA,NA,NA,NA
"CATG00000032680_P1","Enhancer","chr17_82521742_82522675",NA,NA,NA,NA,NA,NA,NA
"CATG00000032837_P1","Enhancer","chr17_4396007_4397454",NA,NA,NA,NA,NA,NA,NA
"CATG00000032905_P1","Enhancer","chr17_6374361_6375524","NSC_P0vsNSC_P1","CATG00000032905.1","LncRNA",-0.13142173757839,0.0109097350764208,1.96218579535533,-0.257873866677234
"CATG00000032905_P1","Enhancer","chr17_6374361_6375524","NSC_P1vsNSC_P2","CATG00000032905.1","LncRNA",-0.734485019248374,0.0045747826384654,2.33962953573034,-1.71842284458496
"CATG00000032905_P1","Enhancer","chr17_6374361_6375524","NSC_P2vsNeuron","CATG00000032905.1","LncRNA",0.62329895597788,0.0114642806718561,1.94065318995665,1.20960710721512
"CATG00000032905_P1","Enhancer","chr17_6374361_6375524","iPSvsNSC_P1","CATG00000032905.1","LncRNA",0.391394202483477,0.0136465094742525,1.86497841894749,0.729941740932851
"CATG00000032905_P1","Enhancer","chr17_6374361_6375524","iPSvsNSC_P0","CATG00000032905.1","LncRNA",0.128728533139917,0.129319151483692,0.888337153636412,0.114354338721305
"CATG00000032905_P1","Enhancer","chr17_6374361_6375524","iPSvsNeuron","CATG00000032905.1","LncRNA",-0.186620535701878,0.217271091518596,0.662998053841191,-0.123729051977146
"CATG00000032905_P1","Enhancer","chr17_6374361_6375524","iPSvsNSC_P2","CATG00000032905.1","LncRNA",-0.683374681870562,0.0133985425403379,1.87294244052429,-1.27992144445516
"CATG00000032905_P1","Enhancer","chr17_6374361_6375524","NSC_P0vsNSC_P2","CATG00000032905.1","LncRNA",-0.863413293082489,0.00332063474000677,2.47877889288208,-2.14021064672669
"CATG00000032905_P1","Enhancer","chr17_6374361_6375524","NSC_P0vsNeuron","CATG00000032905.1","LncRNA",0.140496287636511,0.0123352584159036,1.90885174788277,0.268186584225993
"CATG00000032905_P1","Enhancer","chr17_6374361_6375524","NSC_P1vsNeuron","CATG00000032905.1","LncRNA",-0.203892078947773,0.00623762891799886,2.20498046536904,-0.449578051123322
"CATG00000032905_P2","Enhancer","chr17_6361470_6362422","NSC_P0vsNSC_P2","CATG00000032905.1","LncRNA",-0.461599088358706,0.0119433668196509,1.92287322889495,-0.887596529487271
"CATG00000032905_P2","Enhancer","chr17_6361470_6362422","NSC_P1vsNSC_P2","CATG00000032905.1","LncRNA",-0.525672134716891,0.0108520540579118,1.96448805153094,-1.0326766276741
"CATG00000032905_P2","Enhancer","chr17_6361470_6362422","NSC_P0vsNSC_P1","CATG00000032905.1","LncRNA",0.282505594758176,0.0421147247805107,1.37556603307516,0.388605100303044
"CATG00000032905_P2","Enhancer","chr17_6361470_6362422","iPSvsNSC_P2","CATG00000032905.1","LncRNA",-0.547252745181029,0.0265211669573009,1.57640737046461,-0.862693261010368
"CATG00000032905_P2","Enhancer","chr17_6361470_6362422","iPSvsNSC_P0","CATG00000032905.1","LncRNA",0.173313505342376,0.0349341759486066,1.45674949672605,0.252474361683334
"CATG00000032905_P2","Enhancer","chr17_6361470_6362422","iPSvsNeuron","CATG00000032905.1","LncRNA",-0.00516843418459732,0.0259722750379671,1.58549000673725,-0.00819450075015826
"CATG00000032905_P2","Enhancer","chr17_6361470_6362422","iPSvsNSC_P1","CATG00000032905.1","LncRNA",0.379453978659261,0.0115242025720838,1.93838911630928,0.735529462373365
"CATG00000032905_P2","Enhancer","chr17_6361470_6362422","NSC_P1vsNeuron","CATG00000032905.1","LncRNA",-0.419076781996828,0.098232666492595,1.00774406701601,-0.422322140681467
"CATG00000032905_P2","Enhancer","chr17_6361470_6362422","NSC_P0vsNeuron","CATG00000032905.1","LncRNA",-0.213976837501561,0.0122519441702095,1.91179499085871,-0.409079846095272
"CATG00000032905_P2","Enhancer","chr17_6361470_6362422","NSC_P2vsNeuron","CATG00000032905.1","LncRNA",0.586518741711759,0.0115429242312223,1.93768415507934,1.13648807247195
"CATG00000032925_P1","Enhancer","chr17_7132382_7133465",NA,NA,NA,NA,NA,NA,NA
"CATG00000033023_P1","Enhancer","chr17_10790538_10791431",NA,NA,NA,NA,NA,NA,NA
"CATG00000033120_P2","Enhancer","chr17_16536684_16537480",NA,NA,NA,NA,NA,NA,NA
"CATG00000033245_P1","Enhancer","chr17_27089018_27089878","NSC_P0vsNSC_P2","CATG00000033245.1","Others",0.359505139465413,0.0914342050382849,1.03889130666841,0.373486764093231
"CATG00000033245_P1","Enhancer","chr17_27089018_27089878","iPSvsNSC_P1","CATG00000033245.1","Others",0.205254164374864,0.487527202657112,0.31200114686949,0.0640395346846964
"CATG00000033245_P1","Enhancer","chr17_27089018_27089878","NSC_P0vsNSC_P1","CATG00000033245.1","Others",-0.051639591490526,0.0472087231856761,1.32597774540467,-0.0684729490982258
"CATG00000033245_P1","Enhancer","chr17_27089018_27089878","iPSvsNSC_P0","CATG00000033245.1","Others",0.301393350716026,0.041873038189256,1.37806552678588,0.415339786624242
"CATG00000033245_P1","Enhancer","chr17_27089018_27089878","iPSvsNeuron","CATG00000033245.1","Others",0.0193723203407637,0.0536982234231185,1.27004008246245,0.0246036233230724
"CATG00000033245_P1","Enhancer","chr17_27089018_27089878","NSC_P0vsNeuron","CATG00000033245.1","Others",0.011483267422886,0.0313749556597036,1.50341687927217,0.017264138072763
"CATG00000033245_P1","Enhancer","chr17_27089018_27089878","NSC_P2vsNeuron","CATG00000033245.1","Others",-0.512231514722032,0.0280286260144898,1.55239819117838,-0.795187276919044
"CATG00000033245_P1","Enhancer","chr17_27089018_27089878","NSC_P1vsNSC_P2","CATG00000033245.1","Others",0.346497501773783,0.0951822504717762,1.02144403103632,0.353927804955827
"CATG00000033245_P1","Enhancer","chr17_27089018_27089878","NSC_P1vsNeuron","CATG00000033245.1","Others",-0.185819120398345,0.0734259775364742,1.13415026290703,-0.210746804252936
"CATG00000033245_P1","Enhancer","chr17_27089018_27089878","iPSvsNSC_P2","CATG00000033245.1","Others",0.327630702215044,0.0882528226757376,1.0542713952558,0.345411677552893
"CATG00000034299_P1","Enhancer","chr17_65452851_65453903","NSC_P2vsNeuron","CATG00000034299.1","LncRNA",-0.353981329027199,0.0956593284561119,1.01927267227054,-0.360803495171431
"CATG00000034299_P1","Enhancer","chr17_65452851_65453903","iPSvsNSC_P2","CATG00000034299.1","LncRNA",0.450783524742235,0.00964668955349049,2.01562169756938,0.908609053377255
"CATG00000034299_P1","Enhancer","chr17_65452851_65453903","NSC_P1vsNeuron","CATG00000034299.1","LncRNA",0.200512946648497,0.0127593684201894,1.89417082235585,0.379805773046179
"CATG00000034299_P1","Enhancer","chr17_65452851_65453903","NSC_P0vsNeuron","CATG00000034299.1","LncRNA",0.383477705238701,0.0327203650364606,1.48518185987736,0.569534131487916
"CATG00000034299_P1","Enhancer","chr17_65452851_65453903","iPSvsNSC_P0","CATG00000034299.1","LncRNA",0.267176269151894,0.134235257534001,0.872133399655991,0.233013347922846
"CATG00000034299_P1","Enhancer","chr17_65452851_65453903","NSC_P0vsNSC_P2","CATG00000034299.1","LncRNA",0.318147575573558,0.118045539121256,0.927950420034877,0.295225176386561
"CATG00000034299_P1","Enhancer","chr17_65452851_65453903","iPSvsNeuron","CATG00000034299.1","LncRNA",0.486185671008454,0.00898252601253062,2.04660151644648,0.995028331560452
"CATG00000034299_P1","Enhancer","chr17_65452851_65453903","NSC_P0vsNSC_P1","CATG00000034299.1","LncRNA",0.0392309720407063,0.0349339039625351,1.45675287801405,0.0571498314275876
"CATG00000034299_P1","Enhancer","chr17_65452851_65453903","NSC_P1vsNSC_P2","CATG00000034299.1","LncRNA",0.31368163290852,0.114695242967988,0.940454594266087,0.295003332805706
"CATG00000034299_P1","Enhancer","chr17_65452851_65453903","iPSvsNSC_P1","CATG00000034299.1","LncRNA",0.174849468025337,0.00861139700609577,2.06492638828813,0.361051280503661
"CATG00000034537_P1","Enhancer","chr17_74640857_74641760",NA,NA,NA,NA,NA,NA,NA
"CATG00000035524_P1","Enhancer","chr18_31819155_31820249",NA,NA,NA,NA,NA,NA,NA
"CATG00000035964_P1","Enhancer","chr18_50400127_50401025","iPSvsNSC_P1","CATG00000035964.1","LncRNA",0.354124856443495,0.0696537982462963,1.15705519636233,0.409742005309009
"CATG00000035964_P1","Enhancer","chr18_50400127_50401025","iPSvsNSC_P2","CATG00000035964.1","LncRNA",0.236554234280226,0.0487016486959558,1.31245633637395,0.310467103677169
"CATG00000035964_P1","Enhancer","chr18_50400127_50401025","NSC_P0vsNSC_P1","CATG00000035964.1","LncRNA",-0.0450073866140763,0.0589589830987837,1.22945001562383,-0.0553343321758637
"CATG00000035964_P1","Enhancer","chr18_50400127_50401025","iPSvsNSC_P0","CATG00000035964.1","LncRNA",0.293786274099547,0.291900882339375,0.534764592252333,0.157106497078177
"CATG00000035964_P1","Enhancer","chr18_50400127_50401025","iPSvsNeuron","CATG00000035964.1","LncRNA",-0.322304495570888,0.106806403783767,0.971402707564226,-0.313087459657683
"CATG00000035964_P1","Enhancer","chr18_50400127_50401025","NSC_P1vsNeuron","CATG00000035964.1","LncRNA",-0.296944500822692,0.0073651861512036,2.13281627211818,-0.633328063270647
"CATG00000035964_P1","Enhancer","chr18_50400127_50401025","NSC_P0vsNeuron","CATG00000035964.1","LncRNA",-0.635577663775046,0.0119236515557615,1.92359072381864,-1.222591298304
"CATG00000035964_P1","Enhancer","chr18_50400127_50401025","NSC_P1vsNSC_P2","CATG00000035964.1","LncRNA",-0.0728648597914743,0.0283734574391371,1.54708774015587,-0.112728331271566
"CATG00000035964_P1","Enhancer","chr18_50400127_50401025","NSC_P2vsNeuron","CATG00000035964.1","LncRNA",-0.671573033822039,0.00474967860905183,2.32333577627778,-1.56028965586215
"CATG00000035964_P1","Enhancer","chr18_50400127_50401025","NSC_P0vsNSC_P2","CATG00000035964.1","LncRNA",-0.147067284501505,0.0206385087033513,1.68532168714677,-0.247855684040172
"CATG00000036228_P1","Enhancer","chr18_59516081_59517000",NA,NA,NA,NA,NA,NA,NA
"CATG00000036792_P2","Enhancer","chr18_3330575_3331320","NSC_P2vsNeuron","CATG00000036792.1","LncRNA",-0.489130630663068,0.0225532195806176,1.64679145173332,-0.80549614135687
"CATG00000036792_P2","Enhancer","chr18_3330575_3331320","NSC_P1vsNSC_P2","CATG00000036792.1","LncRNA",-0.114913639746784,0.11359526860871,0.944639757180645,-0.108551992747146
"CATG00000036792_P2","Enhancer","chr18_3330575_3331320","NSC_P1vsNeuron","CATG00000036792.1","LncRNA",-0.502154119926027,0.0131963679452165,1.87954558382468,-0.943821558506332
"CATG00000036792_P2","Enhancer","chr18_3330575_3331320","NSC_P0vsNSC_P2","CATG00000036792.1","LncRNA",-0.158777716528943,0.017006742590986,1.76937886159215,-0.280937935318183
"CATG00000036792_P2","Enhancer","chr18_3330575_3331320","iPSvsNSC_P2","CATG00000036792.1","LncRNA",0.103692878553127,0.0214410308065967,1.66875433918191,0.173037941027794
"CATG00000036792_P2","Enhancer","chr18_3330575_3331320","iPSvsNSC_P0","CATG00000036792.1","LncRNA",0.409892864099919,0.00825406229894218,2.0833322575346,0.853943025912608
"CATG00000036792_P2","Enhancer","chr18_3330575_3331320","NSC_P0vsNeuron","CATG00000036792.1","LncRNA",-0.493349452266571,0.0106137974180442,1.97412920585918,-0.973935562414069
"CATG00000036792_P2","Enhancer","chr18_3330575_3331320","iPSvsNeuron","CATG00000036792.1","LncRNA",0.0974146048364643,0.0448560516630001,1.34817895671019,0.13133232031676
"CATG00000036792_P2","Enhancer","chr18_3330575_3331320","iPSvsNSC_P1","CATG00000036792.1","LncRNA",0.300666439697199,0.0513613206128218,1.28936381812675,0.387668428670556
"CATG00000036792_P2","Enhancer","chr18_3330575_3331320","NSC_P0vsNSC_P1","CATG00000036792.1","LncRNA",-0.257999526640164,0.0395168763906909,1.40321739151103,-0.362029422783091
"CATG00000037177_P1","Enhancer","chr1_225518926_225519833","NSC_P1vsNSC_P2","CATG00000037177.1","LncRNA",0.499269487346942,0.0285472481930093,1.54443574914107,0.771089644713954
"CATG00000037177_P1","Enhancer","chr1_225518926_225519833","NSC_P0vsNSC_P1","CATG00000037177.1","LncRNA",-0.102515804583953,0.00802317518469717,2.09565372494612,-0.21483762774221
"CATG00000037177_P1","Enhancer","chr1_225518926_225519833","iPSvsNeuron","CATG00000037177.1","LncRNA",-0.428003232691555,0.0539964703267258,1.26763462846827,-0.54255171885618
"CATG00000037177_P1","Enhancer","chr1_225518926_225519833","iPSvsNSC_P0","CATG00000037177.1","LncRNA",-0.241826414752242,0.0304431237836915,1.51651078644763,-0.366732366419733
"CATG00000037177_P1","Enhancer","chr1_225518926_225519833","NSC_P2vsNeuron","CATG00000037177.1","LncRNA",-0.564506593048849,0.0101982015222388,1.99147641037879,-1.12420156356008
"CATG00000037177_P1","Enhancer","chr1_225518926_225519833","iPSvsNSC_P1","CATG00000037177.1","LncRNA",-0.261089955222271,0.158163177208102,0.800894619427267,-0.209105540324023
"CATG00000037177_P1","Enhancer","chr1_225518926_225519833","iPSvsNSC_P2","CATG00000037177.1","LncRNA",0.118918396255491,0.0821578768729917,1.08535079232044,0.129068175597373
"CATG00000037177_P1","Enhancer","chr1_225518926_225519833","NSC_P1vsNeuron","CATG00000037177.1","LncRNA",-0.123528791078132,0.14058232283617,0.852069285129532,-0.10525508870686
"CATG00000037177_P1","Enhancer","chr1_225518926_225519833","NSC_P0vsNSC_P2","CATG00000037177.1","LncRNA",0.400393590652146,0.0132195702272301,1.87878266368369,0.752252536767316
"CATG00000037177_P1","Enhancer","chr1_225518926_225519833","NSC_P0vsNeuron","CATG00000037177.1","LncRNA",-0.168646498607035,0.00873359926743498,2.05880673913032,-0.347210547862896
"CATG00000037475_P1","Enhancer","chr1_225987279_225988211","NSC_P2vsNeuron","CATG00000037475.1","LncRNA",-0.516597284172652,0.0119433668196509,1.92287322889495,-0.993351087855429
"CATG00000037475_P1","Enhancer","chr1_225987279_225988211","NSC_P0vsNSC_P2","CATG00000037475.1","LncRNA",0.244709579443895,0.038262162466725,1.41723048854744,0.346809876827511
"CATG00000037475_P1","Enhancer","chr1_225987279_225988211","iPSvsNSC_P0","CATG00000037475.1","LncRNA",0.159722258781949,0.0315640666991245,1.50080704756624,0.239712291633147
"CATG00000037475_P1","Enhancer","chr1_225987279_225988211","iPSvsNSC_P2","CATG00000037475.1","LncRNA",0.480490377162073,0.00938103122250282,2.02774941859042,0.974314082928688
"CATG00000037475_P1","Enhancer","chr1_225987279_225988211","NSC_P1vsNSC_P2","CATG00000037475.1","LncRNA",0.460187573629429,0.0151080062435382,1.82079284436784,0.837906241131462
"CATG00000037475_P1","Enhancer","chr1_225987279_225988211","iPSvsNSC_P1","CATG00000037475.1","LncRNA",-0.115008063321135,0.0377143891036755,1.42349292257753,-0.163713164176985
"CATG00000037475_P1","Enhancer","chr1_225987279_225988211","NSC_P0vsNeuron","CATG00000037475.1","LncRNA",-0.245885873304017,0.446422298058783,0.350254121234379,-0.0861225404780461
"CATG00000037475_P1","Enhancer","chr1_225987279_225988211","NSC_P0vsNSC_P1","CATG00000037475.1","LncRNA",-0.333659279258158,0.0146847942794784,1.83313213316659,-0.611641546337335
"CATG00000037475_P1","Enhancer","chr1_225987279_225988211","NSC_P1vsNeuron","CATG00000037475.1","LncRNA",-0.0197966473087473,0.250191692854904,0.601727114335521,-0.0119121794586106
"CATG00000037475_P1","Enhancer","chr1_225987279_225988211","iPSvsNeuron","CATG00000037475.1","LncRNA",0.147121686068088,0.0785777421140088,1.10470045454578,0.162525393472959
"CATG00000038005_P1","Enhancer","chr1_18410186_18411050",NA,NA,NA,NA,NA,NA,NA
"CATG00000038336_P1","Enhancer","chr19_5308640_5309507",NA,NA,NA,NA,NA,NA,NA
"CATG00000038339_P1","Enhancer","chr19_5352038_5353007","iPSvsNSC_P1","CATG00000038339.1","LncRNA",0.508726077436292,0.00741809362146984,2.12970768987622,1.08343783915664
"CATG00000038339_P1","Enhancer","chr19_5352038_5353007","iPSvsNSC_P0","CATG00000038339.1","LncRNA",0.459094826762455,0.0129325697148159,1.88831517178776,0.866915726664816
"CATG00000038339_P1","Enhancer","chr19_5352038_5353007","NSC_P1vsNSC_P2","CATG00000038339.1","LncRNA",0.0895342906579357,0.490774299529334,0.309118188130929,0.027676677703769
"CATG00000038339_P1","Enhancer","chr19_5352038_5353007","iPSvsNeuron","CATG00000038339.1","LncRNA",0.383399356383001,0.0325251232027737,1.48778104968772,0.570414296889095
"CATG00000038339_P1","Enhancer","chr19_5352038_5353007","NSC_P2vsNeuron","CATG00000038339.1","LncRNA",-0.280087883237805,0.148350454002972,0.82871112025591,-0.232111943488108
"CATG00000038339_P1","Enhancer","chr19_5352038_5353007","NSC_P1vsNeuron","CATG00000038339.1","LncRNA",-0.268197932773093,0.108379217681074,0.965053988201086,-0.25882548464996
"CATG00000038339_P1","Enhancer","chr19_5352038_5353007","NSC_P0vsNSC_P2","CATG00000038339.1","LncRNA",0.130891022121534,0.475791664397125,0.322583170827636,0.0422232409488348
"CATG00000038339_P1","Enhancer","chr19_5352038_5353007","iPSvsNSC_P2","CATG00000038339.1","LncRNA",0.473972363355968,0.0162448074915047,1.78928543087933,0.848071844392278
"CATG00000038339_P1","Enhancer","chr19_5352038_5353007","NSC_P0vsNSC_P1","CATG00000038339.1","LncRNA",0.138501160444508,0.791017633102159,0.101813835246177,0.0141013343309015
"CATG00000038339_P1","Enhancer","chr19_5352038_5353007","NSC_P0vsNeuron","CATG00000038339.1","LncRNA",-0.273155823832367,0.13361326527063,0.874150422490374,-0.23877927880877
"CATG00000039207_P1","Enhancer","chr19_37864972_37865761",NA,NA,NA,NA,NA,NA,NA
"CATG00000040215_P1","Enhancer","chr19_8160877_8161831","iPSvsNeuron","CATG00000040215.1","LncRNA",0.202040024905265,0.257173406114737,0.589773943114701,0.11915794215537
"CATG00000040215_P1","Enhancer","chr19_8160877_8161831","iPSvsNSC_P0","CATG00000040215.1","LncRNA",0.120021918053351,0.0103963592831369,1.98311872032266,0.238017712540632
"CATG00000040215_P1","Enhancer","chr19_8160877_8161831","NSC_P1vsNSC_P2","CATG00000040215.1","LncRNA",-0.556083334506745,0.00786358517801946,2.1043794045921,-1.17021031637289
"CATG00000040215_P1","Enhancer","chr19_8160877_8161831","NSC_P1vsNeuron","CATG00000040215.1","LncRNA",-0.00687823712338633,0.172783614898499,0.762497444128888,-0.00524463822669451
"CATG00000040215_P1","Enhancer","chr19_8160877_8161831","NSC_P2vsNeuron","CATG00000040215.1","LncRNA",0.631097886555672,0.00485749631393328,2.31358752028846,1.46010019441562
"CATG00000040215_P1","Enhancer","chr19_8160877_8161831","NSC_P0vsNeuron","CATG00000040215.1","LncRNA",-0.356699130950074,0.0302597961184986,1.51913400244995,-0.541873778470606
"CATG00000040215_P1","Enhancer","chr19_8160877_8161831","NSC_P0vsNSC_P1","CATG00000040215.1","LncRNA",-0.246497991277506,0.0707679129336342,1.15016361229034,-0.28351302007005
"CATG00000040215_P1","Enhancer","chr19_8160877_8161831","iPSvsNSC_P2","CATG00000040215.1","LncRNA",-0.657509109333533,0.00985031337376616,2.00654995281888,-1.31932487231119
"CATG00000040215_P1","Enhancer","chr19_8160877_8161831","NSC_P0vsNSC_P2","CATG00000040215.1","LncRNA",-0.670778803293802,0.00474967860905183,2.32333577627778,-1.55844439166128
"CATG00000040215_P1","Enhancer","chr19_8160877_8161831","iPSvsNSC_P1","CATG00000040215.1","LncRNA",0.121831899443138,0.0284767212191548,1.54551001638356,0.188292420904405
"CATG00000040425_P1","Enhancer","chr1_235971510_235972417","iPSvsNSC_P0","CATG00000040425.1","Others",-0.479708910712455,0.012335188767974,1.90885420002409,-0.915694369002451
"CATG00000040425_P1","Enhancer","chr1_235971510_235972417","NSC_P0vsNSC_P2","CATG00000040425.1","Others",-0.414381818404745,0.0588166155230956,1.2304999696612,-0.509896814975191
"CATG00000040425_P1","Enhancer","chr1_235971510_235972417","NSC_P0vsNeuron","CATG00000040425.1","Others",0.00490503318864767,0.100695406217309,0.996990341759995,0.00489027071509396
"CATG00000040425_P1","Enhancer","chr1_235971510_235972417","NSC_P1vsNSC_P2","CATG00000040425.1","Others",-0.566306235702921,0.013219560257655,1.87878299120819,-1.06396652345378
"CATG00000040425_P1","Enhancer","chr1_235971510_235972417","NSC_P2vsNeuron","CATG00000040425.1","Others",0.592711733578173,0.019359119624795,1.71311439655175,1.01538300379791
"CATG00000040425_P1","Enhancer","chr1_235971510_235972417","iPSvsNSC_P1","CATG00000040425.1","Others",-0.324825722202751,0.00731256854044663,2.13593005026385,-0.693805021151512
"CATG00000040425_P1","Enhancer","chr1_235971510_235972417","NSC_P0vsNSC_P1","CATG00000040425.1","Others",0.223569753597623,0.235678575792237,0.627679894938993,0.140330239449693
"CATG00000040425_P1","Enhancer","chr1_235971510_235972417","NSC_P1vsNeuron","CATG00000040425.1","Others",-0.126446381231296,0.0649895714226891,1.18715632700238,-0.150111621505288
"CATG00000040425_P1","Enhancer","chr1_235971510_235972417","iPSvsNSC_P2","CATG00000040425.1","Others",-1.02045355405567,0.00405362658948582,2.39215625998315,-2.44108435735634
"CATG00000040425_P1","Enhancer","chr1_235971510_235972417","iPSvsNeuron","CATG00000040425.1","Others",-0.500181020311151,0.0359821362143119,1.44391305670621,-0.722217905943904
"CATG00000041706_P1","Enhancer","chr2_7876204_7876955",NA,NA,NA,NA,NA,NA,NA
"CATG00000042284_P1","Enhancer","chr2_30661133_30662196",NA,NA,NA,NA,NA,NA,NA
"CATG00000042794_P1","Enhancer","chr2_52337368_52338339",NA,NA,NA,NA,NA,NA,NA
"CATG00000043283_P2","Enhancer","chr2_70118512_70119427","NSC_P0vsNSC_P1","CATG00000043283.1","LncRNA",-0.0158094630162303,0.146488829401381,0.834195491448477,-0.0131881827703608
"CATG00000043283_P2","Enhancer","chr2_70118512_70119427","NSC_P2vsNeuron","CATG00000043283.1","LncRNA",-0.259386156242471,0.489264756171756,0.310456067198165,-0.0805280059526862
"CATG00000043283_P2","Enhancer","chr2_70118512_70119427","iPSvsNeuron","CATG00000043283.1","LncRNA",0.0515935905693617,0.170528338949388,0.768203438216119,0.0396343736652984
"CATG00000043283_P2","Enhancer","chr2_70118512_70119427","NSC_P1vsNeuron","CATG00000043283.1","LncRNA",-0.0236725802027264,0.041154191577013,1.38558592506749,-0.0328003939389289
"CATG00000043283_P2","Enhancer","chr2_70118512_70119427","NSC_P0vsNSC_P2","CATG00000043283.1","LncRNA",0.395503175840023,0.0257143318077931,1.58982475642781,0.628780740196288
"CATG00000043283_P2","Enhancer","chr2_70118512_70119427","iPSvsNSC_P1","CATG00000043283.1","LncRNA",0.0359313014939093,0.0948659535586943,1.02288962355349,0.0367537554588919
"CATG00000043283_P2","Enhancer","chr2_70118512_70119427","NSC_P0vsNeuron","CATG00000043283.1","LncRNA",0.13436964151369,0.0726585941581774,1.13871300938072,0.153008458857462
"CATG00000043283_P2","Enhancer","chr2_70118512_70119427","NSC_P1vsNSC_P2","CATG00000043283.1","LncRNA",0.447892126123604,0.0314551055196382,1.50230885358755,0.672872306527643
"CATG00000043283_P2","Enhancer","chr2_70118512_70119427","iPSvsNSC_P2","CATG00000043283.1","LncRNA",0.295873596760935,0.102036700191633,0.991243594669632,0.293282807621142
"CATG00000043283_P2","Enhancer","chr2_70118512_70119427","iPSvsNSC_P0","CATG00000043283.1","LncRNA",-0.111543657250782,0.79286590982063,0.100800254736678,-0.0112436290651396
"CATG00000043502_P2","Enhancer","chr2_77093293_77094170",NA,NA,NA,NA,NA,NA,NA
"CATG00000044071_P1","Enhancer","chr2_106272012_106272973",NA,NA,NA,NA,NA,NA,NA
"CATG00000044325_P1","Enhancer","chr2_118319038_118319942",NA,NA,NA,NA,NA,NA,NA
"CATG00000044800_P1","Enhancer","chr2_139834842_139835780",NA,NA,NA,NA,NA,NA,NA
"CATG00000045337_P1","Enhancer","chr2_163347952_163349451","iPSvsNeuron","CATG00000045337.1","LncRNA",-1.13461964533658,0.0032688348560556,2.4856070197425,-2.82021855518635
"CATG00000045337_P1","Enhancer","chr2_163347952_163349451","NSC_P2vsNeuron","CATG00000045337.1","LncRNA",-0.134788196453633,0.0288975991772673,1.53913823708346,-0.207457667069303
"CATG00000045337_P1","Enhancer","chr2_163347952_163349451","NSC_P1vsNeuron","CATG00000045337.1","LncRNA",-0.37294232991325,0.00970013369581054,2.01322227986235,-0.75081580768513
"CATG00000045337_P1","Enhancer","chr2_163347952_163349451","NSC_P0vsNSC_P2","CATG00000045337.1","LncRNA",0.0462353482662923,0.0134888182947465,1.87002609558757,0.0864613077965461
"CATG00000045337_P1","Enhancer","chr2_163347952_163349451","iPSvsNSC_P2","CATG00000045337.1","LncRNA",-0.939328205798045,0.00597577206874142,2.22360597598109,-2.08869581182013
"CATG00000045337_P1","Enhancer","chr2_163347952_163349451","iPSvsNSC_P1","CATG00000045337.1","LncRNA",-0.563754783151245,0.00808041931807829,2.09256610174987,-1.17969414892164
"CATG00000045337_P1","Enhancer","chr2_163347952_163349451","NSC_P0vsNSC_P1","CATG00000045337.1","LncRNA",0.501534537073917,0.00763315989147642,2.11729564037503,1.06189688884412
"CATG00000045337_P1","Enhancer","chr2_163347952_163349451","iPSvsNSC_P0","CATG00000045337.1","LncRNA",-0.67348902493175,0.00390045874110747,2.40888431168753,-1.62235714625182
"CATG00000045337_P1","Enhancer","chr2_163347952_163349451","NSC_P1vsNSC_P2","CATG00000045337.1","LncRNA",-0.40178763346701,0.190694433072572,0.719661985093231,-0.28915128588678
"CATG00000045337_P1","Enhancer","chr2_163347952_163349451","NSC_P0vsNeuron","CATG00000045337.1","LncRNA",-0.41807959215291,0.00437016041941869,2.35950262069786,-0.986459893345085
"CATG00000045588_P1","Enhancer","chr2_174787516_174789332","iPSvsNSC_P1","CATG00000045588.1","LncRNA",-0.109370603034656,0.0213934509216748,1.66971915486946,-0.182618190866588
"CATG00000045588_P1","Enhancer","chr2_174787516_174789332","NSC_P0vsNeuron","CATG00000045588.1","LncRNA",0.279032647243538,0.192451500561598,0.715678698323191,0.199697721768929
"CATG00000045588_P1","Enhancer","chr2_174787516_174789332","NSC_P1vsNSC_P2","CATG00000045588.1","LncRNA",0.334223936889826,0.0624410009803193,1.20453014345804,0.402582806649013
"CATG00000045588_P1","Enhancer","chr2_174787516_174789332","NSC_P2vsNeuron","CATG00000045588.1","LncRNA",-0.372980803129792,0.0860354748016616,1.06532244022263,-0.397344819346427
"CATG00000045588_P1","Enhancer","chr2_174787516_174789332","NSC_P1vsNeuron","CATG00000045588.1","LncRNA",0.198659499586009,0.315571241222428,0.50090258197561,0.0995090562766143
"CATG00000045588_P1","Enhancer","chr2_174787516_174789332","iPSvsNSC_P2","CATG00000045588.1","LncRNA",0.40385254334739,0.0163517863506923,1.78643479591681,0.721456235855279
"CATG00000045588_P1","Enhancer","chr2_174787516_174789332","iPSvsNSC_P0","CATG00000045588.1","LncRNA",-0.0704028344721377,0.0477458298568072,1.32106455390777,-0.0930066891157773
"CATG00000045588_P1","Enhancer","chr2_174787516_174789332","iPSvsNeuron","CATG00000045588.1","LncRNA",-0.120217108677487,0.0337112870730664,1.47222466610674,-0.17698659268303
"CATG00000045588_P1","Enhancer","chr2_174787516_174789332","NSC_P0vsNSC_P1","CATG00000045588.1","LncRNA",0.05846295286242,0.0485602709427824,1.31371889877326,0.0768038860534516
"CATG00000045588_P1","Enhancer","chr2_174787516_174789332","NSC_P0vsNSC_P2","CATG00000045588.1","LncRNA",0.405864881257014,0.0566024275394517,1.24716494258592,0.506180451330546
"CATG00000045802_P1","Enhancer","chr2_183996813_183997832","NSC_P1vsNSC_P2","CATG00000045802.1","LncRNA",0.16610957640169,0.145672969048328,0.836621028067074,0.138970764580968
"CATG00000045802_P1","Enhancer","chr2_183996813_183997832","NSC_P0vsNeuron","CATG00000045802.1","LncRNA",0.0275485334978403,0.0399792878141271,1.39816494661484,0.0385173938673251
"CATG00000045802_P1","Enhancer","chr2_183996813_183997832","iPSvsNSC_P0","CATG00000045802.1","LncRNA",0.400349691519392,0.0144911098719044,1.83889835070656,0.73620238744089
"CATG00000045802_P1","Enhancer","chr2_183996813_183997832","NSC_P2vsNeuron","CATG00000045802.1","LncRNA",-0.282814461265438,0.0452409660972605,1.34446812951516,-0.380235029737382
"CATG00000045802_P1","Enhancer","chr2_183996813_183997832","iPSvsNSC_P1","CATG00000045802.1","LncRNA",0.267259840470396,0.290804297839935,0.53639917926288,0.143357959078249
"CATG00000045802_P1","Enhancer","chr2_183996813_183997832","NSC_P0vsNSC_P1","CATG00000045802.1","LncRNA",-0.0987622539044773,0.0555080511724764,1.2556440200091,-0.124010233517778
"CATG00000045802_P1","Enhancer","chr2_183996813_183997832","iPSvsNeuron","CATG00000045802.1","LncRNA",0.447869918278496,0.023808882815445,1.62326098252332,0.727009763587392
"CATG00000045802_P1","Enhancer","chr2_183996813_183997832","NSC_P0vsNSC_P2","CATG00000045802.1","LncRNA",-0.0399904765496343,0.399374051969165,0.398620155420965,-0.0159410099775737
"CATG00000045802_P1","Enhancer","chr2_183996813_183997832","NSC_P1vsNeuron","CATG00000045802.1","LncRNA",0.0651772044953813,0.0191943706380024,1.71682612334463,0.111897927324246
"CATG00000045802_P1","Enhancer","chr2_183996813_183997832","iPSvsNSC_P2","CATG00000045802.1","LncRNA",0.405501331590089,0.0322206055436221,1.49186630185031,0.604953771954681
"CATG00000046056_P1","Enhancer","chr2_193556525_193557424","NSC_P0vsNeuron","CATG00000046056.1","LncRNA",-0.196898672229856,0.0302597961184986,1.51913400244995,-0.299115468021623
"CATG00000046056_P1","Enhancer","chr2_193556525_193557424","NSC_P1vsNeuron","CATG00000046056.1","LncRNA",-0.468167977871091,0.0109850547916626,1.95919777254799,-0.917233659423337
"CATG00000046056_P1","Enhancer","chr2_193556525_193557424","iPSvsNSC_P0","CATG00000046056.1","LncRNA",0.331242140164745,0.0671091896292917,1.17321800543422,0.388619242999844
"CATG00000046056_P1","Enhancer","chr2_193556525_193557424","NSC_P1vsNSC_P2","CATG00000046056.1","LncRNA",-0.707050248154697,0.00576047063992093,2.23954203255411,-1.58346874987026
"CATG00000046056_P1","Enhancer","chr2_193556525_193557424","iPSvsNeuron","CATG00000046056.1","LncRNA",-0.249510249468378,0.0148810986864496,1.82736500320898,-0.455946297820456
"CATG00000046056_P1","Enhancer","chr2_193556525_193557424","NSC_P2vsNeuron","CATG00000046056.1","LncRNA",0.553011207083,0.0283734746260472,1.54708747708683,0.855556713166783
"CATG00000046056_P1","Enhancer","chr2_193556525_193557424","iPSvsNSC_P1","CATG00000046056.1","LncRNA",0.16892557672794,0.00632909208906659,2.19865858524147,0.371409669539752
"CATG00000046056_P1","Enhancer","chr2_193556525_193557424","NSC_P0vsNSC_P2","CATG00000046056.1","LncRNA",-0.695013967244107,0.00543052489179606,2.26515819129632,-1.57431658096834
"CATG00000046056_P1","Enhancer","chr2_193556525_193557424","iPSvsNSC_P2","CATG00000046056.1","LncRNA",-0.783011145643848,0.0113861194180719,1.94362426560284,-1.52187946291086
"CATG00000046056_P1","Enhancer","chr2_193556525_193557424","NSC_P0vsNSC_P1","CATG00000046056.1","LncRNA",0.0780274715252893,0.0216658741890182,1.66422378307515,0.129855173845605
"CATG00000046496_P1","Enhancer","chr2_213187900_213188775","NSC_P1vsNSC_P2","CATG00000046496.1","LncRNA",-0.577303169869691,0.00696133995582568,2.15730715702586,-1.2454202601336
"CATG00000046496_P1","Enhancer","chr2_213187900_213188775","NSC_P1vsNeuron","CATG00000046496.1","LncRNA",-0.097151978750414,0.0337112870730664,1.47222466610674,-0.143029539477437
"CATG00000046496_P1","Enhancer","chr2_213187900_213188775","NSC_P0vsNeuron","CATG00000046496.1","LncRNA",-0.256650668568289,0.0144911883290427,1.83889599937458,-0.47195388766704
"CATG00000046496_P1","Enhancer","chr2_213187900_213188775","NSC_P0vsNSC_P1","CATG00000046496.1","LncRNA",-0.158739537301306,0.0122517452201816,1.91180204309463,-0.303478571732533
"CATG00000046496_P1","Enhancer","chr2_213187900_213188775","iPSvsNSC_P0","CATG00000046496.1","LncRNA",0.461329344524584,0.00550678120539903,2.25910217849884,1.04219012722093
"CATG00000046496_P1","Enhancer","chr2_213187900_213188775","iPSvsNeuron","CATG00000046496.1","LncRNA",0.200921228230113,0.00651571532384913,2.18603789857811,0.439221419539889
"CATG00000046496_P1","Enhancer","chr2_213187900_213188775","iPSvsNSC_P1","CATG00000046496.1","LncRNA",0.481186086991121,0.00546630132697879,2.26230643172913,1.08859037945859
"CATG00000046496_P1","Enhancer","chr2_213187900_213188775","iPSvsNSC_P2","CATG00000046496.1","LncRNA",-0.600403107865778,0.0174560814065394,1.75805324141611,-1.05554062993974
"CATG00000046496_P1","Enhancer","chr2_213187900_213188775","NSC_P2vsNeuron","CATG00000046496.1","LncRNA",0.489595387683666,0.0211705484838799,1.67426789018858,0.819713836783193
"CATG00000046496_P1","Enhancer","chr2_213187900_213188775","NSC_P0vsNSC_P2","CATG00000046496.1","LncRNA",-0.631582637405975,0.00758792349370497,2.11987705659588,-1.33887754238124
"CATG00000047119_P1","Enhancer","chr2_234682178_234683172","NSC_P1vsNSC_P2","CATG00000047119.1","LncRNA",-0.394457723052427,0.151749871780563,0.818871667205044,-0.323010253317846
"CATG00000047119_P1","Enhancer","chr2_234682178_234683172","iPSvsNeuron","CATG00000047119.1","LncRNA",0.0655279068644513,0.0279598684387028,1.55346487643422,0.101795301740178
"CATG00000047119_P1","Enhancer","chr2_234682178_234683172","iPSvsNSC_P2","CATG00000047119.1","LncRNA",-0.088265019433124,0.0503723331613575,1.29780793288984,-0.114551042416984
"CATG00000047119_P1","Enhancer","chr2_234682178_234683172","NSC_P2vsNeuron","CATG00000047119.1","LncRNA",0.404473764291753,0.136592732091778,0.864572408241664,0.349696856464293
"CATG00000047119_P1","Enhancer","chr2_234682178_234683172","iPSvsNSC_P1","CATG00000047119.1","LncRNA",0.257259788835801,0.0765623959989066,1.11598448389342,0.287097932670452
"CATG00000047119_P1","Enhancer","chr2_234682178_234683172","NSC_P0vsNSC_P1","CATG00000047119.1","LncRNA",-0.133853800710475,0.00710546433201215,2.14840753628099,-0.287572514206238
"CATG00000047119_P1","Enhancer","chr2_234682178_234683172","NSC_P0vsNSC_P2","CATG00000047119.1","LncRNA",-0.363679564721358,0.16448019947137,0.783886375999125,-0.285083456014365
"CATG00000047119_P1","Enhancer","chr2_234682178_234683172","NSC_P0vsNeuron","CATG00000047119.1","LncRNA",-0.0524247585480523,0.0934519899105751,1.0294114465807,-0.0539666465335942
"CATG00000047119_P1","Enhancer","chr2_234682178_234683172","iPSvsNSC_P0","CATG00000047119.1","LncRNA",0.141845955780317,0.0173077153914866,1.76176025496413,0.249898567221162
"CATG00000047119_P1","Enhancer","chr2_234682178_234683172","NSC_P1vsNeuron","CATG00000047119.1","LncRNA",-0.103950836183959,0.0271163070881025,1.56676945641501,-0.162866995101827
"CATG00000047882_P1","Enhancer","chr2_22694225_22695811","NSC_P0vsNSC_P1","CATG00000047882.1","LncRNA",-0.0371080385919727,0.0236602508470949,1.62598065527311,-0.0603369529056755
"CATG00000047882_P1","Enhancer","chr2_22694225_22695811","NSC_P2vsNeuron","CATG00000047882.1","LncRNA",0.546927767192472,0.013948343555307,1.85547736425444,1.01481209190785
"CATG00000047882_P1","Enhancer","chr2_22694225_22695811","iPSvsNSC_P2","CATG00000047882.1","LncRNA",-0.54910147734809,0.0470777379986945,1.32718441240221,-0.728758921563409
"CATG00000047882_P1","Enhancer","chr2_22694225_22695811","iPSvsNeuron","CATG00000047882.1","LncRNA",-0.282986488689227,0.046942666231837,1.32843224714284,-0.375928377080492
"CATG00000047882_P1","Enhancer","chr2_22694225_22695811","iPSvsNSC_P0","CATG00000047882.1","LncRNA",-0.310730414592668,0.131146044677916,0.882244803056538,-0.274140293425985
"CATG00000047882_P1","Enhancer","chr2_22694225_22695811","NSC_P0vsNSC_P2","CATG00000047882.1","LncRNA",-0.484994236451455,0.0358657826870094,1.44531968726155,-0.70097171815167
"CATG00000047882_P1","Enhancer","chr2_22694225_22695811","iPSvsNSC_P1","CATG00000047882.1","LncRNA",-0.398425499915278,0.166818489595864,0.777755815302388,-0.309877749523868
"CATG00000047882_P1","Enhancer","chr2_22694225_22695811","NSC_P1vsNeuron","CATG00000047882.1","LncRNA",0.125619959456505,0.0453702311323149,1.34322900827568,0.168736373560392
"CATG00000047882_P1","Enhancer","chr2_22694225_22695811","NSC_P0vsNeuron","CATG00000047882.1","LncRNA",0.0422306568675967,0.0418732017923854,1.37806382994704,0.0581965407441397
"CATG00000047882_P1","Enhancer","chr2_22694225_22695811","NSC_P1vsNSC_P2","CATG00000047882.1","LncRNA",-0.565905385411598,0.0111544327107215,1.9525525120559,-1.10495998187138
"CATG00000048317_P1","Enhancer","chr2_45444928_45446605","NSC_P1vsNeuron","CATG00000048317.1","LncRNA",0.2612384258547,0.158163350831364,0.800894142681766,0.209224325110434
"CATG00000048317_P1","Enhancer","chr2_45444928_45446605","NSC_P0vsNSC_P1","CATG00000048317.1","LncRNA",-0.0443780504796503,0.154658241976528,0.810626930820535,-0.0359740428561178
"CATG00000048317_P1","Enhancer","chr2_45444928_45446605","iPSvsNeuron","CATG00000048317.1","LncRNA",0.502188820512547,0.00715682941679633,2.14527933408226,1.07733529845271
"CATG00000048317_P1","Enhancer","chr2_45444928_45446605","NSC_P0vsNSC_P2","CATG00000048317.1","LncRNA",-0.411694575185689,0.0634609614145642,1.1974933527544,-0.49300151714991
"CATG00000048317_P1","Enhancer","chr2_45444928_45446605","NSC_P2vsNeuron","CATG00000048317.1","LncRNA",0.662722566503272,0.0038137952114873,2.41864263087807,1.60288905178974
"CATG00000048317_P1","Enhancer","chr2_45444928_45446605","NSC_P1vsNSC_P2","CATG00000048317.1","LncRNA",-0.425574740796484,0.0213053966960104,1.67151037503854,-0.711352594595659
"CATG00000048317_P1","Enhancer","chr2_45444928_45446605","iPSvsNSC_P2","CATG00000048317.1","LncRNA",-0.204724671436216,0.193970202474789,0.712264980867234,-0.145818214183567
"CATG00000048317_P1","Enhancer","chr2_45444928_45446605","iPSvsNSC_P0","CATG00000048317.1","LncRNA",0.400186799007071,0.0120049168111689,1.92064084506764,0.768615111829853
"CATG00000048317_P1","Enhancer","chr2_45444928_45446605","NSC_P0vsNeuron","CATG00000048317.1","LncRNA",0.220809055193108,0.0355598797155857,1.44903971673854,0.319961090790326
"CATG00000048317_P1","Enhancer","chr2_45444928_45446605","iPSvsNSC_P1","CATG00000048317.1","LncRNA",0.393007332441548,0.00936781385584524,2.02836174754526,0.79716103962924
"CATG00000048722_P1","Enhancer","chr2_63614682_63615661",NA,NA,NA,NA,NA,NA,NA
"CATG00000048747_P1","Enhancer","chr2_64277151_64277680",NA,NA,NA,NA,NA,NA,NA
"CATG00000048747_P2","Enhancer","chr2_64276274_64277138",NA,NA,NA,NA,NA,NA,NA
"CATG00000049261_P1","Enhancer","chr1_18297994_18298905",NA,NA,NA,NA,NA,NA,NA
"CATG00000049261_P2","Enhancer","chr1_18364856_18365773",NA,NA,NA,NA,NA,NA,NA
"CATG00000049436_P1","Enhancer","chr1_19058116_19059134",NA,NA,NA,NA,NA,NA,NA
"CATG00000049837_P1","Enhancer","chr2_121074769_121075750","NSC_P2vsNeuron","CATG00000049837.1","LncRNA",-0.591012812886292,0.0149090307079717,1.82655059074305,-1.07951480251417
"CATG00000049837_P1","Enhancer","chr2_121074769_121075750","NSC_P1vsNSC_P2","CATG00000049837.1","LncRNA",0.559276800532332,0.0197354424075621,1.70475313362066,0.953428878268831
"CATG00000049837_P1","Enhancer","chr2_121074769_121075750","iPSvsNSC_P1","CATG00000049837.1","LncRNA",-0.384055171621683,0.0288258887930515,1.54021729315843,-0.591528416858646
"CATG00000049837_P1","Enhancer","chr2_121074769_121075750","iPSvsNeuron","CATG00000049837.1","LncRNA",-0.174009622075095,0.00646860678183749,2.18918924825178,-0.380939993739153
"CATG00000049837_P1","Enhancer","chr2_121074769_121075750","iPSvsNSC_P2","CATG00000049837.1","LncRNA",0.141779664963482,0.204044796335401,0.690274476370434,0.0978668839926435
"CATG00000049837_P1","Enhancer","chr2_121074769_121075750","NSC_P0vsNSC_P1","CATG00000049837.1","LncRNA",-0.011108945098663,0.24626120564619,0.60860399863915,-0.00676094840770909
"CATG00000049837_P1","Enhancer","chr2_121074769_121075750","NSC_P1vsNeuron","CATG00000049837.1","LncRNA",0.047638388873333,0.0149800186879408,1.82448764484319,0.0869156519196315
"CATG00000049837_P1","Enhancer","chr2_121074769_121075750","NSC_P0vsNSC_P2","CATG00000049837.1","LncRNA",0.529532248692302,0.0258739765136297,1.58713682040552,0.840440129491688
"CATG00000049837_P1","Enhancer","chr2_121074769_121075750","NSC_P0vsNeuron","CATG00000049837.1","LncRNA",0.161474357519096,0.00825411370802308,2.08332955261067,0.336404301008355
"CATG00000049837_P1","Enhancer","chr2_121074769_121075750","iPSvsNSC_P0","CATG00000049837.1","LncRNA",-0.391279120870915,0.0317542912529717,1.49819757614986,-0.586213430486854
"CATG00000051251_P1","Enhancer","chr2_201231887_201232803","NSC_P0vsNSC_P1","CATG00000051251.1","LncRNA",-0.0686536651646103,0.00855079845594962,2.06799332985401,-0.141975321630445
"CATG00000051251_P1","Enhancer","chr2_201231887_201232803","iPSvsNSC_P0","CATG00000051251.1","LncRNA",0.115935440662101,0.00990448298379278,2.00416818980198,0.232354122245659
"CATG00000051251_P1","Enhancer","chr2_201231887_201232803","NSC_P0vsNeuron","CATG00000051251.1","LncRNA",-0.207819131362626,0.0355598797155857,1.44903971673854,-0.301138175242549
"CATG00000051251_P1","Enhancer","chr2_201231887_201232803","NSC_P1vsNeuron","CATG00000051251.1","LncRNA",-0.132525711743922,0.00837169886115773,2.07718640208319,-0.275280606360871
"CATG00000051251_P1","Enhancer","chr2_201231887_201232803","iPSvsNSC_P1","CATG00000051251.1","LncRNA",0.016024723189213,0.858206453840765,0.066408223831671,0.00106417340438983
"CATG00000051251_P1","Enhancer","chr2_201231887_201232803","iPSvsNSC_P2","CATG00000051251.1","LncRNA",-0.709274988555014,0.0137629079578433,1.86128979454413,-1.32016629772285
"CATG00000051251_P1","Enhancer","chr2_201231887_201232803","NSC_P0vsNSC_P2","CATG00000051251.1","LncRNA",-0.666673608019322,0.0049305998560286,2.30710024130787,-1.53808284193497
"CATG00000051251_P1","Enhancer","chr2_201231887_201232803","NSC_P1vsNSC_P2","CATG00000051251.1","LncRNA",-0.629037370411005,0.0126097145748412,1.8992947437183,-1.19472737122401
"CATG00000051251_P1","Enhancer","chr2_201231887_201232803","iPSvsNeuron","CATG00000051251.1","LncRNA",-0.059481275582827,0.0279598684387028,1.55346487643422,-0.0924020724234261
"CATG00000051251_P1","Enhancer","chr2_201231887_201232803","NSC_P2vsNeuron","CATG00000051251.1","LncRNA",0.538951935346109,0.0183860546462997,1.73551145342462,0.935357256638539
"CATG00000051349_P1","Enhancer","chr2_206983173_206984302",NA,NA,NA,NA,NA,NA,NA
"CATG00000051386_P1","Enhancer","chr2_209207861_209208905",NA,NA,NA,NA,NA,NA,NA
"CATG00000051891_P2","Enhancer","chr2_231682632_231683458","NSC_P1vsNSC_P2","CATG00000051891.1","LncRNA",0.42069297900463,0.0305202524371844,1.51541187859321,0.637523137624381
"CATG00000051891_P2","Enhancer","chr2_231682632_231683458","NSC_P0vsNeuron","CATG00000051891.1","LncRNA",0.0755427422023723,0.054899610186513,1.26043073923747,0.0952163943981621
"CATG00000051891_P2","Enhancer","chr2_231682632_231683458","iPSvsNeuron","CATG00000051891.1","LncRNA",0.0624520420878243,0.191634283500198,0.717526792736395,0.0448110134591149
"CATG00000051891_P2","Enhancer","chr2_231682632_231683458","iPSvsNSC_P0","CATG00000051891.1","LncRNA",0.368831246152928,0.0148810568799999,1.82736622330276,0.673989761318528
"CATG00000051891_P2","Enhancer","chr2_231682632_231683458","NSC_P1vsNeuron","CATG00000051891.1","LncRNA",0.0798132174241683,0.0536982234231185,1.27004008246245,0.101365985238984
"CATG00000051891_P2","Enhancer","chr2_231682632_231683458","iPSvsNSC_P1","CATG00000051891.1","LncRNA",0.151188647263117,0.00904571720644997,2.0435569935963,0.308962617466907
"CATG00000051891_P2","Enhancer","chr2_231682632_231683458","iPSvsNSC_P2","CATG00000051891.1","LncRNA",0.518506781445307,0.00531126299893949,2.27480219299619,1.17950036351518
"CATG00000051891_P2","Enhancer","chr2_231682632_231683458","NSC_P0vsNSC_P1","CATG00000051891.1","LncRNA",0.0154344552334337,0.11596199629095,0.935684316853766,0.0144417777011054
"CATG00000051891_P2","Enhancer","chr2_231682632_231683458","NSC_P0vsNSC_P2","CATG00000051891.1","LncRNA",0.137482925571008,0.246184240593706,0.60873975173879,0.0836913219804179
"CATG00000051891_P2","Enhancer","chr2_231682632_231683458","NSC_P2vsNeuron","CATG00000051891.1","LncRNA",-0.0759590249078453,0.0157190796240521,1.80357288615266,-0.136997637782385
"CATG00000052478_P1","Enhancer","chr20_7410816_7411688","NSC_P2vsNeuron","CATG00000052478.1","LncRNA",0.52296525072367,0.00732095044387177,2.13543253291243,1.11675700997803
"CATG00000052478_P1","Enhancer","chr20_7410816_7411688","NSC_P1vsNSC_P2","CATG00000052478.1","LncRNA",-0.574756034101699,0.00938101800970957,2.02775003027661,-1.16546156555139
"CATG00000052478_P1","Enhancer","chr20_7410816_7411688","iPSvsNeuron","CATG00000052478.1","LncRNA",0.270471527245748,0.00522903140327773,2.28157874997962,0.617102089038434
"CATG00000052478_P1","Enhancer","chr20_7410816_7411688","iPSvsNSC_P2","CATG00000052478.1","LncRNA",-0.566074652151872,0.0350267069753987,1.45560069081928,-0.823978654727549
"CATG00000052478_P1","Enhancer","chr20_7410816_7411688","iPSvsNSC_P1","CATG00000052478.1","LncRNA",0.592789255893042,0.00347709769148279,2.45878310733921,1.45754020860199
"CATG00000052478_P1","Enhancer","chr20_7410816_7411688","iPSvsNSC_P0","CATG00000052478.1","LncRNA",0.394735527016224,0.0166433459994307,1.77875935815299,0.702139512675561
"CATG00000052478_P1","Enhancer","chr20_7410816_7411688","NSC_P0vsNeuron","CATG00000052478.1","LncRNA",-0.086957576651782,0.0187066451598804,1.72800409166576,-0.150263048255618
"CATG00000052478_P1","Enhancer","chr20_7410816_7411688","NSC_P0vsNSC_P1","CATG00000052478.1","LncRNA",0.0445705436901327,0.0293563073728424,1.53229857370335,0.0682953805255732
"CATG00000052478_P1","Enhancer","chr20_7410816_7411688","NSC_P0vsNSC_P2","CATG00000052478.1","LncRNA",-0.636894439515886,0.00482131351178378,2.31683462707108,-1.47557909125943
"CATG00000052478_P1","Enhancer","chr20_7410816_7411688","NSC_P1vsNeuron","CATG00000052478.1","LncRNA",0.126948366495113,0.0649895714226891,1.18715632700238,0.150707556487291
"CATG00000052649_P1","Enhancer","chr1_27540544_27541440","NSC_P0vsNSC_P1","CATG00000052649.1","LncRNA",-0.019786863684502,0.0125880171230132,1.90004267500373,-0.0375958854050352
"CATG00000052649_P1","Enhancer","chr1_27540544_27541440","NSC_P1vsNSC_P2","CATG00000052649.1","LncRNA",-0.661201018660846,0.00408454171845982,2.38885666380943,-1.57951445954554
"CATG00000052649_P1","Enhancer","chr1_27540544_27541440","NSC_P1vsNeuron","CATG00000052649.1","LncRNA",-0.511266884944349,0.00705464832630932,2.15152463091743,-1.1000032959302
"CATG00000052649_P1","Enhancer","chr1_27540544_27541440","iPSvsNSC_P1","CATG00000052649.1","LncRNA",-0.027577118872948,0.0426025709720109,1.370564191384,-0.0377962116288024
"CATG00000052649_P1","Enhancer","chr1_27540544_27541440","NSC_P2vsNeuron","CATG00000052649.1","LncRNA",0.57121830234415,0.00726857833026652,2.13855052500034,1.22157920036788
"CATG00000052649_P1","Enhancer","chr1_27540544_27541440","NSC_P0vsNSC_P2","CATG00000052649.1","LncRNA",-0.893515250977343,0.00307246606947695,2.51251290450995,-2.24496859845702
"CATG00000052649_P1","Enhancer","chr1_27540544_27541440","iPSvsNeuron","CATG00000052649.1","LncRNA",-0.564430633349512,0.0123352251646114,1.90885291858156,-1.07741506180606
"CATG00000052649_P1","Enhancer","chr1_27540544_27541440","iPSvsNSC_P2","CATG00000052649.1","LncRNA",-0.905075351473232,0.00378474385112762,2.42196350792248,-2.19205947318828
"CATG00000052649_P1","Enhancer","chr1_27540544_27541440","iPSvsNSC_P0","CATG00000052649.1","LncRNA",-0.100582523804942,0.0335109871906581,1.47481277821843,-0.148340391372989
"CATG00000052649_P1","Enhancer","chr1_27540544_27541440","NSC_P0vsNeuron","CATG00000052649.1","LncRNA",-0.570205722937968,0.00661087989753733,2.17974073276652,-1.24290064034447
"CATG00000052821_P1","Enhancer","chr20_20743284_20744233","NSC_P0vsNSC_P2","CATG00000052821.1","LncRNA",-0.905820826168715,0.00358693031424849,2.44527706057838,-2.21498288722451
"CATG00000052821_P1","Enhancer","chr20_20743284_20744233","iPSvsNSC_P2","CATG00000052821.1","LncRNA",-0.882724552728444,0.00809055480819679,2.09202169570829,-1.8466789156423
"CATG00000052821_P1","Enhancer","chr20_20743284_20744233","NSC_P1vsNSC_P2","CATG00000052821.1","LncRNA",-0.788347061055238,0.00485749168893903,2.31358793379581,-1.82391024810079
"CATG00000052821_P1","Enhancer","chr20_20743284_20744233","iPSvsNSC_P1","CATG00000052821.1","LncRNA",-0.114225346558397,0.0245628141266605,1.60972187817962,-0.183871039397701
"CATG00000052821_P1","Enhancer","chr20_20743284_20744233","NSC_P2vsNeuron","CATG00000052821.1","LncRNA",0.514850965321749,0.0074267115038088,2.12920344625236,1.09622244966942
"CATG00000052821_P1","Enhancer","chr20_20743284_20744233","NSC_P1vsNeuron","CATG00000052821.1","LncRNA",-0.236832746071531,0.0103963913021434,1.98311738277208,-0.469667135544099
"CATG00000052821_P1","Enhancer","chr20_20743284_20744233","NSC_P0vsNSC_P1","CATG00000052821.1","LncRNA",-0.241863522687167,0.00511382679767657,2.29125398536075,-0.55417076027036
"CATG00000052821_P1","Enhancer","chr20_20743284_20744233","iPSvsNSC_P0","CATG00000052821.1","LncRNA",0.3576848107393,0.0681902085084905,1.16627798159015,0.417159919114484
"CATG00000052821_P1","Enhancer","chr20_20743284_20744233","NSC_P0vsNeuron","CATG00000052821.1","LncRNA",-0.744045622005045,0.00515204481316046,2.28802036808154,-1.70239153792944
"CATG00000052821_P1","Enhancer","chr20_20743284_20744233","iPSvsNeuron","CATG00000052821.1","LncRNA",-0.415914452872236,0.0513614178401359,1.28936299600525,-0.536264705037229
"CATG00000052821_P2","Enhancer","chr20_20734182_20735092","iPSvsNeuron","CATG00000052821.1","LncRNA",0.137777893892916,0.128714758691758,0.890371653166268,0.122673531155202
"CATG00000052821_P2","Enhancer","chr20_20734182_20735092","iPSvsNSC_P0","CATG00000052821.1","LncRNA",0.462725043172956,0.00741809362146984,2.12970768987622,0.985469082743749
"CATG00000052821_P2","Enhancer","chr20_20734182_20735092","NSC_P0vsNSC_P2","CATG00000052821.1","LncRNA",-0.654514967155163,0.00527203318799774,2.27802186447647,-1.49099940580656
"CATG00000052821_P2","Enhancer","chr20_20734182_20735092","NSC_P1vsNeuron","CATG00000052821.1","LncRNA",-0.469277767095456,0.00632911396883086,2.19865708388167,-1.0317808869326
"CATG00000052821_P2","Enhancer","chr20_20734182_20735092","NSC_P2vsNeuron","CATG00000052821.1","LncRNA",0.534758854440936,0.0250842432830389,1.60059899581054,0.855934485418957
"CATG00000052821_P2","Enhancer","chr20_20734182_20735092","iPSvsNSC_P1","CATG00000052821.1","LncRNA",0.320886045515036,0.0349341759486066,1.45674949672605,0.467450585310441
"CATG00000052821_P2","Enhancer","chr20_20734182_20735092","NSC_P1vsNSC_P2","CATG00000052821.1","LncRNA",-0.701397617259983,0.00411567764357426,2.38555864826805,-1.67322515172916
"CATG00000052821_P2","Enhancer","chr20_20734182_20735092","NSC_P0vsNeuron","CATG00000052821.1","LncRNA",-0.463247769502573,0.0133748754109087,1.87371025481005,-0.867992096234855
"CATG00000052821_P2","Enhancer","chr20_20734182_20735092","iPSvsNSC_P2","CATG00000052821.1","LncRNA",-0.452560343517495,0.0481551967182248,1.31735683866891,-0.596183463443122
"CATG00000052821_P2","Enhancer","chr20_20734182_20735092","NSC_P0vsNSC_P1","CATG00000052821.1","LncRNA",0.0706444397806747,0.0137380150570842,1.86207601196563,0.131545316694345
"CATG00000053451_P1","Enhancer","chr20_48275378_48276438","NSC_P0vsNSC_P2","CATG00000053451.1","LncRNA",-0.514586949367913,0.0175700187075686,1.7552277760921,-0.903217306745059
"CATG00000053451_P1","Enhancer","chr20_48275378_48276438","NSC_P2vsNeuron","CATG00000053451.1","LncRNA",0.597981752350041,0.00576047592914816,2.23954163378788,1.33920503063335
"CATG00000053451_P1","Enhancer","chr20_48275378_48276438","NSC_P0vsNSC_P1","CATG00000053451.1","LncRNA",0.126594369335043,0.107327981089576,0.969287039929607,0.122706281524519
"CATG00000053451_P1","Enhancer","chr20_48275378_48276438","NSC_P1vsNeuron","CATG00000053451.1","LncRNA",0.368343395481035,0.0327202985909521,1.48518274180355,0.547057254025753
"CATG00000053451_P1","Enhancer","chr20_48275378_48276438","iPSvsNeuron","CATG00000053451.1","LncRNA",0.352794549065076,0.0605859675504965,1.21762795208916,0.429572504286326
"CATG00000053451_P1","Enhancer","chr20_48275378_48276438","iPSvsNSC_P2","CATG00000053451.1","LncRNA",-0.506609533447222,0.0283734869024136,1.54708728918045,-0.783769169773836
"CATG00000053451_P1","Enhancer","chr20_48275378_48276438","iPSvsNSC_P1","CATG00000053451.1","LncRNA",0.144109128699811,0.0188274654441828,1.72520814082738,0.248618242000455
"CATG00000053451_P1","Enhancer","chr20_48275378_48276438","NSC_P0vsNeuron","CATG00000053451.1","LncRNA",0.512932160283125,0.0107609519287579,1.96814930867702,1.00952707665945
"CATG00000053451_P1","Enhancer","chr20_48275378_48276438","NSC_P1vsNSC_P2","CATG00000053451.1","LncRNA",-0.477917889572552,0.0155130076982865,1.8093039919908,-0.864698745447435
"CATG00000053451_P1","Enhancer","chr20_48275378_48276438","iPSvsNSC_P0","CATG00000053451.1","LncRNA",0.087621048282902,0.00861139700609577,2.06492638828813,0.180931014768833
"CATG00000053680_P1","Enhancer","chr20_53738174_53739100","iPSvsNeuron","CATG00000053680.1","LncRNA",-0.269873177118148,0.263264416653739,0.579607837039982,-0.156420608464558
"CATG00000053680_P1","Enhancer","chr20_53738174_53739100","iPSvsNSC_P2","CATG00000053680.1","LncRNA",0.31502776625515,0.187459736239764,0.727091998371823,0.229054168109069
"CATG00000053680_P1","Enhancer","chr20_53738174_53739100","iPSvsNSC_P0","CATG00000053680.1","LncRNA",-0.137795242945593,0.0213934509216748,1.66971915486946,-0.230079356596147
"CATG00000053680_P1","Enhancer","chr20_53738174_53739100","NSC_P1vsNeuron","CATG00000053680.1","LncRNA",-0.073322477573105,0.0674680654443852,1.17090174247363,-0.0858534167528325
"CATG00000053680_P1","Enhancer","chr20_53738174_53739100","NSC_P0vsNeuron","CATG00000053680.1","LncRNA",-0.131769693478508,0.175061283940412,0.756809890639514,-0.0997246073110718
"CATG00000053680_P1","Enhancer","chr20_53738174_53739100","NSC_P1vsNSC_P2","CATG00000053680.1","LncRNA",0.409958361604047,0.0437150192745465,1.3593693257892,0.55728482161534
"CATG00000053680_P1","Enhancer","chr20_53738174_53739100","NSC_P0vsNSC_P1","CATG00000053680.1","LncRNA",0.152671663941734,0.00731248091572096,2.1359352543399,0.326096789351885
"CATG00000053680_P1","Enhancer","chr20_53738174_53739100","iPSvsNSC_P1","CATG00000053680.1","LncRNA",-0.0172411288369417,0.0485606071413924,1.31371589202118,-0.022649944949475
"CATG00000053680_P1","Enhancer","chr20_53738174_53739100","NSC_P2vsNeuron","CATG00000053680.1","LncRNA",-0.426608623791541,0.0506553795379801,1.29537442632346,-0.552617901308608
"CATG00000053680_P1","Enhancer","chr20_53738174_53739100","NSC_P0vsNSC_P2","CATG00000053680.1","LncRNA",0.454251833409855,0.0473451662081865,1.32472435449118,0.601758466790306
"CATG00000053680_P2","Enhancer","chr20_53735529_53736491","iPSvsNeuron","CATG00000053680.1","LncRNA",-0.527681183696961,0.0175343301888563,1.75611081950815,-0.926666635941101
"CATG00000053680_P2","Enhancer","chr20_53735529_53736491","NSC_P0vsNSC_P2","CATG00000053680.1","LncRNA",0.351145006799479,0.0442187811058533,1.35439323295355,0.475588420994641
"CATG00000053680_P2","Enhancer","chr20_53735529_53736491","iPSvsNSC_P1","CATG00000053680.1","LncRNA",-0.226732529590201,0.0256531107244804,1.59085996433138,-0.36069970393663
"CATG00000053680_P2","Enhancer","chr20_53735529_53736491","iPSvsNSC_P2","CATG00000053680.1","LncRNA",0.379866595865219,0.120895683548035,0.917589204885588,0.348561487662561
"CATG00000053680_P2","Enhancer","chr20_53735529_53736491","NSC_P2vsNeuron","CATG00000053680.1","LncRNA",-0.634989246916945,0.00721654266284855,2.14167081656653,-1.35993793895558
"CATG00000053680_P2","Enhancer","chr20_53735529_53736491","NSC_P1vsNSC_P2","CATG00000053680.1","LncRNA",0.457132244712756,0.0138553378332788,1.85838288039492,0.849526737650686
"CATG00000053680_P2","Enhancer","chr20_53735529_53736491","NSC_P1vsNeuron","CATG00000053680.1","LncRNA",-0.431192209140841,0.0193180366611581,1.71403701407751,-0.739079406649254
"CATG00000053680_P2","Enhancer","chr20_53735529_53736491","NSC_P0vsNeuron","CATG00000053680.1","LncRNA",-0.451703804035196,0.0323310118072053,1.49038070381993,-0.673210633376116
"CATG00000053680_P2","Enhancer","chr20_53735529_53736491","NSC_P0vsNSC_P1","CATG00000053680.1","LncRNA",-0.185053051418756,0.350274164397809,0.455591894293073,-0.0843086702405847
"CATG00000053680_P2","Enhancer","chr20_53735529_53736491","iPSvsNSC_P0","CATG00000053680.1","LncRNA",-0.115826218204239,0.211955594587519,0.673755115701461,-0.0780385070474597
"CATG00000053683_P1","Enhancer","chr20_53763636_53764673",NA,NA,NA,NA,NA,NA,NA
"CATG00000053752_P1","Enhancer","chr20_56735949_56736957",NA,NA,NA,NA,NA,NA,NA
"CATG00000054261_P1","Enhancer","chr20_11454865_11456023",NA,NA,NA,NA,NA,NA,NA
"CATG00000054261_P2","Enhancer","chr20_11536784_11537676",NA,NA,NA,NA,NA,NA,NA
"CATG00000054299_P1","Enhancer","chr20_12597236_12598125",NA,NA,NA,NA,NA,NA,NA
"CATG00000054976_P1","Enhancer","chr20_47360398_47361423","NSC_P0vsNeuron","CATG00000054976.1","LncRNA",0.193438399341075,0.0158967245128062,1.79869235194106,0.347936169466511
"CATG00000054976_P1","Enhancer","chr20_47360398_47361423","iPSvsNSC_P2","CATG00000054976.1","LncRNA",0.5137930361525,0.0133985425403379,1.87294244052429,0.962304783055846
"CATG00000054976_P1","Enhancer","chr20_47360398_47361423","NSC_P0vsNSC_P2","CATG00000054976.1","LncRNA",0.410177774503665,0.106126469537405,0.974176283013553,0.399585459740751
"CATG00000054976_P1","Enhancer","chr20_47360398_47361423","iPSvsNeuron","CATG00000054976.1","LncRNA",-0.0379710378233597,0.00956597709162726,2.01927066350083,-0.0766738027393906
"CATG00000054976_P1","Enhancer","chr20_47360398_47361423","iPSvsNSC_P1","CATG00000054976.1","LncRNA",0.164315693126499,0.0182296594068501,1.7392214453937,0.285781377300338
"CATG00000054976_P1","Enhancer","chr20_47360398_47361423","NSC_P1vsNSC_P2","CATG00000054976.1","LncRNA",0.354962118221609,0.0578589975763816,1.2376290948985,0.439311445097863
"CATG00000054976_P1","Enhancer","chr20_47360398_47361423","iPSvsNSC_P0","CATG00000054976.1","LncRNA",0.339979926166426,0.0381583954077491,1.418409896028,0.482230891725329
"CATG00000054976_P1","Enhancer","chr20_47360398_47361423","NSC_P1vsNeuron","CATG00000054976.1","LncRNA",0.143846476636941,0.0428482116289233,1.36806729966606,0.196791660859178
"CATG00000054976_P1","Enhancer","chr20_47360398_47361423","NSC_P2vsNeuron","CATG00000054976.1","LncRNA",-0.337174960277668,0.104065610912928,0.982692761922304,-0.331339392966305
"CATG00000054976_P1","Enhancer","chr20_47360398_47361423","NSC_P0vsNSC_P1","CATG00000054976.1","LncRNA",0.0667217547023637,0.0982320236643982,1.00774690902023,0.0672386420657129
"CATG00000055025_P1","Enhancer","chr20_48793444_48795055","iPSvsNeuron","CATG00000055025.1","LncRNA",0.201845647767096,0.014299577432221,1.8446767962109,0.372339982852119
"CATG00000055025_P1","Enhancer","chr20_48793444_48795055","NSC_P2vsNeuron","CATG00000055025.1","LncRNA",0.681480154310197,0.00489392461060797,2.31034272510461,1.57445271681373
"CATG00000055025_P1","Enhancer","chr20_48793444_48795055","NSC_P1vsNSC_P2","CATG00000055025.1","LncRNA",-0.514510248394711,0.0403228126547365,1.39444918197354,-0.71745839499101
"CATG00000055025_P1","Enhancer","chr20_48793444_48795055","NSC_P0vsNSC_P2","CATG00000055025.1","LncRNA",-0.409704548265362,0.0855974571995815,1.067539136498,-0.437375639674507
"CATG00000055025_P1","Enhancer","chr20_48793444_48795055","NSC_P0vsNSC_P1","CATG00000055025.1","LncRNA",0.0750556147155404,0.0423578997818281,1.37306558151486,0.103056281265349
"CATG00000055025_P1","Enhancer","chr20_48793444_48795055","NSC_P0vsNeuron","CATG00000055025.1","LncRNA",0.520867204267985,0.0211239265413306,1.67522535144439,0.872569945325694
"CATG00000055025_P1","Enhancer","chr20_48793444_48795055","NSC_P1vsNeuron","CATG00000055025.1","LncRNA",0.283867584478363,0.00710557396954679,2.14840083515538,0.609861355566856
"CATG00000055025_P1","Enhancer","chr20_48793444_48795055","iPSvsNSC_P2","CATG00000055025.1","LncRNA",-0.668918308181797,0.0196093160652098,1.70753755341458,-1.14220313138697
"CATG00000055025_P1","Enhancer","chr20_48793444_48795055","iPSvsNSC_P0","CATG00000055025.1","LncRNA",-0.381705072231499,0.0485606071413924,1.31371589202118,-0.501452019455614
"CATG00000055025_P1","Enhancer","chr20_48793444_48795055","iPSvsNSC_P1","CATG00000055025.1","LncRNA",-0.253689506046074,0.339254624463195,0.469474223653018,-0.119100683899898
"CATG00000055197_P1","Enhancer","chr20_53753227_53754200","NSC_P2vsNeuron","CATG00000055197.1","LncRNA",-0.420413481054385,0.0380388250775127,1.41977290577861,-0.596891669625084
"CATG00000055197_P1","Enhancer","chr20_53753227_53754200","NSC_P0vsNeuron","CATG00000055197.1","LncRNA",-0.145946169110892,0.0220807744993339,1.65598569747872,-0.241684768649446
"CATG00000055197_P1","Enhancer","chr20_53753227_53754200","NSC_P0vsNSC_P2","CATG00000055197.1","LncRNA",0.103609464414455,0.156608402173604,0.805184941385713,0.0834247805315576
"CATG00000055197_P1","Enhancer","chr20_53753227_53754200","NSC_P1vsNSC_P2","CATG00000055197.1","LncRNA",0.130604990146992,0.11142025897279,0.953035836449876,0.124471236029266
"CATG00000055197_P1","Enhancer","chr20_53753227_53754200","iPSvsNSC_P0","CATG00000055197.1","LncRNA",0.405009732131125,0.00873354558865213,2.05880940841592,0.833837847011573
"CATG00000055197_P1","Enhancer","chr20_53753227_53754200","NSC_P0vsNSC_P1","CATG00000055197.1","LncRNA",0.0919868107214253,0.0789853488376666,1.10245345945708,0.101411177704259
"CATG00000055197_P1","Enhancer","chr20_53753227_53754200","iPSvsNSC_P1","CATG00000055197.1","LncRNA",0.39594844794791,0.00614731470897441,2.21131455280197,0.875566565106566
"CATG00000055197_P1","Enhancer","chr20_53753227_53754200","NSC_P1vsNeuron","CATG00000055197.1","LncRNA",-0.191035738948039,0.0934518649248164,1.02941202742078,-0.196654487340327
"CATG00000055197_P1","Enhancer","chr20_53753227_53754200","iPSvsNeuron","CATG00000055197.1","LncRNA",0.419387875989875,0.0368396307305206,1.43368473169183,0.601269994463349
"CATG00000055197_P1","Enhancer","chr20_53753227_53754200","iPSvsNSC_P2","CATG00000055197.1","LncRNA",0.558748595168307,0.00624367646704913,2.20455960916754,1.23179458458715
"CATG00000055197_P2","Enhancer","chr20_53773486_53774644","NSC_P1vsNeuron","CATG00000055197.1","LncRNA",-0.455962062206001,0.00774293821201888,2.11109420635526,-0.962578867840887
"CATG00000055197_P2","Enhancer","chr20_53773486_53774644","iPSvsNeuron","CATG00000055197.1","LncRNA",-0.151211233875942,0.0510753938290699,1.29178827595088,-0.195332899113007
"CATG00000055197_P2","Enhancer","chr20_53773486_53774644","NSC_P0vsNSC_P2","CATG00000055197.1","LncRNA",0.0619946018957387,0.257106438993603,0.589887046716246,0.0365698126246267
"CATG00000055197_P2","Enhancer","chr20_53773486_53774644","iPSvsNSC_P0","CATG00000055197.1","LncRNA",0.206328742876367,0.0151795555063566,1.81874094543414,0.375258532889202
"CATG00000055197_P2","Enhancer","chr20_53773486_53774644","iPSvsNSC_P2","CATG00000055197.1","LncRNA",0.503832773927309,0.0437150584738368,1.35936893635719,0.68489462199546
"CATG00000055197_P2","Enhancer","chr20_53773486_53774644","NSC_P1vsNSC_P2","CATG00000055197.1","LncRNA",0.0553256113208123,0.425380542898414,0.371222378808244,0.0205381050435323
"CATG00000055197_P2","Enhancer","chr20_53773486_53774644","NSC_P2vsNeuron","CATG00000055197.1","LncRNA",-0.452252305518972,0.0231278867214824,1.63586404847142,-0.739823287436798
"CATG00000055197_P2","Enhancer","chr20_53773486_53774644","iPSvsNSC_P1","CATG00000055197.1","LncRNA",0.438997925383104,0.00763325046617089,2.11729048708895,0.929486131265432
"CATG00000055197_P2","Enhancer","chr20_53773486_53774644","NSC_P0vsNeuron","CATG00000055197.1","LncRNA",-0.310649342650603,0.125725025573081,0.900578267369419,-0.279764046763729
"CATG00000055197_P2","Enhancer","chr20_53773486_53774644","NSC_P0vsNSC_P1","CATG00000055197.1","LncRNA",0.249805259272533,0.062248978521061,1.20586777075924,0.301232111122902
"CATG00000055210_P1","Enhancer","chr20_53865764_53866742","NSC_P0vsNSC_P1","CATG00000055210.1","LncRNA",0.176731693265667,0.088858945001222,1.05129884732818,0.185797825416554
"CATG00000055210_P1","Enhancer","chr20_53865764_53866742","iPSvsNSC_P0","CATG00000055210.1","LncRNA",0.291842675197067,0.0086722790883867,2.06186675426095,0.60174070946341
"CATG00000055210_P1","Enhancer","chr20_53865764_53866742","NSC_P1vsNeuron","CATG00000055210.1","LncRNA",-0.020811213032783,0.10422530042513,0.982026844363928,-0.0204371698619694
"CATG00000055210_P1","Enhancer","chr20_53865764_53866742","NSC_P0vsNSC_P2","CATG00000055210.1","LncRNA",-0.482088537664529,0.0717461083363445,1.14420165102447,-0.551606500735726
"CATG00000055210_P1","Enhancer","chr20_53865764_53866742","iPSvsNSC_P1","CATG00000055210.1","LncRNA",0.434665390918457,0.0161069189986036,1.79298752537049,0.779349623627081
"CATG00000055210_P1","Enhancer","chr20_53865764_53866742","iPSvsNSC_P2","CATG00000055210.1","LncRNA",-0.0383812745235867,0.242294383470039,0.615656652953871,-0.023629687009295
"CATG00000055210_P1","Enhancer","chr20_53865764_53866742","iPSvsNeuron","CATG00000055210.1","LncRNA",0.073453302453657,0.0286509134251496,1.54286152765197,0.113328274434731
"CATG00000055210_P1","Enhancer","chr20_53865764_53866742","NSC_P2vsNeuron","CATG00000055210.1","LncRNA",0.430072209736697,0.0224115069406719,1.64952894069764,0.709416556550466
"CATG00000055210_P1","Enhancer","chr20_53865764_53866742","NSC_P1vsNSC_P2","CATG00000055210.1","LncRNA",-0.482717831452882,0.0181495699592179,1.74113366079598,-0.840476265009054
"CATG00000055210_P1","Enhancer","chr20_53865764_53866742","NSC_P0vsNeuron","CATG00000055210.1","LncRNA",0.0747160561976006,0.125725025573081,0.900578267369419,0.0672876564351112
"CATG00000055210_P2","Enhancer","chr20_53863835_53864699","iPSvsNSC_P2","CATG00000055210.1","LncRNA",-0.0901460547800333,0.736768721301377,0.132668819910229,-0.0119595707072299
"CATG00000055210_P2","Enhancer","chr20_53863835_53864699","iPSvsNSC_P1","CATG00000055210.1","LncRNA",0.393237097158293,0.0104683736888067,1.98012078277556,0.778656948641469
"CATG00000055210_P2","Enhancer","chr20_53863835_53864699","NSC_P2vsNeuron","CATG00000055210.1","LncRNA",0.583341690258247,0.00912191346531229,2.03991405199375,1.18996691107158
"CATG00000055210_P2","Enhancer","chr20_53863835_53864699","NSC_P1vsNeuron","CATG00000055210.1","LncRNA",-0.0736198273827267,0.0168623166555472,1.77308275939073,-0.130534046681634
"CATG00000055210_P2","Enhancer","chr20_53863835_53864699","iPSvsNSC_P0","CATG00000055210.1","LncRNA",0.377579371578576,0.0190713471052323,1.71961862946546,0.649292521468383
"CATG00000055210_P2","Enhancer","chr20_53863835_53864699","NSC_P0vsNSC_P2","CATG00000055210.1","LncRNA",-0.45184591668783,0.0161384359225709,1.79213855778692,-0.809770489474839
"CATG00000055210_P2","Enhancer","chr20_53863835_53864699","NSC_P1vsNSC_P2","CATG00000055210.1","LncRNA",-0.440738381382251,0.0210364165023968,1.67702823912774,-0.739130711645487
"CATG00000055210_P2","Enhancer","chr20_53863835_53864699","iPSvsNeuron","CATG00000055210.1","LncRNA",0.535723368210261,0.00867230698942156,2.06186535702202,1.10458945385989
"CATG00000055210_P2","Enhancer","chr20_53863835_53864699","NSC_P0vsNSC_P1","CATG00000055210.1","LncRNA",-0.018631220301019,0.0810521826296368,1.09123528567365,-0.0203310450076312
"CATG00000055210_P2","Enhancer","chr20_53863835_53864699","NSC_P0vsNeuron","CATG00000055210.1","LncRNA",0.139006607534582,0.0076879549867202,2.11418916814339,0.293886263949973
"CATG00000056029_P1","Enhancer","chr21_37398438_37399332","NSC_P1vsNSC_P2","CATG00000056029.1","LncRNA",-0.727325279172084,0.00523306389646244,2.28124396242991,-1.65920640183396
"CATG00000056029_P1","Enhancer","chr21_37398438_37399332","NSC_P0vsNSC_P1","CATG00000056029.1","LncRNA",-0.168077892786124,0.51190215893425,0.290813038820033,-0.0488792427596005
"CATG00000056029_P1","Enhancer","chr21_37398438_37399332","NSC_P1vsNeuron","CATG00000056029.1","LncRNA",-0.071091109293922,0.171277633986835,0.766299344975405,-0.0544770704855074
"CATG00000056029_P1","Enhancer","chr21_37398438_37399332","iPSvsNSC_P1","CATG00000056029.1","LncRNA",0.210963609647976,0.0539963700701129,1.26763543483458,0.267424947050385
"CATG00000056029_P1","Enhancer","chr21_37398438_37399332","NSC_P0vsNeuron","CATG00000056029.1","LncRNA",-0.286552726408545,0.134235568497106,0.872132393590919,-0.249911915172688
"CATG00000056029_P1","Enhancer","chr21_37398438_37399332","NSC_P0vsNSC_P2","CATG00000056029.1","LncRNA",-0.751421227696423,0.00457478704898356,2.33962911703006,-1.75804698347303
"CATG00000056029_P1","Enhancer","chr21_37398438_37399332","NSC_P2vsNeuron","CATG00000056029.1","LncRNA",0.589546336982012,0.0129550848747513,1.88755973740487,1.11280392902177
"CATG00000056029_P1","Enhancer","chr21_37398438_37399332","iPSvsNSC_P0","CATG00000056029.1","LncRNA",0.422730495188883,0.0175342830863452,1.75611198615597,0.742362089514847
"CATG00000056029_P1","Enhancer","chr21_37398438_37399332","iPSvsNSC_P2","CATG00000056029.1","LncRNA",-0.581966995666353,0.027182282589285,1.56571407687844,-0.911193917393466
"CATG00000056029_P1","Enhancer","chr21_37398438_37399332","iPSvsNeuron","CATG00000056029.1","LncRNA",0.0564343718333023,0.0866325556898505,1.06231887357713,0.0599512983169864
"CATG00000056426_P2","Enhancer","chr1_43007108_43007918","NSC_P0vsNeuron","CATG00000056426.1","LncRNA",0.18298661604797,0.00731261537457699,2.13592726878712,0.390846103039937
"CATG00000056426_P2","Enhancer","chr1_43007108_43007918","NSC_P0vsNSC_P2","CATG00000056426.1","LncRNA",0.452327841595705,0.0470777208819776,1.3271845703048,0.600322532085095
"CATG00000056426_P2","Enhancer","chr1_43007108_43007918","NSC_P0vsNSC_P1","CATG00000056426.1","LncRNA",-0.248740175695765,0.0474764723590949,1.32352155787025,-0.329212984841779
"CATG00000056426_P2","Enhancer","chr1_43007108_43007918","iPSvsNSC_P0","CATG00000056426.1","LncRNA",-0.565989253871127,0.0068541840124513,2.16404424036144,-1.22482578494628
"CATG00000056426_P2","Enhancer","chr1_43007108_43007918","iPSvsNeuron","CATG00000056426.1","LncRNA",-0.766834727223449,0.00642180485958815,2.19234289554493,-1.68116466628546
"CATG00000056426_P2","Enhancer","chr1_43007108_43007918","iPSvsNSC_P2","CATG00000056426.1","LncRNA",-0.241081333974647,0.198960895182501,0.701232273717484,-0.169054011973886
"CATG00000056426_P2","Enhancer","chr1_43007108_43007918","NSC_P1vsNeuron","CATG00000056426.1","LncRNA",0.227549882791869,0.00550680082787967,2.25910063096689,0.514058083791553
"CATG00000056426_P2","Enhancer","chr1_43007108_43007918","NSC_P2vsNeuron","CATG00000056426.1","LncRNA",-0.56229358090686,0.01510801724246,1.82079252819314,-1.02381995076618
"CATG00000056426_P2","Enhancer","chr1_43007108_43007918","iPSvsNSC_P1","CATG00000056426.1","LncRNA",-0.76595703190755,0.00361333034182006,2.442092332074,-1.87053779431959
"CATG00000056426_P2","Enhancer","chr1_43007108_43007918","NSC_P1vsNSC_P2","CATG00000056426.1","LncRNA",0.47870661752478,0.0296093644247683,1.52857091479167,0.731737012266678
"CATG00000056451_P2","Enhancer","chr21_17070591_17071474",NA,NA,NA,NA,NA,NA,NA
"CATG00000056757_P1","Enhancer","chr21_33361999_33362856",NA,NA,NA,NA,NA,NA,NA
"CATG00000057360_P1","Enhancer","chr22_27669093_27670000","NSC_P1vsNeuron","CATG00000057360.1","LncRNA",0.079919119187316,0.219063987865362,0.659429010649295,0.0527009856976549
"CATG00000057360_P1","Enhancer","chr22_27669093_27670000","NSC_P0vsNSC_P1","CATG00000057360.1","LncRNA",-0.113117155950962,0.00700394223320006,2.15465744452833,-0.243728722173611
"CATG00000057360_P1","Enhancer","chr22_27669093_27670000","iPSvsNSC_P1","CATG00000057360.1","LncRNA",-0.114644319169419,0.0103247860324503,1.98611893975766,-0.227697253638005
"CATG00000057360_P1","Enhancer","chr22_27669093_27670000","NSC_P1vsNSC_P2","CATG00000057360.1","LncRNA",-0.541905991030957,0.0194838490600652,1.7103252435344,-0.926835496082774
"CATG00000057360_P1","Enhancer","chr22_27669093_27670000","NSC_P0vsNeuron","CATG00000057360.1","LncRNA",0.103954911853491,0.0238089362822989,1.62326000724306,0.168745850968249
"CATG00000057360_P1","Enhancer","chr22_27669093_27670000","iPSvsNSC_P2","CATG00000057360.1","LncRNA",-0.663058859685194,0.0161384441662331,1.79213833594535,-1.18829320143004
"CATG00000057360_P1","Enhancer","chr22_27669093_27670000","NSC_P0vsNSC_P2","CATG00000057360.1","LncRNA",-0.606087272387187,0.00726857833026652,2.13855052500034,-1.29614825455964
"CATG00000057360_P1","Enhancer","chr22_27669093_27670000","NSC_P2vsNeuron","CATG00000057360.1","LncRNA",0.564780806686148,0.0129550848747513,1.88755973740487,1.06605751115982
"CATG00000057360_P1","Enhancer","chr22_27669093_27670000","iPSvsNeuron","CATG00000057360.1","LncRNA",0.223516975249004,0.0168623166555472,1.77308275939073,0.396314095245174
"CATG00000057360_P1","Enhancer","chr22_27669093_27670000","iPSvsNSC_P0","CATG00000057360.1","LncRNA",-0.244087286719353,0.0106137351839419,1.97413175235648,-0.481860463059216
"CATG00000057360_P2","Enhancer","chr22_27670392_27671307","NSC_P2vsNeuron","CATG00000057360.1","LncRNA",0.242249578877348,0.0439663025366359,1.3568800559963,0.328703622152176
"CATG00000057360_P2","Enhancer","chr22_27670392_27671307","NSC_P1vsNSC_P2","CATG00000057360.1","LncRNA",-0.588222363787106,0.0110781446344848,1.95553296907301,-1.15028822553175
"CATG00000057360_P2","Enhancer","chr22_27670392_27671307","iPSvsNSC_P1","CATG00000057360.1","LncRNA",-1.26077882366124,0.00307197276292698,2.5125826392144,-3.1678109842204
"CATG00000057360_P2","Enhancer","chr22_27670392_27671307","NSC_P0vsNSC_P1","CATG00000057360.1","LncRNA",-0.297163810225817,0.00478208550821749,2.3203826625542,-0.689533753186533
"CATG00000057360_P2","Enhancer","chr22_27670392_27671307","iPSvsNeuron","CATG00000057360.1","LncRNA",-1.5171761300766,0.00345043218765345,2.46212650348978,-3.73547956032366
"CATG00000057360_P2","Enhancer","chr22_27670392_27671307","iPSvsNSC_P2","CATG00000057360.1","LncRNA",-1.46185814501386,0.00312070562939875,2.50574719562726,-3.66304694727334
"CATG00000057360_P2","Enhancer","chr22_27670392_27671307","NSC_P0vsNeuron","CATG00000057360.1","LncRNA",-0.81045179366988,0.00542612735921226,2.26551001692275,-1.83608665679212
"CATG00000057360_P2","Enhancer","chr22_27670392_27671307","NSC_P1vsNeuron","CATG00000057360.1","LncRNA",-0.504402185034567,0.0241080355296558,1.61783817715426,-0.816041111588952
"CATG00000057360_P2","Enhancer","chr22_27670392_27671307","iPSvsNSC_P0","CATG00000057360.1","LncRNA",-0.862509838568345,0.00408253116428562,2.3890704913615,-2.06059680383261
"CATG00000057360_P2","Enhancer","chr22_27670392_27671307","NSC_P0vsNSC_P2","CATG00000057360.1","LncRNA",-0.78815238563105,0.00440574858293474,2.35598028979068,-1.85687148589826
"CATG00000057756_P2","Enhancer","chr22_40072818_40073738","iPSvsNSC_P0","CATG00000057756.1","LncRNA",0.373258750832573,0.0141102013996036,1.85046678737164,0.690702921511504
"CATG00000057756_P2","Enhancer","chr22_40072818_40073738","NSC_P1vsNSC_P2","CATG00000057756.1","LncRNA",0.42367916883244,0.0165675822827475,1.78074086381189,0.754462809085784
"CATG00000057756_P2","Enhancer","chr22_40072818_40073738","iPSvsNeuron","CATG00000057756.1","LncRNA",0.485810030582494,0.0117624168011401,1.92950343544001,0.937372122980141
"CATG00000057756_P2","Enhancer","chr22_40072818_40073738","NSC_P0vsNSC_P2","CATG00000057756.1","LncRNA",0.364772228979093,0.0417482824647485,1.37936138680135,0.503152727631221
"CATG00000057756_P2","Enhancer","chr22_40072818_40073738","iPSvsNSC_P2","CATG00000057756.1","LncRNA",0.557995112939629,0.0051943682523761,2.28446726450539,1.27472156926457
"CATG00000057756_P2","Enhancer","chr22_40072818_40073738","NSC_P0vsNSC_P1","CATG00000057756.1","LncRNA",-0.1001120022535,0.338043307725321,0.47102765741085,-0.0471555219001756
"CATG00000057756_P2","Enhancer","chr22_40072818_40073738","NSC_P2vsNeuron","CATG00000057756.1","LncRNA",-0.451504518888009,0.0175700187075686,1.7552277760921,-0.792493272583332
"CATG00000057756_P2","Enhancer","chr22_40072818_40073738","iPSvsNSC_P1","CATG00000057756.1","LncRNA",0.459791615754491,0.00558855360253867,2.25270057918295,1.0357728391136
"CATG00000057756_P2","Enhancer","chr22_40072818_40073738","NSC_P1vsNeuron","CATG00000057756.1","LncRNA",-0.0796374708039647,0.843168386139848,0.0740856853174922,-0.00589999660146348
"CATG00000057756_P2","Enhancer","chr22_40072818_40073738","NSC_P0vsNeuron","CATG00000057756.1","LncRNA",-0.066824710097801,0.303019847764806,0.518528924327959,-0.0346505450455405
"CATG00000057894_P1","Enhancer","chr22_45072035_45072931",NA,NA,NA,NA,NA,NA,NA
"CATG00000058251_P2","Enhancer","chr22_21836895_21837872","NSC_P0vsNeuron","CATG00000058251.1","LncRNA",-0.107389809910085,0.017879100982147,1.74765432269384,-0.187680265502629
"CATG00000058251_P2","Enhancer","chr22_21836895_21837872","NSC_P0vsNSC_P2","CATG00000058251.1","LncRNA",-0.668242645304322,0.00358693031424849,2.44527706057838,-1.63403841146287
"CATG00000058251_P2","Enhancer","chr22_21836895_21837872","NSC_P0vsNSC_P1","CATG00000058251.1","LncRNA",-0.087089962588516,0.0361945422865437,1.44135691105612,-0.125527719460577
"CATG00000058251_P2","Enhancer","chr22_21836895_21837872","iPSvsNSC_P1","CATG00000058251.1","LncRNA",0.266702838388962,0.103714930239883,0.984158720428097,0.262477924163422
"CATG00000058251_P2","Enhancer","chr22_21836895_21837872","NSC_P1vsNeuron","CATG00000058251.1","LncRNA",0.019867981599008,0.145160730409491,0.838150855213742,0.0166523657685795
"CATG00000058251_P2","Enhancer","chr22_21836895_21837872","iPSvsNSC_P2","CATG00000058251.1","LncRNA",-0.497706868392848,0.0160326934428414,1.79499351138878,-0.893380599338793
"CATG00000058251_P2","Enhancer","chr22_21836895_21837872","iPSvsNSC_P0","CATG00000058251.1","LncRNA",0.320624391063168,0.0374940392095442,1.42603777078349,0.457222491890533
"CATG00000058251_P2","Enhancer","chr22_21836895_21837872","NSC_P2vsNeuron","CATG00000058251.1","LncRNA",0.53723283227173,0.00584573918315919,2.23316056527718,1.1997271754014
"CATG00000058251_P2","Enhancer","chr22_21836895_21837872","NSC_P1vsNSC_P2","CATG00000058251.1","LncRNA",-0.510605179637875,0.00732094407013304,2.13543291101645,-1.09036310513418
"CATG00000058251_P2","Enhancer","chr22_21836895_21837872","iPSvsNeuron","CATG00000058251.1","LncRNA",0.131309118069445,0.0241080355296558,1.61783817715426,0.212436904221204
"CATG00000058320_P1","Enhancer","chr22_24695737_24696769",NA,NA,NA,NA,NA,NA,NA
"CATG00000058645_P1","Enhancer","chr22_39174392_39175354","NSC_P1vsNeuron","CATG00000058645.1","LncRNA",0.139712549043463,0.0329164760583163,1.48258666526859,0.207135962182522
"CATG00000058645_P1","Enhancer","chr22_39174392_39175354","NSC_P2vsNeuron","CATG00000058645.1","LncRNA",-0.076643178163697,0.0367219543069043,1.43507421412332,-0.109988648671181
"CATG00000058645_P1","Enhancer","chr22_39174392_39175354","NSC_P0vsNSC_P2","CATG00000058645.1","LncRNA",0.32946568417324,0.18826457349484,0.725231395241925,0.238938857817294
"CATG00000058645_P1","Enhancer","chr22_39174392_39175354","iPSvsNeuron","CATG00000058645.1","LncRNA",0.669435243943804,0.00511391158736302,2.29124678461087,1.53384135019144
"CATG00000058645_P1","Enhancer","chr22_39174392_39175354","NSC_P1vsNSC_P2","CATG00000058645.1","LncRNA",0.43260496714536,0.31441288014159,0.502499671093696,0.217383853704043
"CATG00000058645_P1","Enhancer","chr22_39174392_39175354","NSC_P0vsNSC_P1","CATG00000058645.1","LncRNA",-0.131638137770501,0.0127591974726162,1.89417664098908,-0.249345885628185
"CATG00000058645_P1","Enhancer","chr22_39174392_39175354","NSC_P0vsNeuron","CATG00000058645.1","LncRNA",0.161881135689969,0.0827377819772694,1.08229612578936,0.175203325995636
"CATG00000058645_P1","Enhancer","chr22_39174392_39175354","iPSvsNSC_P2","CATG00000058645.1","LncRNA",0.806932090285969,0.00464403469661765,2.33310454421053,1.8826569267155
"CATG00000058645_P1","Enhancer","chr22_39174392_39175354","iPSvsNSC_P0","CATG00000058645.1","LncRNA",0.597517209371613,0.00705462452210222,2.15152609634175,1.28557386897632
"CATG00000058645_P1","Enhancer","chr22_39174392_39175354","iPSvsNSC_P1","CATG00000058645.1","LncRNA",0.519249720807514,0.00802326929868377,2.0956486305858,1.08816496634232
"CATG00000058689_P1","Enhancer","chr22_40684472_40685344",NA,NA,NA,NA,NA,NA,NA
"CATG00000058838_P1","Enhancer","chr22_46561204_46562150","iPSvsNSC_P1","CATG00000058838.1","Others",0.065679592147851,0.191634098098626,0.717527212906091,0.0471268946986563
"CATG00000058838_P1","Enhancer","chr22_46561204_46562150","iPSvsNSC_P2","CATG00000058838.1","Others",-0.591032528344498,0.028547277779237,1.54443529904064,-0.91281149965648
"CATG00000058838_P1","Enhancer","chr22_46561204_46562150","NSC_P0vsNeuron","CATG00000058838.1","Others",-0.00316252827816,0.492049726931716,0.307991004873395,-0.000974030262331027
"CATG00000058838_P1","Enhancer","chr22_46561204_46562150","NSC_P0vsNSC_P2","CATG00000058838.1","Others",-0.540328660262093,0.0128679692178134,1.89048998666887,-1.02148592173569
"CATG00000058838_P1","Enhancer","chr22_46561204_46562150","NSC_P2vsNeuron","CATG00000058838.1","Others",0.596243975120615,0.00850187139597769,2.07048546869843,1.23451448628622
"CATG00000058838_P1","Enhancer","chr22_46561204_46562150","NSC_P1vsNSC_P2","CATG00000058838.1","Others",-0.507653111123989,0.0135796282053687,1.86711212037711,-0.947845276726745
"CATG00000058838_P1","Enhancer","chr22_46561204_46562150","NSC_P1vsNeuron","CATG00000058838.1","Others",0.0387816825566307,0.148500330952671,0.828272578462872,0.0321218042083091
"CATG00000058838_P1","Enhancer","chr22_46561204_46562150","iPSvsNSC_P0","CATG00000058838.1","Others",0.053826770995745,0.345349248374331,0.461741484864829,0.0248540531650545
"CATG00000058838_P1","Enhancer","chr22_46561204_46562150","iPSvsNeuron","CATG00000058838.1","Others",0.121220996896268,0.0831632959570843,1.08006830688736,0.13092695687695
"CATG00000058838_P1","Enhancer","chr22_46561204_46562150","NSC_P0vsNSC_P1","CATG00000058838.1","Others",-0.209887756061428,0.296314256383022,0.528247453077719,-0.110872672571647
"CATG00000059257_P1","Enhancer","chr3_14976085_14977009","iPSvsNSC_P2","CATG00000059257.1","LncRNA",-0.622300778296883,0.00985031337376616,2.00654995281888,-1.24867759733076
"CATG00000059257_P1","Enhancer","chr3_14976085_14977009","NSC_P0vsNSC_P1","CATG00000059257.1","LncRNA",0.0969204947817537,0.0108350256842542,1.96517005485486,0.190465254046818
"CATG00000059257_P1","Enhancer","chr3_14976085_14977009","NSC_P0vsNSC_P2","CATG00000059257.1","LncRNA",-0.740164016336946,0.00329502077587764,2.48214184273292,-1.83719207543519
"CATG00000059257_P1","Enhancer","chr3_14976085_14977009","NSC_P2vsNeuron","CATG00000059257.1","LncRNA",0.635410544155321,0.00369878175223856,2.43194129360886,1.5452811407258
"CATG00000059257_P1","Enhancer","chr3_14976085_14977009","NSC_P0vsNeuron","CATG00000059257.1","LncRNA",0.0310122945500737,0.0125033938533024,1.9029720884555,0.0590155309277509
"CATG00000059257_P1","Enhancer","chr3_14976085_14977009","iPSvsNSC_P1","CATG00000059257.1","LncRNA",0.368664963252133,0.00963281695876755,2.01624669202905,0.743319512624124
"CATG00000059257_P1","Enhancer","chr3_14976085_14977009","NSC_P1vsNeuron","CATG00000059257.1","LncRNA",-0.360793891284664,0.0311866186767404,1.50603170987379,-0.543367041003461
"CATG00000059257_P1","Enhancer","chr3_14976085_14977009","iPSvsNeuron","CATG00000059257.1","LncRNA",0.139609515470783,0.00632911396883086,2.19865708388167,0.306953450167124
"CATG00000059257_P1","Enhancer","chr3_14976085_14977009","NSC_P1vsNSC_P2","CATG00000059257.1","LncRNA",-0.749317524964077,0.00399241235093841,2.39876460954681,-1.79743636019703
"CATG00000059257_P1","Enhancer","chr3_14976085_14977009","iPSvsNSC_P0","CATG00000059257.1","LncRNA",0.377365892514914,0.0141102013996036,1.85046678737164,0.698303050785706
"CATG00000060012_P1","Enhancer","chr3_46558005_46558957",NA,NA,NA,NA,NA,NA,NA
"CATG00000060012_P2","Enhancer","chr3_46545545_46546464",NA,NA,NA,NA,NA,NA,NA
"CATG00000060535_P1","Enhancer","chr3_71872903_71873771",NA,NA,NA,NA,NA,NA,NA
"CATG00000060894_P1","Enhancer","chr3_86876410_86877331",NA,NA,NA,NA,NA,NA,NA
"CATG00000061339_P1","Enhancer","chr3_112321577_112322644","NSC_P1vsNeuron","CATG00000061339.1","LncRNA",0.0918967586743407,0.225422733427275,0.647002288360154,0.0594574131551794
"CATG00000061339_P1","Enhancer","chr3_112321577_112322644","NSC_P0vsNeuron","CATG00000061339.1","LncRNA",0.082063077978368,0.0392880536534791,1.40573948578457,0.11535930903921
"CATG00000061339_P1","Enhancer","chr3_112321577_112322644","iPSvsNSC_P1","CATG00000061339.1","LncRNA",0.373179458524212,0.00997345715048738,2.00115427387219,0.746789668347039
"CATG00000061339_P1","Enhancer","chr3_112321577_112322644","iPSvsNSC_P0","CATG00000061339.1","LncRNA",0.365213532253626,0.0226441897339931,1.64504321485082,0.600792043205527
"CATG00000061339_P1","Enhancer","chr3_112321577_112322644","NSC_P0vsNSC_P2","CATG00000061339.1","LncRNA",-0.519651576258734,0.00791979026211824,2.10128631957349,-1.09193674813728
"CATG00000061339_P1","Enhancer","chr3_112321577_112322644","iPSvsNeuron","CATG00000061339.1","LncRNA",0.423855994540127,0.0404457437002708,1.39312717453984,0.590485304085462
"CATG00000061339_P1","Enhancer","chr3_112321577_112322644","NSC_P1vsNSC_P2","CATG00000061339.1","LncRNA",-0.471411326649299,0.0139483331827427,1.85547768721387,-0.874693198097664
"CATG00000061339_P1","Enhancer","chr3_112321577_112322644","NSC_P0vsNSC_P1","CATG00000061339.1","LncRNA",-0.213789823649476,0.00695367131597159,2.15778584126757,-0.46131265447793
"CATG00000061339_P1","Enhancer","chr3_112321577_112322644","iPSvsNSC_P2","CATG00000061339.1","LncRNA",-0.120695248780596,0.72953862567499,0.136951709290169,-0.0165294206237048
"CATG00000061339_P1","Enhancer","chr3_112321577_112322644","NSC_P2vsNeuron","CATG00000061339.1","LncRNA",0.485835869212278,0.0116220461660299,1.93471740375422,0.939955111533054
"CATG00000061531_P1","Enhancer","chr3_120808019_120808865","iPSvsNSC_P0","CATG00000061531.1","LncRNA",0.316077449398522,0.0259722128725853,1.58549104623474,0.50113796593807
"CATG00000061531_P1","Enhancer","chr3_120808019_120808865","iPSvsNSC_P1","CATG00000061531.1","LncRNA",0.426279298314034,0.00651569294344142,2.1860393903106,0.931863337388443
"CATG00000061531_P1","Enhancer","chr3_120808019_120808865","NSC_P0vsNeuron","CATG00000061531.1","LncRNA",-0.068270065990073,0.0325251893829214,1.48778016601255,-0.101570850112398
"CATG00000061531_P1","Enhancer","chr3_120808019_120808865","NSC_P2vsNeuron","CATG00000061531.1","LncRNA",-0.419477204465703,0.0487016312121616,1.31245649228482,-0.5505455803665
"CATG00000061531_P1","Enhancer","chr3_120808019_120808865","NSC_P0vsNSC_P1","CATG00000061531.1","LncRNA",0.328888820019841,0.0136463690323108,1.86498288847681,0.613372021548333
"CATG00000061531_P1","Enhancer","chr3_120808019_120808865","NSC_P0vsNSC_P2","CATG00000061531.1","LncRNA",0.430082020703422,0.0146148802934757,1.8352047374804,0.789288561900062
"CATG00000061531_P1","Enhancer","chr3_120808019_120808865","NSC_P1vsNeuron","CATG00000061531.1","LncRNA",-0.237093747688381,0.253167476170818,0.596592087860065,-0.141448253951979
"CATG00000061531_P1","Enhancer","chr3_120808019_120808865","iPSvsNeuron","CATG00000061531.1","LncRNA",0.172868894434894,0.0302597330756421,1.51913490725424,0.262611171914496
"CATG00000061531_P1","Enhancer","chr3_120808019_120808865","iPSvsNSC_P2","CATG00000061531.1","LncRNA",0.528280376385349,0.00775227047537212,2.11057108323381,1.11497328623879
"CATG00000061531_P1","Enhancer","chr3_120808019_120808865","NSC_P1vsNSC_P2","CATG00000061531.1","LncRNA",0.282114602338372,0.1779985757734,0.749583472613735,0.21146844329584
"CATG00000061978_P1","Enhancer","chr3_138862777_138863837","NSC_P1vsNSC_P2","CATG00000061978.1","LncRNA",0.170656452571028,0.018267470962262,1.73832157433115,0.296655793303038
"CATG00000061978_P1","Enhancer","chr3_138862777_138863837","NSC_P2vsNeuron","CATG00000061978.1","LncRNA",-0.40283682457073,0.051800996415209,1.28566188632687,-0.517911951759532
"CATG00000061978_P1","Enhancer","chr3_138862777_138863837","iPSvsNSC_P0","CATG00000061978.1","LncRNA",0.164535949634891,0.00791005383359744,2.1018205608064,0.34582504193442
"CATG00000061978_P1","Enhancer","chr3_138862777_138863837","iPSvsNeuron","CATG00000061978.1","LncRNA",0.105205176302104,0.0129326074129906,1.88831390583012,0.198660397376572
"CATG00000061978_P1","Enhancer","chr3_138862777_138863837","NSC_P0vsNeuron","CATG00000061978.1","LncRNA",-0.189705093780745,0.00538618329951632,2.26871887101105,-0.430387526187297
"CATG00000061978_P1","Enhancer","chr3_138862777_138863837","NSC_P0vsNSC_P2","CATG00000061978.1","LncRNA",0.262167673060455,0.0706175971052024,1.15108706419724,0.301777817110582
"CATG00000061978_P1","Enhancer","chr3_138862777_138863837","NSC_P0vsNSC_P1","CATG00000061978.1","LncRNA",0.0818012396193383,0.0199466298182229,1.70013047215724,0.139072780137073
"CATG00000061978_P1","Enhancer","chr3_138862777_138863837","NSC_P1vsNeuron","CATG00000061978.1","LncRNA",-0.046186552533688,0.00819584054630518,2.08640649957946,-0.0963639233994547
"CATG00000061978_P1","Enhancer","chr3_138862777_138863837","iPSvsNSC_P1","CATG00000061978.1","LncRNA",0.13327116223034,0.00430467622769681,2.366059508046,0.315327500543436
"CATG00000061978_P1","Enhancer","chr3_138862777_138863837","iPSvsNSC_P2","CATG00000061978.1","LncRNA",0.466789957442283,0.0211705584994374,1.67426768472861,0.781531341301457
"CATG00000061978_P2","Enhancer","chr3_138862777_138863837","NSC_P0vsNeuron","CATG00000061978.1","LncRNA",-0.241319969247339,0.0309993806904293,1.50864698246946,-0.364066643414621
"CATG00000061978_P2","Enhancer","chr3_138862777_138863837","iPSvsNSC_P1","CATG00000061978.1","LncRNA",0.122934677380236,0.014016365959178,1.85336457185117,0.227842775708483
"CATG00000061978_P2","Enhancer","chr3_138862777_138863837","iPSvsNSC_P0","CATG00000061978.1","LncRNA",0.0850674604498063,0.0204626705551172,1.68903768774677,0.14368214670063
"CATG00000061978_P2","Enhancer","chr3_138862777_138863837","NSC_P1vsNSC_P2","CATG00000061978.1","LncRNA",0.166814795551887,0.122050626029331,0.91345998863199,0.152378641248474
"CATG00000061978_P2","Enhancer","chr3_138862777_138863837","NSC_P0vsNSC_P1","CATG00000061978.1","LncRNA",0.116318157169022,0.0443463892463333,1.35314173534141,0.157394953043405
"CATG00000061978_P2","Enhancer","chr3_138862777_138863837","iPSvsNSC_P2","CATG00000061978.1","LncRNA",-0.017446774540302,0.0432161743463596,1.36435368108542,-0.0238035710671284
"CATG00000061978_P2","Enhancer","chr3_138862777_138863837","NSC_P2vsNeuron","CATG00000061978.1","LncRNA",-0.647163338841164,0.0473451662081865,1.32472435449118,-0.85731303629672
"CATG00000061978_P2","Enhancer","chr3_138862777_138863837","NSC_P0vsNSC_P2","CATG00000061978.1","LncRNA",0.0820335512364337,0.02213040253687,1.65501068648162,0.135766403946335
"CATG00000061978_P2","Enhancer","chr3_138862777_138863837","NSC_P1vsNeuron","CATG00000061978.1","LncRNA",-0.068276061581889,0.030627607724854,1.51388692394006,-0.103362236846948
"CATG00000061978_P2","Enhancer","chr3_138862777_138863837","iPSvsNeuron","CATG00000061978.1","LncRNA",-0.0986336555497153,0.00879522678213863,2.0557529579164,-0.202766429146434
"CATG00000062352_P1","Enhancer","chr3_155877349_155878288","iPSvsNSC_P0","CATG00000062352.1","LncRNA",-0.0618301675259283,0.0663963773699422,1.17785561537841,-0.0728270100202028
"CATG00000062352_P1","Enhancer","chr3_155877349_155878288","iPSvsNSC_P2","CATG00000062352.1","LncRNA",-0.57024626455461,0.047345183385854,1.32472419692146,-0.755419024859567
"CATG00000062352_P1","Enhancer","chr3_155877349_155878288","iPSvsNeuron","CATG00000062352.1","LncRNA",0.0621749868950097,0.0707684515959335,1.15016030659481,0.0715112019896924
"CATG00000062352_P1","Enhancer","chr3_155877349_155878288","NSC_P1vsNSC_P2","CATG00000062352.1","LncRNA",-0.553938739297442,0.00656985295275556,2.18244435076313,-1.20894047224855
"CATG00000062352_P1","Enhancer","chr3_155877349_155878288","NSC_P0vsNSC_P1","CATG00000062352.1","LncRNA",-0.0758815515173947,0.0179950587842041,1.74484673030511,-0.132401677055605
"CATG00000062352_P1","Enhancer","chr3_155877349_155878288","iPSvsNSC_P1","CATG00000062352.1","LncRNA",0.029863513602983,0.0423582081473542,1.37306241986238,0.0410044682533049
"CATG00000062352_P1","Enhancer","chr3_155877349_155878288","NSC_P2vsNeuron","CATG00000062352.1","LncRNA",0.553055034111954,0.0218523698321125,1.66050145804367,0.918348690521288
"CATG00000062352_P1","Enhancer","chr3_155877349_155878288","NSC_P0vsNeuron","CATG00000062352.1","LncRNA",-0.0347300708164823,0.0383822149082085,1.41586996720717,-0.0491732642280357
"CATG00000062352_P1","Enhancer","chr3_155877349_155878288","NSC_P0vsNSC_P2","CATG00000062352.1","LncRNA",-0.604363921059132,0.00571826624046095,2.24273562790926,-1.35542849798225
"CATG00000062352_P1","Enhancer","chr3_155877349_155878288","NSC_P1vsNeuron","CATG00000062352.1","LncRNA",-0.356424471073213,0.0368396307305206,1.43368473169183,-0.511000322179001
"CATG00000062933_P1","Enhancer","chr3_177359601_177360522",NA,NA,NA,NA,NA,NA,NA
"CATG00000062933_P2","Enhancer","chr3_177358272_177358964",NA,NA,NA,NA,NA,NA,NA
"CATG00000063058_P1","Enhancer","chr3_182237813_182238749","NSC_P0vsNSC_P1","CATG00000063058.1","LncRNA",-0.0332741726758297,0.0121689309239854,1.91474757412886,-0.0637116414121896
"CATG00000063058_P1","Enhancer","chr3_182237813_182238749","NSC_P1vsNSC_P2","CATG00000063058.1","LncRNA",-0.695178086527931,0.00809054300756927,2.09202232915696,-1.45432807975704
"CATG00000063058_P1","Enhancer","chr3_182237813_182238749","NSC_P0vsNeuron","CATG00000063058.1","LncRNA",0.00524784172502167,0.0112903785709864,1.94729149576024,0.0102190775622304
"CATG00000063058_P1","Enhancer","chr3_182237813_182238749","NSC_P0vsNSC_P2","CATG00000063058.1","LncRNA",-0.714921403027322,0.00576047592914816,2.23954163378788,-1.60109624696573
"CATG00000063058_P1","Enhancer","chr3_182237813_182238749","iPSvsNSC_P1","CATG00000063058.1","LncRNA",0.150083375626402,0.0157924094794149,1.80155160376101,0.270382946057612
"CATG00000063058_P1","Enhancer","chr3_182237813_182238749","iPSvsNeuron","CATG00000063058.1","LncRNA",0.409372327095707,0.0321377626651473,1.49298436080236,0.611186482099158
"CATG00000063058_P1","Enhancer","chr3_182237813_182238749","NSC_P2vsNeuron","CATG00000063058.1","LncRNA",0.594622196620127,0.0106300826142664,1.97346336023864,1.17346511821444
"CATG00000063058_P1","Enhancer","chr3_182237813_182238749","iPSvsNSC_P2","CATG00000063058.1","LncRNA",-0.557550960708647,0.0627795100660513,1.20218207787524,-0.670277772466054
"CATG00000063058_P1","Enhancer","chr3_182237813_182238749","NSC_P1vsNeuron","CATG00000063058.1","LncRNA",0.0649876304547413,0.0204627231621791,1.68903657122939,0.109766484515599
"CATG00000063058_P1","Enhancer","chr3_182237813_182238749","iPSvsNSC_P0","CATG00000063058.1","LncRNA",0.103632493185529,0.0125033235003327,1.90297453211143,0.197209995231273
"CATG00000063838_P2","Enhancer","chr3_14390875_14391876","NSC_P1vsNSC_P2","CATG00000063838.1","LncRNA",0.580981437226402,0.004644027045142,2.33310525975135,1.35549084701082
"CATG00000063838_P2","Enhancer","chr3_14390875_14391876","iPSvsNSC_P1","CATG00000063838.1","LncRNA",0.0902581018251353,0.0293565494110835,1.53229499302688,0.138302037506765
"CATG00000063838_P2","Enhancer","chr3_14390875_14391876","NSC_P1vsNeuron","CATG00000063838.1","LncRNA",-0.043581710307073,0.0789859216473872,1.10245030992109,-0.0480466700349238
"CATG00000063838_P2","Enhancer","chr3_14390875_14391876","NSC_P0vsNSC_P2","CATG00000063838.1","LncRNA",0.504995780304524,0.00886920918753101,2.05211510179201,1.03630946710415
"CATG00000063838_P2","Enhancer","chr3_14390875_14391876","iPSvsNeuron","CATG00000063838.1","LncRNA",0.0984264075507133,0.0321377626651473,1.49298436080236,0.146949087163174
"CATG00000063838_P2","Enhancer","chr3_14390875_14391876","NSC_P0vsNSC_P1","CATG00000063838.1","LncRNA",0.175900350911344,0.00450368847426393,2.34643165780752,0.412738151997829
"CATG00000063838_P2","Enhancer","chr3_14390875_14391876","iPSvsNSC_P2","CATG00000063838.1","LncRNA",0.553505108321683,0.00606390002918015,2.2172479671935,1.22725807625747
"CATG00000063838_P2","Enhancer","chr3_14390875_14391876","NSC_P2vsNeuron","CATG00000063838.1","LncRNA",-0.616106871248696,0.00676305695872072,2.16985695491475,-1.33686377954975
"CATG00000063838_P2","Enhancer","chr3_14390875_14391876","NSC_P0vsNeuron","CATG00000063838.1","LncRNA",0.0481584818353617,0.0288260165639574,1.54021536815009,0.074174433829601
"CATG00000063838_P2","Enhancer","chr3_14390875_14391876","iPSvsNSC_P0","CATG00000063838.1","LncRNA",0.0768493690722077,0.422459681386485,0.374214732837143,0.0287581661160592
"CATG00000064242_P1","Enhancer","chr1_82485269_82486410",NA,NA,NA,NA,NA,NA,NA
"CATG00000064271_P1","Enhancer","chr1_82847839_82848731","NSC_P1vsNSC_P2","CATG00000064271.1","LncRNA",0.313514445159223,0.144348198035607,0.84058863324552,0.263536678959119
"CATG00000064271_P1","Enhancer","chr1_82847839_82848731","NSC_P0vsNSC_P2","CATG00000064271.1","LncRNA",0.0696011900958273,0.756770212707568,0.121035970569434,0.00842424759603613
"CATG00000064271_P1","Enhancer","chr1_82847839_82848731","iPSvsNSC_P2","CATG00000064271.1","LncRNA",0.384263011126479,0.0188671106685525,1.72429460310913,0.662582636259851
"CATG00000064271_P1","Enhancer","chr1_82847839_82848731","NSC_P0vsNeuron","CATG00000064271.1","LncRNA",-0.52867019838098,0.0196932685350656,1.70568219706975,-0.901743345499771
"CATG00000064271_P1","Enhancer","chr1_82847839_82848731","iPSvsNSC_P0","CATG00000064271.1","LncRNA",0.421063863622101,0.00680488021238355,2.16717951536273,0.912520979901306
"CATG00000064271_P1","Enhancer","chr1_82847839_82848731","iPSvsNeuron","CATG00000064271.1","LncRNA",-0.439045937846122,0.00433730699796275,2.36277983706209,-1.03736888948683
"CATG00000064271_P1","Enhancer","chr1_82847839_82848731","NSC_P1vsNeuron","CATG00000064271.1","LncRNA",-0.183272427003461,0.015079517497027,1.82161255446964,-0.333851353917625
"CATG00000064271_P1","Enhancer","chr1_82847839_82848731","iPSvsNSC_P1","CATG00000064271.1","LncRNA",-0.179414215179674,0.00584048586522737,2.23355102278313,-0.400730803816392
"CATG00000064271_P1","Enhancer","chr1_82847839_82848731","NSC_P0vsNSC_P1","CATG00000064271.1","LncRNA",-0.259861370724172,0.0433425104683153,1.36308593724877,-0.35421338006831
"CATG00000064271_P1","Enhancer","chr1_82847839_82848731","NSC_P2vsNeuron","CATG00000064271.1","LncRNA",-0.523324191291216,0.0197354557477537,1.70475284005898,-0.892138401375269
"CATG00000064271_P2","Enhancer","chr1_82775149_82776112","NSC_P0vsNSC_P2","CATG00000064271.1","LncRNA",0.5167342544981,0.0219910039273443,1.6577549438928,0.856618765072984
"CATG00000064271_P2","Enhancer","chr1_82775149_82776112","NSC_P0vsNSC_P1","CATG00000064271.1","LncRNA",-0.0221026639063617,0.0239577850136483,1.62055333656724,-0.0358185457404787
"CATG00000064271_P2","Enhancer","chr1_82775149_82776112","iPSvsNSC_P2","CATG00000064271.1","LncRNA",0.588967821975271,0.00396213115306985,2.40207115269657,1.41474261503332
"CATG00000064271_P2","Enhancer","chr1_82775149_82776112","NSC_P1vsNSC_P2","CATG00000064271.1","LncRNA",0.589357305579622,0.00584573383271991,2.23316096277478,1.31612972794654
"CATG00000064271_P2","Enhancer","chr1_82775149_82776112","iPSvsNSC_P0","CATG00000064271.1","LncRNA",0.173219087109811,0.0143950422797735,1.84178705521484,0.319032672354982
"CATG00000064271_P2","Enhancer","chr1_82775149_82776112","NSC_P2vsNeuron","CATG00000064271.1","LncRNA",-0.637714681052402,0.00671428460512266,2.1730002538216,-1.38575416379263
"CATG00000064271_P2","Enhancer","chr1_82775149_82776112","iPSvsNSC_P1","CATG00000064271.1","LncRNA",-0.0150931539069367,0.00457193658608482,2.33989980200913,-0.0353164678385345
"CATG00000064271_P2","Enhancer","chr1_82775149_82776112","NSC_P1vsNeuron","CATG00000064271.1","LncRNA",-0.13763034993891,0.224506357892181,0.648771355514143,-0.0892906286897523
"CATG00000064271_P2","Enhancer","chr1_82775149_82776112","iPSvsNeuron","CATG00000064271.1","LncRNA",-0.15507020868085,0.0264573620367207,1.57745345984648,-0.244616037202722
"CATG00000064271_P2","Enhancer","chr1_82775149_82776112","NSC_P0vsNeuron","CATG00000064271.1","LncRNA",-0.214975849904704,0.035141788615577,1.45417613794297,-0.312612751165431
"CATG00000065180_P2","Enhancer","chr3_80677524_80678539","NSC_P2vsNeuron","CATG00000065180.1","LncRNA",-0.349792772509337,0.0784231772906684,1.10555556637333,-0.386715346724858
"CATG00000065180_P2","Enhancer","chr3_80677524_80678539","iPSvsNeuron","CATG00000065180.1","LncRNA",0.26687830744133,0.0175343301888563,1.75611081950815,0.468667883189742
"CATG00000065180_P2","Enhancer","chr3_80677524_80678539","iPSvsNSC_P2","CATG00000065180.1","LncRNA",0.756725012311193,0.00369878441155045,2.43194098136441,1.84031056906308
"CATG00000065180_P2","Enhancer","chr3_80677524_80678539","iPSvsNSC_P0","CATG00000065180.1","LncRNA",0.668561628907417,0.00342392606821689,2.46547562148089,1.64832239752879
"CATG00000065180_P2","Enhancer","chr3_80677524_80678539","NSC_P0vsNSC_P2","CATG00000065180.1","LncRNA",0.174422257867535,0.0307053083123321,1.51278653750434,0.263863643543117
"CATG00000065180_P2","Enhancer","chr3_80677524_80678539","NSC_P1vsNSC_P2","CATG00000065180.1","LncRNA",0.472772538898392,0.0252404832787994,1.59790233392448,0.755444343321142
"CATG00000065180_P2","Enhancer","chr3_80677524_80678539","NSC_P0vsNSC_P1","CATG00000065180.1","LncRNA",-0.258898446435434,0.0761640134628012,1.11825017887223,-0.289513234036168
"CATG00000065180_P2","Enhancer","chr3_80677524_80678539","iPSvsNSC_P1","CATG00000065180.1","LncRNA",0.40962964454302,0.0124190041326531,1.90591322839727,0.780718558278213
"CATG00000065180_P2","Enhancer","chr3_80677524_80678539","NSC_P0vsNeuron","CATG00000065180.1","LncRNA",-0.36358534001609,0.0353503067082185,1.45160681380176,-0.527782956965787
"CATG00000065180_P2","Enhancer","chr3_80677524_80678539","NSC_P1vsNeuron","CATG00000065180.1","LncRNA",0.148905158045104,0.11104124256595,0.954515687050278,0.142132309236753
"CATG00000065342_P1","Enhancer","chr3_98985815_98986752","NSC_P0vsNSC_P1","CATG00000065342.1","LncRNA",-0.070953779326323,0.0104682584549483,1.98012556343259,-0.140497392266207
"CATG00000065342_P1","Enhancer","chr3_98985815_98986752","NSC_P1vsNeuron","CATG00000065342.1","LncRNA",-0.063328615930166,0.265316701431881,0.576235410736082,-0.0364921910118667
"CATG00000065342_P1","Enhancer","chr3_98985815_98986752","NSC_P0vsNSC_P2","CATG00000065342.1","LncRNA",-0.559973528889511,0.00610839760509366,2.21407270179274,-1.23982210404082
"CATG00000065342_P1","Enhancer","chr3_98985815_98986752","iPSvsNSC_P0","CATG00000065342.1","LncRNA",0.148979647127689,0.103206691612065,0.986292143445431,0.146937455495313
"CATG00000065342_P1","Enhancer","chr3_98985815_98986752","NSC_P1vsNSC_P2","CATG00000065342.1","LncRNA",-0.662814265978506,0.00417859648385906,2.37896956551456,-1.57681496635174
"CATG00000065342_P1","Enhancer","chr3_98985815_98986752","NSC_P2vsNeuron","CATG00000065342.1","LncRNA",0.568774011933535,0.00567633569038621,2.24593192889966,1.27742771372988
"CATG00000065342_P1","Enhancer","chr3_98985815_98986752","NSC_P0vsNeuron","CATG00000065342.1","LncRNA",0.0483562856259263,0.131759744649946,0.880217255499101,0.0425640370197835
"CATG00000065342_P1","Enhancer","chr3_98985815_98986752","iPSvsNSC_P1","CATG00000065342.1","LncRNA",0.0149859060351067,0.108907395369309,0.962942628425746,0.0144305677467869
"CATG00000065342_P1","Enhancer","chr3_98985815_98986752","iPSvsNeuron","CATG00000065342.1","LncRNA",0.035614451896045,0.182814615542427,0.737989086525117,0.0262830768218549
"CATG00000065342_P1","Enhancer","chr3_98985815_98986752","iPSvsNSC_P2","CATG00000065342.1","LncRNA",-0.512980137183757,0.0232735356692039,1.63313763454814,-0.837767167810463
"CATG00000066430_P1","Enhancer","chr3_147732267_147733831",NA,NA,NA,NA,NA,NA,NA
"CATG00000067254_P1","Enhancer","chr3_191927023_191927691",NA,NA,NA,NA,NA,NA,NA
"CATG00000067799_P1","Enhancer","chr4_11821693_11822592",NA,NA,NA,NA,NA,NA,NA
"CATG00000067992_P1","Enhancer","chr4_20290850_20291803","iPSvsNSC_P2","CATG00000067992.1","LncRNA",-0.524361727630218,0.019483871720697,1.71032473842981,-0.896828834651756
"CATG00000067992_P1","Enhancer","chr4_20290850_20291803","iPSvsNeuron","CATG00000067992.1","LncRNA",0.432518018866562,0.0337112870730664,1.47222466610674,0.636763695910972
"CATG00000067992_P1","Enhancer","chr4_20290850_20291803","NSC_P0vsNSC_P2","CATG00000067992.1","LncRNA",-0.624381514322006,0.00437262802090887,2.35925746647813,-1.47307674959512
"CATG00000067992_P1","Enhancer","chr4_20290850_20291803","NSC_P1vsNeuron","CATG00000067992.1","LncRNA",-0.344513662530052,0.0283035738020797,1.54815872403294,-0.533361832194442
"CATG00000067992_P1","Enhancer","chr4_20290850_20291803","NSC_P0vsNeuron","CATG00000067992.1","LncRNA",-0.0918391484964017,0.0112133571639543,1.95026434463039,-0.179110616753748
"CATG00000067992_P1","Enhancer","chr4_20290850_20291803","iPSvsNSC_P0","CATG00000067992.1","LncRNA",0.173244959699763,0.00741809362146984,2.12970768987622,0.36896112290488
"CATG00000067992_P1","Enhancer","chr4_20290850_20291803","iPSvsNSC_P1","CATG00000067992.1","LncRNA",0.419042809366607,0.010112690321426,1.99513329185509,0.836046259679803
"CATG00000067992_P1","Enhancer","chr4_20290850_20291803","NSC_P1vsNSC_P2","CATG00000067992.1","LncRNA",-0.606571834880613,0.00507979486373786,2.29415382538252,-1.39156909536065
"CATG00000067992_P1","Enhancer","chr4_20290850_20291803","NSC_P2vsNeuron","CATG00000067992.1","LncRNA",0.518108377696362,0.00985030766075243,2.00655020470235,1.03961047132464
"CATG00000067992_P1","Enhancer","chr4_20290850_20291803","NSC_P0vsNSC_P1","CATG00000067992.1","LncRNA",0.173049938138679,0.0112131709587612,1.95027155643665,0.337494372194988
"CATG00000068125_P2","Enhancer","chr4_26019730_26021431","NSC_P0vsNeuron","CATG00000068125.1","LncRNA",-0.190648026689373,0.0987214301792958,1.00558856163258,-0.191713474936657
"CATG00000068125_P2","Enhancer","chr4_26019730_26021431","iPSvsNeuron","CATG00000068125.1","LncRNA",0.103751262042979,0.0291788035361168,1.53493252012987,0.159251186114284
"CATG00000068125_P2","Enhancer","chr4_26019730_26021431","iPSvsNSC_P2","CATG00000068125.1","LncRNA",0.549330397196139,0.00515592303631959,2.28769357408651,1.256699619716
"CATG00000068125_P2","Enhancer","chr4_26019730_26021431","iPSvsNSC_P0","CATG00000068125.1","LncRNA",0.353238077265881,0.0241079764935228,1.61783924066266,0.57148242269697
"CATG00000068125_P2","Enhancer","chr4_26019730_26021431","NSC_P0vsNSC_P2","CATG00000068125.1","LncRNA",0.350030120739728,0.0415077869103931,1.38187042148119,0.483696270477718
"CATG00000068125_P2","Enhancer","chr4_26019730_26021431","NSC_P1vsNeuron","CATG00000068125.1","LncRNA",0.0727015931267723,0.0253374666009615,1.59623681077166,0.116048959150698
"CATG00000068125_P2","Enhancer","chr4_26019730_26021431","NSC_P1vsNSC_P2","CATG00000068125.1","LncRNA",0.460735599704705,0.0150082225306951,1.82367073952362,0.840230031838337
"CATG00000068125_P2","Enhancer","chr4_26019730_26021431","NSC_P2vsNeuron","CATG00000068125.1","LncRNA",-0.473643241221089,0.023419958748067,1.63041387422961,-0.772234511921946
"CATG00000068125_P2","Enhancer","chr4_26019730_26021431","iPSvsNSC_P1","CATG00000068125.1","LncRNA",0.0497609648028007,0.739786922439103,0.130893350180308,0.00651337939124298
"CATG00000068125_P2","Enhancer","chr4_26019730_26021431","NSC_P0vsNSC_P1","CATG00000068125.1","LncRNA",-0.255515014651926,0.0674675413194538,1.17090511629869,-0.299183837947074
"CATG00000068772_P1","Enhancer","chr4_64729323_64730216",NA,NA,NA,NA,NA,NA,NA
"CATG00000068984_P1","Enhancer","chr4_75885799_75886727","iPSvsNSC_P0","CATG00000068984.1","LncRNA",0.120433003040195,0.0239579954599677,1.62054952172067,0.195167645476173
"CATG00000068984_P1","Enhancer","chr4_75885799_75886727","NSC_P1vsNeuron","CATG00000068984.1","LncRNA",-0.464912348360495,0.0269502566440501,1.56943709472347,-0.729650685311962
"CATG00000068984_P1","Enhancer","chr4_75885799_75886727","iPSvsNeuron","CATG00000068984.1","LncRNA",-0.387645157079223,0.00731259301503711,2.13592859671688,-0.827982376384321
"CATG00000068984_P1","Enhancer","chr4_75885799_75886727","NSC_P2vsNeuron","CATG00000068984.1","LncRNA",-0.783767284204301,0.00597576818065275,2.22360625855144,-1.74278983840455
"CATG00000068984_P1","Enhancer","chr4_75885799_75886727","iPSvsNSC_P1","CATG00000068984.1","LncRNA",-0.116350606183248,0.0583189919108936,1.2341899917429,-0.143598753684584
"CATG00000068984_P1","Enhancer","chr4_75885799_75886727","NSC_P1vsNSC_P2","CATG00000068984.1","LncRNA",0.188972977352986,0.0283734574391371,1.54708774015587,0.292357776483556
"CATG00000068984_P1","Enhancer","chr4_75885799_75886727","NSC_P0vsNeuron","CATG00000068984.1","LncRNA",-0.313465219519156,0.00956600455804076,2.01926941652997,-0.632970730920885
"CATG00000068984_P1","Enhancer","chr4_75885799_75886727","NSC_P0vsNSC_P1","CATG00000068984.1","LncRNA",-0.0943384512351453,0.459414067341162,0.337795710762443,-0.031867124187204
"CATG00000068984_P1","Enhancer","chr4_75885799_75886727","iPSvsNSC_P2","CATG00000068984.1","LncRNA",0.013817284126137,0.0380388400091962,1.41977273530156,0.0196174032782044
"CATG00000068984_P1","Enhancer","chr4_75885799_75886727","NSC_P0vsNSC_P2","CATG00000068984.1","LncRNA",0.12586551846454,0.0432161581324101,1.36435384402511,0.171725103947309
"CATG00000069252_P1","Enhancer","chr4_84491151_84491989","iPSvsNSC_P0","CATG00000069252.1","LncRNA",0.462296154502213,0.00554753144067037,2.25590022772219,1.04289400021664
"CATG00000069252_P1","Enhancer","chr4_84491151_84491989","NSC_P1vsNeuron","CATG00000069252.1","LncRNA",-0.123699203961328,0.0567434132693111,1.2460845437703,-0.154139666132901
"CATG00000069252_P1","Enhancer","chr4_84491151_84491989","NSC_P1vsNSC_P2","CATG00000069252.1","LncRNA",-0.688519830008296,0.00399241235093841,2.39876460954681,-1.65159700119508
"CATG00000069252_P1","Enhancer","chr4_84491151_84491989","NSC_P2vsNeuron","CATG00000069252.1","LncRNA",0.53371056531824,0.00601968684359263,2.22042610104071,1.18506486963381
"CATG00000069252_P1","Enhancer","chr4_84491151_84491989","NSC_P0vsNSC_P1","CATG00000069252.1","LncRNA",-0.287180968267579,0.0211236309415348,1.67523142883054,-0.481094583803833
"CATG00000069252_P1","Enhancer","chr4_84491151_84491989","iPSvsNSC_P1","CATG00000069252.1","LncRNA",0.174342621569838,0.00526790285738816,2.27836224223137,0.397215646196351
"CATG00000069252_P1","Enhancer","chr4_84491151_84491989","iPSvsNSC_P2","CATG00000069252.1","LncRNA",-0.579556087649691,0.00991903409792413,2.00353061679395,-1.16115836575547
"CATG00000069252_P1","Enhancer","chr4_84491151_84491989","iPSvsNeuron","CATG00000069252.1","LncRNA",0.460570404040425,0.0183479220263477,1.73641311416895,0.799740489573883
"CATG00000069252_P1","Enhancer","chr4_84491151_84491989","NSC_P0vsNSC_P2","CATG00000069252.1","LncRNA",-0.562358577777344,0.00417860058797419,2.37896913896137,-1.33783370156251
"CATG00000069252_P1","Enhancer","chr4_84491151_84491989","NSC_P0vsNeuron","CATG00000069252.1","LncRNA",-0.25055674456241,0.0689190329763758,1.1616608248974,-0.291061954571977
"CATG00000069294_P1","Enhancer","chr4_86474451_86475271",NA,NA,NA,NA,NA,NA,NA
"CATG00000069800_P1","Enhancer","chr4_112751205_112752112",NA,NA,NA,NA,NA,NA,NA
"CATG00000069829_P1","Enhancer","chr4_113872144_113873109","NSC_P1vsNeuron","CATG00000069829.1","LncRNA",0.191753871430601,0.209333648629179,0.679160956852803,0.130231742801037
"CATG00000069829_P1","Enhancer","chr4_113872144_113873109","NSC_P0vsNeuron","CATG00000069829.1","LncRNA",0.406766650922662,0.0390599089179882,1.40826877375839,0.572836772700663
"CATG00000069829_P1","Enhancer","chr4_113872144_113873109","iPSvsNSC_P0","CATG00000069829.1","LncRNA",0.169068689365362,0.00861139700609577,2.06492638828813,0.349114398103825
"CATG00000069829_P1","Enhancer","chr4_113872144_113873109","iPSvsNeuron","CATG00000069829.1","LncRNA",-0.105114717662172,0.0570556840859886,1.24370108316142,-0.13073128821265
"CATG00000069829_P1","Enhancer","chr4_113872144_113873109","NSC_P0vsNSC_P1","CATG00000069829.1","LncRNA",0.287126580865987,0.0715190279035093,1.14557839716252,0.328926008291211
"CATG00000069829_P1","Enhancer","chr4_113872144_113873109","iPSvsNSC_P1","CATG00000069829.1","LncRNA",0.142361670778292,0.0636072261835006,1.19649354294675,0.170334819849337
"CATG00000069829_P1","Enhancer","chr4_113872144_113873109","NSC_P0vsNSC_P2","CATG00000069829.1","LncRNA",-0.642649109042521,0.00624367244350517,2.20455988903526,-1.41675844851939
"CATG00000069829_P1","Enhancer","chr4_113872144_113873109","NSC_P2vsNeuron","CATG00000069829.1","LncRNA",0.708257308504548,0.00471422363483603,2.32658981912363,1.64782424328659
"CATG00000069829_P1","Enhancer","chr4_113872144_113873109","NSC_P1vsNSC_P2","CATG00000069829.1","LncRNA",-0.681376017952966,0.00460928708728689,2.3363662412047,-1.5919439259118
"CATG00000069829_P1","Enhancer","chr4_113872144_113873109","iPSvsNSC_P2","CATG00000069829.1","LncRNA",-0.829574417404532,0.00457479019935515,2.33962881795854,-1.94089621360081
"CATG00000069986_P1","Enhancer","chr4_120433332_120434207","iPSvsNSC_P1","CATG00000069986.1","LncRNA",0.421120921011926,0.00910933404370837,2.04051337184308,0.859302870487707
"CATG00000069986_P1","Enhancer","chr4_120433332_120434207","iPSvsNSC_P2","CATG00000069986.1","LncRNA",0.587984736411725,0.00454051981559886,2.3428944246488,1.37758616071763
"CATG00000069986_P1","Enhancer","chr4_120433332_120434207","NSC_P1vsNSC_P2","CATG00000069986.1","LncRNA",0.299961055173007,0.107693209666609,0.967811679220971,0.290305812507883
"CATG00000069986_P1","Enhancer","chr4_120433332_120434207","iPSvsNeuron","CATG00000069986.1","LncRNA",0.434218098001916,0.0397476632943215,1.40068839778012,0.608204251977435
"CATG00000069986_P1","Enhancer","chr4_120433332_120434207","NSC_P0vsNSC_P2","CATG00000069986.1","LncRNA",0.433871426945731,0.0205073344914918,1.68809078482255,0.7324143576249
"CATG00000069986_P1","Enhancer","chr4_120433332_120434207","NSC_P0vsNSC_P1","CATG00000069986.1","LncRNA",0.0833498160811383,0.56249490500982,0.249881406969741,0.020827569313024
"CATG00000069986_P1","Enhancer","chr4_120433332_120434207","iPSvsNSC_P0","CATG00000069986.1","LncRNA",0.360869531798756,0.0185863159034324,1.73080668561112,0.624595398270643
"CATG00000069986_P1","Enhancer","chr4_120433332_120434207","NSC_P1vsNeuron","CATG00000069986.1","LncRNA",-0.053784821312231,0.0840198796901041,1.07561794467331,-0.0578519189544832
"CATG00000069986_P1","Enhancer","chr4_120433332_120434207","NSC_P0vsNeuron","CATG00000069986.1","LncRNA",-0.0958095360436383,0.0461508925731189,1.33581989516176,-0.12798428439331
"CATG00000069986_P1","Enhancer","chr4_120433332_120434207","NSC_P2vsNeuron","CATG00000069986.1","LncRNA",-0.133001854596011,0.0393956423311362,1.40455181411874,-0.186807996153983
"CATG00000070049_P1","Enhancer","chr4_122783024_122784002",NA,NA,NA,NA,NA,NA,NA
"CATG00000070196_P1","Enhancer","chr4_130025958_130026862",NA,NA,NA,NA,NA,NA,NA
"CATG00000070943_P2","Enhancer","chr4_169939990_169941152",NA,NA,NA,NA,NA,NA,NA
"CATG00000070953_P1","Enhancer","chr4_170226030_170226912",NA,NA,NA,NA,NA,NA,NA
"CATG00000071192_P1","Enhancer","chr4_180767099_180768051","iPSvsNeuron","CATG00000071192.1","LncRNA",0.411495508042875,0.0209901771378697,1.67798389635449,0.690482835918153
"CATG00000071192_P1","Enhancer","chr4_180767099_180768051","iPSvsNSC_P2","CATG00000071192.1","LncRNA",0.513868694160267,0.0113084252612664,1.94659786792671,1.00029570444666
"CATG00000071192_P1","Enhancer","chr4_180767099_180768051","NSC_P1vsNSC_P2","CATG00000071192.1","LncRNA",0.590411836836741,0.00504211716882637,2.29738706639787,1.35640451779694
"CATG00000071192_P1","Enhancer","chr4_180767099_180768051","iPSvsNSC_P1","CATG00000071192.1","LncRNA",0.270136310660166,0.0853180020599925,1.06895932322355,0.288764727821397
"CATG00000071192_P1","Enhancer","chr4_180767099_180768051","iPSvsNSC_P0","CATG00000071192.1","LncRNA",0.304565245528172,0.0853180020599925,1.06895932322355,0.325567858737208
"CATG00000071192_P1","Enhancer","chr4_180767099_180768051","NSC_P0vsNSC_P1","CATG00000071192.1","LncRNA",-0.282156026388757,0.0992112292837904,1.00343916917664,-0.283126408697716
"CATG00000071192_P1","Enhancer","chr4_180767099_180768051","NSC_P2vsNeuron","CATG00000071192.1","LncRNA",-0.577077001197091,0.00912191346531229,2.03991405199375,-1.17718748382436
"CATG00000071192_P1","Enhancer","chr4_180767099_180768051","NSC_P0vsNeuron","CATG00000071192.1","LncRNA",-0.0157925800106733,0.0519375786789277,1.28451830096956,-0.0202858580432359
"CATG00000071192_P1","Enhancer","chr4_180767099_180768051","NSC_P0vsNSC_P2","CATG00000071192.1","LncRNA",0.377156548388085,0.0796524080825652,1.09880108990477,0.414420026433549
"CATG00000071192_P1","Enhancer","chr4_180767099_180768051","NSC_P1vsNeuron","CATG00000071192.1","LncRNA",0.321885388783712,0.096297414238467,1.01638537431931,0.32715960136685
"CATG00000071303_P1","Enhancer","chr4_183406834_183407744","NSC_P1vsNeuron","CATG00000071303.1","LncRNA",-0.130131931820566,0.228187876796668,0.641707432574108,-0.0835066278644844
"CATG00000071303_P1","Enhancer","chr4_183406834_183407744","iPSvsNSC_P1","CATG00000071303.1","LncRNA",0.0931117964599113,0.00802326929868377,2.0956486305858,0.195129608742597
"CATG00000071303_P1","Enhancer","chr4_183406834_183407744","iPSvsNSC_P2","CATG00000071303.1","LncRNA",0.344089639914444,0.140429344043516,0.852542132771757,0.293350915477326
"CATG00000071303_P1","Enhancer","chr4_183406834_183407744","NSC_P0vsNeuron","CATG00000071303.1","LncRNA",0.0956354943118063,0.230044855077642,0.638187475228465,0.061033374657078
"CATG00000071303_P1","Enhancer","chr4_183406834_183407744","NSC_P1vsNSC_P2","CATG00000071303.1","LncRNA",0.225558692365376,0.120895614349209,0.917589453469127,0.206970277252756
"CATG00000071303_P1","Enhancer","chr4_183406834_183407744","NSC_P0vsNSC_P1","CATG00000071303.1","LncRNA",-0.085294608185907,0.0364083746363907,1.43879870865745,-0.122721772113326
"CATG00000071303_P1","Enhancer","chr4_183406834_183407744","iPSvsNeuron","CATG00000071303.1","LncRNA",0.166855607966622,0.0602577257148681,1.2199872637699,0.203561716607863
"CATG00000071303_P1","Enhancer","chr4_183406834_183407744","NSC_P0vsNSC_P2","CATG00000071303.1","LncRNA",0.12844061111972,0.637933780949712,0.195224399743868,0.0250747412085829
"CATG00000071303_P1","Enhancer","chr4_183406834_183407744","NSC_P2vsNeuron","CATG00000071303.1","LncRNA",-0.139866852906922,0.340496754168749,0.46788702370221,-0.0654418855212145
"CATG00000071303_P1","Enhancer","chr4_183406834_183407744","iPSvsNSC_P0","CATG00000071303.1","LncRNA",0.330612850616111,0.0539963700701129,1.26763543483458,0.419096564652654
"CATG00000071397_P1","Enhancer","chr4_186248330_186249245",NA,NA,NA,NA,NA,NA,NA
"CATG00000071622_P1","Enhancer","chr4_2778263_2779182",NA,NA,NA,NA,NA,NA,NA
"CATG00000072165_P1","Enhancer","chr4_26297987_26298991",NA,NA,NA,NA,NA,NA,NA
"CATG00000072774_P1","Enhancer","chr4_72895143_72896010","iPSvsNSC_P2","CATG00000072774.1","LncRNA",-0.740491969838508,0.00737366545312803,2.13231657043974,-1.57896329756422
"CATG00000072774_P1","Enhancer","chr4_72895143_72896010","NSC_P0vsNSC_P1","CATG00000072774.1","LncRNA",-0.336262957159135,0.0423578997818281,1.37306558151486,-0.461711092813613
"CATG00000072774_P1","Enhancer","chr4_72895143_72896010","iPSvsNSC_P1","CATG00000072774.1","LncRNA",-0.072165566934092,0.133612954927051,0.874151431227494,-0.0630836336207799
"CATG00000072774_P1","Enhancer","chr4_72895143_72896010","NSC_P2vsNeuron","CATG00000072774.1","LncRNA",0.535199596036246,0.0150082334764116,1.82367042278641,0.976027673578534
"CATG00000072774_P1","Enhancer","chr4_72895143_72896010","iPSvsNeuron","CATG00000072774.1","LncRNA",0.0994133490948383,0.0586385561954148,1.23181673147886,0.122459026747371
"CATG00000072774_P1","Enhancer","chr4_72895143_72896010","NSC_P1vsNeuron","CATG00000072774.1","LncRNA",-0.084316192507433,0.023808882815445,1.62326098252332,-0.136867185492241
"CATG00000072774_P1","Enhancer","chr4_72895143_72896010","NSC_P0vsNSC_P2","CATG00000072774.1","LncRNA",-0.784065727282233,0.00390217753425638,2.40869297574264,-1.88857360982526
"CATG00000072774_P1","Enhancer","chr4_72895143_72896010","NSC_P0vsNeuron","CATG00000072774.1","LncRNA",-0.442761483934471,0.0113678693651441,1.94432092578458,-0.860870418345226
"CATG00000072774_P1","Enhancer","chr4_72895143_72896010","NSC_P1vsNSC_P2","CATG00000072774.1","LncRNA",-0.742215329065737,0.00485749168893903,2.31358793379581,-1.71718042960478
"CATG00000072774_P1","Enhancer","chr4_72895143_72896010","iPSvsNSC_P0","CATG00000072774.1","LncRNA",0.408877009353775,0.0135554032201399,1.86788755933195,0.763736279068769
"CATG00000072774_P2","Enhancer","chr4_72893810_72894575","NSC_P1vsNeuron","CATG00000072774.1","LncRNA",-0.149542323567187,0.0288259555636313,1.54021628718561,-0.230327522381762
"CATG00000072774_P2","Enhancer","chr4_72893810_72894575","NSC_P2vsNeuron","CATG00000072774.1","LncRNA",0.696203634894205,0.0080905498912676,2.09202195964518,1.45647329258347
"CATG00000072774_P2","Enhancer","chr4_72893810_72894575","NSC_P1vsNSC_P2","CATG00000072774.1","LncRNA",-0.717947633459315,0.00447266839013786,2.34943329983135,-1.68677007758443
"CATG00000072774_P2","Enhancer","chr4_72893810_72894575","iPSvsNSC_P2","CATG00000072774.1","LncRNA",-0.644658859769103,0.0139483509642837,1.85547713356921,-1.19614977325437
"CATG00000072774_P2","Enhancer","chr4_72893810_72894575","iPSvsNSC_P0","CATG00000072774.1","LncRNA",0.35397123599697,0.0145877423604323,1.83601191552762,0.649895407044475
"CATG00000072774_P2","Enhancer","chr4_72893810_72894575","NSC_P0vsNSC_P1","CATG00000072774.1","LncRNA",-0.0508491043026047,0.0147825641356998,1.83025022809276,-0.0930665847481547
"CATG00000072774_P2","Enhancer","chr4_72893810_72894575","NSC_P0vsNSC_P2","CATG00000072774.1","LncRNA",-0.67237080748929,0.00535074913263732,2.27158541024146,-1.52734771656494
"CATG00000072774_P2","Enhancer","chr4_72893810_72894575","iPSvsNSC_P1","CATG00000072774.1","LncRNA",0.332645420989475,0.037274785870321,1.42858484272688,0.475212206428067
"CATG00000072774_P2","Enhancer","chr4_72893810_72894575","NSC_P0vsNeuron","CATG00000072774.1","LncRNA",-0.253695616743535,0.0528118144465762,1.27726891127312,-0.324037524192779
"CATG00000072774_P2","Enhancer","chr4_72893810_72894575","iPSvsNeuron","CATG00000072774.1","LncRNA",0.0880603288014494,0.0337112870730664,1.47222466610674,0.129644588166963
"CATG00000073012_P1","Enhancer","chr4_84573766_84574524",NA,NA,NA,NA,NA,NA,NA
"CATG00000073509_P1","Enhancer","chr4_114364495_114365421","NSC_P0vsNSC_P2","CATG00000073509.1","LncRNA",-0.518176183489502,0.0120249175834701,1.91991789151686,-0.994855725639417
"CATG00000073509_P1","Enhancer","chr4_114364495_114365421","NSC_P1vsNeuron","CATG00000073509.1","LncRNA",-0.418920610227444,0.014782754691057,1.83024462983484,-0.766727197195915
"CATG00000073509_P1","Enhancer","chr4_114364495_114365421","NSC_P0vsNSC_P1","CATG00000073509.1","LncRNA",0.125341292430405,0.0284764841411747,1.54551363204164,0.193716676108908
"CATG00000073509_P1","Enhancer","chr4_114364495_114365421","iPSvsNSC_P2","CATG00000073509.1","LncRNA",-0.432692281275891,0.183473458157792,0.736426753261125,-0.318646171861154
"CATG00000073509_P1","Enhancer","chr4_114364495_114365421","NSC_P2vsNeuron","CATG00000073509.1","LncRNA",0.27964909344412,0.45379576909973,0.343139557515002,0.0959586661838867
"CATG00000073509_P1","Enhancer","chr4_114364495_114365421","iPSvsNeuron","CATG00000073509.1","LncRNA",-0.419972110434822,0.220867483815191,0.655868216401437,-0.275446359009234
"CATG00000073509_P1","Enhancer","chr4_114364495_114365421","NSC_P0vsNeuron","CATG00000073509.1","LncRNA",-0.476338697545527,0.00736520863484609,2.13281494635305,-1.01594229365144
"CATG00000073509_P1","Enhancer","chr4_114364495_114365421","iPSvsNSC_P0","CATG00000073509.1","LncRNA",0.113567359181324,0.0187065507325998,1.72800628390013,0.196245110311272
"CATG00000073509_P1","Enhancer","chr4_114364495_114365421","NSC_P1vsNSC_P2","CATG00000073509.1","LncRNA",-0.487342565680054,0.018267470962262,1.73832157433115,-0.847158096011531
"CATG00000073509_P1","Enhancer","chr4_114364495_114365421","iPSvsNSC_P1","CATG00000073509.1","LncRNA",0.080959833702082,0.0317542912529717,1.49819757614986,0.121293826617955
"CATG00000073510_P1","Enhancer","chr4_114495220_114496191",NA,NA,NA,NA,NA,NA,NA
"CATG00000073556_P1","Enhancer","chr1_119743747_119744727","NSC_P1vsNeuron","CATG00000073556.1","LncRNA",0.321966294313383,0.0227870646356156,1.64231161578759,0.528768985042954
"CATG00000073556_P1","Enhancer","chr1_119743747_119744727","iPSvsNSC_P2","CATG00000073556.1","LncRNA",0.16867703071089,0.0842942338739106,1.07420213216518,0.181193226036929
"CATG00000073556_P1","Enhancer","chr1_119743747_119744727","NSC_P0vsNSC_P1","CATG00000073556.1","LncRNA",-0.22969954423495,0.194916979353343,0.710150327540793,-0.163121206574421
"CATG00000073556_P1","Enhancer","chr1_119743747_119744727","NSC_P2vsNeuron","CATG00000073556.1","LncRNA",0.059063931923105,0.509083062500251,0.29321135196098,0.0173182153313049
"CATG00000073556_P1","Enhancer","chr1_119743747_119744727","NSC_P0vsNSC_P2","CATG00000073556.1","LncRNA",-0.046273319251829,0.113595307821887,0.944639607261871,-0.043711610124751
"CATG00000073556_P1","Enhancer","chr1_119743747_119744727","NSC_P1vsNSC_P2","CATG00000073556.1","LncRNA",0.41867957915534,0.0444724591745669,1.35190885489072,0.566016630422026
"CATG00000073556_P1","Enhancer","chr1_119743747_119744727","iPSvsNeuron","CATG00000073556.1","LncRNA",0.150917851559492,0.259192781276297,0.586377098077397,0.0884947718455305
"CATG00000073556_P1","Enhancer","chr1_119743747_119744727","NSC_P0vsNeuron","CATG00000073556.1","LncRNA",0.204781577841041,0.15675463262733,0.804779615442979,0.164804039464719
"CATG00000073556_P1","Enhancer","chr1_119743747_119744727","iPSvsNSC_P1","CATG00000073556.1","LncRNA",-0.0835951713149636,0.129925906845545,0.88630424324367,-0.0740907550511337
"CATG00000073556_P1","Enhancer","chr1_119743747_119744727","iPSvsNSC_P0","CATG00000073556.1","LncRNA",-0.0679017863787967,0.271539362156443,0.566167206486713,-0.0384437647095408
"CATG00000073556_P2","Enhancer","chr1_119732074_119732822","NSC_P0vsNeuron","CATG00000073556.1","LncRNA",0.052833336395562,0.37427625982501,0.426807719115814,0.0225496758002683
"CATG00000073556_P2","Enhancer","chr1_119732074_119732822","NSC_P2vsNeuron","CATG00000073556.1","LncRNA",-0.430409077491129,0.0344084258748888,1.46333519513516,-0.629832751398424
"CATG00000073556_P2","Enhancer","chr1_119732074_119732822","NSC_P1vsNeuron","CATG00000073556.1","LncRNA",-0.140643233739735,0.0137381956156275,1.86207030407672,-0.261887589016083
"CATG00000073556_P2","Enhancer","chr1_119732074_119732822","iPSvsNSC_P0","CATG00000073556.1","LncRNA",-0.245777802432907,0.165351724589762,0.781591271110658,-0.19209778501432
"CATG00000073556_P2","Enhancer","chr1_119732074_119732822","iPSvsNeuron","CATG00000073556.1","LncRNA",-0.069867948686829,0.0464135025915912,1.33335565634283,-0.0931588245786542
"CATG00000073556_P2","Enhancer","chr1_119732074_119732822","NSC_P0vsNSC_P2","CATG00000073556.1","LncRNA",0.435412614136613,0.0252404991372916,1.59790206105912,0.695746713540033
"CATG00000073556_P2","Enhancer","chr1_119732074_119732822","NSC_P1vsNSC_P2","CATG00000073556.1","LncRNA",0.613880146677473,0.00780774435126357,2.10747441519961,1.29373670312176
"CATG00000073556_P2","Enhancer","chr1_119732074_119732822","iPSvsNSC_P1","CATG00000073556.1","LncRNA",-0.184023991891252,0.00496396436538498,2.30417134481477,-0.424022808874249
"CATG00000073556_P2","Enhancer","chr1_119732074_119732822","NSC_P0vsNSC_P1","CATG00000073556.1","LncRNA",-0.025213667812789,0.0564320943128448,1.24847383185588,-0.0314786044693741
"CATG00000073556_P2","Enhancer","chr1_119732074_119732822","iPSvsNSC_P2","CATG00000073556.1","LncRNA",0.08333175405637,0.0217145070496827,1.66325002529474,0.138601542042112
"CATG00000073650_P1","Enhancer","chr4_123443976_123444934","iPSvsNSC_P0","CATG00000073650.1","LncRNA",0.452507322226661,0.00873354558865213,2.05880940841592,0.931626332377345
"CATG00000073650_P1","Enhancer","chr4_123443976_123444934","NSC_P0vsNeuron","CATG00000073650.1","LncRNA",-0.0746199021904783,0.0162130573262631,1.79013508171369,-0.13357970470522
"CATG00000073650_P1","Enhancer","chr4_123443976_123444934","iPSvsNSC_P1","CATG00000073650.1","LncRNA",0.368198878262892,0.00763325046617089,2.11729048708895,0.779583982302845
"CATG00000073650_P1","Enhancer","chr4_123443976_123444934","iPSvsNeuron","CATG00000073650.1","LncRNA",0.278184293270474,0.00785401031454159,2.10490853271348,0.58555249257189
"CATG00000073650_P1","Enhancer","chr4_123443976_123444934","iPSvsNSC_P2","CATG00000073650.1","LncRNA",-0.235860441313463,0.0168960169665187,1.77221566303941,-0.417995568387106
"CATG00000073650_P1","Enhancer","chr4_123443976_123444934","NSC_P1vsNeuron","CATG00000073650.1","LncRNA",-0.117071688643116,0.00601410282698758,2.22082915075969,-0.259996218867295
"CATG00000073650_P1","Enhancer","chr4_123443976_123444934","NSC_P0vsNSC_P1","CATG00000073650.1","LncRNA",0.178991480695799,0.0982320236643982,1.00774690902023,0.180378111412145
"CATG00000073650_P1","Enhancer","chr4_123443976_123444934","NSC_P1vsNSC_P2","CATG00000073650.1","LncRNA",-0.693041407321317,0.00430705891533118,2.3658191875761,-1.63961065922551
"CATG00000073650_P1","Enhancer","chr4_123443976_123444934","NSC_P2vsNeuron","CATG00000073650.1","LncRNA",0.417999478955797,0.0241641835351315,1.61682787431684,0.675833209025649
"CATG00000073650_P1","Enhancer","chr4_123443976_123444934","NSC_P0vsNSC_P2","CATG00000073650.1","LncRNA",-0.574264929582569,0.00624367244350517,2.20455988903526,-1.26600142943739
"CATG00000075125_P1","Enhancer","chr5_10551079_10552023",NA,NA,NA,NA,NA,NA,NA
"CATG00000075175_P1","Enhancer","chr5_14035612_14036564",NA,NA,NA,NA,NA,NA,NA
"CATG00000075175_P1","Enhancer","chr5_14036599_14037640",NA,NA,NA,NA,NA,NA,NA
"CATG00000075194_P1","Enhancer","chr5_14463613_14464351","NSC_P2vsNeuron","CATG00000075194.1","LncRNA",0.513878186029258,0.00912191346531229,2.03991405199375,1.04826733269414
"CATG00000075194_P1","Enhancer","chr5_14463613_14464351","iPSvsNeuron","CATG00000075194.1","LncRNA",0.498838918399678,0.0304431930725228,1.5165097979905,0.756494107372095
"CATG00000075194_P1","Enhancer","chr5_14463613_14464351","NSC_P1vsNSC_P2","CATG00000075194.1","LncRNA",-0.463923682507118,0.0142306335572138,1.84677576440785,-0.856763013388989
"CATG00000075194_P1","Enhancer","chr5_14463613_14464351","iPSvsNSC_P0","CATG00000075194.1","LncRNA",0.521285780209473,0.00554753144067037,2.25590022772219,1.17596871028289
"CATG00000075194_P1","Enhancer","chr5_14463613_14464351","NSC_P1vsNeuron","CATG00000075194.1","LncRNA",-0.029254490551628,0.145824007082523,0.836170972004406,-0.0244617558000485
"CATG00000075194_P1","Enhancer","chr5_14463613_14464351","iPSvsNSC_P2","CATG00000075194.1","LncRNA",-0.439693231943327,0.0403228498741602,1.39444878110412,-0.613129691343102
"CATG00000075194_P1","Enhancer","chr5_14463613_14464351","NSC_P0vsNeuron","CATG00000075194.1","LncRNA",-0.32989519622704,0.0345225227000165,1.46189747614727,-0.482272954757418
"CATG00000075194_P1","Enhancer","chr5_14463613_14464351","iPSvsNSC_P1","CATG00000075194.1","LncRNA",0.322514885152685,0.0477458298568072,1.32106455390777,0.426062982882849
"CATG00000075194_P1","Enhancer","chr5_14463613_14464351","NSC_P0vsNSC_P1","CATG00000075194.1","LncRNA",-0.307550470959486,0.0333115161494431,1.47740560026133,-0.454376788158554
"CATG00000075194_P1","Enhancer","chr5_14463613_14464351","NSC_P0vsNSC_P2","CATG00000075194.1","LncRNA",-0.650305385415685,0.00474967860905183,2.32333577627778,-1.51087776744237
"CATG00000075280_P2","Enhancer","chr1_27044276_27045208","NSC_P2vsNeuron","CATG00000075280.1","LncRNA",-0.536085476860939,0.0177998682863479,1.74958321132728,-0.937926150152279
"CATG00000075280_P2","Enhancer","chr1_27044276_27045208","iPSvsNSC_P2","CATG00000075280.1","LncRNA",0.498007746171735,0.0176846250307701,1.7524041441497,0.87271083821
"CATG00000075280_P2","Enhancer","chr1_27044276_27045208","iPSvsNSC_P0","CATG00000075280.1","LncRNA",0.0940031103047683,0.0166433459994307,1.77875935815299,0.167208912150094
"CATG00000075280_P2","Enhancer","chr1_27044276_27045208","NSC_P1vsNeuron","CATG00000075280.1","LncRNA",-0.34041414864033,0.0609156898109827,1.21527083346352,-0.413695386140909
"CATG00000075280_P2","Enhancer","chr1_27044276_27045208","NSC_P0vsNeuron","CATG00000075280.1","LncRNA",-0.226739084094979,0.0678285086707165,1.16858773155946,-0.264964511938421
"CATG00000075280_P2","Enhancer","chr1_27044276_27045208","NSC_P0vsNSC_P1","CATG00000075280.1","LncRNA",0.210791004260197,0.0256528900499176,1.5908637002587,0.335339757018624
"CATG00000075280_P2","Enhancer","chr1_27044276_27045208","NSC_P1vsNSC_P2","CATG00000075280.1","LncRNA",0.329740144013272,0.235591421938814,0.627840526586379,0.207024225653962
"CATG00000075280_P2","Enhancer","chr1_27044276_27045208","iPSvsNSC_P1","CATG00000075280.1","LncRNA",-0.168834453366529,0.0121690599231997,1.91474297032673,-0.323274582732518
"CATG00000075280_P2","Enhancer","chr1_27044276_27045208","NSC_P0vsNSC_P2","CATG00000075280.1","LncRNA",0.375244920151426,0.0878056855846291,1.05647736179224,0.396437763267517
"CATG00000075280_P2","Enhancer","chr1_27044276_27045208","iPSvsNeuron","CATG00000075280.1","LncRNA",-0.21835990707033,0.0300772238418497,1.52176225205001,-0.332291863940777
"CATG00000075531_P1","Enhancer","chr5_34474256_34475926",NA,NA,NA,NA,NA,NA,NA
"CATG00000076106_P1","Enhancer","chr1_151945507_151946390",NA,NA,NA,NA,NA,NA,NA
"CATG00000076106_P2","Enhancer","chr1_151940921_151941918",NA,NA,NA,NA,NA,NA,NA
"CATG00000076341_P1","Enhancer","chr5_76807012_76808876","NSC_P1vsNeuron","CATG00000076341.1","LncRNA",0.309479293499083,0.0480162293001443,1.31861194795326,0.408083094052026
"CATG00000076341_P1","Enhancer","chr5_76807012_76808876","NSC_P2vsNeuron","CATG00000076341.1","LncRNA",-0.268313734054888,0.332050994900165,0.478795214178324,-0.128467331763796
"CATG00000076341_P1","Enhancer","chr5_76807012_76808876","NSC_P0vsNeuron","CATG00000076341.1","LncRNA",0.13147744401305,0.112120534654255,0.950314839944582,0.124944966163585
"CATG00000076341_P1","Enhancer","chr5_76807012_76808876","NSC_P0vsNSC_P2","CATG00000076341.1","LncRNA",0.265484933069774,0.433794208089552,0.362716250873093,0.0962956995863624
"CATG00000076341_P1","Enhancer","chr5_76807012_76808876","NSC_P1vsNSC_P2","CATG00000076341.1","LncRNA",0.0916547572780683,0.203190893945731,0.692095758975398,0.0634338688020705
"CATG00000076341_P1","Enhancer","chr5_76807012_76808876","iPSvsNeuron","CATG00000076341.1","LncRNA",0.304355884315579,0.152584932806929,0.816488349224362,0.248503033561548
"CATG00000076341_P1","Enhancer","chr5_76807012_76808876","iPSvsNSC_P0","CATG00000076341.1","LncRNA",0.245570697852496,0.11104109347963,0.954516270143623,0.234401226570731
"CATG00000076341_P1","Enhancer","chr5_76807012_76808876","iPSvsNSC_P2","CATG00000076341.1","LncRNA",0.343820287093976,0.0449835869582787,1.3469459171957,0.463107331950284
"CATG00000076341_P1","Enhancer","chr5_76807012_76808876","iPSvsNSC_P1","CATG00000076341.1","LncRNA",0.252540076347306,0.0987211609371222,1.00558974608209,0.253951711249639
"CATG00000076341_P1","Enhancer","chr5_76807012_76808876","NSC_P0vsNSC_P1","CATG00000076341.1","LncRNA",-0.049105929883707,0.288618730747396,0.539675487531266,-0.0265012666506658
"CATG00000076991_P2","Enhancer","chr5_110179031_110179966","NSC_P0vsNeuron","CATG00000076991.1","LncRNA",-0.261590208318277,0.00831273260880598,2.0802561889902,-0.544174649833331
"CATG00000076991_P2","Enhancer","chr5_110179031_110179966","iPSvsNSC_P2","CATG00000076991.1","LncRNA",-0.535672714970068,0.0177998771358001,1.74958299541179,-0.9372038732177
"CATG00000076991_P2","Enhancer","chr5_110179031_110179966","NSC_P0vsNSC_P1","CATG00000076991.1","LncRNA",0.0873935524803413,0.0351413696192606,1.45418131607648,0.127086071162461
"CATG00000076991_P2","Enhancer","chr5_110179031_110179966","iPSvsNSC_P0","CATG00000076991.1","LncRNA",-0.105098645047094,0.323733718347831,0.489812064484447,-0.0514785843050351
"CATG00000076991_P2","Enhancer","chr5_110179031_110179966","NSC_P1vsNSC_P2","CATG00000076991.1","LncRNA",-0.538869812713682,0.00742670505909132,2.12920382312258,-1.14736366539532
"CATG00000076991_P2","Enhancer","chr5_110179031_110179966","iPSvsNSC_P1","CATG00000076991.1","LncRNA",0.146976135588404,0.0458892788905943,1.33828876680515,0.196696511246392
"CATG00000076991_P2","Enhancer","chr5_110179031_110179966","NSC_P2vsNeuron","CATG00000076991.1","LncRNA",0.563702684270125,0.0062893597908274,2.2013935601925,1.24093145901548
"CATG00000076991_P2","Enhancer","chr5_110179031_110179966","NSC_P0vsNSC_P2","CATG00000076991.1","LncRNA",-0.475099017355509,0.0299708929235507,1.52330031791542,-0.723718484178949
"CATG00000076991_P2","Enhancer","chr5_110179031_110179966","NSC_P1vsNeuron","CATG00000076991.1","LncRNA",-0.529630211879731,0.0100428900401689,1.99814129238159,-1.0582759960497
"CATG00000076991_P2","Enhancer","chr5_110179031_110179966","iPSvsNeuron","CATG00000076991.1","LncRNA",-0.302076995494761,0.00898252601253062,2.04660151644648,-0.618231237063174
"CATG00000077150_P1","Enhancer","chr5_116763791_116764650",NA,NA,NA,NA,NA,NA,NA
"CATG00000078335_P1","Enhancer","chr5_160159794_160160695",NA,NA,NA,NA,NA,NA,NA
"CATG00000078660_P1","Enhancer","chr5_171494430_171495363","NSC_P0vsNeuron","CATG00000078660.1","LncRNA",-0.344426458418356,0.0840199978495008,1.07561733391383,-0.370471068933335
"CATG00000078660_P1","Enhancer","chr5_171494430_171495363","iPSvsNeuron","CATG00000078660.1","LncRNA",-0.0745837289893103,0.113207807475595,0.946123620615565,-0.0705654277103763
"CATG00000078660_P1","Enhancer","chr5_171494430_171495363","NSC_P2vsNeuron","CATG00000078660.1","LncRNA",-0.334510966054639,0.210094671358112,0.677584962487505,-0.226659600385791
"CATG00000078660_P1","Enhancer","chr5_171494430_171495363","iPSvsNSC_P2","CATG00000078660.1","LncRNA",0.334870801530814,0.0744368456497023,1.12821203889906,0.377805269762842
"CATG00000078660_P1","Enhancer","chr5_171494430_171495363","NSC_P0vsNSC_P1","CATG00000078660.1","LncRNA",-0.105797453010065,0.0163194784119752,1.78729372587756,-0.189091123978715
"CATG00000078660_P1","Enhancer","chr5_171494430_171495363","NSC_P1vsNeuron","CATG00000078660.1","LncRNA",-0.132266692791343,0.200763015848977,0.697316288997496,-0.0922317193752309
"CATG00000078660_P1","Enhancer","chr5_171494430_171495363","iPSvsNSC_P0","CATG00000078660.1","LncRNA",0.297520878103179,0.181243712419765,0.741737050736363,0.220682258656745
"CATG00000078660_P1","Enhancer","chr5_171494430_171495363","iPSvsNSC_P1","CATG00000078660.1","LncRNA",0.230574039350657,0.227263296438247,0.64347069820135,0.148367638088073
"CATG00000078660_P1","Enhancer","chr5_171494430_171495363","NSC_P1vsNSC_P2","CATG00000078660.1","LncRNA",0.0870616736133473,0.537202554041359,0.269861931216591,0.0234946313762464
"CATG00000078660_P1","Enhancer","chr5_171494430_171495363","NSC_P0vsNSC_P2","CATG00000078660.1","LncRNA",-0.146712206045033,0.0487016312121616,1.31245649228482,-0.192553387321232
"CATG00000079199_P1","Enhancer","chr5_14035612_14036564",NA,NA,NA,NA,NA,NA,NA
"CATG00000079939_P1","Enhancer","chr5_58936886_58937754",NA,NA,NA,NA,NA,NA,NA
"CATG00000080251_P1","Enhancer","chr5_76807012_76808876",NA,NA,NA,NA,NA,NA,NA
"CATG00000080840_P1","Enhancer","chr5_110254942_110255893","NSC_P2vsNeuron","CATG00000080840.1","LncRNA",0.535492345900102,0.0124401200135205,1.90517542985756,1.02020686028566
"CATG00000080840_P1","Enhancer","chr5_110254942_110255893","iPSvsNSC_P2","CATG00000080840.1","LncRNA",-0.426829381748923,0.0235672023710109,1.62769196889463,-0.694746756760981
"CATG00000080840_P1","Enhancer","chr5_110254942_110255893","NSC_P1vsNeuron","CATG00000080840.1","LncRNA",0.0738601974920703,0.0798074548489698,1.09795653911853,0.0810952868170043
"CATG00000080840_P1","Enhancer","chr5_110254942_110255893","iPSvsNeuron","CATG00000080840.1","LncRNA",0.124825050691644,0.396591347867343,0.401656764700704,0.050136826014407
"CATG00000080840_P1","Enhancer","chr5_110254942_110255893","iPSvsNSC_P1","CATG00000080840.1","LncRNA",0.245084710883458,0.146489432712383,0.834193702819948,0.204448122476428
"CATG00000080840_P1","Enhancer","chr5_110254942_110255893","NSC_P1vsNSC_P2","CATG00000080840.1","LncRNA",-0.596842244813591,0.00601968136902445,2.22042649600741,-1.32524433432064
"CATG00000080840_P1","Enhancer","chr5_110254942_110255893","iPSvsNSC_P0","CATG00000080840.1","LncRNA",0.124491413652935,0.0769620333612948,1.11372346662091,0.138649008778085
"CATG00000080840_P1","Enhancer","chr5_110254942_110255893","NSC_P0vsNeuron","CATG00000080840.1","LncRNA",-0.213603489442969,0.369140681276165,0.432808090593602,-0.0924493184099421
"CATG00000080840_P1","Enhancer","chr5_110254942_110255893","NSC_P0vsNSC_P2","CATG00000080840.1","LncRNA",-0.481093753119213,0.00912191346531229,2.03991405199375,-0.981389907314292
"CATG00000080840_P1","Enhancer","chr5_110254942_110255893","NSC_P0vsNSC_P1","CATG00000080840.1","LncRNA",-0.0838536679880987,0.0906735562557223,1.0425193507204,-0.0874190715064763
"CATG00000081567_P1","Enhancer","chr5_147567663_147568591",NA,NA,NA,NA,NA,NA,NA
"CATG00000081694_P1","Enhancer","chr5_153349796_153350888",NA,NA,NA,NA,NA,NA,NA
"CATG00000081921_P1","Enhancer","chr5_166073557_166074860","iPSvsNSC_P0","CATG00000081921.1","LncRNA",0.0254625385277643,0.0958182603327532,1.01855171841572,0.0259349123726808
"CATG00000081921_P1","Enhancer","chr5_166073557_166074860","iPSvsNeuron","CATG00000081921.1","LncRNA",0.104155910935227,0.236628018151131,0.625933833638723,0.0651947086278202
"CATG00000081921_P1","Enhancer","chr5_166073557_166074860","iPSvsNSC_P2","CATG00000081921.1","LncRNA",0.434934916262765,0.0218523800743072,1.66050125449011,0.722209974075871
"CATG00000081921_P1","Enhancer","chr5_166073557_166074860","NSC_P1vsNeuron","CATG00000081921.1","LncRNA",0.104238375800929,0.0165348676312562,1.78159927745092,0.185711015009592
"CATG00000081921_P1","Enhancer","chr5_166073557_166074860","NSC_P0vsNeuron","CATG00000081921.1","LncRNA",0.492494037304557,0.00997351652908528,2.00115168823712,0.985555274198729
"CATG00000081921_P1","Enhancer","chr5_166073557_166074860","NSC_P0vsNSC_P1","CATG00000081921.1","LncRNA",0.270056583360692,0.104224638277341,0.982029603464101,0.26520355947057
"CATG00000081921_P1","Enhancer","chr5_166073557_166074860","iPSvsNSC_P1","CATG00000081921.1","LncRNA",0.073267858185973,0.601959534323859,0.220432702447379,0.0161506319824653
"CATG00000081921_P1","Enhancer","chr5_166073557_166074860","NSC_P0vsNSC_P2","CATG00000081921.1","LncRNA",0.548551207943727,0.0107776157205065,1.96747730537896,1.0792620524675
"CATG00000081921_P1","Enhancer","chr5_166073557_166074860","NSC_P1vsNSC_P2","CATG00000081921.1","LncRNA",0.367433878877216,0.0736597334457323,1.13276985707026,0.416218022458515
"CATG00000081921_P1","Enhancer","chr5_166073557_166074860","NSC_P2vsNeuron","CATG00000081921.1","LncRNA",-0.453938154062027,0.0276873961868583,1.55771788480519,-0.707107581177874
"CATG00000081971_P1","Enhancer","chr5_169426570_169427531",NA,NA,NA,NA,NA,NA,NA
"CATG00000082554_P2","Enhancer","chr6_6657093_6658056","NSC_P1vsNSC_P2","CATG00000082554.1","LncRNA",0.356344133543333,0.0500905529363379,1.30024417422234,0.463334383658028
"CATG00000082554_P2","Enhancer","chr6_6657093_6658056","iPSvsNSC_P0","CATG00000082554.1","LncRNA",0.134520446417095,0.067467951012767,1.1709024790749,0.157510324196039
"CATG00000082554_P2","Enhancer","chr6_6657093_6658056","NSC_P1vsNeuron","CATG00000082554.1","LncRNA",-0.143347090480986,0.0793958242568695,1.1002023382516,-0.157710804128744
"CATG00000082554_P2","Enhancer","chr6_6657093_6658056","NSC_P0vsNeuron","CATG00000082554.1","LncRNA",-0.06916529680178,0.100695406217309,0.996990341759995,-0.0689571328963381
"CATG00000082554_P2","Enhancer","chr6_6657093_6658056","NSC_P2vsNeuron","CATG00000082554.1","LncRNA",-0.398991154330335,0.0732737301714574,1.13505169911686,-0.452875587655242
"CATG00000082554_P2","Enhancer","chr6_6657093_6658056","iPSvsNSC_P1","CATG00000082554.1","LncRNA",-0.0495296037714967,0.0409167989146376,1.38809835023086,-0.0687519612828027
"CATG00000082554_P2","Enhancer","chr6_6657093_6658056","NSC_P0vsNSC_P1","CATG00000082554.1","LncRNA",-0.097744639461905,0.253166568835036,0.596593644346054,-0.058313830671869
"CATG00000082554_P2","Enhancer","chr6_6657093_6658056","iPSvsNeuron","CATG00000082554.1","LncRNA",-0.107200203619962,0.134235420037324,0.872132873905492,-0.0934928216663313
"CATG00000082554_P2","Enhancer","chr6_6657093_6658056","iPSvsNSC_P2","CATG00000082554.1","LncRNA",0.151591958964604,0.0725066479220856,1.13962217241499,0.172757557595885
"CATG00000082554_P2","Enhancer","chr6_6657093_6658056","NSC_P0vsNSC_P2","CATG00000082554.1","LncRNA",0.262975917156191,0.287496931861884,0.541366785696311,0.142366426986386
"CATG00000082616_P1","Enhancer","chr6_8157599_8158601","NSC_P0vsNeuron","CATG00000082616.1","LncRNA",-0.581565266963684,0.0929843571390658,1.0315901071407,-0.599936976056376
"CATG00000082616_P1","Enhancer","chr6_8157599_8158601","iPSvsNSC_P1","CATG00000082616.1","LncRNA",0.330503884518341,0.0421150320101635,1.37556286488027,0.454628870242105
"CATG00000082616_P1","Enhancer","chr6_8157599_8158601","NSC_P1vsNSC_P2","CATG00000082616.1","LncRNA",-0.909447064927607,0.00507979486373786,2.29415382538252,-2.08641146298657
"CATG00000082616_P1","Enhancer","chr6_8157599_8158601","NSC_P0vsNSC_P2","CATG00000082616.1","LncRNA",-0.812950933604715,0.00430706311957484,2.36581876364901,-1.92329457264802
"CATG00000082616_P1","Enhancer","chr6_8157599_8158601","iPSvsNSC_P0","CATG00000082616.1","LncRNA",0.269578664272341,0.0962972753040331,1.01638600090417,0.273995980508852
"CATG00000082616_P1","Enhancer","chr6_8157599_8158601","iPSvsNeuron","CATG00000082616.1","LncRNA",-0.202677874712071,0.0262948037616853,1.58013006598136,-0.320257403541745
"CATG00000082616_P1","Enhancer","chr6_8157599_8158601","iPSvsNSC_P2","CATG00000082616.1","LncRNA",-0.74842181126263,0.0246205013593923,1.60870310756228,-1.20398849354558
"CATG00000082616_P1","Enhancer","chr6_8157599_8158601","NSC_P1vsNeuron","CATG00000082616.1","LncRNA",-0.68622392687706,0.0689189271470336,1.16166149178335,-0.797159910593433
"CATG00000082616_P1","Enhancer","chr6_8157599_8158601","NSC_P0vsNSC_P1","CATG00000082616.1","LncRNA",0.139624510972352,0.0311862961106864,1.50603620184463,0.210279568189215
"CATG00000082616_P1","Enhancer","chr6_8157599_8158601","NSC_P2vsNeuron","CATG00000082616.1","LncRNA",0.466928285693577,0.0160326852385025,1.79499373362842,0.838133346873833
"CATG00000082616_P2","Enhancer","chr6_8195073_8196120","iPSvsNSC_P0","CATG00000082616.1","LncRNA",0.325068274838354,0.0602576186116886,1.21998803569351,0.396579406086322
"CATG00000082616_P2","Enhancer","chr6_8195073_8196120","iPSvsNSC_P1","CATG00000082616.1","LncRNA",0.393550985284656,0.00819581382641796,2.08640791545846,0.821107890834381
"CATG00000082616_P2","Enhancer","chr6_8195073_8196120","NSC_P0vsNeuron","CATG00000082616.1","LncRNA",-0.0537430440098513,0.955058940209411,0.0199698256750621,-0.00107323922012393
"CATG00000082616_P2","Enhancer","chr6_8195073_8196120","NSC_P0vsNSC_P2","CATG00000082616.1","LncRNA",-0.544635510845912,0.00601968684359263,2.22042610104071,-1.2093229038359
"CATG00000082616_P2","Enhancer","chr6_8195073_8196120","iPSvsNSC_P2","CATG00000082616.1","LncRNA",-0.464286885169006,0.0597873482476798,1.22339070844536,-0.568004261368801
"CATG00000082616_P2","Enhancer","chr6_8195073_8196120","iPSvsNeuron","CATG00000082616.1","LncRNA",0.348408256527003,0.039979212002829,1.39816577015276,0.487132498314659
"CATG00000082616_P2","Enhancer","chr6_8195073_8196120","NSC_P2vsNeuron","CATG00000082616.1","LncRNA",0.505797931419952,0.0134888182947465,1.87002609558757,0.945855330849522
"CATG00000082616_P2","Enhancer","chr6_8195073_8196120","NSC_P1vsNeuron","CATG00000082616.1","LncRNA",-0.109959902045222,0.35275453105628,0.45252739911833,-0.0497598684798307
"CATG00000082616_P2","Enhancer","chr6_8195073_8196120","NSC_P1vsNSC_P2","CATG00000082616.1","LncRNA",-0.530152990469101,0.0109269576895276,1.96150073855966,-1.03989548235476
"CATG00000082616_P2","Enhancer","chr6_8195073_8196120","NSC_P0vsNSC_P1","CATG00000082616.1","LncRNA",-0.0863223396054173,0.0276194701036712,1.55878465788118,-0.134557938609334
"CATG00000082753_P2","Enhancer","chr6_11900514_11901409",NA,NA,NA,NA,NA,NA,NA
"CATG00000082780_P1","Enhancer","chr6_12365098_12365984","NSC_P2vsNeuron","CATG00000082780.1","LncRNA",-0.00641749091371768,0.0529682114031598,1.27598469179638,-0.00818862016564611
"CATG00000082780_P1","Enhancer","chr6_12365098_12365984","iPSvsNSC_P0","CATG00000082780.1","LncRNA",0.090473876673503,0.0325250507623871,1.48778201695523,0.134605406719063
"CATG00000082780_P1","Enhancer","chr6_12365098_12365984","iPSvsNeuron","CATG00000082780.1","LncRNA",0.351440750247376,0.0939213823086577,1.02723552422461,0.361012423314252
"CATG00000082780_P1","Enhancer","chr6_12365098_12365984","NSC_P0vsNSC_P2","CATG00000082780.1","LncRNA",0.0709682736966693,0.0691356045811526,1.16029823495894,0.0823443627083284
"CATG00000082780_P1","Enhancer","chr6_12365098_12365984","NSC_P0vsNSC_P1","CATG00000082780.1","LncRNA",0.494168517263508,0.00492704435713235,2.30741352784665,1.14025112176974
"CATG00000082780_P1","Enhancer","chr6_12365098_12365984","NSC_P0vsNeuron","CATG00000082780.1","LncRNA",0.229251812400721,0.0130200393310651,1.88538770384473,0.432228548184438
"CATG00000082780_P1","Enhancer","chr6_12365098_12365984","iPSvsNSC_P1","CATG00000082780.1","LncRNA",0.227248139888644,0.0254948353076405,1.59354778915695,0.362130770909577
"CATG00000082780_P1","Enhancer","chr6_12365098_12365984","NSC_P1vsNeuron","CATG00000082780.1","LncRNA",-0.158574068644521,0.015079517497027,1.82161255446964,-0.288860514256189
"CATG00000082780_P1","Enhancer","chr6_12365098_12365984","NSC_P1vsNSC_P2","CATG00000082780.1","LncRNA",-0.353610922292531,0.0578589975763816,1.2376290948985,-0.437639165703128
"CATG00000082780_P1","Enhancer","chr6_12365098_12365984","iPSvsNSC_P2","CATG00000082780.1","LncRNA",0.0229966060050267,0.0150082412947827,1.82367019654562,0.0419382249930691
"CATG00000082927_P1","Enhancer","chr6_15210853_15211792",NA,NA,NA,NA,NA,NA,NA
"CATG00000083389_P1","Enhancer","chr6_28720527_28721289",NA,NA,NA,NA,NA,NA,NA
"CATG00000083433_P1","Enhancer","chr6_29436488_29437389","NSC_P1vsNeuron","CATG00000083433.1","LncRNA",0.11053212884156,0.014782754691057,1.83024462983484,0.202300835236478
"CATG00000083433_P1","Enhancer","chr6_29436488_29437389","iPSvsNSC_P2","CATG00000083433.1","LncRNA",0.299057835192858,0.195623452423642,0.708579080797814,0.21190612596634
"CATG00000083433_P1","Enhancer","chr6_29436488_29437389","NSC_P2vsNeuron","CATG00000083433.1","LncRNA",-0.152193598805727,0.0932931433179959,1.0301502740304,-0.156782277515393
"CATG00000083433_P1","Enhancer","chr6_29436488_29437389","NSC_P1vsNSC_P2","CATG00000083433.1","LncRNA",0.224963640818966,0.466923815799854,0.330753973988072,0.0744076182036979
"CATG00000083433_P1","Enhancer","chr6_29436488_29437389","NSC_P0vsNSC_P1","CATG00000083433.1","LncRNA",-0.0871907140958737,0.0145875948522545,1.83601630704414,-0.160083572902847
"CATG00000083433_P1","Enhancer","chr6_29436488_29437389","NSC_P0vsNeuron","CATG00000083433.1","LncRNA",-0.095249763021462,0.0685539353135859,1.16396760964297,-0.11086763898315
"CATG00000083433_P1","Enhancer","chr6_29436488_29437389","iPSvsNSC_P0","CATG00000083433.1","LncRNA",0.223233014492793,0.113754468751344,0.944031533431916,0.210739004984261
"CATG00000083433_P1","Enhancer","chr6_29436488_29437389","iPSvsNSC_P1","CATG00000083433.1","LncRNA",-0.112643763580987,0.0421150320101635,1.37556286488027,-0.154948578142358
"CATG00000083433_P1","Enhancer","chr6_29436488_29437389","NSC_P0vsNSC_P2","CATG00000083433.1","LncRNA",0.0566739259433337,0.734958962816824,0.133736909514115,0.00757939570569327
"CATG00000083433_P1","Enhancer","chr6_29436488_29437389","iPSvsNeuron","CATG00000083433.1","LncRNA",0.0941685703521763,0.0831632959570843,1.08006830688736,0.101708488342278
"CATG00000083629_P1","Enhancer","chr6_33608828_33611642","NSC_P0vsNSC_P1","CATG00000083629.1","LncRNA",-0.34311739165391,0.00867217919616416,2.06187175673959,-0.707464059097354
"CATG00000083629_P1","Enhancer","chr6_33608828_33611642","iPSvsNSC_P1","CATG00000083629.1","LncRNA",-1.16613165547792,0.00534646824496384,2.27193300829951,-2.64937300010325
"CATG00000083629_P1","Enhancer","chr6_33608828_33611642","iPSvsNeuron","CATG00000083629.1","LncRNA",-1.44105395196259,0.00319370763353058,2.49570484366279,-3.59644532789246
"CATG00000083629_P1","Enhancer","chr6_33608828_33611642","NSC_P0vsNSC_P2","CATG00000083629.1","LncRNA",-0.730764180679391,0.0122725392433648,1.9110655705013,-1.39653826585198
"CATG00000083629_P1","Enhancer","chr6_33608828_33611642","iPSvsNSC_P2","CATG00000083629.1","LncRNA",-1.13340823894437,0.00791979509914002,2.10128605432767,-2.3816149263539
"CATG00000083629_P1","Enhancer","chr6_33608828_33611642","NSC_P1vsNSC_P2","CATG00000083629.1","LncRNA",-0.056386305543728,0.11748185257492,0.930029213692296,-0.0524409114078469
"CATG00000083629_P1","Enhancer","chr6_33608828_33611642","iPSvsNSC_P0","CATG00000083629.1","LncRNA",-0.634267944851064,0.0120049168111689,1.92064084506764,-1.21820092159806
"CATG00000083629_P1","Enhancer","chr6_33608828_33611642","NSC_P1vsNeuron","CATG00000083629.1","LncRNA",0.035504551052944,0.176591854467858,0.753029332702094,0.0267359683872859
"CATG00000083629_P1","Enhancer","chr6_33608828_33611642","NSC_P0vsNeuron","CATG00000083629.1","LncRNA",-0.806221560952362,0.0120868100045648,1.91768830461634,-1.54608165836788
"CATG00000083629_P1","Enhancer","chr6_33608828_33611642","NSC_P2vsNeuron","CATG00000083629.1","LncRNA",0.0706701278718973,0.0217144968530823,1.66325022922883,0.117542106382564
"CATG00000083924_P1","Enhancer","chr6_44475439_44476375","NSC_P1vsNeuron","CATG00000083924.1","LncRNA",0.067923047142801,0.0355598094931527,1.44904057436926,0.098423251244715
"CATG00000083924_P1","Enhancer","chr6_44475439_44476375","NSC_P1vsNSC_P2","CATG00000083924.1","LncRNA",-0.61955820301186,0.00971412976119206,2.0125960995254,-1.24692042281063
"CATG00000083924_P1","Enhancer","chr6_44475439_44476375","iPSvsNSC_P2","CATG00000083924.1","LncRNA",-0.60969217086581,0.0403228498741602,1.39444878110412,-0.850184504512551
"CATG00000083924_P1","Enhancer","chr6_44475439_44476375","NSC_P2vsNeuron","CATG00000083924.1","LncRNA",0.637667107182078,0.00633534783989298,2.19822953535056,1.40173866872919
"CATG00000083924_P1","Enhancer","chr6_44475439_44476375","iPSvsNeuron","CATG00000083924.1","LncRNA",-0.000164277271151314,0.0223609416351788,1.65050991195058,-0.000271141264343436
"CATG00000083924_P1","Enhancer","chr6_44475439_44476375","NSC_P0vsNeuron","CATG00000083924.1","LncRNA",-0.0508564753997543,0.0119236515557615,1.92359072381864,-0.097827044325078
"CATG00000083924_P1","Enhancer","chr6_44475439_44476375","NSC_P0vsNSC_P2","CATG00000083924.1","LncRNA",-0.667782793485069,0.0106300826142664,1.97346336023864,-1.31784487554059
"CATG00000083924_P1","Enhancer","chr6_44475439_44476375","NSC_P0vsNSC_P1","CATG00000083924.1","LncRNA",-0.0227572758974413,0.0104682584549483,1.98012556343259,-0.0450622637586121
"CATG00000083924_P1","Enhancer","chr6_44475439_44476375","iPSvsNSC_P1","CATG00000083924.1","LncRNA",0.09891248369947,0.00849077784756108,2.0710525218374,0.204852948806988
"CATG00000083924_P1","Enhancer","chr6_44475439_44476375","iPSvsNSC_P0","CATG00000083924.1","LncRNA",-0.234802055571899,0.477063275919724,0.321424013915349,-0.0754710191774945
"CATG00000084188_P1","Enhancer","chr6_57028943_57029749","NSC_P2vsNeuron","CATG00000084188.1","LncRNA",-0.384062617087173,0.05754272169665,1.24000960039004,-0.47624133233902
"CATG00000084188_P1","Enhancer","chr6_57028943_57029749","iPSvsNeuron","CATG00000084188.1","LncRNA",0.0452109357426567,0.379455612488912,0.420839019185056,0.0190265258543783
"CATG00000084188_P1","Enhancer","chr6_57028943_57029749","NSC_P0vsNSC_P2","CATG00000084188.1","LncRNA",0.388445883829815,0.0439663025366359,1.3568800559963,0.52707447260253
"CATG00000084188_P1","Enhancer","chr6_57028943_57029749","iPSvsNSC_P2","CATG00000084188.1","LncRNA",0.485066768571634,0.0213054208414906,1.67150988285137,0.810793897510265
"CATG00000084188_P1","Enhancer","chr6_57028943_57029749","NSC_P0vsNSC_P1","CATG00000084188.1","LncRNA",-0.142335614702771,0.0173075483288562,1.76176444700953,-0.25076182552659
"CATG00000084188_P1","Enhancer","chr6_57028943_57029749","NSC_P0vsNeuron","CATG00000084188.1","LncRNA",-0.337600726479213,0.0793959388353723,1.10020171150862,-0.371428897078982
"CATG00000084188_P1","Enhancer","chr6_57028943_57029749","NSC_P1vsNSC_P2","CATG00000084188.1","LncRNA",0.491153865097517,0.0122725298090699,1.91106590435754,0.938627405381288
"CATG00000084188_P1","Enhancer","chr6_57028943_57029749","NSC_P1vsNeuron","CATG00000084188.1","LncRNA",0.101534530613952,0.054296098556245,1.26523137550079,0.128464673829518
"CATG00000084188_P1","Enhancer","chr6_57028943_57029749","iPSvsNSC_P1","CATG00000084188.1","LncRNA",0.135139561558511,0.0715194514930249,1.14557582495132,0.15481261471595
"CATG00000084188_P1","Enhancer","chr6_57028943_57029749","iPSvsNSC_P0","CATG00000084188.1","LncRNA",0.353848300056546,0.0567433099501254,1.24608533454038,0.440925177352505
"CATG00000084651_P2","Enhancer","chr6_82394578_82395494","NSC_P0vsNeuron","CATG00000084651.1","LncRNA",-0.295424026599546,0.151214161200716,0.820407535267753,-0.242368097521409
"CATG00000084651_P2","Enhancer","chr6_82394578_82395494","NSC_P2vsNeuron","CATG00000084651.1","LncRNA",0.295877343914547,0.369205843649178,0.432731433744425,0.128035427244634
"CATG00000084651_P2","Enhancer","chr6_82394578_82395494","NSC_P0vsNSC_P2","CATG00000084651.1","LncRNA",-0.492536783025568,0.013948343555307,1.85547736425444,-0.913890851966641
"CATG00000084651_P2","Enhancer","chr6_82394578_82395494","NSC_P0vsNSC_P1","CATG00000084651.1","LncRNA",-0.0363920987032893,0.112119711809216,0.950318027214178,-0.0345840674458935
"CATG00000084651_P2","Enhancer","chr6_82394578_82395494","NSC_P1vsNSC_P2","CATG00000084651.1","LncRNA",-0.417541697077508,0.0424768353112538,1.37184784734225,-0.57280367831141
"CATG00000084651_P2","Enhancer","chr6_82394578_82395494","iPSvsNeuron","CATG00000084651.1","LncRNA",-0.412706920679926,0.131146205555561,0.882244270305201,-0.364108316085168
"CATG00000084651_P2","Enhancer","chr6_82394578_82395494","iPSvsNSC_P2","CATG00000084651.1","LncRNA",-0.538520103344789,0.027015684150135,1.5683840298325,-0.844606329829713
"CATG00000084651_P2","Enhancer","chr6_82394578_82395494","iPSvsNSC_P0","CATG00000084651.1","LncRNA",-0.174687317532958,0.0366235632010234,1.43623940434724,-0.250892808880553
"CATG00000084651_P2","Enhancer","chr6_82394578_82395494","NSC_P1vsNeuron","CATG00000084651.1","LncRNA",-0.211848683724671,0.496594146971908,0.303998403494267,-0.0644016616346618
"CATG00000084651_P2","Enhancer","chr6_82394578_82395494","iPSvsNSC_P1","CATG00000084651.1","LncRNA",-0.222115995516576,0.190819605317173,0.719377006761646,-0.159785140008598
"CATG00000084659_P2","Enhancer","chr1_181099053_181100656","NSC_P2vsNeuron","CATG00000084659.1","LncRNA",0.62246268406531,0.00417860058797419,2.37896913896137,1.48081951554643
"CATG00000084659_P2","Enhancer","chr1_181099053_181100656","NSC_P0vsNSC_P2","CATG00000084659.1","LncRNA",-0.635482004882024,0.0049305998560286,2.30710024130787,-1.46612068681013
"CATG00000084659_P2","Enhancer","chr1_181099053_181100656","NSC_P0vsNSC_P1","CATG00000084659.1","LncRNA",0.124041455526582,0.0831627068281546,1.0800713834411,0.133973626474643
"CATG00000084659_P2","Enhancer","chr1_181099053_181100656","NSC_P1vsNeuron","CATG00000084659.1","LncRNA",-0.429247182112864,0.0244104418332152,1.6124243597065,-0.692128612774156
"CATG00000084659_P2","Enhancer","chr1_181099053_181100656","iPSvsNSC_P0","CATG00000084659.1","LncRNA",0.0347160512477857,0.0848834613207342,1.07117691937715,0.0371870328285423
"CATG00000084659_P2","Enhancer","chr1_181099053_181100656","iPSvsNSC_P1","CATG00000084659.1","LncRNA",0.130539385127761,0.0406806513777626,1.39061210177921,0.181529648717481
"CATG00000084659_P2","Enhancer","chr1_181099053_181100656","iPSvsNeuron","CATG00000084659.1","LncRNA",-0.534846103207835,0.0138303856727457,1.85916570902953,-0.994367534692074
"CATG00000084659_P2","Enhancer","chr1_181099053_181100656","NSC_P0vsNeuron","CATG00000084659.1","LncRNA",-0.0121945664555743,0.035141788615577,1.45417613794297,-0.017733047552256
"CATG00000084659_P2","Enhancer","chr1_181099053_181100656","iPSvsNSC_P2","CATG00000084659.1","LncRNA",-0.58134740636898,0.0110023353268325,1.95851512284983,-1.13857768700317
"CATG00000084659_P2","Enhancer","chr1_181099053_181100656","NSC_P1vsNSC_P2","CATG00000084659.1","LncRNA",-0.692942757009119,0.00447266839013786,2.34943329983135,-1.62802278819417
"CATG00000084981_P1","Enhancer","chr6_93787664_93788493","NSC_P0vsNSC_P2","CATG00000084981.1","LncRNA",-0.473787093877349,0.0123560779749024,1.9081193596808,-0.904042326194276
"CATG00000084981_P1","Enhancer","chr6_93787664_93788493","NSC_P0vsNSC_P1","CATG00000084981.1","LncRNA",0.13509021616797,0.0191941404202746,1.71683133231399,0.23192711580624
"CATG00000084981_P1","Enhancer","chr6_93787664_93788493","NSC_P1vsNSC_P2","CATG00000084981.1","LncRNA",-0.53372430914785,0.0093156317324138,2.03078768842223,-1.08388075602911
"CATG00000084981_P1","Enhancer","chr6_93787664_93788493","iPSvsNeuron","CATG00000084981.1","LncRNA",0.186424653992664,0.11651994167891,0.933599741419361,0.174046008761745
"CATG00000084981_P1","Enhancer","chr6_93787664_93788493","NSC_P0vsNeuron","CATG00000084981.1","LncRNA",-0.0973455324542293,0.161010001119958,0.793147146972424,-0.0772093313365834
"CATG00000084981_P1","Enhancer","chr6_93787664_93788493","iPSvsNSC_P1","CATG00000084981.1","LncRNA",0.404631964502823,0.00898249735304201,2.04660290210098,0.828120952834299
"CATG00000084981_P1","Enhancer","chr6_93787664_93788493","iPSvsNSC_P2","CATG00000084981.1","LncRNA",-0.300583906289934,0.357797210482123,0.446363049674022,-0.134169549094506
"CATG00000084981_P1","Enhancer","chr6_93787664_93788493","NSC_P1vsNeuron","CATG00000084981.1","LncRNA",-0.0462704484683622,0.269454263264665,0.569514940671884,-0.0263517117143207
"CATG00000084981_P1","Enhancer","chr6_93787664_93788493","iPSvsNSC_P0","CATG00000084981.1","LncRNA",0.258275125171004,0.145160562517301,0.838151357516904,0.216473646774925
"CATG00000084981_P1","Enhancer","chr6_93787664_93788493","NSC_P2vsNeuron","CATG00000084981.1","LncRNA",0.463337274575184,0.0172301228987315,1.76371162481253,0.817193337377208
"CATG00000085009_P1","Enhancer","chr6_94478235_94479131","NSC_P0vsNeuron","CATG00000085009.1","LncRNA",-0.214219615935233,0.0251809340940509,1.59892816364962,-0.34252177712505
"CATG00000085009_P1","Enhancer","chr6_94478235_94479131","NSC_P0vsNSC_P2","CATG00000085009.1","LncRNA",-0.615087948292841,0.00539050376283101,2.26837064646551,-1.39524744690217
"CATG00000085009_P1","Enhancer","chr6_94478235_94479131","NSC_P1vsNeuron","CATG00000085009.1","LncRNA",-0.361280391251605,0.0753737481222648,1.12277988796101,-0.405638357211987
"CATG00000085009_P1","Enhancer","chr6_94478235_94479131","iPSvsNeuron","CATG00000085009.1","LncRNA",-0.177641619616916,0.0298956614880484,1.52439183269605,-0.270795434090925
"CATG00000085009_P1","Enhancer","chr6_94478235_94479131","iPSvsNSC_P2","CATG00000085009.1","LncRNA",-0.535803183151899,0.0128679761981135,1.89048975108352,-1.01293042634659
"CATG00000085009_P1","Enhancer","chr6_94478235_94479131","NSC_P1vsNSC_P2","CATG00000085009.1","LncRNA",-0.470162030255511,0.0203768743130642,1.69086243331765,-0.794979314531403
"CATG00000085009_P1","Enhancer","chr6_94478235_94479131","iPSvsNSC_P0","CATG00000085009.1","LncRNA",0.021926568309657,0.266346766165788,0.574552571809054,0.0125979662132603
"CATG00000085009_P1","Enhancer","chr6_94478235_94479131","NSC_P2vsNeuron","CATG00000085009.1","LncRNA",0.533113922856327,0.00844198885879941,2.0735552253355,1.10544116043784
"CATG00000085009_P1","Enhancer","chr6_94478235_94479131","NSC_P0vsNSC_P1","CATG00000085009.1","LncRNA",0.111090647305372,0.0734254275204718,1.13415351611274,0.125993848248627
"CATG00000085009_P1","Enhancer","chr6_94478235_94479131","iPSvsNSC_P1","CATG00000085009.1","LncRNA",0.117909275104792,0.0789857965864968,1.10245099755373,0.129989197960115
"CATG00000085611_P1","Enhancer","chr6_121620101_121621022",NA,NA,NA,NA,NA,NA,NA
"CATG00000085914_P2","Enhancer","chr6_131303009_131304132",NA,NA,NA,NA,NA,NA,NA
"CATG00000086799_P1","Enhancer","chr6_160882550_160883454",NA,NA,NA,NA,NA,NA,NA
"CATG00000086947_P2","Enhancer","chr6_167676841_167677726","iPSvsNSC_P0","CATG00000086947.1","Others",0.10274758933527,0.112662918355316,0.948219003240962,0.0974272167449017
"CATG00000086947_P2","Enhancer","chr6_167676841_167677726","iPSvsNSC_P1","CATG00000086947.1","Others",-0.161395947599525,0.0423582081473542,1.37306241986238,-0.221606710366985
"CATG00000086947_P2","Enhancer","chr6_167676841_167677726","NSC_P0vsNeuron","CATG00000086947.1","Others",0.0742228187555953,0.166818828412919,0.777754933228534,0.0577271634452916
"CATG00000086947_P2","Enhancer","chr6_167676841_167677726","iPSvsNeuron","CATG00000086947.1","Others",0.132448777306252,0.0884105030855048,1.05349613814168,0.139534275393724
"CATG00000086947_P2","Enhancer","chr6_167676841_167677726","iPSvsNSC_P2","CATG00000086947.1","Others",-0.692548168621212,0.00628936383730913,2.2013932807739,-1.52457088501501
"CATG00000086947_P2","Enhancer","chr6_167676841_167677726","NSC_P0vsNSC_P2","CATG00000086947.1","Others",-0.564898344437495,0.00721654266284855,2.14167081656653,-1.20982629860853
"CATG00000086947_P2","Enhancer","chr6_167676841_167677726","NSC_P1vsNeuron","CATG00000086947.1","Others",0.351503866849587,0.038158475914347,1.4184089797543,0.498576241157814
"CATG00000086947_P2","Enhancer","chr6_167676841_167677726","NSC_P0vsNSC_P1","CATG00000086947.1","Others",-0.137340770098783,0.108906866560242,0.962944737184445,-0.132251571767482
"CATG00000086947_P2","Enhancer","chr6_167676841_167677726","NSC_P1vsNSC_P2","CATG00000086947.1","Others",-0.537462438158115,0.0093156317324138,2.03078768842223,-1.09147210240089
"CATG00000086947_P2","Enhancer","chr6_167676841_167677726","NSC_P2vsNeuron","CATG00000086947.1","Others",0.618374080107449,0.00417860058797419,2.37896913896137,1.47109285290925
"CATG00000087177_P1","Enhancer","chr6_3165708_3166803","NSC_P2vsNeuron","CATG00000087177.1","LncRNA",-0.0870065393115723,0.122631398065314,0.911398320513327,-0.0792976138022437
"CATG00000087177_P1","Enhancer","chr6_3165708_3166803","NSC_P1vsNeuron","CATG00000087177.1","LncRNA",0.098544270055973,0.0773634929185694,1.11146393032869,0.109528401707783
"CATG00000087177_P1","Enhancer","chr6_3165708_3166803","iPSvsNSC_P0","CATG00000087177.1","LncRNA",-0.0253253928594737,0.14782758979408,0.830244503849736,-0.0210262682294133
"CATG00000087177_P1","Enhancer","chr6_3165708_3166803","iPSvsNeuron","CATG00000087177.1","LncRNA",0.376064859341367,0.0390598342420239,1.40826960405705,0.529600710564437
"CATG00000087177_P1","Enhancer","chr6_3165708_3166803","NSC_P0vsNSC_P2","CATG00000087177.1","LncRNA",0.316752576505354,0.12735527503259,0.894983061928475,0.283488190794495
"CATG00000087177_P1","Enhancer","chr6_3165708_3166803","iPSvsNSC_P2","CATG00000087177.1","LncRNA",0.39965549813729,0.0641485543156613,1.19281312665937,0.476714324319748
"CATG00000087177_P1","Enhancer","chr6_3165708_3166803","iPSvsNSC_P1","CATG00000087177.1","LncRNA",0.311159009109642,0.0997042510613799,1.00128632440509,0.311559260536922
"CATG00000087177_P1","Enhancer","chr6_3165708_3166803","NSC_P0vsNSC_P1","CATG00000087177.1","LncRNA",0.347609452897706,0.0103246719928409,1.98612373666546,0.690395385489427
"CATG00000087177_P1","Enhancer","chr6_3165708_3166803","NSC_P0vsNeuron","CATG00000087177.1","LncRNA",0.47648384616085,0.00873359926743498,2.05880673913032,0.980988153562692
"CATG00000087177_P1","Enhancer","chr6_3165708_3166803","NSC_P1vsNSC_P2","CATG00000087177.1","LncRNA",0.133172489663949,0.110881674446013,0.955140224316207,0.127198401650372
"CATG00000087576_P1","Enhancer","chr6_15960984_15961959",NA,NA,NA,NA,NA,NA,NA
"CATG00000087927_P2","Enhancer","chr6_28468686_28469503","iPSvsNSC_P0","CATG00000087927.1","LncRNA",0.216791489721439,0.0663963773699422,1.17785561537841,0.255349073534649
"CATG00000087927_P2","Enhancer","chr6_28468686_28469503","NSC_P0vsNSC_P2","CATG00000087927.1","LncRNA",0.451147515227401,0.0241641835351315,1.61682787431684,0.729427878048443
"CATG00000087927_P2","Enhancer","chr6_28468686_28469503","NSC_P1vsNeuron","CATG00000087927.1","LncRNA",-0.274955059671006,0.126318487166973,0.898533084226567,-0.247056217789889
"CATG00000087927_P2","Enhancer","chr6_28468686_28469503","NSC_P0vsNeuron","CATG00000087927.1","LncRNA",-0.118993045558297,0.042358372963623,1.37306073002091,-0.163384678001686
"CATG00000087927_P2","Enhancer","chr6_28468686_28469503","NSC_P1vsNSC_P2","CATG00000087927.1","LncRNA",0.399921698376011,0.0449835470402555,1.34694630258482,0.538673052951008
"CATG00000087927_P2","Enhancer","chr6_28468686_28469503","iPSvsNSC_P1","CATG00000087927.1","LncRNA",0.548960767550489,0.0078539844547256,2.10490996265735,1.15551298872505
"CATG00000087927_P2","Enhancer","chr6_28468686_28469503","NSC_P2vsNeuron","CATG00000087927.1","LncRNA",-0.643399265782051,0.00721654266284855,2.14167081656653,-1.37794943092575
"CATG00000087927_P2","Enhancer","chr6_28468686_28469503","NSC_P0vsNSC_P1","CATG00000087927.1","LncRNA",-0.050871852541419,0.0233659280185464,1.63141696553502,-0.0829932033042668
"CATG00000087927_P2","Enhancer","chr6_28468686_28469503","iPSvsNeuron","CATG00000087927.1","LncRNA",0.183192375407179,0.0209901771378697,1.67798389635449,0.307393855868173
"CATG00000087927_P2","Enhancer","chr6_28468686_28469503","iPSvsNSC_P2","CATG00000087927.1","LncRNA",0.696893727276058,0.00584574300490317,2.23316028135042,1.55627539207515
"CATG00000087954_P1","Enhancer","chr6_28948932_28949865",NA,NA,NA,NA,NA,NA,NA
"CATG00000088087_P1","Enhancer","chr6_33123420_33125153",NA,NA,NA,NA,NA,NA,NA
"CATG00000088218_P2","Enhancer","chr6_37134372_37135265","NSC_P0vsNSC_P1","CATG00000088218.1","Others",-0.0423955055208227,0.432233263830042,0.364281813709278,-0.015443911644247
"CATG00000088218_P2","Enhancer","chr6_37134372_37135265","iPSvsNSC_P0","CATG00000088218.1","Others",0.320056911479931,0.0313748203477079,1.50341875227497,0.481179562514138
"CATG00000088218_P2","Enhancer","chr6_37134372_37135265","iPSvsNSC_P2","CATG00000088218.1","Others",0.42428262759714,0.0276874082595856,1.5577176954368,0.660912556874488
"CATG00000088218_P2","Enhancer","chr6_37134372_37135265","iPSvsNeuron","CATG00000088218.1","Others",0.0539058570338563,0.204160023283829,0.690029293428966,0.0371966204407548
"CATG00000088218_P2","Enhancer","chr6_37134372_37135265","NSC_P0vsNSC_P2","CATG00000088218.1","Others",0.273348561687692,0.0651914149699392,1.18580959256055,0.324139346561895
"CATG00000088218_P2","Enhancer","chr6_37134372_37135265","NSC_P2vsNeuron","CATG00000088218.1","Others",-0.424187006960788,0.0855974571995815,1.067539136498,-0.45283623112459
"CATG00000088218_P2","Enhancer","chr6_37134372_37135265","NSC_P1vsNeuron","CATG00000088218.1","Others",-0.071214540765916,0.145160730409491,0.838150855213742,-0.0596885282466064
"CATG00000088218_P2","Enhancer","chr6_37134372_37135265","iPSvsNSC_P1","CATG00000088218.1","Others",-0.0929145022321633,0.0286508469309784,1.54286253558092,-0.143354304506154
"CATG00000088218_P2","Enhancer","chr6_37134372_37135265","NSC_P0vsNeuron","CATG00000088218.1","Others",-0.086586123364558,0.14582416074845,0.836170514355282,-0.0724007633097723
"CATG00000088218_P2","Enhancer","chr6_37134372_37135265","NSC_P1vsNSC_P2","CATG00000088218.1","Others",0.464289939435158,0.0268499395069019,1.57105668843177,0.729425814721188
"CATG00000088706_P1","Enhancer","chr6_61606298_61606996",NA,NA,NA,NA,NA,NA,NA
"CATG00000088944_P2","Enhancer","chr6_77124403_77125183","iPSvsNSC_P0","CATG00000088944.1","LncRNA",0.319026479700297,0.0589593616105181,1.22944722749857,0.392226220966159
"CATG00000088944_P2","Enhancer","chr6_77124403_77125183","NSC_P0vsNSC_P1","CATG00000088944.1","LncRNA",0.109338983452112,0.00420810571555961,2.37591335842003,0.25977995137994
"CATG00000088944_P2","Enhancer","chr6_77124403_77125183","NSC_P1vsNeuron","CATG00000088944.1","LncRNA",-0.0472292169223257,0.0185863650217177,1.73080553789728,-0.0817445901997131
"CATG00000088944_P2","Enhancer","chr6_77124403_77125183","iPSvsNSC_P1","CATG00000088944.1","LncRNA",0.473955453969463,0.00478214836576739,2.32037695405995,1.09975531264176
"CATG00000088944_P2","Enhancer","chr6_77124403_77125183","NSC_P0vsNSC_P2","CATG00000088944.1","LncRNA",0.224337145666585,0.465454862334923,0.332122428515817,0.0745073976250928
"CATG00000088944_P2","Enhancer","chr6_77124403_77125183","iPSvsNSC_P2","CATG00000088944.1","LncRNA",0.412403957955988,0.019483871720697,1.71032473842981,0.705344691518495
"CATG00000088944_P2","Enhancer","chr6_77124403_77125183","NSC_P0vsNeuron","CATG00000088944.1","LncRNA",-0.0679610991742607,0.0561232312572804,1.25085733271124,-0.08500963924124
"CATG00000088944_P2","Enhancer","chr6_77124403_77125183","NSC_P2vsNeuron","CATG00000088944.1","LncRNA",-0.265282262987396,0.26732360092319,0.572962697441587,-0.151996840984667
"CATG00000088944_P2","Enhancer","chr6_77124403_77125183","iPSvsNeuron","CATG00000088944.1","LncRNA",0.413136899217269,0.0386069196899903,1.41333484781926,0.583900776583757
"CATG00000088944_P2","Enhancer","chr6_77124403_77125183","NSC_P1vsNSC_P2","CATG00000088944.1","LncRNA",0.184871171968749,0.0905159295133175,1.04327498443066,0.192871469057375
"CATG00000089008_P1","Enhancer","chr6_79544711_79545635",NA,NA,NA,NA,NA,NA,NA
"CATG00000089091_P1","Enhancer","chr6_82766929_82767748","NSC_P0vsNSC_P1","CATG00000089091.1","LncRNA",0.090011901717873,0.0290016105668915,1.53757788344961,0.138400309328642
"CATG00000089091_P1","Enhancer","chr6_82766929_82767748","NSC_P1vsNSC_P2","CATG00000089091.1","LncRNA",-0.696613719755146,0.00535074414107701,2.27158581538251,-1.58241784459664
"CATG00000089091_P1","Enhancer","chr6_82766929_82767748","NSC_P0vsNSC_P2","CATG00000089091.1","LncRNA",-0.635050637682036,0.00474967860905183,2.32333577627778,-1.47543586627469
"CATG00000089091_P1","Enhancer","chr6_82766929_82767748","NSC_P0vsNeuron","CATG00000089091.1","LncRNA",-0.16397953145394,0.0283036340467168,1.54815779963075,-0.253866190600214
"CATG00000089091_P1","Enhancer","chr6_82766929_82767748","iPSvsNSC_P0","CATG00000089091.1","LncRNA",0.447270157476194,0.00623760728518751,2.20498197155465,0.986222633649417
"CATG00000089091_P1","Enhancer","chr6_82766929_82767748","iPSvsNSC_P1","CATG00000089091.1","LncRNA",0.430818888275639,0.00464105850097568,2.33338295722398,1.00526545155256
"CATG00000089091_P1","Enhancer","chr6_82766929_82767748","NSC_P1vsNeuron","CATG00000089091.1","LncRNA",-0.3522892590453,0.0341148097652144,1.46705704613838,-0.516828439761275
"CATG00000089091_P1","Enhancer","chr6_82766929_82767748","iPSvsNSC_P2","CATG00000089091.1","LncRNA",-0.603869962052447,0.0127813792253629,1.89342227938223,-1.14338083999981
"CATG00000089091_P1","Enhancer","chr6_82766929_82767748","NSC_P2vsNeuron","CATG00000089091.1","LncRNA",0.613080160883827,0.00991902835476097,2.00353086825238,1.22832502704389
"CATG00000089091_P1","Enhancer","chr6_82766929_82767748","iPSvsNeuron","CATG00000089091.1","LncRNA",0.379558139879452,0.0589594673328184,1.22944644874912,0.466646407168613
"CATG00000089284_P1","Enhancer","chr6_93787664_93788493","iPSvsNSC_P1","CATG00000089284.1","LncRNA",0.0721137624329237,0.0311865482511813,1.50603269059782,0.108605683665988
"CATG00000089284_P1","Enhancer","chr6_93787664_93788493","iPSvsNSC_P2","CATG00000089284.1","LncRNA",-0.800071761524651,0.00511773514592669,2.2909221935639,-1.83290215492058
"CATG00000089284_P1","Enhancer","chr6_93787664_93788493","NSC_P0vsNSC_P1","CATG00000089284.1","LncRNA",0.0712114340980677,0.163894056734647,0.785436794898972,0.0559320805581456
"CATG00000089284_P1","Enhancer","chr6_93787664_93788493","NSC_P0vsNSC_P2","CATG00000089284.1","LncRNA",-0.628618503489801,0.00899476886594082,2.04600999202229,-1.28615973931023
"CATG00000089284_P1","Enhancer","chr6_93787664_93788493","NSC_P1vsNSC_P2","CATG00000089284.1","LncRNA",-0.567915662503883,0.0093156317324138,2.03078768842223,-1.15331613547504
"CATG00000089284_P1","Enhancer","chr6_93787664_93788493","NSC_P0vsNeuron","CATG00000089284.1","LncRNA",-0.606333628646367,0.0116031822386867,1.93542288670672,-1.17351198186211
"CATG00000089284_P1","Enhancer","chr6_93787664_93788493","NSC_P2vsNeuron","CATG00000089284.1","LncRNA",0.0811452103525477,0.0188671014412287,1.72429481550926,0.139918265514306
"CATG00000089284_P1","Enhancer","chr6_93787664_93788493","iPSvsNSC_P0","CATG00000089284.1","LncRNA",-0.0307044998841997,0.0875177546863405,1.05790383291925,-0.0324824081153635
"CATG00000089284_P1","Enhancer","chr6_93787664_93788493","NSC_P1vsNeuron","CATG00000089284.1","LncRNA",-0.539287077110451,0.0331136596158186,1.47999281975752,-0.798141001911485
"CATG00000089284_P1","Enhancer","chr6_93787664_93788493","iPSvsNeuron","CATG00000089284.1","LncRNA",-0.791078843458649,0.0158966844325555,1.79869344692472,-1.42290833172986
"CATG00000089284_P2","Enhancer","chr6_93798951_93799851","iPSvsNSC_P1","CATG00000089284.1","LncRNA",0.291442437457293,0.0359820587485065,1.44391399169817,0.420817813219203
"CATG00000089284_P2","Enhancer","chr6_93798951_93799851","iPSvsNSC_P2","CATG00000089284.1","LncRNA",-0.615766748614453,0.00786359672348638,2.10437876695306,-1.29580647117998
"CATG00000089284_P2","Enhancer","chr6_93798951_93799851","NSC_P0vsNeuron","CATG00000089284.1","LncRNA",-0.360644469199027,0.0309993806904293,1.50864698246946,-0.544085190201414
"CATG00000089284_P2","Enhancer","chr6_93798951_93799851","NSC_P0vsNSC_P2","CATG00000089284.1","LncRNA",-0.704696368147066,0.00396212834334369,2.40207146067451,-1.69273103436704
"CATG00000089284_P2","Enhancer","chr6_93798951_93799851","NSC_P1vsNSC_P2","CATG00000089284.1","LncRNA",-0.609521972755851,0.00732094407013304,2.13543291101645,-1.30159328061051
"CATG00000089284_P2","Enhancer","chr6_93798951_93799851","NSC_P0vsNSC_P1","CATG00000089284.1","LncRNA",-0.096967953830529,0.022786804679201,1.64231657027743,-0.159252077361775
"CATG00000089284_P2","Enhancer","chr6_93798951_93799851","NSC_P2vsNeuron","CATG00000089284.1","LncRNA",0.47574038972679,0.0183860546462997,1.73551145342462,0.825652895227537
"CATG00000089284_P2","Enhancer","chr6_93798951_93799851","iPSvsNSC_P0","CATG00000089284.1","LncRNA",0.29596478499815,0.0848834613207342,1.07117691937715,0.317030646638438
"CATG00000089284_P2","Enhancer","chr6_93798951_93799851","iPSvsNeuron","CATG00000089284.1","LncRNA",0.377284043487557,0.0586385561954148,1.23181673147886,0.464744797287971
"CATG00000089284_P2","Enhancer","chr6_93798951_93799851","NSC_P1vsNeuron","CATG00000089284.1","LncRNA",-0.119150046571341,0.0703953254628556,1.15245617882792,-0.137315207378776
"CATG00000089796_P1","Enhancer","chr6_121895462_121896381","NSC_P0vsNSC_P2","CATG00000089796.1","LncRNA",-0.25750551092263,0.754944915124274,0.12208473569574,-0.0314374922411859
"CATG00000089796_P1","Enhancer","chr6_121895462_121896381","iPSvsNeuron","CATG00000089796.1","LncRNA",-0.0770883703158617,0.421074200149931,0.375641367641187,-0.0289575808546806
"CATG00000089796_P1","Enhancer","chr6_121895462_121896381","NSC_P1vsNeuron","CATG00000089796.1","LncRNA",-0.217171626314033,0.525888537976416,0.279106294765249,-0.0606139679486529
"CATG00000089796_P1","Enhancer","chr6_121895462_121896381","iPSvsNSC_P0","CATG00000089796.1","LncRNA",0.078908935041174,0.320218729533666,0.494553269870707,0.0390246718466278
"CATG00000089796_P1","Enhancer","chr6_121895462_121896381","iPSvsNSC_P2","CATG00000089796.1","LncRNA",-0.237772131925583,0.931120758676155,0.0309939909566612,-0.00736950730664759
"CATG00000089796_P1","Enhancer","chr6_121895462_121896381","NSC_P2vsNeuron","CATG00000089796.1","LncRNA",0.160274715280092,0.277816515572338,0.556241939992466,0.0891515185591383
"CATG00000089796_P1","Enhancer","chr6_121895462_121896381","NSC_P0vsNeuron","CATG00000089796.1","LncRNA",-0.325530040094386,0.0726585941581774,1.13871300938072,-0.370685291599704
"CATG00000089796_P1","Enhancer","chr6_121895462_121896381","NSC_P1vsNSC_P2","CATG00000089796.1","LncRNA",-0.25002966467812,0.690216932923539,0.161014390473322,-0.0402583740583964
"CATG00000089796_P1","Enhancer","chr6_121895462_121896381","iPSvsNSC_P1","CATG00000089796.1","LncRNA",-0.0121043136166906,0.540066710544059,0.267552591599729,-0.00323854047768146
"CATG00000089796_P1","Enhancer","chr6_121895462_121896381","NSC_P0vsNSC_P1","CATG00000089796.1","LncRNA",-0.0957290726599047,0.501160196082124,0.300023429514192,-0.0287209646836379
"CATG00000089825_P1","Enhancer","chr6_122832824_122833751","iPSvsNSC_P2","CATG00000089825.1","LncRNA",-0.0461981360924964,0.344158167160494,0.463241919817501,-0.0214009132554782
"CATG00000089825_P1","Enhancer","chr6_122832824_122833751","NSC_P0vsNSC_P2","CATG00000089825.1","LncRNA",-0.484481420540249,0.0231278867214824,1.63586404847142,-0.792545738014156
"CATG00000089825_P1","Enhancer","chr6_122832824_122833751","NSC_P2vsNeuron","CATG00000089825.1","LncRNA",0.367229587320739,0.0658944075555637,1.18115144232284,0.433753756727513
"CATG00000089825_P1","Enhancer","chr6_122832824_122833751","iPSvsNSC_P1","CATG00000089825.1","LncRNA",0.454926626728793,0.00808041931807829,2.09256610174987,0.951964037876088
"CATG00000089825_P1","Enhancer","chr6_122832824_122833751","NSC_P1vsNeuron","CATG00000089825.1","LncRNA",0.00190417395637899,0.118769996003169,0.925293258142949,0.00176191932416887
"CATG00000089825_P1","Enhancer","chr6_122832824_122833751","NSC_P1vsNSC_P2","CATG00000089825.1","LncRNA",-0.430337622306936,0.0509397499766119,1.29294319097908,-0.556402098583882
"CATG00000089825_P1","Enhancer","chr6_122832824_122833751","iPSvsNSC_P0","CATG00000089825.1","LncRNA",0.450948615110245,0.0109850214172841,1.95919909200708,0.883498117265843
"CATG00000089825_P1","Enhancer","chr6_122832824_122833751","iPSvsNeuron","CATG00000089825.1","LncRNA",0.166143364947385,0.0208572149002087,1.68074368412733,0.279244411294979
"CATG00000089825_P1","Enhancer","chr6_122832824_122833751","NSC_P0vsNeuron","CATG00000089825.1","LncRNA",0.085264174006154,0.134235568497106,0.872132393590919,0.0743616481635397
"CATG00000089825_P1","Enhancer","chr6_122832824_122833751","NSC_P0vsNSC_P1","CATG00000089825.1","LncRNA",0.25055807336985,0.12572415804216,0.900581264109249,0.225647906448198
"CATG00000090886_P1","Enhancer","chr6_167441698_167442854","NSC_P0vsNSC_P1","CATG00000090886.1","Others",0.250945957005133,0.103714413911189,0.984160882501197,0.246971194506279
"CATG00000090886_P1","Enhancer","chr6_167441698_167442854","NSC_P1vsNeuron","CATG00000090886.1","Others",-0.098639632345874,0.195745130902447,0.708309032072058,-0.0698673425108497
"CATG00000090886_P1","Enhancer","chr6_167441698_167442854","NSC_P0vsNeuron","CATG00000090886.1","Others",0.0915633520110467,0.172783778668798,0.76249703248972,0.0698167841932347
"CATG00000090886_P1","Enhancer","chr6_167441698_167442854","NSC_P2vsNeuron","CATG00000090886.1","Others",0.494449571276346,0.0308913086321666,1.51016369352145,0.746699790818783
"CATG00000090886_P1","Enhancer","chr6_167441698_167442854","iPSvsNSC_P0","CATG00000090886.1","Others",-0.459396423928018,0.0125881494138893,1.90003811090955,-0.872870713478795
"CATG00000090886_P1","Enhancer","chr6_167441698_167442854","NSC_P0vsNSC_P2","CATG00000090886.1","Others",-0.406289857918345,0.0847268296232088,1.07197904407,-0.435534213506643
"CATG00000090886_P1","Enhancer","chr6_167441698_167442854","NSC_P1vsNSC_P2","CATG00000090886.1","Others",-0.585180130029349,0.0171181010273126,1.76654441484005,-1.03374669037872
"CATG00000090886_P1","Enhancer","chr6_167441698_167442854","iPSvsNeuron","CATG00000090886.1","Others",-0.320820786331234,0.0443467954571567,1.35313775724276,-0.434114719293105
"CATG00000090886_P1","Enhancer","chr6_167441698_167442854","iPSvsNSC_P2","CATG00000090886.1","Others",-0.747743402829437,0.0188671106685525,1.72429460310913,-1.28932991400925
"CATG00000090886_P1","Enhancer","chr6_167441698_167442854","iPSvsNSC_P1","CATG00000090886.1","Others",-0.123987122810896,0.0667520000287046,1.17553571740283,-0.145751291362219
"CATG00000090897_P1","Enhancer","chr1_205294218_205295224","iPSvsNSC_P2","CATG00000090897.1","LncRNA",0.452618305981026,0.0246205013593923,1.60870310756228,0.72812847537125
"CATG00000090897_P1","Enhancer","chr1_205294218_205295224","iPSvsNSC_P0","CATG00000090897.1","LncRNA",-0.0248757447079827,0.439295051877719,0.357243688504097,-0.008886702793766
"CATG00000090897_P1","Enhancer","chr1_205294218_205295224","iPSvsNSC_P1","CATG00000090897.1","LncRNA",0.141353717792484,0.0267850212893787,1.57210800410329,0.222223311151321
"CATG00000090897_P1","Enhancer","chr1_205294218_205295224","NSC_P1vsNSC_P2","CATG00000090897.1","LncRNA",-0.10087977429936,0.146338835505764,0.834640405195977,-0.0841983356972968
"CATG00000090897_P1","Enhancer","chr1_205294218_205295224","iPSvsNeuron","CATG00000090897.1","LncRNA",0.151223307727921,0.0298956614880484,1.52439183269605,0.230523575213724
"CATG00000090897_P1","Enhancer","chr1_205294218_205295224","NSC_P2vsNeuron","CATG00000090897.1","LncRNA",-0.365853808191515,0.0869169422669401,1.06089556053782,-0.388132680916232
"CATG00000090897_P1","Enhancer","chr1_205294218_205295224","NSC_P0vsNSC_P2","CATG00000090897.1","LncRNA",0.334346456051599,0.241328665687193,0.617391088325966,0.206422522379626
"CATG00000090897_P1","Enhancer","chr1_205294218_205295224","NSC_P0vsNeuron","CATG00000090897.1","LncRNA",0.103537366761549,0.180462466886185,0.743613110208218,0.0769917433203246
"CATG00000090897_P1","Enhancer","chr1_205294218_205295224","NSC_P0vsNSC_P1","CATG00000090897.1","LncRNA",0.327901986504718,0.0147825641356998,1.83025022809276,0.600142685592329
"CATG00000090897_P1","Enhancer","chr1_205294218_205295224","NSC_P1vsNeuron","CATG00000090897.1","LncRNA",-0.0878908724186807,0.11596269330262,0.935681706451893,-0.0822378814862566
"CATG00000090897_P2","Enhancer","chr1_205287874_205288742","iPSvsNeuron","CATG00000090897.1","LncRNA",-0.053677542599078,0.016643391358809,1.77875817453878,-0.0954793676872635
"CATG00000090897_P2","Enhancer","chr1_205287874_205288742","NSC_P0vsNeuron","CATG00000090897.1","LncRNA",-0.450094202300964,0.0199469136340457,1.70012429272894,-0.765216087348321
"CATG00000090897_P2","Enhancer","chr1_205287874_205288742","iPSvsNSC_P0","CATG00000090897.1","LncRNA",0.477120153237066,0.0095659470270841,2.01927202843047,0.963435379632069
"CATG00000090897_P2","Enhancer","chr1_205287874_205288742","NSC_P0vsNSC_P1","CATG00000090897.1","LncRNA",-0.148125802385145,0.0567429400421525,1.24608816570259,-0.18457780938733
"CATG00000090897_P2","Enhancer","chr1_205287874_205288742","iPSvsNSC_P2","CATG00000090897.1","LncRNA",0.504484403340249,0.0130427289031692,1.88463153256143,0.950767214220472
"CATG00000090897_P2","Enhancer","chr1_205287874_205288742","NSC_P2vsNeuron","CATG00000090897.1","LncRNA",-0.539230993781399,0.0148104061227802,1.82943303233199,-0.986486992080896
"CATG00000090897_P2","Enhancer","chr1_205287874_205288742","NSC_P1vsNSC_P2","CATG00000090897.1","LncRNA",0.375762863331418,0.0721255151939372,1.14191107165133,0.429087773953551
"CATG00000090897_P2","Enhancer","chr1_205287874_205288742","NSC_P1vsNeuron","CATG00000090897.1","LncRNA",-0.197059357807759,0.10119365288681,0.99484672665314,-0.196043857071419
"CATG00000090897_P2","Enhancer","chr1_205287874_205288742","NSC_P0vsNSC_P2","CATG00000090897.1","LncRNA",0.382408243772803,0.0487016312121616,1.31245649228482,0.501894182242852
"CATG00000090897_P2","Enhancer","chr1_205287874_205288742","iPSvsNSC_P1","CATG00000090897.1","LncRNA",0.178059139471606,0.192451145322859,0.715679499971222,0.127433275902345
"CATG00000091287_P1","Enhancer","chr7_11082615_11083553","NSC_P2vsNeuron","CATG00000091287.1","LncRNA",0.864045599926742,0.00361460096654587,2.44193963961218,2.1099472008936
"CATG00000091287_P1","Enhancer","chr7_11082615_11083553","NSC_P0vsNSC_P2","CATG00000091287.1","LncRNA",-0.7762065772785,0.00430706311957484,2.36581876364901,-1.83636408499325
"CATG00000091287_P1","Enhancer","chr7_11082615_11083553","NSC_P0vsNSC_P1","CATG00000091287.1","LncRNA",-0.138117002882065,0.04883444372808,1.31127375495455,-0.181109200992234
"CATG00000091287_P1","Enhancer","chr7_11082615_11083553","NSC_P1vsNeuron","CATG00000091287.1","LncRNA",0.13658769038833,0.0321377626651473,1.49298436080236,0.203923285627891
"CATG00000091287_P1","Enhancer","chr7_11082615_11083553","iPSvsNSC_P0","CATG00000091287.1","LncRNA",0.12538068027348,0.0272831755263935,1.56410508294048,0.196108559318285
"CATG00000091287_P1","Enhancer","chr7_11082615_11083553","NSC_P1vsNSC_P2","CATG00000091287.1","LncRNA",-0.818740790453384,0.00375588459241019,2.42528776082804,-1.98568201837727
"CATG00000091287_P1","Enhancer","chr7_11082615_11083553","iPSvsNeuron","CATG00000091287.1","LncRNA",0.178151296785973,0.0185863650217177,1.73080553789728,0.308345251060744
"CATG00000091287_P1","Enhancer","chr7_11082615_11083553","NSC_P0vsNeuron","CATG00000091287.1","LncRNA",0.130926895133778,0.241411412746327,0.617242202442514,0.0808136051113329
"CATG00000091287_P1","Enhancer","chr7_11082615_11083553","iPSvsNSC_P1","CATG00000091287.1","LncRNA",0.250962234259989,0.170528160504717,0.768203892671824,0.192790165272142
"CATG00000091287_P1","Enhancer","chr7_11082615_11083553","iPSvsNSC_P2","CATG00000091287.1","LncRNA",-0.883373659823585,0.00656986299988709,2.18244368660664,-1.92791326679659
"CATG00000091287_P2","Enhancer","chr7_11082615_11083553","NSC_P2vsNeuron","CATG00000091287.1","LncRNA",0.684503188587822,0.00615319304361797,2.21089945961327,1.51336772975238
"CATG00000091287_P2","Enhancer","chr7_11082615_11083553","NSC_P0vsNSC_P2","CATG00000091287.1","LncRNA",-0.792274257814889,0.00321925497097749,2.49224462502195,-1.97454126058241
"CATG00000091287_P2","Enhancer","chr7_11082615_11083553","iPSvsNSC_P0","CATG00000091287.1","LncRNA",-0.0384039835973493,0.221773020299589,0.654091288879846,-0.0251197111293107
"CATG00000091287_P2","Enhancer","chr7_11082615_11083553","NSC_P1vsNSC_P2","CATG00000091287.1","LncRNA",-0.875317785101059,0.00300138102431739,2.52267886753601,-2.20814567885287
"CATG00000091287_P2","Enhancer","chr7_11082615_11083553","iPSvsNeuron","CATG00000091287.1","LncRNA",-0.251517529876999,0.0570556840859886,1.24370108316142,-0.31281262434211
"CATG00000091287_P2","Enhancer","chr7_11082615_11083553","NSC_P0vsNSC_P1","CATG00000091287.1","LncRNA",0.243534882881542,0.182027162809215,0.739863800048225,0.180182643893038
"CATG00000091287_P2","Enhancer","chr7_11082615_11083553","NSC_P0vsNeuron","CATG00000091287.1","LncRNA",-0.22267324235733,0.0269503149011727,1.56943615593021,-0.349471437513803
"CATG00000091287_P2","Enhancer","chr7_11082615_11083553","NSC_P1vsNeuron","CATG00000091287.1","LncRNA",-0.277998834608741,0.0111367719352327,1.95324067396259,-0.542998631071992
"CATG00000091287_P2","Enhancer","chr7_11082615_11083553","iPSvsNSC_P2","CATG00000091287.1","LncRNA",-0.778733060208504,0.00467901161496035,2.3298458767341,-1.81432800940331
"CATG00000091287_P2","Enhancer","chr7_11082615_11083553","iPSvsNSC_P1","CATG00000091287.1","LncRNA",0.174202996746469,0.262242194126104,0.581297430106427,0.101263754325561
"CATG00000091387_P1","Enhancer","chr7_14376498_14377380","iPSvsNeuron","CATG00000091387.1","LncRNA",-0.163771888879002,0.0915925958564826,1.03813963232166,-0.170018088505471
"CATG00000091387_P1","Enhancer","chr7_14376498_14377380","iPSvsNSC_P0","CATG00000091387.1","LncRNA",0.417794595121923,0.0134648347656299,1.87079897168548,0.781609698929844
"CATG00000091387_P1","Enhancer","chr7_14376498_14377380","NSC_P1vsNSC_P2","CATG00000091387.1","LncRNA",-0.61770745774125,0.00615318747444866,2.21089985268733,-1.365689327324
"CATG00000091387_P1","Enhancer","chr7_14376498_14377380","NSC_P1vsNeuron","CATG00000091387.1","LncRNA",-0.130403028216558,0.0283035738020797,1.54815872403294,-0.201884585773779
"CATG00000091387_P1","Enhancer","chr7_14376498_14377380","NSC_P0vsNSC_P1","CATG00000091387.1","LncRNA",-0.306527981620048,0.0164267601104442,1.78444808506807,-0.546983269821675
"CATG00000091387_P1","Enhancer","chr7_14376498_14377380","iPSvsNSC_P1","CATG00000091387.1","LncRNA",0.247329693903499,0.170528160504717,0.768203892671824,0.189999633629999
"CATG00000091387_P1","Enhancer","chr7_14376498_14377380","NSC_P0vsNeuron","CATG00000091387.1","LncRNA",-0.60704433867627,0.00542612735921226,2.26551001692275,-1.37526502998734
"CATG00000091387_P1","Enhancer","chr7_14376498_14377380","iPSvsNSC_P2","CATG00000091387.1","LncRNA",-0.687289189722837,0.0148104138655379,1.82943280528649,-1.25734939039773
"CATG00000091387_P1","Enhancer","chr7_14376498_14377380","NSC_P2vsNeuron","CATG00000091387.1","LncRNA",0.554652348913177,0.0146148802934757,1.8352047374804,1.01790061838009
"CATG00000091387_P1","Enhancer","chr7_14376498_14377380","NSC_P0vsNSC_P2","CATG00000091387.1","LncRNA",-0.897420010403685,0.00309649904430832,2.50912904969339,-2.25174261788003
"CATG00000091607_P1","Enhancer","chr7_22702854_22703783",NA,NA,NA,NA,NA,NA,NA
"CATG00000091609_P1","Enhancer","chr7_22801809_22803087",NA,NA,NA,NA,NA,NA,NA
"CATG00000091709_P2","Enhancer","chr7_25952366_25953404",NA,NA,NA,NA,NA,NA,NA
"CATG00000092587_P1","Enhancer","chr7_70849375_70850329",NA,NA,NA,NA,NA,NA,NA
"CATG00000092588_P1","Enhancer","chr7_70894009_70895410",NA,NA,NA,NA,NA,NA,NA
"CATG00000092911_P1","Enhancer","chr7_83415567_83416564",NA,NA,NA,NA,NA,NA,NA
"CATG00000093323_P1","Enhancer","chr7_102152569_102153390",NA,NA,NA,NA,NA,NA,NA
"CATG00000094302_P1","Enhancer","chr7_141150172_141151066",NA,NA,NA,NA,NA,NA,NA
"CATG00000094316_P2","Enhancer","chr7_141324071_141325991","NSC_P1vsNSC_P2","CATG00000094316.1","LncRNA",0.0589948649967347,0.0427220711485477,1.36934770105015,0.0807844827570428
"CATG00000094316_P2","Enhancer","chr7_141324071_141325991","iPSvsNeuron","CATG00000094316.1","LncRNA",0.064150794492501,0.588666691794127,0.230130536940088,0.0147630567816925
"CATG00000094316_P2","Enhancer","chr7_141324071_141325991","NSC_P2vsNeuron","CATG00000094316.1","LncRNA",-0.215345330831815,0.0732737301714574,1.13505169911686,-0.244428083657533
"CATG00000094316_P2","Enhancer","chr7_141324071_141325991","NSC_P0vsNSC_P2","CATG00000094316.1","LncRNA",-0.0827005733229137,0.0380388250775127,1.41977290577861,-0.11741603329623
"CATG00000094316_P2","Enhancer","chr7_141324071_141325991","iPSvsNSC_P0","CATG00000094316.1","LncRNA",0.321063130010133,0.0308129110783847,1.51126726937031,0.4852121997859
"CATG00000094316_P2","Enhancer","chr7_141324071_141325991","iPSvsNSC_P1","CATG00000094316.1","LncRNA",0.29898442856675,0.0426025709720109,1.370564191384,0.409777351574995
"CATG00000094316_P2","Enhancer","chr7_141324071_141325991","NSC_P0vsNeuron","CATG00000094316.1","LncRNA",-0.238554371052882,0.460871700157658,0.336419958924098,-0.0802544517107747
"CATG00000094316_P2","Enhancer","chr7_141324071_141325991","NSC_P0vsNSC_P1","CATG00000094316.1","LncRNA",-0.10808979914469,0.118203610670387,0.927369257208781,-0.100239156744657
"CATG00000094316_P2","Enhancer","chr7_141324071_141325991","iPSvsNSC_P2","CATG00000094316.1","LncRNA",0.557003508281782,0.00803327216635402,2.09510751893932,1.16698223827674
"CATG00000094316_P2","Enhancer","chr7_141324071_141325991","NSC_P1vsNeuron","CATG00000094316.1","LncRNA",-0.186096536262527,0.590320884138306,0.228911852208945,-0.0425997028055242
"CATG00000094636_P1","Enhancer","chr7_152553568_152554459",NA,NA,NA,NA,NA,NA,NA
"CATG00000094803_P1","Enhancer","chr7_157309820_157310967",NA,NA,NA,NA,NA,NA,NA
"CATG00000094866_P1","Enhancer","chr7_40050_41017",NA,NA,NA,NA,NA,NA,NA
"CATG00000094866_P2","Enhancer","chr7_95521_96170",NA,NA,NA,NA,NA,NA,NA
"CATG00000095406_P2","Enhancer","chr7_22858597_22859519",NA,NA,NA,NA,NA,NA,NA
"CATG00000095703_P1","Enhancer","chr7_39721646_39722676",NA,NA,NA,NA,NA,NA,NA
"CATG00000096551_P1","Enhancer","chr7_98470222_98471288",NA,NA,NA,NA,NA,NA,NA
"CATG00000096577_P1","Enhancer","chr7_99839397_99840250",NA,NA,NA,NA,NA,NA,NA
"CATG00000096579_P1","Enhancer","chr7_99943197_99944996",NA,NA,NA,NA,NA,NA,NA
"CATG00000096695_P1","Enhancer","chr7_102942094_102942987",NA,NA,NA,NA,NA,NA,NA
"CATG00000096696_P1","Enhancer","chr7_102943235_102943898",NA,NA,NA,NA,NA,NA,NA
"CATG00000097758_P1","Enhancer","chr8_1831475_1832466",NA,NA,NA,NA,NA,NA,NA
"CATG00000097865_P1","Enhancer","chr8_8554980_8555852",NA,NA,NA,NA,NA,NA,NA
"CATG00000098840_P2","Enhancer","chr1_234722858_234723526","NSC_P1vsNSC_P2","CATG00000098840.1","LncRNA",0.661510100011637,0.0196092933006034,1.70753805759069,1.1295536712505
"CATG00000098840_P2","Enhancer","chr1_234722858_234723526","iPSvsNSC_P0","CATG00000098840.1","LncRNA",-0.476591630469148,0.0184667578213807,1.73360934624259,-0.82622370492231
"CATG00000098840_P2","Enhancer","chr1_234722858_234723526","NSC_P1vsNeuron","CATG00000098840.1","LncRNA",0.1338599136995,0.0165348676312562,1.78159927745092,0.238484725526672
"CATG00000098840_P2","Enhancer","chr1_234722858_234723526","iPSvsNSC_P2","CATG00000098840.1","LncRNA",-0.150991225768314,0.0344084398526295,1.46333501871167,-0.220950748184974
"CATG00000098840_P2","Enhancer","chr1_234722858_234723526","iPSvsNeuron","CATG00000098840.1","LncRNA",-0.847421969460707,0.00481803967442665,2.3171296280999,-1.96358655294017
"CATG00000098840_P2","Enhancer","chr1_234722858_234723526","NSC_P0vsNeuron","CATG00000098840.1","LncRNA",-0.533183202270219,0.0451126056717259,1.34570208764025,-0.717505748389748
"CATG00000098840_P2","Enhancer","chr1_234722858_234723526","NSC_P2vsNeuron","CATG00000098840.1","LncRNA",-0.623524976720119,0.0107036231541672,1.97046918964975,-1.22863675560407
"CATG00000098840_P2","Enhancer","chr1_234722858_234723526","iPSvsNSC_P1","CATG00000098840.1","LncRNA",-0.608470772910248,0.00478214836576739,2.32037695405995,-1.41188155867998
"CATG00000098840_P2","Enhancer","chr1_234722858_234723526","NSC_P0vsNSC_P1","CATG00000098840.1","LncRNA",-0.345025640240721,0.0339121941099569,1.46964411057519,-0.50706490017721
"CATG00000098840_P2","Enhancer","chr1_234722858_234723526","NSC_P0vsNSC_P2","CATG00000098840.1","LncRNA",0.508675813321299,0.0237152269401764,1.6249727150604,0.826584317458269
"CATG00000100401_P1","Enhancer","chr8_116602249_116603156",NA,NA,NA,NA,NA,NA,NA
"CATG00000100411_P1","Enhancer","chr8_116850926_116851811","iPSvsNSC_P0","CATG00000100411.1","LncRNA",0.401921235142676,0.0190713471052323,1.71961862946546,0.691151243529115
"CATG00000100411_P1","Enhancer","chr8_116850926_116851811","NSC_P1vsNSC_P2","CATG00000100411.1","LncRNA",0.433635927842517,0.0162447876120241,1.78928596234479,0.775898678456972
"CATG00000100411_P1","Enhancer","chr8_116850926_116851811","NSC_P2vsNeuron","CATG00000100411.1","LncRNA",-0.486289171742077,0.00753384091287513,2.12298355474464,-1.03238391445882
"CATG00000100411_P1","Enhancer","chr8_116850926_116851811","NSC_P0vsNSC_P1","CATG00000100411.1","LncRNA",0.129208346597972,0.0118426130173566,1.92655246198695,0.248926658247587
"CATG00000100411_P1","Enhancer","chr8_116850926_116851811","NSC_P0vsNeuron","CATG00000100411.1","LncRNA",-0.105464485740167,0.0592819320024502,1.22707765110952,-0.129413113437518
"CATG00000100411_P1","Enhancer","chr8_116850926_116851811","NSC_P1vsNeuron","CATG00000100411.1","LncRNA",-0.277749059886984,0.0241080355296558,1.61783817715426,-0.449353032753869
"CATG00000100411_P1","Enhancer","chr8_116850926_116851811","iPSvsNSC_P2","CATG00000100411.1","LncRNA",0.645708820034761,0.00405362658948582,2.39215625998315,1.54463639597249
"CATG00000100411_P1","Enhancer","chr8_116850926_116851811","NSC_P0vsNSC_P2","CATG00000100411.1","LncRNA",0.354469118578757,0.0217144968530823,1.66325022922883,0.589570842730659
"CATG00000100411_P1","Enhancer","chr8_116850926_116851811","iPSvsNeuron","CATG00000100411.1","LncRNA",0.250191904704572,0.330839020795841,0.480383273252212,0.120188006123188
"CATG00000100411_P1","Enhancer","chr8_116850926_116851811","iPSvsNSC_P1","CATG00000100411.1","LncRNA",0.365382342008216,0.0181121128531904,1.74203088447564,0.636507324420352
"CATG00000102335_P1","Enhancer","chr8_42492124_42493071",NA,NA,NA,NA,NA,NA,NA
"CATG00000102970_P1","Enhancer","chr8_79665795_79666751","iPSvsNSC_P2","CATG00000102970.1","LncRNA",-0.444161835970836,0.044218797558383,1.35439307136516,-0.601569713203729
"CATG00000102970_P1","Enhancer","chr8_79665795_79666751","NSC_P1vsNSC_P2","CATG00000102970.1","LncRNA",-0.541532372648636,0.00769712734600195,2.11367132814645,-1.14462144933054
"CATG00000102970_P1","Enhancer","chr8_79665795_79666751","NSC_P2vsNeuron","CATG00000102970.1","LncRNA",0.504646053776088,0.0454996023331358,1.34199239906332,0.677231168384807
"CATG00000102970_P1","Enhancer","chr8_79665795_79666751","iPSvsNSC_P0","CATG00000102970.1","LncRNA",-0.0836597855755343,0.113207657011058,0.946124197836898,-0.0791525475188593
"CATG00000102970_P1","Enhancer","chr8_79665795_79666751","iPSvsNeuron","CATG00000102970.1","LncRNA",-0.0463445813027883,0.816991920838366,0.0877822381464888,-0.00406823107272068
"CATG00000102970_P1","Enhancer","chr8_79665795_79666751","NSC_P0vsNSC_P1","CATG00000102970.1","LncRNA",0.0569447806287957,0.016643183602081,1.77876359579949,0.10129130275329
"CATG00000102970_P1","Enhancer","chr8_79665795_79666751","iPSvsNSC_P1","CATG00000102970.1","LncRNA",0.182257239516109,0.529022588012161,0.276525784222646,0.0503988260874466
"CATG00000102970_P1","Enhancer","chr8_79665795_79666751","NSC_P0vsNeuron","CATG00000102970.1","LncRNA",-0.269746944952359,0.138016561283996,0.860068797347276,-0.232000930533277
"CATG00000102970_P1","Enhancer","chr8_79665795_79666751","NSC_P1vsNeuron","CATG00000102970.1","LncRNA",-0.0770553457487243,0.219964409572981,0.657647582707117,-0.0506752618663097
"CATG00000102970_P1","Enhancer","chr8_79665795_79666751","NSC_P0vsNSC_P2","CATG00000102970.1","LncRNA",-0.623766178784666,0.00918608542909573,2.03686952003149,-1.270530317193
"CATG00000103094_P1","Enhancer","chr8_89058913_89060140","iPSvsNSC_P1","CATG00000103094.1","LncRNA",0.420384227851345,0.0100428588468947,1.99814264130484,0.839987651401781
"CATG00000103094_P1","Enhancer","chr8_89058913_89060140","iPSvsNeuron","CATG00000103094.1","LncRNA",0.451724466731439,0.0153815149306029,1.81300088861778,0.81897685959449
"CATG00000103094_P1","Enhancer","chr8_89058913_89060140","NSC_P0vsNSC_P1","CATG00000103094.1","LncRNA",0.144045444073786,0.651239641405914,0.186259171509739,0.0268297850729359
"CATG00000103094_P1","Enhancer","chr8_89058913_89060140","NSC_P0vsNeuron","CATG00000103094.1","LncRNA",-0.0751763868318607,0.546429347119455,0.262465984015805,-0.0197312443445771
"CATG00000103094_P1","Enhancer","chr8_89058913_89060140","NSC_P0vsNSC_P2","CATG00000103094.1","LncRNA",-0.74485027438537,0.00304860331070132,2.51589908307366,-1.87396812235332
"CATG00000103094_P1","Enhancer","chr8_89058913_89060140","NSC_P1vsNeuron","CATG00000103094.1","LncRNA",-0.0276251302297543,0.349039518292169,0.457125399388636,-0.0126281486894395
"CATG00000103094_P1","Enhancer","chr8_89058913_89060140","NSC_P1vsNSC_P2","CATG00000103094.1","LncRNA",-0.772278846076819,0.00342491065568294,2.46535075329564,-1.90393823492977
"CATG00000103094_P1","Enhancer","chr8_89058913_89060140","iPSvsNSC_P0","CATG00000103094.1","LncRNA",0.380154664791723,0.014016365959178,1.85336457185117,0.704565187548937
"CATG00000103094_P1","Enhancer","chr8_89058913_89060140","NSC_P2vsNeuron","CATG00000103094.1","LncRNA",0.707926449133357,0.00334642992471614,2.47541826482685,1.75241406233872
"CATG00000103094_P1","Enhancer","chr8_89058913_89060140","iPSvsNSC_P2","CATG00000103094.1","LncRNA",-0.645074231465779,0.00523307230494638,2.28124326460635,-1.47157124570243
"CATG00000104449_P1","Enhancer","chr8_143884564_143885853","iPSvsNSC_P2","CATG00000104449.1","LncRNA",-0.734089536389811,0.00711347767393947,2.14791802720955,-1.57676414879757
"CATG00000104449_P1","Enhancer","chr8_143884564_143885853","NSC_P1vsNeuron","CATG00000104449.1","LncRNA",-0.0168676535274763,0.163169981159577,0.787359736610979,-0.013280911238639
"CATG00000104449_P1","Enhancer","chr8_143884564_143885853","iPSvsNeuron","CATG00000104449.1","LncRNA",0.188155459711147,0.551225175662663,0.25867095546602,0.0486703525396307
"CATG00000104449_P1","Enhancer","chr8_143884564_143885853","iPSvsNSC_P1","CATG00000104449.1","LncRNA",-0.0399926947148597,0.380757153464345,0.419351928619871,-0.0167710136593821
"CATG00000104449_P1","Enhancer","chr8_143884564_143885853","NSC_P0vsNSC_P2","CATG00000104449.1","LncRNA",-0.658652049769227,0.0270156722789897,1.56838422066883,-1.03301948176923
"CATG00000104449_P1","Enhancer","chr8_143884564_143885853","NSC_P2vsNeuron","CATG00000104449.1","LncRNA",0.693684638573982,0.00523306880141049,2.28124355536611,1.58246361120336
"CATG00000104449_P1","Enhancer","chr8_143884564_143885853","iPSvsNSC_P0","CATG00000104449.1","LncRNA",0.111917901217376,0.131146044677916,0.882244803056538,0.0987389867180249
"CATG00000104449_P1","Enhancer","chr8_143884564_143885853","NSC_P0vsNeuron","CATG00000104449.1","LncRNA",0.117710753251807,0.117640887256644,0.929441708670142,0.109405283631209
"CATG00000104449_P1","Enhancer","chr8_143884564_143885853","NSC_P0vsNSC_P1","CATG00000104449.1","LncRNA",0.122080384664646,0.111579106335032,0.95241712128484,0.116271448527649
"CATG00000104449_P1","Enhancer","chr8_143884564_143885853","NSC_P1vsNSC_P2","CATG00000104449.1","LncRNA",-0.723382356988354,0.00447266839013786,2.34943329983135,-1.69953859801893
"CATG00000104545_P2","Enhancer","chr9_2287692_2288615",NA,NA,NA,NA,NA,NA,NA
"CATG00000104656_P1","Enhancer","chr9_7532651_7534053",NA,NA,NA,NA,NA,NA,NA
"CATG00000104820_P1","Enhancer","chr9_17520082_17521158","NSC_P2vsNeuron","CATG00000104820.1","LncRNA",0.501775778196148,0.010926966338783,1.96150039479313,0.984233387029373
"CATG00000104820_P1","Enhancer","chr9_17520082_17521158","iPSvsNeuron","CATG00000104820.1","LncRNA",0.106925762723809,0.0359821362143119,1.44391305670621,0.154391504895178
"CATG00000104820_P1","Enhancer","chr9_17520082_17521158","NSC_P1vsNSC_P2","CATG00000104820.1","LncRNA",-0.610106520061394,0.0045747826384654,2.33962953573034,-1.42742323427729
"CATG00000104820_P1","Enhancer","chr9_17520082_17521158","iPSvsNSC_P2","CATG00000104820.1","LncRNA",-0.615597143293927,0.0133985425403379,1.87294244052429,-1.15297801594071
"CATG00000104820_P1","Enhancer","chr9_17520082_17521158","NSC_P0vsNSC_P2","CATG00000104820.1","LncRNA",-0.671782769805715,0.0038430518041735,2.4153237612252,-1.62257288629342
"CATG00000104820_P1","Enhancer","chr9_17520082_17521158","NSC_P0vsNeuron","CATG00000104820.1","LncRNA",-0.369561478250661,0.0496652935563235,1.30394699320313,-0.481888578368653
"CATG00000104820_P1","Enhancer","chr9_17520082_17521158","iPSvsNSC_P0","CATG00000104820.1","LncRNA",0.383402750643199,0.0105408315519057,1.97712512686931,0.758035212007478
"CATG00000104820_P1","Enhancer","chr9_17520082_17521158","iPSvsNSC_P1","CATG00000104820.1","LncRNA",0.449578434361841,0.00695375559515888,2.1577805776072,0.970091613777032
"CATG00000104820_P1","Enhancer","chr9_17520082_17521158","NSC_P0vsNSC_P1","CATG00000104820.1","LncRNA",0.0873980773714403,0.344124051479841,0.463284972656772,0.0404902158852821
"CATG00000104820_P1","Enhancer","chr9_17520082_17521158","NSC_P1vsNeuron","CATG00000104820.1","LncRNA",-0.410151993007287,0.0195674590260045,1.70846556691392,-0.700730557254069
"CATG00000105992_P1","Enhancer","chr9_86127025_86127940",NA,NA,NA,NA,NA,NA,NA
"CATG00000106022_P2","Enhancer","chr9_87415928_87416834",NA,NA,NA,NA,NA,NA,NA
"CATG00000106603_P1","Enhancer","chr9_108241173_108242135","NSC_P2vsNeuron","CATG00000106603.1","LncRNA",0.538860789790387,0.0285472654516409,1.54443548658245,0.832235726080119
"CATG00000106603_P1","Enhancer","chr9_108241173_108242135","NSC_P1vsNeuron","CATG00000106603.1","LncRNA",-0.173183893007853,0.00623762891799886,2.20498046536904,-0.381867100998878
"CATG00000106603_P1","Enhancer","chr9_108241173_108242135","iPSvsNSC_P0","CATG00000106603.1","LncRNA",0.307256276049903,0.0474768038456429,1.32351852558354,0.406659373453858
"CATG00000106603_P1","Enhancer","chr9_108241173_108242135","NSC_P1vsNSC_P2","CATG00000106603.1","LncRNA",-0.713176891198046,0.00576047063992093,2.23954203255411,-1.59718962448429
"CATG00000106603_P1","Enhancer","chr9_108241173_108242135","NSC_P0vsNSC_P1","CATG00000106603.1","LncRNA",-0.219370638518744,0.21906310694339,0.659430757081122,-0.144659746239785
"CATG00000106603_P1","Enhancer","chr9_108241173_108242135","NSC_P0vsNSC_P2","CATG00000106603.1","LncRNA",-0.826601001571663,0.00355945247442134,2.44861680136003,-2.02402910046941
"CATG00000106603_P1","Enhancer","chr9_108241173_108242135","iPSvsNeuron","CATG00000106603.1","LncRNA",-0.355832971052309,0.00690383194931523,2.16090978860996,-0.768922950257099
"CATG00000106603_P1","Enhancer","chr9_108241173_108242135","iPSvsNSC_P2","CATG00000106603.1","LncRNA",-0.826059129997811,0.00628936383730913,2.2013932807739,-1.81848101829912
"CATG00000106603_P1","Enhancer","chr9_108241173_108242135","NSC_P0vsNeuron","CATG00000106603.1","LncRNA",-0.227990706810132,0.00460641274445892,2.33663715091152,-0.532731555595131
"CATG00000106603_P1","Enhancer","chr9_108241173_108242135","iPSvsNSC_P1","CATG00000106603.1","LncRNA",-0.026767431073117,0.117640594096014,0.929442790931637,-0.0248787958426681
"CATG00000106881_P1","Enhancer","chr9_116837541_116838299",NA,NA,NA,NA,NA,NA,NA
"CATG00000106950_P1","Enhancer","chr9_120152027_120152912","NSC_P1vsNSC_P2","CATG00000106950.1","LncRNA",-0.499572983535264,0.01269528179382,1.89635765476326,-0.947369051440015
"CATG00000106950_P1","Enhancer","chr9_120152027_120152912","iPSvsNSC_P1","CATG00000106950.1","LncRNA",0.157038835577756,0.0233661348215054,1.63141312177643,0.256195216990043
"CATG00000106950_P1","Enhancer","chr9_120152027_120152912","NSC_P1vsNeuron","CATG00000106950.1","LncRNA",0.0923278859737273,0.297425646433993,0.526621585832419,0.0486218577280391
"CATG00000106950_P1","Enhancer","chr9_120152027_120152912","NSC_P0vsNSC_P2","CATG00000106950.1","LncRNA",-0.622362842404294,0.00443909636167739,2.35270542742552,-1.46423643715255
"CATG00000106950_P1","Enhancer","chr9_120152027_120152912","iPSvsNeuron","CATG00000106950.1","LncRNA",0.262320960970956,0.100695276388559,0.996990901705559,0.261531611414702
"CATG00000106950_P1","Enhancer","chr9_120152027_120152912","iPSvsNSC_P2","CATG00000106950.1","LncRNA",-0.536521474290804,0.0122725459821489,1.91106533203265,-1.0253275894082
"CATG00000106950_P1","Enhancer","chr9_120152027_120152912","NSC_P0vsNSC_P1","CATG00000106950.1","LncRNA",-0.0820455375182167,0.0958177641799499,1.01855396722489,-0.083567807732278
"CATG00000106950_P1","Enhancer","chr9_120152027_120152912","NSC_P0vsNeuron","CATG00000106950.1","LncRNA",-0.0173101524460907,0.111041378768241,0.954515154348502,-0.0165228028338763
"CATG00000106950_P1","Enhancer","chr9_120152027_120152912","iPSvsNSC_P0","CATG00000106950.1","LncRNA",0.122858392806203,0.0646415989979251,1.18948790923554,0.146138572791088
"CATG00000106950_P1","Enhancer","chr9_120152027_120152912","NSC_P2vsNeuron","CATG00000106950.1","LncRNA",0.559236164331588,0.0111544414948338,1.95255217004927,1.09193778623567
"CATG00000107489_P2","Enhancer","chr9_2280945_2282100",NA,NA,NA,NA,NA,NA,NA
"CATG00000107819_P1","Enhancer","chr9_15512861_15514162",NA,NA,NA,NA,NA,NA,NA
"CATG00000108041_P1","Enhancer","chr10_21315539_21316448","NSC_P2vsNeuron","CATG00000108041.1","LncRNA",-0.498349363279473,0.0111544414948338,1.95255217004927,-0.973053130714007
"CATG00000108041_P1","Enhancer","chr10_21315539_21316448","iPSvsNSC_P0","CATG00000108041.1","LncRNA",0.294098903363881,0.058000980150861,1.23656466729028,0.363672312588592
"CATG00000108041_P1","Enhancer","chr10_21315539_21316448","iPSvsNeuron","CATG00000108041.1","LncRNA",0.0948929888365787,0.0987213016378784,1.00558912711127,0.0954233578131543
"CATG00000108041_P1","Enhancer","chr10_21315539_21316448","NSC_P1vsNSC_P2","CATG00000108041.1","LncRNA",0.439396304594799,0.0173427629322897,1.76088171247341,0.773724917289379
"CATG00000108041_P1","Enhancer","chr10_21315539_21316448","iPSvsNSC_P1","CATG00000108041.1","LncRNA",0.374963664108996,0.0920544670911598,1.03595513180996,0.388445532075979
"CATG00000108041_P1","Enhancer","chr10_21315539_21316448","iPSvsNSC_P2","CATG00000108041.1","LncRNA",0.518867901454524,0.00642823701609175,2.19190811870348,1.13731076573281
"CATG00000108041_P1","Enhancer","chr10_21315539_21316448","NSC_P0vsNeuron","CATG00000108041.1","LncRNA",0.0760158132939807,0.0681904288294905,1.1662765783969,0.0886554626325614
"CATG00000108041_P1","Enhancer","chr10_21315539_21316448","NSC_P0vsNSC_P2","CATG00000108041.1","LncRNA",0.436788076464969,0.0147123569162335,1.83231774782174,0.800334544543683
"CATG00000108041_P1","Enhancer","chr10_21315539_21316448","NSC_P0vsNSC_P1","CATG00000108041.1","LncRNA",-0.0393747157925613,0.0347274849918555,1.45932666770304,-0.0574605727893128
"CATG00000108041_P1","Enhancer","chr10_21315539_21316448","NSC_P1vsNeuron","CATG00000108041.1","LncRNA",-0.138645327978017,0.0920546028349938,1.03595449139829,-0.143630250230215
"CATG00000108041_P2","Enhancer","chr10_21293640_21294509","iPSvsNSC_P2","CATG00000108041.1","LncRNA",0.589473448678586,0.0053507526980391,2.2715851208551,1.33903911515742
"CATG00000108041_P2","Enhancer","chr10_21293640_21294509","iPSvsNSC_P0","CATG00000108041.1","LncRNA",0.222279606478972,0.00837167170297637,2.07718781095702,0.461716489202444
"CATG00000108041_P2","Enhancer","chr10_21293640_21294509","NSC_P1vsNeuron","CATG00000108041.1","LncRNA",-0.499800936682037,0.0199468664375976,1.70012532031554,-0.849724227570553
"CATG00000108041_P2","Enhancer","chr10_21293640_21294509","NSC_P0vsNSC_P2","CATG00000108041.1","LncRNA",0.504961833641281,0.0115429242312223,1.93768415507934,0.978456543966519
"CATG00000108041_P2","Enhancer","chr10_21293640_21294509","NSC_P0vsNeuron","CATG00000108041.1","LncRNA",-0.464445636032721,0.0161070037570608,1.79298524001515,-0.832744170196115
"CATG00000108041_P2","Enhancer","chr10_21293640_21294509","iPSvsNSC_P1","CATG00000108041.1","LncRNA",0.148966022206038,0.0215293849336877,1.66696837722347,0.248321648298235
"CATG00000108041_P2","Enhancer","chr10_21293640_21294509","NSC_P1vsNSC_P2","CATG00000108041.1","LncRNA",0.321923634861828,0.0171181010273126,1.76654441484005,0.568692399170172
"CATG00000108041_P2","Enhancer","chr10_21293640_21294509","NSC_P2vsNeuron","CATG00000108041.1","LncRNA",-0.738932899487415,0.00424239086936764,2.37238932059332,-1.753036519379
"CATG00000108041_P2","Enhancer","chr10_21293640_21294509","iPSvsNeuron","CATG00000108041.1","LncRNA",-0.156628415767891,0.0423582942771279,1.3730615367833,-0.215060453258194
"CATG00000108041_P2","Enhancer","chr10_21293640_21294509","NSC_P0vsNSC_P1","CATG00000108041.1","LncRNA",-0.0903993515082693,0.0773629266301627,1.11146710930654,-0.100475905904081
"CATG00000108214_P1","Enhancer","chr9_32351639_32352590",NA,NA,NA,NA,NA,NA,NA
"CATG00000108214_P2","Enhancer","chr9_32344314_32345803",NA,NA,NA,NA,NA,NA,NA
"CATG00000108346_P1","Enhancer","chr9_37472066_37472982",NA,NA,NA,NA,NA,NA,NA
"CATG00000108369_P1","Enhancer","chr9_39812196_39813121","iPSvsNeuron","CATG00000108369.1","LncRNA",-0.0774457620289276,0.183603749662761,0.736118453629235,-0.057009254584872
"CATG00000108369_P1","Enhancer","chr9_39812196_39813121","NSC_P1vsNSC_P2","CATG00000108369.1","LncRNA",0.569756625444113,0.0124401104835123,1.90517576255785,1.08548651335287
"CATG00000108369_P1","Enhancer","chr9_39812196_39813121","iPSvsNSC_P1","CATG00000108369.1","LncRNA",-0.130122460848635,0.0844507123885684,1.07339668256284,-0.139673017801839
"CATG00000108369_P1","Enhancer","chr9_39812196_39813121","iPSvsNSC_P0","CATG00000108369.1","LncRNA",-0.0158707689629777,0.324910946649993,0.488235656492502,-0.00774867530368022
"CATG00000108369_P1","Enhancer","chr9_39812196_39813121","NSC_P0vsNSC_P1","CATG00000108369.1","LncRNA",-0.114320979661339,0.0925178567109617,1.03377443674647,-0.118182106357706
"CATG00000108369_P1","Enhancer","chr9_39812196_39813121","NSC_P0vsNSC_P2","CATG00000108369.1","LncRNA",0.416960488316394,0.0283734746260472,1.54708747708683,0.645074349914305
"CATG00000108369_P1","Enhancer","chr9_39812196_39813121","NSC_P1vsNeuron","CATG00000108369.1","LncRNA",-0.146274852833016,0.161727474553848,0.791216195099457,-0.115735032497272
"CATG00000108369_P1","Enhancer","chr9_39812196_39813121","iPSvsNSC_P2","CATG00000108369.1","LncRNA",0.514789942819347,0.0126952983793935,1.89635708738567,0.976225556580331
"CATG00000108369_P1","Enhancer","chr9_39812196_39813121","NSC_P0vsNeuron","CATG00000108369.1","LncRNA",-0.188704908833202,0.0619138863167536,1.20821193459235,-0.227995522968437
"CATG00000108369_P1","Enhancer","chr9_39812196_39813121","NSC_P2vsNeuron","CATG00000108369.1","LncRNA",-0.574091617632076,0.0244675653918492,1.61140924231507,-0.925096538587937
"CATG00000108369_P1","Enhancer","chr9_39828151_39829056","iPSvsNeuron","CATG00000108369.1","LncRNA",-0.0774457620289276,0.183603749662761,0.736118453629235,-0.057009254584872
"CATG00000108369_P1","Enhancer","chr9_39828151_39829056","NSC_P1vsNSC_P2","CATG00000108369.1","LncRNA",0.569756625444113,0.0124401104835123,1.90517576255785,1.08548651335287
"CATG00000108369_P1","Enhancer","chr9_39828151_39829056","iPSvsNSC_P1","CATG00000108369.1","LncRNA",-0.130122460848635,0.0844507123885684,1.07339668256284,-0.139673017801839
"CATG00000108369_P1","Enhancer","chr9_39828151_39829056","iPSvsNSC_P0","CATG00000108369.1","LncRNA",-0.0158707689629777,0.324910946649993,0.488235656492502,-0.00774867530368022
"CATG00000108369_P1","Enhancer","chr9_39828151_39829056","NSC_P0vsNSC_P1","CATG00000108369.1","LncRNA",-0.114320979661339,0.0925178567109617,1.03377443674647,-0.118182106357706
"CATG00000108369_P1","Enhancer","chr9_39828151_39829056","NSC_P0vsNSC_P2","CATG00000108369.1","LncRNA",0.416960488316394,0.0283734746260472,1.54708747708683,0.645074349914305
"CATG00000108369_P1","Enhancer","chr9_39828151_39829056","NSC_P1vsNeuron","CATG00000108369.1","LncRNA",-0.146274852833016,0.161727474553848,0.791216195099457,-0.115735032497272
"CATG00000108369_P1","Enhancer","chr9_39828151_39829056","iPSvsNSC_P2","CATG00000108369.1","LncRNA",0.514789942819347,0.0126952983793935,1.89635708738567,0.976225556580331
"CATG00000108369_P1","Enhancer","chr9_39828151_39829056","NSC_P0vsNeuron","CATG00000108369.1","LncRNA",-0.188704908833202,0.0619138863167536,1.20821193459235,-0.227995522968437
"CATG00000108369_P1","Enhancer","chr9_39828151_39829056","NSC_P2vsNeuron","CATG00000108369.1","LncRNA",-0.574091617632076,0.0244675653918492,1.61140924231507,-0.925096538587937
"CATG00000108456_P1","Enhancer","chr9_70791742_70792597","NSC_P2vsNeuron","CATG00000108456.1","LncRNA",0.588241774863123,0.0192350754085949,1.71590610675917,1.00936765373849
"CATG00000108456_P1","Enhancer","chr9_70791742_70792597","NSC_P0vsNeuron","CATG00000108456.1","LncRNA",-0.357328250391475,0.02795992818268,1.55346394844516,-0.555096554744143
"CATG00000108456_P1","Enhancer","chr9_70791742_70792597","NSC_P1vsNeuron","CATG00000108456.1","LncRNA",-0.0715450716465677,0.0453702311323149,1.34322900827568,-0.0961014156348315
"CATG00000108456_P1","Enhancer","chr9_70791742_70792597","NSC_P1vsNSC_P2","CATG00000108456.1","LncRNA",-0.599645220921463,0.00559330042155255,2.2523318536704,-1.35060003198263
"CATG00000108456_P1","Enhancer","chr9_70791742_70792597","iPSvsNSC_P2","CATG00000108456.1","LncRNA",-0.605578111548811,0.00820621824728564,2.08585693699969,-1.26314930486926
"CATG00000108456_P1","Enhancer","chr9_70791742_70792597","NSC_P0vsNSC_P2","CATG00000108456.1","LncRNA",-0.662958899256908,0.00405362372808677,2.39215656654574,-1.58590148420735
"CATG00000108456_P1","Enhancer","chr9_70791742_70792597","iPSvsNSC_P1","CATG00000108456.1","LncRNA",0.0650908199530227,0.00747136666231423,2.1265999497758,0.138422134442963
"CATG00000108456_P1","Enhancer","chr9_70791742_70792597","NSC_P0vsNSC_P1","CATG00000108456.1","LncRNA",-0.432851013229975,0.00390040528898186,2.40889026332651,-1.0426905912407
"CATG00000108456_P1","Enhancer","chr9_70791742_70792597","iPSvsNeuron","CATG00000108456.1","LncRNA",0.102693048692479,0.0402119040379222,1.39564536252043,0.143323077170743
"CATG00000108456_P1","Enhancer","chr9_70791742_70792597","iPSvsNSC_P0","CATG00000108456.1","LncRNA",0.424932693984088,0.040445660092809,1.39312807229307,0.591985664824351
"CATG00000108848_P1","Enhancer","chr9_86127025_86127940",NA,NA,NA,NA,NA,NA,NA
"CATG00000109967_P1","Enhancer","chr10_28541457_28542437","NSC_P0vsNeuron","CATG00000109967.1","LncRNA",0.0410590805975093,0.0174207659829414,1.75893275318306,0.0722201616785422
"CATG00000109967_P1","Enhancer","chr10_28541457_28542437","NSC_P1vsNSC_P2","CATG00000109967.1","LncRNA",0.0857056879462333,0.399374000770745,0.398620211096071,0.0341640194212615
"CATG00000109967_P1","Enhancer","chr10_28541457_28542437","iPSvsNSC_P2","CATG00000109967.1","LncRNA",0.258172308795915,0.047345183385854,1.32472419692146,0.342007104437027
"CATG00000109967_P1","Enhancer","chr10_28541457_28542437","iPSvsNSC_P1","CATG00000109967.1","LncRNA",0.09624934540095,0.00741809362146984,2.12970768987622,0.204982971045956
"CATG00000109967_P1","Enhancer","chr10_28541457_28542437","iPSvsNSC_P0","CATG00000109967.1","LncRNA",-0.130725052440961,0.059605557839419,1.2247132431716,-0.160100702938746
"CATG00000109967_P1","Enhancer","chr10_28541457_28542437","iPSvsNeuron","CATG00000109967.1","LncRNA",-0.0170316940661487,0.0162130166673871,1.79013617083262,-0.0304890515983681
"CATG00000109967_P1","Enhancer","chr10_28541457_28542437","NSC_P0vsNSC_P1","CATG00000109967.1","LncRNA",0.33989295532165,0.0112901914076261,1.94729869522551,0.66187310841419
"CATG00000109967_P1","Enhancer","chr10_28541457_28542437","NSC_P0vsNSC_P2","CATG00000109967.1","LncRNA",0.481475772628973,0.0206385087033513,1.68532168714677,0.811441561447358
"CATG00000109967_P1","Enhancer","chr10_28541457_28542437","NSC_P2vsNeuron","CATG00000109967.1","LncRNA",-0.401161324834881,0.0951822864065399,1.02144386707438,-0.409763774960021
"CATG00000109967_P1","Enhancer","chr10_28541457_28542437","NSC_P1vsNeuron","CATG00000109967.1","LncRNA",-0.302253976371627,0.0789859216473872,1.10245030992109,-0.333219989925782
"CATG00000110132_P2","Enhancer","chr9_136564163_136565048",NA,NA,NA,NA,NA,NA,NA
"CATG00000110261_P1","Enhancer","chrX_4380453_4381373",NA,NA,NA,NA,NA,NA,NA
"CATG00000110530_P2","Enhancer","chrX_16577372_16578506",NA,NA,NA,NA,NA,NA,NA
"CATG00000110937_P1","Enhancer","chrX_39653322_39654285",NA,NA,NA,NA,NA,NA,NA
"CATG00000110975_P1","Enhancer","chrX_40845034_40846159",NA,NA,NA,NA,NA,NA,NA
"CATG00000111105_P1","Enhancer","chr10_31133591_31134616","iPSvsNSC_P0","CATG00000111105.1","LncRNA",-0.218350554704888,0.0103247860324503,1.98611893975766,-0.433670172205969
"CATG00000111105_P1","Enhancer","chr10_31133591_31134616","iPSvsNSC_P2","CATG00000111105.1","LncRNA",-1.07118283287149,0.00332063717865372,2.47877857393989,-2.65522505489408
"CATG00000111105_P1","Enhancer","chr10_31133591_31134616","NSC_P2vsNeuron","CATG00000111105.1","LncRNA",0.670271598357439,0.0095796480619906,2.01865044577981,1.35304406081779
"CATG00000111105_P1","Enhancer","chr10_31133591_31134616","NSC_P0vsNSC_P2","CATG00000111105.1","LncRNA",-0.68889287836877,0.00474967860905183,2.32333577627778,-1.60052947033714
"CATG00000111105_P1","Enhancer","chr10_31133591_31134616","NSC_P0vsNSC_P1","CATG00000111105.1","LncRNA",-0.313712467472694,0.0225019487124475,1.64777986951462,-0.516929088717265
"CATG00000111105_P1","Enhancer","chr10_31133591_31134616","iPSvsNSC_P1","CATG00000111105.1","LncRNA",-0.523929667000658,0.0110606487140602,1.95621940063759,-1.02492137915628
"CATG00000111105_P1","Enhancer","chr10_31133591_31134616","NSC_P1vsNSC_P2","CATG00000111105.1","LncRNA",-0.69119258945998,0.013219560257655,1.87878299120819,-1.29860088072655
"CATG00000111105_P1","Enhancer","chr10_31133591_31134616","iPSvsNeuron","CATG00000111105.1","LncRNA",-0.329430892058939,0.0861926097165489,1.06452996963834,-0.350689057521432
"CATG00000111105_P1","Enhancer","chr10_31133591_31134616","NSC_P1vsNeuron","CATG00000111105.1","LncRNA",0.114649825820335,0.0711431980862462,1.14786661595666,0.131602707584408
"CATG00000111105_P1","Enhancer","chr10_31133591_31134616","NSC_P0vsNeuron","CATG00000111105.1","LncRNA",0.0358145323159487,0.606979352973513,0.216826081646618,0.0077655247080733
"CATG00000111128_P1","Enhancer","chrX_46327254_46328230",NA,NA,NA,NA,NA,NA,NA
"CATG00000111337_P2","Enhancer","chrX_54641280_54642119",NA,NA,NA,NA,NA,NA,NA
"CATG00000112212_P1","Enhancer","chrX_114057029_114057863","NSC_P1vsNSC_P2","CATG00000112212.1","Others",0.465636198684182,0.0529681856218373,1.27598490318144,0.594144759895811
"CATG00000112212_P1","Enhancer","chrX_114057029_114057863","NSC_P0vsNSC_P1","CATG00000112212.1","Others",-0.0897946492630413,0.0592813492887856,1.22708192004214,-0.110185390627203
"CATG00000112212_P1","Enhancer","chrX_114057029_114057863","iPSvsNSC_P0","CATG00000112212.1","Others",0.29277974218012,0.115407389778074,0.937766381500154,0.274558999400799
"CATG00000112212_P1","Enhancer","chrX_114057029_114057863","NSC_P2vsNeuron","CATG00000112212.1","Others",-0.438077173231382,0.0333987008175391,1.47627042656411,-0.646720375394293
"CATG00000112212_P1","Enhancer","chrX_114057029_114057863","NSC_P1vsNeuron","CATG00000112212.1","Others",0.0720526357243317,0.334429117652356,0.475695916982958,0.034275144621925
"CATG00000112212_P1","Enhancer","chrX_114057029_114057863","iPSvsNeuron","CATG00000112212.1","Others",-0.0273408704090527,0.393925096213668,0.404586350239542,-0.0110617429711709
"CATG00000112212_P1","Enhancer","chrX_114057029_114057863","NSC_P0vsNeuron","CATG00000112212.1","Others",-0.29246594487584,0.106286303952567,0.973522695034978,-0.28472223486148
"CATG00000112212_P1","Enhancer","chrX_114057029_114057863","iPSvsNSC_P2","CATG00000112212.1","Others",0.536441222043706,0.0268499678774735,1.5710562295415,0.842779323674618
"CATG00000112212_P1","Enhancer","chrX_114057029_114057863","iPSvsNSC_P1","CATG00000112212.1","Others",0.0405561363435583,0.723549973579817,0.140531467999751,0.00569941337675831
"CATG00000112212_P1","Enhancer","chrX_114057029_114057863","NSC_P0vsNSC_P2","CATG00000112212.1","Others",0.404844392198601,0.0732737301714574,1.13505169911686,0.459519315242953
"CATG00000112219_P2","Enhancer","chrX_114472646_114473192",NA,NA,NA,NA,NA,NA,NA
"CATG00000112534_P1","Enhancer","chrX_133454317_133455203",NA,NA,NA,NA,NA,NA,NA
"CATG00000112962_P1","Enhancer","chrX_2801144_2801913",NA,NA,NA,NA,NA,NA,NA
"CATG00000113221_P1","Enhancer","chrX_16771427_16772447","NSC_P0vsNSC_P1","CATG00000113221.1","LncRNA",0.136662605390678,0.0528112710744415,1.27727337968112,0.174555507863378
"CATG00000113221_P1","Enhancer","chrX_16771427_16772447","iPSvsNeuron","CATG00000113221.1","LncRNA",0.3918521135503,0.0785777421140088,1.10470045454578,0.432879207953742
"CATG00000113221_P1","Enhancer","chrX_16771427_16772447","iPSvsNSC_P2","CATG00000113221.1","LncRNA",0.131034018161672,0.251107921638494,0.600139586492098,0.078638701475944
"CATG00000113221_P1","Enhancer","chrX_16771427_16772447","NSC_P2vsNeuron","CATG00000113221.1","LncRNA",0.0867097577379557,0.139784190023652,0.854541945713117,0.0740971250897055
"CATG00000113221_P1","Enhancer","chrX_16771427_16772447","iPSvsNSC_P0","CATG00000113221.1","LncRNA",-0.0685759680823337,0.028131203060065,1.55081169438385,-0.106348413255777
"CATG00000113221_P1","Enhancer","chrX_16771427_16772447","iPSvsNSC_P1","CATG00000113221.1","LncRNA",0.146404096724345,0.121053817066626,0.917021511841111,0.134255706117891
"CATG00000113221_P1","Enhancer","chrX_16771427_16772447","NSC_P1vsNSC_P2","CATG00000113221.1","LncRNA",-0.283766757846442,0.144348198035607,0.84058863324552,-0.238531111138653
"CATG00000113221_P1","Enhancer","chrX_16771427_16772447","NSC_P0vsNeuron","CATG00000113221.1","LncRNA",0.407966480407425,0.020203405865899,1.69457541153939,0.69132996643069
"CATG00000113221_P1","Enhancer","chrX_16771427_16772447","NSC_P1vsNeuron","CATG00000113221.1","LncRNA",-0.0814061494290917,0.370420267212342,0.431305259307371,-0.0351109003887289
"CATG00000113221_P1","Enhancer","chrX_16771427_16772447","NSC_P0vsNSC_P2","CATG00000113221.1","LncRNA",0.0828163240834327,0.0354441191509142,1.45045581216428,0.120121418608895
"CATG00000113555_P1","Enhancer","chrX_40845034_40846159",NA,NA,NA,NA,NA,NA,NA
"CATG00000113558_P1","Enhancer","chrX_40852441_40854137",NA,NA,NA,NA,NA,NA,NA
"CATG00000114068_P2","Enhancer","chrX_94701913_94702619",NA,NA,NA,NA,NA,NA,NA
"CATG00000114198_P1","Enhancer","chrX_107710690_107711670",NA,NA,NA,NA,NA,NA,NA
"CATG00000114267_P1","Enhancer","chrX_114465388_114466017",NA,NA,NA,NA,NA,NA,NA
"CATG00000114750_P1","Enhancer","chrX_153844374_153845458",NA,NA,NA,NA,NA,NA,NA
"CATG00000114772_P1","Enhancer","chrX_154775333_154776124","NSC_P0vsNSC_P2","CATG00000114772.1","LncRNA",0.32846521511608,0.111960944830695,0.950933445209218,0.312348558641721
"CATG00000114772_P1","Enhancer","chrX_154775333_154776124","iPSvsNeuron","CATG00000114772.1","LncRNA",-0.166540092858289,0.310968078730447,0.507284189567172,-0.0844831560360588
"CATG00000114772_P1","Enhancer","chrX_154775333_154776124","iPSvsNSC_P1","CATG00000114772.1","LncRNA",0.104065807223738,0.107328506167066,0.969284915248827,0.100869417135162
"CATG00000114772_P1","Enhancer","chrX_154775333_154776124","NSC_P0vsNeuron","CATG00000114772.1","LncRNA",-0.394086756730717,0.0266208455839857,1.57477815372135,-0.620599215170435
"CATG00000114772_P1","Enhancer","chrX_154775333_154776124","NSC_P2vsNeuron","CATG00000114772.1","LncRNA",-0.509853450639883,0.023419958748067,1.63041387422961,-0.831272139747106
"CATG00000114772_P1","Enhancer","chrX_154775333_154776124","iPSvsNSC_P0","CATG00000114772.1","LncRNA",0.148431222284607,0.00885724014256897,2.05270158032178,0.304685004552707
"CATG00000114772_P1","Enhancer","chrX_154775333_154776124","iPSvsNSC_P2","CATG00000114772.1","LncRNA",0.491791205126259,0.0346134847118828,1.46075467591654,0.718386302462812
"CATG00000114772_P1","Enhancer","chrX_154775333_154776124","NSC_P1vsNeuron","CATG00000114772.1","LncRNA",-0.284245124484004,0.131146205555561,0.882244270305201,-0.250773632438202
"CATG00000114772_P1","Enhancer","chrX_154775333_154776124","NSC_P1vsNSC_P2","CATG00000114772.1","LncRNA",0.329589953794755,0.130990135597973,0.882761408288297,0.290949291769533
"CATG00000114772_P1","Enhancer","chrX_154775333_154776124","NSC_P0vsNSC_P1","CATG00000114772.1","LncRNA",0.0583884784598177,0.477062617490067,0.321424613317102,0.0187674941111209
"CATG00000114955_P1","Enhancer","chr1_37325747_37326669","NSC_P0vsNeuron","CATG00000114955.1","LncRNA",0.0606692914472217,0.0967784710383853,1.01422124340571,0.0615320842081447
"CATG00000114955_P1","Enhancer","chr1_37325747_37326669","iPSvsNSC_P1","CATG00000114955.1","LncRNA",-0.033802295873986,0.020724934274575,1.68350683806284,-0.0569063962460786
"CATG00000114955_P1","Enhancer","chr1_37325747_37326669","NSC_P2vsNeuron","CATG00000114955.1","LncRNA",-0.524340521309409,0.0154108828163746,1.81217248189818,-0.950195463861059
"CATG00000114955_P1","Enhancer","chr1_37325747_37326669","NSC_P0vsNSC_P2","CATG00000114955.1","LncRNA",0.384488113902236,0.0270156722789897,1.56838422066883,0.603025090878985
"CATG00000114955_P1","Enhancer","chr1_37325747_37326669","iPSvsNSC_P0","CATG00000114955.1","LncRNA",-0.391469106759467,0.1187698421239,0.925293820818397,-0.362223945525832
"CATG00000114955_P1","Enhancer","chr1_37325747_37326669","NSC_P0vsNSC_P1","CATG00000114955.1","LncRNA",0.111985132735571,0.0592813492887856,1.22708192004214,0.137414931693338
"CATG00000114955_P1","Enhancer","chr1_37325747_37326669","iPSvsNSC_P2","CATG00000114955.1","LncRNA",0.506022257124592,0.0118623133498136,1.92583060801323,0.974513151106478
"CATG00000114955_P1","Enhancer","chr1_37325747_37326669","NSC_P1vsNeuron","CATG00000114955.1","LncRNA",-0.146995628602754,0.0528117240879991,1.27726965433157,-0.187753055733692
"CATG00000114955_P1","Enhancer","chr1_37325747_37326669","NSC_P1vsNSC_P2","CATG00000114955.1","LncRNA",0.160272739759776,0.0179157655218593,1.74676463015395,0.279958752990246
"CATG00000114955_P1","Enhancer","chr1_37325747_37326669","iPSvsNeuron","CATG00000114955.1","LncRNA",-0.246804799309683,0.0153815149306029,1.81300088861778,-0.447457320463587
"CATG00000115367_P1","Enhancer","chr10_63712995_63713934",NA,NA,NA,NA,NA,NA,NA
"CATG00000115970_P1","Enhancer","chr10_90294758_90295631","NSC_P1vsNSC_P2","CATG00000115970.1","LncRNA",-0.0325701738944114,0.54834496653129,0.260946138731383,-0.00849906111555633
"CATG00000115970_P1","Enhancer","chr10_90294758_90295631","NSC_P1vsNeuron","CATG00000115970.1","LncRNA",-0.183396607357393,0.778115648601429,0.108955850546517,-0.0199821333419704
"CATG00000115970_P1","Enhancer","chr10_90294758_90295631","NSC_P0vsNSC_P1","CATG00000115970.1","LncRNA",0.0343746397847707,0.495075978589777,0.30532814540957,0.0104955450146061
"CATG00000115970_P1","Enhancer","chr10_90294758_90295631","iPSvsNeuron","CATG00000115970.1","LncRNA",-0.0272758046105046,0.0939213823086577,1.02723552422461,-0.0280186754477197
"CATG00000115970_P1","Enhancer","chr10_90294758_90295631","NSC_P2vsNeuron","CATG00000115970.1","LncRNA",-0.150007532524777,0.384764915630514,0.414804535497868,-0.0622238048501213
"CATG00000115970_P1","Enhancer","chr10_90294758_90295631","NSC_P0vsNeuron","CATG00000115970.1","LncRNA",-0.149699348380399,0.732555885156416,0.135159238292282,-0.0202332498999456
"CATG00000115970_P1","Enhancer","chr10_90294758_90295631","iPSvsNSC_P0","CATG00000115970.1","LncRNA",0.122811456889091,0.455060433343158,0.341930923948128,0.0419930349255024
"CATG00000115970_P1","Enhancer","chr10_90294758_90295631","NSC_P0vsNSC_P2","CATG00000115970.1","LncRNA",0.000649376783974904,0.360313065279997,0.443319989678346,0.000287881709169112
"CATG00000115970_P1","Enhancer","chr10_90294758_90295631","iPSvsNSC_P1","CATG00000115970.1","LncRNA",0.157573374124922,0.968437146907348,0.0139285604245722,0.00219477026280273
"CATG00000115970_P1","Enhancer","chr10_90294758_90295631","iPSvsNSC_P2","CATG00000115970.1","LncRNA",0.12374792490872,0.756770230980169,0.121035960083173,0.0149779488996274
"CATG00000116040_P1","Enhancer","chr10_93280447_93281670",NA,NA,NA,NA,NA,NA,NA
"CATG00000116064_P1","Enhancer","chr10_93815144_93815838","iPSvsNeuron","CATG00000116064.1","LncRNA",-0.0284542768089136,0.0827376647946738,1.08229674088671,-0.0307959710545756
"CATG00000116064_P1","Enhancer","chr10_93815144_93815838","NSC_P0vsNSC_P1","CATG00000116064.1","LncRNA",0.383667242539816,0.0446004026896264,1.35066122009743,0.518204465920243
"CATG00000116064_P1","Enhancer","chr10_93815144_93815838","NSC_P1vsNSC_P2","CATG00000116064.1","LncRNA",-0.532340937700859,0.0140418791068069,1.8525747703323,-0.98620139039965
"CATG00000116064_P1","Enhancer","chr10_93815144_93815838","iPSvsNSC_P2","CATG00000116064.1","LncRNA",-0.801397085058433,0.00905814734950714,2.04296061889734,-1.6372226848735
"CATG00000116064_P1","Enhancer","chr10_93815144_93815838","iPSvsNSC_P0","CATG00000116064.1","LncRNA",-0.23474178003273,0.0438423389319538,1.35810628485797,-0.318804286781197
"CATG00000116064_P1","Enhancer","chr10_93815144_93815838","NSC_P0vsNSC_P2","CATG00000116064.1","LncRNA",-0.532114763604621,0.0143258581254104,1.84387935414462,-0.981155426646107
"CATG00000116064_P1","Enhancer","chr10_93815144_93815838","NSC_P2vsNeuron","CATG00000116064.1","LncRNA",0.747431783808103,0.00576047592914816,2.23954163378788,1.67390459825459
"CATG00000116064_P1","Enhancer","chr10_93815144_93815838","NSC_P0vsNeuron","CATG00000116064.1","LncRNA",0.107347936532395,0.0244104962375302,1.61242339178189,0.173090323924351
"CATG00000116064_P1","Enhancer","chr10_93815144_93815838","NSC_P1vsNeuron","CATG00000116064.1","LncRNA",0.12735595595964,0.0277893691602912,1.55612131192411,0.198181317269263
"CATG00000116064_P1","Enhancer","chr10_93815144_93815838","iPSvsNSC_P1","CATG00000116064.1","LncRNA",-0.017199114427657,0.0190713471052323,1.71961862946546,-0.0295759175801072
"CATG00000116729_P1","Enhancer","chr10_123194901_123195840","NSC_P0vsNeuron","CATG00000116729.1","LncRNA",0.0899524177313163,0.0513615066651178,1.2893622449324,0.115981251263147
"CATG00000116729_P1","Enhancer","chr10_123194901_123195840","iPSvsNSC_P2","CATG00000116729.1","LncRNA",-0.407176268990645,0.114144280077336,0.942545846706294,-0.383782301214498
"CATG00000116729_P1","Enhancer","chr10_123194901_123195840","iPSvsNSC_P1","CATG00000116729.1","LncRNA",0.364506596115564,0.0147827130872352,1.83024585209254,0.66713668560088
"CATG00000116729_P1","Enhancer","chr10_123194901_123195840","NSC_P0vsNSC_P2","CATG00000116729.1","LncRNA",-0.534701773505023,0.0082645980476155,2.08277826368328,-1.11366523140916
"CATG00000116729_P1","Enhancer","chr10_123194901_123195840","NSC_P1vsNSC_P2","CATG00000116729.1","LncRNA",-0.559866879417863,0.00628935412575534,2.20139395137869,-1.23248756192774
"CATG00000116729_P1","Enhancer","chr10_123194901_123195840","iPSvsNeuron","CATG00000116729.1","LncRNA",0.474909970918323,0.0200747548259921,1.69734975007762,0.806088320447586
"CATG00000116729_P1","Enhancer","chr10_123194901_123195840","NSC_P1vsNeuron","CATG00000116729.1","LncRNA",0.19803294330984,0.0103248178850019,1.98611759993658,0.393316714074915
"CATG00000116729_P1","Enhancer","chr10_123194901_123195840","NSC_P2vsNeuron","CATG00000116729.1","LncRNA",0.602546792156878,0.006911290249565,2.16044086782722,1.30176671455392
"CATG00000116729_P1","Enhancer","chr10_123194901_123195840","NSC_P0vsNSC_P1","CATG00000116729.1","LncRNA",0.00782703330629468,0.0570552092914082,1.24370469720142,0.00973451808819064
"CATG00000116729_P1","Enhancer","chr10_123194901_123195840","iPSvsNSC_P0","CATG00000116729.1","LncRNA",0.40421767246611,0.0430948742066606,1.36557438265008,0.551989298534162
"CATG00000116831_P1","Enhancer","chr10_127862967_127863825","iPSvsNeuron","CATG00000116831.1","LncRNA",0.424673315705428,0.0156888234200215,1.80440962501422,0.766284618345578
"CATG00000116831_P1","Enhancer","chr10_127862967_127863825","NSC_P0vsNeuron","CATG00000116831.1","LncRNA",0.0717633280524583,0.0183479664860659,1.73641206181071,0.124610708425967
"CATG00000116831_P1","Enhancer","chr10_127862967_127863825","iPSvsNSC_P0","CATG00000116831.1","LncRNA",0.293496993670847,0.0353501601937305,1.45160861380214,0.426042764137635
"CATG00000116831_P1","Enhancer","chr10_127862967_127863825","NSC_P0vsNSC_P2","CATG00000116831.1","LncRNA",-0.444338087883675,0.0219910039273443,1.6577549438928,-0.736603661949034
"CATG00000116831_P1","Enhancer","chr10_127862967_127863825","NSC_P1vsNSC_P2","CATG00000116831.1","LncRNA",-0.538829021698624,0.0109269576895276,1.96150073855966,-1.05691352401923
"CATG00000116831_P1","Enhancer","chr10_127862967_127863825","iPSvsNSC_P2","CATG00000116831.1","LncRNA",-0.555060525208621,0.0265211669573009,1.57640737046461,-0.875001502992829
"CATG00000116831_P1","Enhancer","chr10_127862967_127863825","iPSvsNSC_P1","CATG00000116831.1","LncRNA",0.35044374974129,0.0196931705747004,1.70568435738924,0.59774642207855
"CATG00000116831_P1","Enhancer","chr10_127862967_127863825","NSC_P1vsNeuron","CATG00000116831.1","LncRNA",0.281504692783363,0.0848835913701297,1.07117625399793,0.30154114229852
"CATG00000116831_P1","Enhancer","chr10_127862967_127863825","NSC_P0vsNSC_P1","CATG00000116831.1","LncRNA",-0.007773800481777,0.0629248765650987,1.20117762770092,-0.00933771522092117
"CATG00000116831_P1","Enhancer","chr10_127862967_127863825","NSC_P2vsNeuron","CATG00000116831.1","LncRNA",0.632568561998648,0.00478537475691804,2.32008404566384,1.46761222848158
"CATG00000116921_P1","Enhancer","chr10_131751173_131752300","iPSvsNSC_P0","CATG00000116921.1","mRNA",0.123700842451041,0.134859799094462,0.870117491643151,0.107634266747645
"CATG00000116921_P1","Enhancer","chr10_131751173_131752300","NSC_P0vsNeuron","CATG00000116921.1","mRNA",-0.199377276211179,0.0304432563734729,1.51650889495695,-0.302357412826541
"CATG00000116921_P1","Enhancer","chr10_131751173_131752300","iPSvsNSC_P1","CATG00000116921.1","mRNA",0.075860793093943,0.0306275381528438,1.51388791046094,0.114844737542899
"CATG00000116921_P1","Enhancer","chr10_131751173_131752300","NSC_P0vsNSC_P1","CATG00000116921.1","mRNA",-0.0292758310063583,0.0741995347508347,1.12959881784467,-0.0330699440962028
"CATG00000116921_P1","Enhancer","chr10_131751173_131752300","NSC_P0vsNSC_P2","CATG00000116921.1","mRNA",0.524754569059256,0.0143258581254104,1.84387935414462,0.96758411588142
"CATG00000116921_P1","Enhancer","chr10_131751173_131752300","NSC_P1vsNeuron","CATG00000116921.1","mRNA",-0.122610397794375,0.0583190969448029,1.23418920956878,-0.151324429938752
"CATG00000116921_P1","Enhancer","chr10_131751173_131752300","iPSvsNeuron","CATG00000116921.1","mRNA",0.0245533311278813,0.0879632818976882,1.05569857554287,0.0259209166965366
"CATG00000116921_P1","Enhancer","chr10_131751173_131752300","iPSvsNSC_P2","CATG00000116921.1","mRNA",0.45284464446656,0.00978201719448104,2.00957157812671,0.910023726826895
"CATG00000116921_P1","Enhancer","chr10_131751173_131752300","NSC_P1vsNSC_P2","CATG00000116921.1","mRNA",0.540283008493456,0.0121894918967059,1.91401439701131,1.03410945671706
"CATG00000116921_P1","Enhancer","chr10_131751173_131752300","NSC_P2vsNeuron","CATG00000116921.1","mRNA",-0.30737815021912,0.00912191346531229,2.03991405199375,-0.627025007907826
"CATG00000117210_P1","Enhancer","chr1_42807088_42807987","iPSvsNSC_P2","CATG00000117210.1","LncRNA",-0.607471748662412,0.00721654716526183,2.14167054560955,-1.30100435140022
"CATG00000117210_P1","Enhancer","chr1_42807088_42807987","NSC_P0vsNSC_P1","CATG00000117210.1","LncRNA",0.0498236328412687,0.0361945422865437,1.44135691105612,0.0718136375296854
"CATG00000117210_P1","Enhancer","chr1_42807088_42807987","iPSvsNSC_P1","CATG00000117210.1","LncRNA",0.13146447163426,0.0128456920001489,1.89124249523172,0.248631195367898
"CATG00000117210_P1","Enhancer","chr1_42807088_42807987","iPSvsNSC_P0","CATG00000117210.1","LncRNA",0.210279890302155,0.0660423168151952,1.18017769975803,0.24816763724217
"CATG00000117210_P1","Enhancer","chr1_42807088_42807987","NSC_P0vsNeuron","CATG00000117210.1","LncRNA",-0.175462781771834,0.0130200393310651,1.88538770384473,-0.330815371235007
"CATG00000117210_P1","Enhancer","chr1_42807088_42807987","iPSvsNeuron","CATG00000117210.1","LncRNA",0.125479924733729,0.0397476632943215,1.40068839778012,0.175758274728857
"CATG00000117210_P1","Enhancer","chr1_42807088_42807987","NSC_P1vsNeuron","CATG00000117210.1","LncRNA",-0.193081552429112,0.0235129554925957,1.62869277821435,-0.314470530047712
"CATG00000117210_P1","Enhancer","chr1_42807088_42807987","NSC_P1vsNSC_P2","CATG00000117210.1","LncRNA",-0.528427472876815,0.00880701106209269,2.05517145815857,-1.08600905996329
"CATG00000117210_P1","Enhancer","chr1_42807088_42807987","NSC_P0vsNSC_P2","CATG00000117210.1","LncRNA",-0.505261972873605,0.013948343555307,1.85547736425444,-0.937502153685514
"CATG00000117210_P1","Enhancer","chr1_42807088_42807987","NSC_P2vsNeuron","CATG00000117210.1","LncRNA",0.492711059631698,0.031455123949876,1.50230859912494,0.740204061768661
"CATG00000117436_P1","Enhancer","chr10_16386642_16387556",NA,NA,NA,NA,NA,NA,NA
"CATG00000117720_P1","Enhancer","chr10_28939353_28940345",NA,NA,NA,NA,NA,NA,NA
"CATG00000117777_P1","Enhancer","chr10_31133591_31134616","iPSvsNeuron","CATG00000117777.1","LncRNA",-0.420907500720184,0.00970013369581054,2.01322227986235,-0.847380358211052
"CATG00000117777_P1","Enhancer","chr10_31133591_31134616","NSC_P2vsNeuron","CATG00000117777.1","LncRNA",0.591619967169094,0.00721654266284855,2.14167081656653,1.2670552181841
"CATG00000117777_P1","Enhancer","chr10_31133591_31134616","iPSvsNSC_P2","CATG00000117777.1","LncRNA",-1.20256653922964,0.00758792817395502,2.11987678872205,-2.5492928934067
"CATG00000117777_P1","Enhancer","chr10_31133591_31134616","NSC_P1vsNSC_P2","CATG00000117777.1","LncRNA",-0.603619776955405,0.0177998558971179,1.74958351360908,-1.05608321024956
"CATG00000117777_P1","Enhancer","chr10_31133591_31134616","NSC_P1vsNeuron","CATG00000117777.1","LncRNA",-0.13610667358928,0.0327202985909521,1.48518274180355,-0.202143282659088
"CATG00000117777_P1","Enhancer","chr10_31133591_31134616","NSC_P0vsNSC_P2","CATG00000117777.1","LncRNA",-0.963018366380273,0.00496752351141741,2.30386006868625,-2.21865955971498
"CATG00000117777_P1","Enhancer","chr10_31133591_31134616","NSC_P0vsNSC_P1","CATG00000117777.1","LncRNA",-0.436812136847649,0.0112131709587612,1.95027155643665,-0.851902286000282
"CATG00000117777_P1","Enhancer","chr10_31133591_31134616","iPSvsNSC_P0","CATG00000117777.1","LncRNA",-0.187891374709719,0.0592817290346847,1.22707913803696,-0.230557586123382
"CATG00000117777_P1","Enhancer","chr10_31133591_31134616","NSC_P0vsNeuron","CATG00000117777.1","LncRNA",-0.330283522264471,0.0163197240816961,1.78728718815629,-0.590311507802421
"CATG00000117777_P1","Enhancer","chr10_31133591_31134616","iPSvsNSC_P1","CATG00000117777.1","LncRNA",-0.383745865486358,0.0125881494138893,1.90003811090955,-0.72913176932805
"CATG00000117777_P2","Enhancer","chr10_31133591_31134616","iPSvsNSC_P2","CATG00000117777.1","LncRNA",-0.84362085396894,0.00925066547019095,2.03382702405705,-1.71577889086012
"CATG00000117777_P2","Enhancer","chr10_31133591_31134616","iPSvsNSC_P0","CATG00000117777.1","LncRNA",-0.299550537964377,0.00936781385584524,2.02836174754526,-0.607596852663547
"CATG00000117777_P2","Enhancer","chr10_31133591_31134616","iPSvsNSC_P1","CATG00000117777.1","LncRNA",-0.341529628095578,0.070395208210762,1.15245690219952,-0.393598177204385
"CATG00000117777_P2","Enhancer","chr10_31133591_31134616","NSC_P1vsNSC_P2","CATG00000117777.1","LncRNA",-0.562906290904315,0.0382621414823697,1.41723072673033,-0.797768091739396
"CATG00000117777_P2","Enhancer","chr10_31133591_31134616","NSC_P0vsNSC_P2","CATG00000117777.1","LncRNA",-0.540036743015331,0.0266851182791862,1.57373086788816,-0.849872492277012
"CATG00000117777_P2","Enhancer","chr10_31133591_31134616","NSC_P2vsNeuron","CATG00000117777.1","LncRNA",0.760990147970064,0.00918608542909573,2.03686952003149,1.55003763744448
"CATG00000117777_P2","Enhancer","chr10_31133591_31134616","NSC_P0vsNeuron","CATG00000117777.1","LncRNA",0.602884147161496,0.0109850852818778,1.95919656711806,1.1811685514887
"CATG00000117777_P2","Enhancer","chr10_31133591_31134616","NSC_P1vsNeuron","CATG00000117777.1","LncRNA",0.477805711736285,0.0160015201830282,1.79583875636039,0.85806201514638
"CATG00000117777_P2","Enhancer","chr10_31133591_31134616","NSC_P0vsNSC_P1","CATG00000117777.1","LncRNA",0.129688866459773,0.0271160137813971,1.56677415403744,0.203193164035586
"CATG00000117777_P2","Enhancer","chr10_31133591_31134616","iPSvsNeuron","CATG00000117777.1","LncRNA",0.00768546448423867,0.346576699571042,0.460200638355727,0.00353685566170691
"CATG00000117967_P1","Enhancer","chr1_45315623_45316514",NA,NA,NA,NA,NA,NA,NA
"CATG00000117967_P2","Enhancer","chr1_45317080_45317825",NA,NA,NA,NA,NA,NA,NA
"CATG00000118113_P1","Enhancer","chr10_53029909_53030839","NSC_P1vsNSC_P2","CATG00000118113.1","LncRNA",0.0796833397485547,0.121472046550628,0.915523651494081,0.0729519821698401
"CATG00000118113_P1","Enhancer","chr10_53029909_53030839","NSC_P0vsNeuron","CATG00000118113.1","LncRNA",-0.112683612309562,0.0267851427999656,1.57210603392537,-0.177150586836369
"CATG00000118113_P1","Enhancer","chr10_53029909_53030839","NSC_P0vsNSC_P2","CATG00000118113.1","LncRNA",0.10028539310122,0.152436872222396,0.816909970884454,0.0819241375584536
"CATG00000118113_P1","Enhancer","chr10_53029909_53030839","iPSvsNSC_P0","CATG00000118113.1","LncRNA",0.14021455018047,0.00936781385584524,2.02836174754526,0.284405830035331
"CATG00000118113_P1","Enhancer","chr10_53029909_53030839","NSC_P2vsNeuron","CATG00000118113.1","LncRNA",-0.200292811928856,0.0562918520647825,1.24955446233139,-0.250276776918604
"CATG00000118113_P1","Enhancer","chr10_53029909_53030839","NSC_P0vsNSC_P1","CATG00000118113.1","LncRNA",0.178993100658155,0.011602991205799,1.93543003691864,0.346428623414996
"CATG00000118113_P1","Enhancer","chr10_53029909_53030839","NSC_P1vsNeuron","CATG00000118113.1","LncRNA",-0.348709448734776,0.0402119040379222,1.39564536252043,-0.486674724993746
"CATG00000118113_P1","Enhancer","chr10_53029909_53030839","iPSvsNeuron","CATG00000118113.1","LncRNA",-0.159110368811282,0.0477459227728095,1.32106370874773,-0.21019493392205
"CATG00000118113_P1","Enhancer","chr10_53029909_53030839","iPSvsNSC_P1","CATG00000118113.1","LncRNA",0.329866682471711,0.035141642672883,1.45417794155744,0.479684853305094
"CATG00000118113_P1","Enhancer","chr10_53029909_53030839","iPSvsNSC_P2","CATG00000118113.1","LncRNA",0.537082488914026,0.0115429306686257,1.93768391287659,1.04069609865643
"ENSG00000012171_P1","Enhancer","chr3_50267115_50268060","iPSvsNSC_P1","SEMA3B","LncRNA",0.0721667044587283,0.0227870078795402,1.64231269749256,0.118520295068762
"ENSG00000012171_P1","Enhancer","chr3_50267115_50268060","NSC_P1vsNSC_P2","SEMA3B","LncRNA",0.158175248832524,0.0578589975763816,1.2376290948985,0.195762290047941
"ENSG00000012171_P1","Enhancer","chr3_50267115_50268060","NSC_P1vsNeuron","SEMA3B","LncRNA",0.392937048077483,0.0446008103759991,1.35065725028724,0.53072327289232
"ENSG00000012171_P1","Enhancer","chr3_50267115_50268060","NSC_P0vsNSC_P1","SEMA3B","LncRNA",0.0889720830588423,0.11320711831061,0.946126264439059,0.0841788245838241
"ENSG00000012171_P1","Enhancer","chr3_50267115_50268060","NSC_P2vsNeuron","SEMA3B","LncRNA",0.111859252976845,0.0171181130722709,1.76654410925376,0.197604304411772
"ENSG00000012171_P1","Enhancer","chr3_50267115_50268060","NSC_P0vsNeuron","SEMA3B","LncRNA",0.677813709594292,0.0113678693651441,1.94432092578458,1.31788737934786
"ENSG00000012171_P1","Enhancer","chr3_50267115_50268060","iPSvsNSC_P0","SEMA3B","LncRNA",-0.20916857278483,0.0226441897339931,1.64504321485082,-0.344091341419713
"ENSG00000012171_P1","Enhancer","chr3_50267115_50268060","iPSvsNeuron","SEMA3B","LncRNA",0.450553238427783,0.00424012939388992,2.3726208900594,1.06899202557767
"ENSG00000012171_P1","Enhancer","chr3_50267115_50268060","iPSvsNSC_P2","SEMA3B","LncRNA",0.147137278872735,0.00372723831474793,2.42861283813666,0.357339484438817
"ENSG00000012171_P1","Enhancer","chr3_50267115_50268060","NSC_P0vsNSC_P2","SEMA3B","LncRNA",0.560705227587057,0.0135796383749883,1.86711179513933,1.04689934402408
"ENSG00000025293_P2","Enhancer","chr20_35768803_35769829",NA,NA,NA,NA,NA,NA,NA
"ENSG00000036257_P2","Enhancer","chr2_224569775_224570935","iPSvsNeuron","CUL3","mRNA",-0.112677545158453,0.0284767874376011,1.54550900649649,-0.174144160872304
"ENSG00000036257_P2","Enhancer","chr2_224569775_224570935","iPSvsNSC_P1","CUL3","mRNA",0.045344993385895,0.0125033235003327,1.90297453211143,0.0862903675721194
"ENSG00000036257_P2","Enhancer","chr2_224569775_224570935","NSC_P1vsNSC_P2","CUL3","mRNA",0.366256999964855,0.0752205349687467,1.12366358219854,0.411549652585798
"ENSG00000036257_P2","Enhancer","chr2_224569775_224570935","NSC_P2vsNeuron","CUL3","mRNA",-0.227354881301186,0.011078153373471,1.95553262648027,-0.444599888174019
"ENSG00000036257_P2","Enhancer","chr2_224569775_224570935","NSC_P1vsNeuron","CUL3","mRNA",-0.0265828696568327,0.0567434132693111,1.2460845437703,-0.0331245030084397
"ENSG00000036257_P2","Enhancer","chr2_224569775_224570935","NSC_P0vsNeuron","CUL3","mRNA",0.151092285073013,0.0151796366777269,1.81873862308788,0.274797374512893
"ENSG00000036257_P2","Enhancer","chr2_224569775_224570935","NSC_P0vsNSC_P2","CUL3","mRNA",0.30618334099767,0.152436872222396,0.816909970884454,0.250124224179711
"ENSG00000036257_P2","Enhancer","chr2_224569775_224570935","iPSvsNSC_P2","CUL3","mRNA",0.445047468665071,0.0133985425403379,1.87294244052429,0.833548292110715
"ENSG00000036257_P2","Enhancer","chr2_224569775_224570935","NSC_P0vsNSC_P1","CUL3","mRNA",0.135986935598516,0.00453766617815729,2.34316745695634,0.318640162065659
"ENSG00000036257_P2","Enhancer","chr2_224569775_224570935","iPSvsNSC_P0","CUL3","mRNA",0.135779841138503,0.0567433099501254,1.24608533454038,0.169193268768911
"ENSG00000065548_P2","Enhancer","chr2_186503755_186504760","NSC_P1vsNeuron","ZC3H15","mRNA",-0.149589468971311,0.102196299184675,0.99056483094079,-0.14817806704209
"ENSG00000065548_P2","Enhancer","chr2_186503755_186504760","NSC_P1vsNSC_P2","ZC3H15","mRNA",0.105567941604707,0.0847267958188325,1.07197921734518,0.113166639418155
"ENSG00000065548_P2","Enhancer","chr2_186503755_186504760","iPSvsNSC_P1","ZC3H15","mRNA",0.357307015345169,0.0152802201685428,1.815870388084,0.648823228619966
"ENSG00000065548_P2","Enhancer","chr2_186503755_186504760","NSC_P0vsNSC_P1","ZC3H15","mRNA",-0.0493221839942187,0.175824418645968,0.754920809883648,-0.0372343430861458
"ENSG00000065548_P2","Enhancer","chr2_186503755_186504760","NSC_P0vsNeuron","ZC3H15","mRNA",-0.0426458088152683,0.265316883674106,0.576235112425553,-0.0245740124371448
"ENSG00000065548_P2","Enhancer","chr2_186503755_186504760","iPSvsNSC_P2","ZC3H15","mRNA",0.500348158622445,0.00856213860671316,2.06741774594303,1.03442866228596
"ENSG00000065548_P2","Enhancer","chr2_186503755_186504760","iPSvsNeuron","ZC3H15","mRNA",0.438206557636582,0.0239580542399196,1.62054845619841,0.710134960473984
"ENSG00000065548_P2","Enhancer","chr2_186503755_186504760","iPSvsNSC_P0","ZC3H15","mRNA",0.452432670353211,0.00665887530679592,2.17659911757141,0.984764551051278
"ENSG00000065548_P2","Enhancer","chr2_186503755_186504760","NSC_P2vsNeuron","ZC3H15","mRNA",-0.573818373310796,0.00868380447099864,2.06128996390513,-1.18280605400991
"ENSG00000065548_P2","Enhancer","chr2_186503755_186504760","NSC_P0vsNSC_P2","ZC3H15","mRNA",0.377196400513457,0.0666036360600343,1.17650206095427,0.443772342588613
"ENSG00000085999_P2","Enhancer","chr1_46285735_46286664",NA,NA,NA,NA,NA,NA,NA
"ENSG00000087586_P2","Enhancer","chr20_56385983_56386854",NA,NA,NA,NA,NA,NA,NA
"ENSG00000101040_P2","Enhancer","chr20_47317075_47320378","iPSvsNSC_P2","ZMYND8","mRNA",0.13259808176117,0.26525818984144,0.576331198385957,0.076420411365094
"ENSG00000101040_P2","Enhancer","chr20_47317075_47320378","NSC_P1vsNSC_P2","ZMYND8","mRNA",0.480579817728743,0.0201181512699498,1.69641193068115,0.815261336439613
"ENSG00000101040_P2","Enhancer","chr20_47317075_47320378","NSC_P2vsNeuron","ZMYND8","mRNA",-0.606606681989594,0.0138553481548344,1.85838255686668,-1.12730727668824
"ENSG00000101040_P2","Enhancer","chr20_47317075_47320378","iPSvsNSC_P0","ZMYND8","mRNA",-0.321280252918152,0.0757681973479212,1.12051304521941,-0.35999871456618
"ENSG00000101040_P2","Enhancer","chr20_47317075_47320378","NSC_P1vsNeuron","ZMYND8","mRNA",-0.324182871597143,0.00731259301503711,2.13592859671688,-0.692431466010136
"ENSG00000101040_P2","Enhancer","chr20_47317075_47320378","NSC_P0vsNSC_P1","ZMYND8","mRNA",0.119258990200965,0.00956583938897842,2.01927691523344,0.240816925846859
"ENSG00000101040_P2","Enhancer","chr20_47317075_47320378","iPSvsNeuron","ZMYND8","mRNA",-0.599532438661849,0.0308129809342435,1.51126628478371,-0.906053161183807
"ENSG00000101040_P2","Enhancer","chr20_47317075_47320378","NSC_P0vsNSC_P2","ZMYND8","mRNA",0.527201210016918,0.0207704138947305,1.68255484913623,0.887044952384451
"ENSG00000101040_P2","Enhancer","chr20_47317075_47320378","iPSvsNSC_P1","ZMYND8","mRNA",-0.471012722999757,0.0126734844256319,1.89710396453424,-0.893560104148905
"ENSG00000101040_P2","Enhancer","chr20_47317075_47320378","NSC_P0vsNeuron","ZMYND8","mRNA",-0.233448732268391,0.017879100982147,1.74765432269384,-0.407987686076249
"ENSG00000104517_P2","Enhancer","chr8_102272201_102273201","iPSvsNSC_P0","UBR5","mRNA",0.409848794705653,0.0102536516433471,1.98912144132726,0.815239025251147
"ENSG00000104517_P2","Enhancer","chr8_102272201_102273201","NSC_P0vsNSC_P2","UBR5","mRNA",0.105798216213343,0.423987646216445,0.372646797318095,0.0394253664338694
"ENSG00000104517_P2","Enhancer","chr8_102272201_102273201","NSC_P1vsNSC_P2","UBR5","mRNA",0.521982803527572,0.0113084100471715,1.9465984522169,1.01609091743061
"ENSG00000104517_P2","Enhancer","chr8_102272201_102273201","iPSvsNSC_P2","UBR5","mRNA",0.469846791128667,0.0153093470064304,1.81504333298247,0.852792285761292
"ENSG00000104517_P2","Enhancer","chr8_102272201_102273201","NSC_P1vsNeuron","UBR5","mRNA",-0.421353194518331,0.014299577432221,1.8446767962109,-0.777260460937301
"ENSG00000104517_P2","Enhancer","chr8_102272201_102273201","iPSvsNSC_P1","UBR5","mRNA",0.359002679088039,0.0313748203477079,1.50341875227497,0.53973135985791
"ENSG00000104517_P2","Enhancer","chr8_102272201_102273201","NSC_P0vsNSC_P1","UBR5","mRNA",-0.419089674020642,0.0134646957069676,1.87080345690365,-0.78403441091044
"ENSG00000104517_P2","Enhancer","chr8_102272201_102273201","NSC_P2vsNeuron","UBR5","mRNA",-0.514689668086246,0.0102690787266855,1.98846851666208,-1.02344420084075
"ENSG00000104517_P2","Enhancer","chr8_102272201_102273201","NSC_P0vsNeuron","UBR5","mRNA",-0.196463595429547,0.0124190741324485,1.90591078050057,-0.374442084505076
"ENSG00000104517_P2","Enhancer","chr8_102272201_102273201","iPSvsNeuron","UBR5","mRNA",0.049140227748527,0.0418731236850663,1.37806464005011,0.0677184102642545
"ENSG00000105821_P2","Enhancer","chr7_103327079_103328058",NA,NA,NA,NA,NA,NA,NA
"ENSG00000106400_P2","Enhancer","chr7_101222112_101222983","NSC_P0vsNeuron","ZNHIT1","mRNA",0.542390710919817,0.0166434327982863,1.77875709321385,0.96478132434193
"ENSG00000106400_P2","Enhancer","chr7_101222112_101222983","NSC_P0vsNSC_P1","ZNHIT1","mRNA",0.222664458406164,0.00471106321562005,2.32688106812204,0.518113712808949
"ENSG00000106400_P2","Enhancer","chr7_101222112_101222983","NSC_P0vsNSC_P2","ZNHIT1","mRNA",0.593773858520585,0.0117016489272728,1.93175293572755,1.14702439435542
"ENSG00000106400_P2","Enhancer","chr7_101222112_101222983","iPSvsNeuron","ZNHIT1","mRNA",0.441296878628122,0.109970303685704,0.958724575629198,0.423082162689235
"ENSG00000106400_P2","Enhancer","chr7_101222112_101222983","NSC_P1vsNSC_P2","ZNHIT1","mRNA",0.444890771860572,0.10203663638372,0.991243866252632,0.44099524875919
"ENSG00000106400_P2","Enhancer","chr7_101222112_101222983","NSC_P2vsNeuron","ZNHIT1","mRNA",0.0379936423259077,0.597351575078791,0.223769986834805,0.00850183684307466
"ENSG00000106400_P2","Enhancer","chr7_101222112_101222983","iPSvsNSC_P2","ZNHIT1","mRNA",0.549725600938887,0.135961271665652,0.866584782050197,0.476383840077039
"ENSG00000106400_P2","Enhancer","chr7_101222112_101222983","NSC_P1vsNeuron","ZNHIT1","mRNA",0.40892926453135,0.0304431930725228,1.5165097979905,0.620145236346842
"ENSG00000106400_P2","Enhancer","chr7_101222112_101222983","iPSvsNSC_P0","ZNHIT1","mRNA",-0.0680566033751117,0.0114457660954016,1.94135513353809,-0.132122036333439
"ENSG00000106400_P2","Enhancer","chr7_101222112_101222983","iPSvsNSC_P1","ZNHIT1","mRNA",-0.119871966736088,0.150531900043745,0.82237145658225,-0.0985792838881353
"ENSG00000106571_P2","Enhancer","chr7_42076074_42076954","iPSvsNSC_P0","GLI3","mRNA",0.446552864999157,0.00774291263404034,2.11109564100358,0.942715806777381
"ENSG00000106571_P2","Enhancer","chr7_42076074_42076954","NSC_P2vsNeuron","GLI3","mRNA",0.506496714219196,0.0142306440838976,1.84677544315167,0.935385693857022
"ENSG00000106571_P2","Enhancer","chr7_42076074_42076954","iPSvsNeuron","GLI3","mRNA",0.185633350332968,0.0247161300802934,1.60701952777187,0.298316418990797
"ENSG00000106571_P2","Enhancer","chr7_42076074_42076954","iPSvsNSC_P1","GLI3","mRNA",0.354813037178115,0.0291787362106726,1.53493352219641,0.544614424877009
"ENSG00000106571_P2","Enhancer","chr7_42076074_42076954","NSC_P1vsNSC_P2","GLI3","mRNA",-0.44879051150274,0.0215773673904735,1.66600154378356,-0.747685684998976
"ENSG00000106571_P2","Enhancer","chr7_42076074_42076954","NSC_P0vsNSC_P2","GLI3","mRNA",-0.494165495127321,0.0107036231541672,1.97046918964975,-0.973737882736399
"ENSG00000106571_P2","Enhancer","chr7_42076074_42076954","NSC_P0vsNeuron","GLI3","mRNA",0.086572289660024,0.0542961904581573,1.26523064041189,0.109533913488476
"ENSG00000106571_P2","Enhancer","chr7_42076074_42076954","iPSvsNSC_P2","GLI3","mRNA",-0.313480698111669,0.484751061757277,0.314481231006716,-0.0985837958390026
"ENSG00000106571_P2","Enhancer","chr7_42076074_42076954","NSC_P0vsNSC_P1","GLI3","mRNA",0.067796405620455,0.136746315542989,0.864084366353986,0.0585818141916285
"ENSG00000106571_P2","Enhancer","chr7_42076074_42076954","NSC_P1vsNeuron","GLI3","mRNA",0.0127091269764467,0.0642953877908178,1.19182017993487,0.0151469939998838
"ENSG00000108604_P2","Enhancer","chr17_63834591_63835529",NA,NA,NA,NA,NA,NA,NA
"ENSG00000108953_P2","Enhancer","chr17_1344346_1345209","iPSvsNSC_P2","YWHAE","mRNA",0.409304476347917,0.0318358988939375,1.4970828832223,0.612762725566734
"ENSG00000108953_P2","Enhancer","chr17_1344346_1345209","iPSvsNeuron","YWHAE","mRNA",-0.165619744620118,0.0315641376970451,1.50080607069685,-0.248563118153135
"ENSG00000108953_P2","Enhancer","chr17_1344346_1345209","NSC_P2vsNeuron","YWHAE","mRNA",-0.390165929308656,0.0698733758259317,1.1556882739611,-0.450910189401149
"ENSG00000108953_P2","Enhancer","chr17_1344346_1345209","iPSvsNSC_P1","YWHAE","mRNA",0.03469364618081,0.151213834651078,0.82040847313533,0.0284629612906957
"ENSG00000108953_P2","Enhancer","chr17_1344346_1345209","iPSvsNSC_P0","YWHAE","mRNA",0.328930605224296,0.0381583954077491,1.418409896028,0.466558425556622
"ENSG00000108953_P2","Enhancer","chr17_1344346_1345209","NSC_P0vsNeuron","YWHAE","mRNA",-0.329929042216353,0.0629254802284441,1.20117346136136,-0.396302009642657
"ENSG00000108953_P2","Enhancer","chr17_1344346_1345209","NSC_P1vsNSC_P2","YWHAE","mRNA",0.393368804009358,0.0588165880547552,1.23050017248401,0.484040381183345
"ENSG00000108953_P2","Enhancer","chr17_1344346_1345209","NSC_P0vsNSC_P1","YWHAE","mRNA",-0.279900468876039,0.0499441639270153,1.30151525263064,-0.364294729460632
"ENSG00000108953_P2","Enhancer","chr17_1344346_1345209","NSC_P1vsNeuron","YWHAE","mRNA",-0.111831023353413,0.0646417106235287,1.18948715927974,-0.133021566287997
"ENSG00000108953_P2","Enhancer","chr17_1344346_1345209","NSC_P0vsNSC_P2","YWHAE","mRNA",0.258187526122877,0.530886994091922,0.27499791406984,0.0710010311226435
"ENSG00000112200_P1","Enhancer","chr6_57073980_57074861","NSC_P0vsNSC_P1","ZNF451","mRNA",0.406012324486154,0.00867217919616416,2.06187175673959,0.83714534474619
"ENSG00000112200_P1","Enhancer","chr6_57073980_57074861","iPSvsNeuron","ZNF451","mRNA",-0.217053500297058,0.0232202255195567,1.63413356662055,-0.354694410587907
"ENSG00000112200_P1","Enhancer","chr6_57073980_57074861","NSC_P0vsNSC_P2","ZNF451","mRNA",0.280470797666415,0.220766099176066,0.656067616047619,0.184007807595979
"ENSG00000112200_P1","Enhancer","chr6_57073980_57074861","NSC_P2vsNeuron","ZNF451","mRNA",0.203599837837792,0.0566024275394517,1.24716494258592,0.253922580067473
"ENSG00000112200_P1","Enhancer","chr6_57073980_57074861","iPSvsNSC_P0","ZNF451","mRNA",-0.342119409169319,0.0395171712596854,1.40321415088295,-0.480066796238101
"ENSG00000112200_P1","Enhancer","chr6_57073980_57074861","NSC_P0vsNeuron","ZNF451","mRNA",0.465553602540798,0.0183479664860659,1.73641206181071,0.808392890871271
"ENSG00000112200_P1","Enhancer","chr6_57073980_57074861","iPSvsNSC_P2","ZNF451","mRNA",-0.1099404595947,0.0151080250988348,1.82079230235415,-0.200178742547307
"ENSG00000112200_P1","Enhancer","chr6_57073980_57074861","iPSvsNSC_P1","ZNF451","mRNA",-0.028133214559053,0.113754468751344,0.944031533431916,-0.0265586416805519
"ENSG00000112200_P1","Enhancer","chr6_57073980_57074861","NSC_P1vsNSC_P2","ZNF451","mRNA",-0.130523239445854,0.0344084063060544,1.46333544212812,-0.190999282302493
"ENSG00000112200_P1","Enhancer","chr6_57073980_57074861","NSC_P1vsNeuron","ZNF451","mRNA",-0.0238239473341613,0.283206046655898,0.547897478378962,-0.0130530806694202
"ENSG00000112200_P1","Enhancer","chr6_57056078_57056973","NSC_P0vsNSC_P1","ZNF451","mRNA",0.406012324486154,0.00867217919616416,2.06187175673959,0.83714534474619
"ENSG00000112200_P1","Enhancer","chr6_57056078_57056973","iPSvsNeuron","ZNF451","mRNA",-0.217053500297058,0.0232202255195567,1.63413356662055,-0.354694410587907
"ENSG00000112200_P1","Enhancer","chr6_57056078_57056973","NSC_P0vsNSC_P2","ZNF451","mRNA",0.280470797666415,0.220766099176066,0.656067616047619,0.184007807595979
"ENSG00000112200_P1","Enhancer","chr6_57056078_57056973","NSC_P2vsNeuron","ZNF451","mRNA",0.203599837837792,0.0566024275394517,1.24716494258592,0.253922580067473
"ENSG00000112200_P1","Enhancer","chr6_57056078_57056973","iPSvsNSC_P0","ZNF451","mRNA",-0.342119409169319,0.0395171712596854,1.40321415088295,-0.480066796238101
"ENSG00000112200_P1","Enhancer","chr6_57056078_57056973","NSC_P0vsNeuron","ZNF451","mRNA",0.465553602540798,0.0183479664860659,1.73641206181071,0.808392890871271
"ENSG00000112200_P1","Enhancer","chr6_57056078_57056973","iPSvsNSC_P2","ZNF451","mRNA",-0.1099404595947,0.0151080250988348,1.82079230235415,-0.200178742547307
"ENSG00000112200_P1","Enhancer","chr6_57056078_57056973","iPSvsNSC_P1","ZNF451","mRNA",-0.028133214559053,0.113754468751344,0.944031533431916,-0.0265586416805519
"ENSG00000112200_P1","Enhancer","chr6_57056078_57056973","NSC_P1vsNSC_P2","ZNF451","mRNA",-0.130523239445854,0.0344084063060544,1.46333544212812,-0.190999282302493
"ENSG00000112200_P1","Enhancer","chr6_57056078_57056973","NSC_P1vsNeuron","ZNF451","mRNA",-0.0238239473341613,0.283206046655898,0.547897478378962,-0.0130530806694202
"ENSG00000112200_P1","Enhancer","chr6_57048743_57049616","NSC_P0vsNSC_P1","ZNF451","mRNA",0.406012324486154,0.00867217919616416,2.06187175673959,0.83714534474619
"ENSG00000112200_P1","Enhancer","chr6_57048743_57049616","iPSvsNeuron","ZNF451","mRNA",-0.217053500297058,0.0232202255195567,1.63413356662055,-0.354694410587907
"ENSG00000112200_P1","Enhancer","chr6_57048743_57049616","NSC_P0vsNSC_P2","ZNF451","mRNA",0.280470797666415,0.220766099176066,0.656067616047619,0.184007807595979
"ENSG00000112200_P1","Enhancer","chr6_57048743_57049616","NSC_P2vsNeuron","ZNF451","mRNA",0.203599837837792,0.0566024275394517,1.24716494258592,0.253922580067473
"ENSG00000112200_P1","Enhancer","chr6_57048743_57049616","iPSvsNSC_P0","ZNF451","mRNA",-0.342119409169319,0.0395171712596854,1.40321415088295,-0.480066796238101
"ENSG00000112200_P1","Enhancer","chr6_57048743_57049616","NSC_P0vsNeuron","ZNF451","mRNA",0.465553602540798,0.0183479664860659,1.73641206181071,0.808392890871271
"ENSG00000112200_P1","Enhancer","chr6_57048743_57049616","iPSvsNSC_P2","ZNF451","mRNA",-0.1099404595947,0.0151080250988348,1.82079230235415,-0.200178742547307
"ENSG00000112200_P1","Enhancer","chr6_57048743_57049616","iPSvsNSC_P1","ZNF451","mRNA",-0.028133214559053,0.113754468751344,0.944031533431916,-0.0265586416805519
"ENSG00000112200_P1","Enhancer","chr6_57048743_57049616","NSC_P1vsNSC_P2","ZNF451","mRNA",-0.130523239445854,0.0344084063060544,1.46333544212812,-0.190999282302493
"ENSG00000112200_P1","Enhancer","chr6_57048743_57049616","NSC_P1vsNeuron","ZNF451","mRNA",-0.0238239473341613,0.283206046655898,0.547897478378962,-0.0130530806694202
"ENSG00000112200_P1","Enhancer","chr6_57087215_57087906","NSC_P0vsNSC_P1","ZNF451","mRNA",0.406012324486154,0.00867217919616416,2.06187175673959,0.83714534474619
"ENSG00000112200_P1","Enhancer","chr6_57087215_57087906","iPSvsNeuron","ZNF451","mRNA",-0.217053500297058,0.0232202255195567,1.63413356662055,-0.354694410587907
"ENSG00000112200_P1","Enhancer","chr6_57087215_57087906","NSC_P0vsNSC_P2","ZNF451","mRNA",0.280470797666415,0.220766099176066,0.656067616047619,0.184007807595979
"ENSG00000112200_P1","Enhancer","chr6_57087215_57087906","NSC_P2vsNeuron","ZNF451","mRNA",0.203599837837792,0.0566024275394517,1.24716494258592,0.253922580067473
"ENSG00000112200_P1","Enhancer","chr6_57087215_57087906","iPSvsNSC_P0","ZNF451","mRNA",-0.342119409169319,0.0395171712596854,1.40321415088295,-0.480066796238101
"ENSG00000112200_P1","Enhancer","chr6_57087215_57087906","NSC_P0vsNeuron","ZNF451","mRNA",0.465553602540798,0.0183479664860659,1.73641206181071,0.808392890871271
"ENSG00000112200_P1","Enhancer","chr6_57087215_57087906","iPSvsNSC_P2","ZNF451","mRNA",-0.1099404595947,0.0151080250988348,1.82079230235415,-0.200178742547307
"ENSG00000112200_P1","Enhancer","chr6_57087215_57087906","iPSvsNSC_P1","ZNF451","mRNA",-0.028133214559053,0.113754468751344,0.944031533431916,-0.0265586416805519
"ENSG00000112200_P1","Enhancer","chr6_57087215_57087906","NSC_P1vsNSC_P2","ZNF451","mRNA",-0.130523239445854,0.0344084063060544,1.46333544212812,-0.190999282302493
"ENSG00000112200_P1","Enhancer","chr6_57087215_57087906","NSC_P1vsNeuron","ZNF451","mRNA",-0.0238239473341613,0.283206046655898,0.547897478378962,-0.0130530806694202
"ENSG00000112200_P1","Enhancer","chr6_57071040_57071957","NSC_P0vsNSC_P1","ZNF451","mRNA",0.406012324486154,0.00867217919616416,2.06187175673959,0.83714534474619
"ENSG00000112200_P1","Enhancer","chr6_57071040_57071957","iPSvsNeuron","ZNF451","mRNA",-0.217053500297058,0.0232202255195567,1.63413356662055,-0.354694410587907
"ENSG00000112200_P1","Enhancer","chr6_57071040_57071957","NSC_P0vsNSC_P2","ZNF451","mRNA",0.280470797666415,0.220766099176066,0.656067616047619,0.184007807595979
"ENSG00000112200_P1","Enhancer","chr6_57071040_57071957","NSC_P2vsNeuron","ZNF451","mRNA",0.203599837837792,0.0566024275394517,1.24716494258592,0.253922580067473
"ENSG00000112200_P1","Enhancer","chr6_57071040_57071957","iPSvsNSC_P0","ZNF451","mRNA",-0.342119409169319,0.0395171712596854,1.40321415088295,-0.480066796238101
"ENSG00000112200_P1","Enhancer","chr6_57071040_57071957","NSC_P0vsNeuron","ZNF451","mRNA",0.465553602540798,0.0183479664860659,1.73641206181071,0.808392890871271
"ENSG00000112200_P1","Enhancer","chr6_57071040_57071957","iPSvsNSC_P2","ZNF451","mRNA",-0.1099404595947,0.0151080250988348,1.82079230235415,-0.200178742547307
"ENSG00000112200_P1","Enhancer","chr6_57071040_57071957","iPSvsNSC_P1","ZNF451","mRNA",-0.028133214559053,0.113754468751344,0.944031533431916,-0.0265586416805519
"ENSG00000112200_P1","Enhancer","chr6_57071040_57071957","NSC_P1vsNSC_P2","ZNF451","mRNA",-0.130523239445854,0.0344084063060544,1.46333544212812,-0.190999282302493
"ENSG00000112200_P1","Enhancer","chr6_57071040_57071957","NSC_P1vsNeuron","ZNF451","mRNA",-0.0238239473341613,0.283206046655898,0.547897478378962,-0.0130530806694202
"ENSG00000112200_P1","Enhancer","chr6_57053102_57053987","NSC_P0vsNSC_P1","ZNF451","mRNA",0.406012324486154,0.00867217919616416,2.06187175673959,0.83714534474619
"ENSG00000112200_P1","Enhancer","chr6_57053102_57053987","iPSvsNeuron","ZNF451","mRNA",-0.217053500297058,0.0232202255195567,1.63413356662055,-0.354694410587907
"ENSG00000112200_P1","Enhancer","chr6_57053102_57053987","NSC_P0vsNSC_P2","ZNF451","mRNA",0.280470797666415,0.220766099176066,0.656067616047619,0.184007807595979
"ENSG00000112200_P1","Enhancer","chr6_57053102_57053987","NSC_P2vsNeuron","ZNF451","mRNA",0.203599837837792,0.0566024275394517,1.24716494258592,0.253922580067473
"ENSG00000112200_P1","Enhancer","chr6_57053102_57053987","iPSvsNSC_P0","ZNF451","mRNA",-0.342119409169319,0.0395171712596854,1.40321415088295,-0.480066796238101
"ENSG00000112200_P1","Enhancer","chr6_57053102_57053987","NSC_P0vsNeuron","ZNF451","mRNA",0.465553602540798,0.0183479664860659,1.73641206181071,0.808392890871271
"ENSG00000112200_P1","Enhancer","chr6_57053102_57053987","iPSvsNSC_P2","ZNF451","mRNA",-0.1099404595947,0.0151080250988348,1.82079230235415,-0.200178742547307
"ENSG00000112200_P1","Enhancer","chr6_57053102_57053987","iPSvsNSC_P1","ZNF451","mRNA",-0.028133214559053,0.113754468751344,0.944031533431916,-0.0265586416805519
"ENSG00000112200_P1","Enhancer","chr6_57053102_57053987","NSC_P1vsNSC_P2","ZNF451","mRNA",-0.130523239445854,0.0344084063060544,1.46333544212812,-0.190999282302493
"ENSG00000112200_P1","Enhancer","chr6_57053102_57053987","NSC_P1vsNeuron","ZNF451","mRNA",-0.0238239473341613,0.283206046655898,0.547897478378962,-0.0130530806694202
"ENSG00000112200_P1","Enhancer","chr6_57069727_57070671","NSC_P0vsNSC_P1","ZNF451","mRNA",0.406012324486154,0.00867217919616416,2.06187175673959,0.83714534474619
"ENSG00000112200_P1","Enhancer","chr6_57069727_57070671","iPSvsNeuron","ZNF451","mRNA",-0.217053500297058,0.0232202255195567,1.63413356662055,-0.354694410587907
"ENSG00000112200_P1","Enhancer","chr6_57069727_57070671","NSC_P0vsNSC_P2","ZNF451","mRNA",0.280470797666415,0.220766099176066,0.656067616047619,0.184007807595979
"ENSG00000112200_P1","Enhancer","chr6_57069727_57070671","NSC_P2vsNeuron","ZNF451","mRNA",0.203599837837792,0.0566024275394517,1.24716494258592,0.253922580067473
"ENSG00000112200_P1","Enhancer","chr6_57069727_57070671","iPSvsNSC_P0","ZNF451","mRNA",-0.342119409169319,0.0395171712596854,1.40321415088295,-0.480066796238101
"ENSG00000112200_P1","Enhancer","chr6_57069727_57070671","NSC_P0vsNeuron","ZNF451","mRNA",0.465553602540798,0.0183479664860659,1.73641206181071,0.808392890871271
"ENSG00000112200_P1","Enhancer","chr6_57069727_57070671","iPSvsNSC_P2","ZNF451","mRNA",-0.1099404595947,0.0151080250988348,1.82079230235415,-0.200178742547307
"ENSG00000112200_P1","Enhancer","chr6_57069727_57070671","iPSvsNSC_P1","ZNF451","mRNA",-0.028133214559053,0.113754468751344,0.944031533431916,-0.0265586416805519
"ENSG00000112200_P1","Enhancer","chr6_57069727_57070671","NSC_P1vsNSC_P2","ZNF451","mRNA",-0.130523239445854,0.0344084063060544,1.46333544212812,-0.190999282302493
"ENSG00000112200_P1","Enhancer","chr6_57069727_57070671","NSC_P1vsNeuron","ZNF451","mRNA",-0.0238239473341613,0.283206046655898,0.547897478378962,-0.0130530806694202
"ENSG00000112200_P2","Enhancer","chr6_57073980_57074861","iPSvsNSC_P2","ZNF451","mRNA",0.0257120616481833,0.756770230980169,0.121035960083173,0.00311208406730561
"ENSG00000112200_P2","Enhancer","chr6_57073980_57074861","iPSvsNeuron","ZNF451","mRNA",-0.00979607625333023,0.0531058549559942,1.27485759502204,-0.0124886022129731
"ENSG00000112200_P2","Enhancer","chr6_57073980_57074861","NSC_P0vsNSC_P2","ZNF451","mRNA",0.109493838013917,0.614118574251639,0.211747767016137,0.0231850757014735
"ENSG00000112200_P2","Enhancer","chr6_57073980_57074861","iPSvsNSC_P1","ZNF451","mRNA",-0.0424403558821416,0.429428020956434,0.367109620473332,-0.0155802629406462
"ENSG00000112200_P2","Enhancer","chr6_57073980_57074861","NSC_P0vsNeuron","ZNF451","mRNA",0.0746129620524119,0.0636074377826273,1.1964920982024,0.0892738195191865
"ENSG00000112200_P2","Enhancer","chr6_57073980_57074861","NSC_P0vsNSC_P1","ZNF451","mRNA",0.0410720934610084,0.781795568378598,0.10690679570241,0.00439088590470633
"ENSG00000112200_P2","Enhancer","chr6_57073980_57074861","NSC_P2vsNeuron","ZNF451","mRNA",-0.0344440749583344,0.375640647279951,0.425227419775837,-0.0146465651210981
"ENSG00000112200_P2","Enhancer","chr6_57073980_57074861","NSC_P1vsNSC_P2","ZNF451","mRNA",0.0699434498418037,0.236540858221003,0.626093831808577,0.0437911625213659
"ENSG00000112200_P2","Enhancer","chr6_57073980_57074861","iPSvsNSC_P0","ZNF451","mRNA",-0.0837826214173596,0.199079874757503,0.700972641145527,-0.0587293254170223
"ENSG00000112200_P2","Enhancer","chr6_57073980_57074861","NSC_P1vsNeuron","ZNF451","mRNA",0.0347396276960378,0.934062980542416,0.0296238398513945,0.00102912116736449
"ENSG00000112200_P2","Enhancer","chr6_57069727_57070671","iPSvsNSC_P2","ZNF451","mRNA",0.0257120616481833,0.756770230980169,0.121035960083173,0.00311208406730561
"ENSG00000112200_P2","Enhancer","chr6_57069727_57070671","iPSvsNeuron","ZNF451","mRNA",-0.00979607625333023,0.0531058549559942,1.27485759502204,-0.0124886022129731
"ENSG00000112200_P2","Enhancer","chr6_57069727_57070671","NSC_P0vsNSC_P2","ZNF451","mRNA",0.109493838013917,0.614118574251639,0.211747767016137,0.0231850757014735
"ENSG00000112200_P2","Enhancer","chr6_57069727_57070671","iPSvsNSC_P1","ZNF451","mRNA",-0.0424403558821416,0.429428020956434,0.367109620473332,-0.0155802629406462
"ENSG00000112200_P2","Enhancer","chr6_57069727_57070671","NSC_P0vsNeuron","ZNF451","mRNA",0.0746129620524119,0.0636074377826273,1.1964920982024,0.0892738195191865
"ENSG00000112200_P2","Enhancer","chr6_57069727_57070671","NSC_P0vsNSC_P1","ZNF451","mRNA",0.0410720934610084,0.781795568378598,0.10690679570241,0.00439088590470633
"ENSG00000112200_P2","Enhancer","chr6_57069727_57070671","NSC_P2vsNeuron","ZNF451","mRNA",-0.0344440749583344,0.375640647279951,0.425227419775837,-0.0146465651210981
"ENSG00000112200_P2","Enhancer","chr6_57069727_57070671","NSC_P1vsNSC_P2","ZNF451","mRNA",0.0699434498418037,0.236540858221003,0.626093831808577,0.0437911625213659
"ENSG00000112200_P2","Enhancer","chr6_57069727_57070671","iPSvsNSC_P0","ZNF451","mRNA",-0.0837826214173596,0.199079874757503,0.700972641145527,-0.0587293254170223
"ENSG00000112200_P2","Enhancer","chr6_57069727_57070671","NSC_P1vsNeuron","ZNF451","mRNA",0.0347396276960378,0.934062980542416,0.0296238398513945,0.00102912116736449
"ENSG00000112200_P2","Enhancer","chr6_57056078_57056973","iPSvsNSC_P2","ZNF451","mRNA",0.0257120616481833,0.756770230980169,0.121035960083173,0.00311208406730561
"ENSG00000112200_P2","Enhancer","chr6_57056078_57056973","iPSvsNeuron","ZNF451","mRNA",-0.00979607625333023,0.0531058549559942,1.27485759502204,-0.0124886022129731
"ENSG00000112200_P2","Enhancer","chr6_57056078_57056973","NSC_P0vsNSC_P2","ZNF451","mRNA",0.109493838013917,0.614118574251639,0.211747767016137,0.0231850757014735
"ENSG00000112200_P2","Enhancer","chr6_57056078_57056973","iPSvsNSC_P1","ZNF451","mRNA",-0.0424403558821416,0.429428020956434,0.367109620473332,-0.0155802629406462
"ENSG00000112200_P2","Enhancer","chr6_57056078_57056973","NSC_P0vsNeuron","ZNF451","mRNA",0.0746129620524119,0.0636074377826273,1.1964920982024,0.0892738195191865
"ENSG00000112200_P2","Enhancer","chr6_57056078_57056973","NSC_P0vsNSC_P1","ZNF451","mRNA",0.0410720934610084,0.781795568378598,0.10690679570241,0.00439088590470633
"ENSG00000112200_P2","Enhancer","chr6_57056078_57056973","NSC_P2vsNeuron","ZNF451","mRNA",-0.0344440749583344,0.375640647279951,0.425227419775837,-0.0146465651210981
"ENSG00000112200_P2","Enhancer","chr6_57056078_57056973","NSC_P1vsNSC_P2","ZNF451","mRNA",0.0699434498418037,0.236540858221003,0.626093831808577,0.0437911625213659
"ENSG00000112200_P2","Enhancer","chr6_57056078_57056973","iPSvsNSC_P0","ZNF451","mRNA",-0.0837826214173596,0.199079874757503,0.700972641145527,-0.0587293254170223
"ENSG00000112200_P2","Enhancer","chr6_57056078_57056973","NSC_P1vsNeuron","ZNF451","mRNA",0.0347396276960378,0.934062980542416,0.0296238398513945,0.00102912116736449
"ENSG00000112200_P2","Enhancer","chr6_57048743_57049616","iPSvsNSC_P2","ZNF451","mRNA",0.0257120616481833,0.756770230980169,0.121035960083173,0.00311208406730561
"ENSG00000112200_P2","Enhancer","chr6_57048743_57049616","iPSvsNeuron","ZNF451","mRNA",-0.00979607625333023,0.0531058549559942,1.27485759502204,-0.0124886022129731
"ENSG00000112200_P2","Enhancer","chr6_57048743_57049616","NSC_P0vsNSC_P2","ZNF451","mRNA",0.109493838013917,0.614118574251639,0.211747767016137,0.0231850757014735
"ENSG00000112200_P2","Enhancer","chr6_57048743_57049616","iPSvsNSC_P1","ZNF451","mRNA",-0.0424403558821416,0.429428020956434,0.367109620473332,-0.0155802629406462
"ENSG00000112200_P2","Enhancer","chr6_57048743_57049616","NSC_P0vsNeuron","ZNF451","mRNA",0.0746129620524119,0.0636074377826273,1.1964920982024,0.0892738195191865
"ENSG00000112200_P2","Enhancer","chr6_57048743_57049616","NSC_P0vsNSC_P1","ZNF451","mRNA",0.0410720934610084,0.781795568378598,0.10690679570241,0.00439088590470633
"ENSG00000112200_P2","Enhancer","chr6_57048743_57049616","NSC_P2vsNeuron","ZNF451","mRNA",-0.0344440749583344,0.375640647279951,0.425227419775837,-0.0146465651210981
"ENSG00000112200_P2","Enhancer","chr6_57048743_57049616","NSC_P1vsNSC_P2","ZNF451","mRNA",0.0699434498418037,0.236540858221003,0.626093831808577,0.0437911625213659
"ENSG00000112200_P2","Enhancer","chr6_57048743_57049616","iPSvsNSC_P0","ZNF451","mRNA",-0.0837826214173596,0.199079874757503,0.700972641145527,-0.0587293254170223
"ENSG00000112200_P2","Enhancer","chr6_57048743_57049616","NSC_P1vsNeuron","ZNF451","mRNA",0.0347396276960378,0.934062980542416,0.0296238398513945,0.00102912116736449
"ENSG00000112200_P2","Enhancer","chr6_57053102_57053987","iPSvsNSC_P2","ZNF451","mRNA",0.0257120616481833,0.756770230980169,0.121035960083173,0.00311208406730561
"ENSG00000112200_P2","Enhancer","chr6_57053102_57053987","iPSvsNeuron","ZNF451","mRNA",-0.00979607625333023,0.0531058549559942,1.27485759502204,-0.0124886022129731
"ENSG00000112200_P2","Enhancer","chr6_57053102_57053987","NSC_P0vsNSC_P2","ZNF451","mRNA",0.109493838013917,0.614118574251639,0.211747767016137,0.0231850757014735
"ENSG00000112200_P2","Enhancer","chr6_57053102_57053987","iPSvsNSC_P1","ZNF451","mRNA",-0.0424403558821416,0.429428020956434,0.367109620473332,-0.0155802629406462
"ENSG00000112200_P2","Enhancer","chr6_57053102_57053987","NSC_P0vsNeuron","ZNF451","mRNA",0.0746129620524119,0.0636074377826273,1.1964920982024,0.0892738195191865
"ENSG00000112200_P2","Enhancer","chr6_57053102_57053987","NSC_P0vsNSC_P1","ZNF451","mRNA",0.0410720934610084,0.781795568378598,0.10690679570241,0.00439088590470633
"ENSG00000112200_P2","Enhancer","chr6_57053102_57053987","NSC_P2vsNeuron","ZNF451","mRNA",-0.0344440749583344,0.375640647279951,0.425227419775837,-0.0146465651210981
"ENSG00000112200_P2","Enhancer","chr6_57053102_57053987","NSC_P1vsNSC_P2","ZNF451","mRNA",0.0699434498418037,0.236540858221003,0.626093831808577,0.0437911625213659
"ENSG00000112200_P2","Enhancer","chr6_57053102_57053987","iPSvsNSC_P0","ZNF451","mRNA",-0.0837826214173596,0.199079874757503,0.700972641145527,-0.0587293254170223
"ENSG00000112200_P2","Enhancer","chr6_57053102_57053987","NSC_P1vsNeuron","ZNF451","mRNA",0.0347396276960378,0.934062980542416,0.0296238398513945,0.00102912116736449
"ENSG00000112200_P2","Enhancer","chr6_57071040_57071957","iPSvsNSC_P2","ZNF451","mRNA",0.0257120616481833,0.756770230980169,0.121035960083173,0.00311208406730561
"ENSG00000112200_P2","Enhancer","chr6_57071040_57071957","iPSvsNeuron","ZNF451","mRNA",-0.00979607625333023,0.0531058549559942,1.27485759502204,-0.0124886022129731
"ENSG00000112200_P2","Enhancer","chr6_57071040_57071957","NSC_P0vsNSC_P2","ZNF451","mRNA",0.109493838013917,0.614118574251639,0.211747767016137,0.0231850757014735
"ENSG00000112200_P2","Enhancer","chr6_57071040_57071957","iPSvsNSC_P1","ZNF451","mRNA",-0.0424403558821416,0.429428020956434,0.367109620473332,-0.0155802629406462
"ENSG00000112200_P2","Enhancer","chr6_57071040_57071957","NSC_P0vsNeuron","ZNF451","mRNA",0.0746129620524119,0.0636074377826273,1.1964920982024,0.0892738195191865
"ENSG00000112200_P2","Enhancer","chr6_57071040_57071957","NSC_P0vsNSC_P1","ZNF451","mRNA",0.0410720934610084,0.781795568378598,0.10690679570241,0.00439088590470633
"ENSG00000112200_P2","Enhancer","chr6_57071040_57071957","NSC_P2vsNeuron","ZNF451","mRNA",-0.0344440749583344,0.375640647279951,0.425227419775837,-0.0146465651210981
"ENSG00000112200_P2","Enhancer","chr6_57071040_57071957","NSC_P1vsNSC_P2","ZNF451","mRNA",0.0699434498418037,0.236540858221003,0.626093831808577,0.0437911625213659
"ENSG00000112200_P2","Enhancer","chr6_57071040_57071957","iPSvsNSC_P0","ZNF451","mRNA",-0.0837826214173596,0.199079874757503,0.700972641145527,-0.0587293254170223
"ENSG00000112200_P2","Enhancer","chr6_57071040_57071957","NSC_P1vsNeuron","ZNF451","mRNA",0.0347396276960378,0.934062980542416,0.0296238398513945,0.00102912116736449
"ENSG00000112200_P2","Enhancer","chr6_57087215_57087906","iPSvsNSC_P2","ZNF451","mRNA",0.0257120616481833,0.756770230980169,0.121035960083173,0.00311208406730561
"ENSG00000112200_P2","Enhancer","chr6_57087215_57087906","iPSvsNeuron","ZNF451","mRNA",-0.00979607625333023,0.0531058549559942,1.27485759502204,-0.0124886022129731
"ENSG00000112200_P2","Enhancer","chr6_57087215_57087906","NSC_P0vsNSC_P2","ZNF451","mRNA",0.109493838013917,0.614118574251639,0.211747767016137,0.0231850757014735
"ENSG00000112200_P2","Enhancer","chr6_57087215_57087906","iPSvsNSC_P1","ZNF451","mRNA",-0.0424403558821416,0.429428020956434,0.367109620473332,-0.0155802629406462
"ENSG00000112200_P2","Enhancer","chr6_57087215_57087906","NSC_P0vsNeuron","ZNF451","mRNA",0.0746129620524119,0.0636074377826273,1.1964920982024,0.0892738195191865
"ENSG00000112200_P2","Enhancer","chr6_57087215_57087906","NSC_P0vsNSC_P1","ZNF451","mRNA",0.0410720934610084,0.781795568378598,0.10690679570241,0.00439088590470633
"ENSG00000112200_P2","Enhancer","chr6_57087215_57087906","NSC_P2vsNeuron","ZNF451","mRNA",-0.0344440749583344,0.375640647279951,0.425227419775837,-0.0146465651210981
"ENSG00000112200_P2","Enhancer","chr6_57087215_57087906","NSC_P1vsNSC_P2","ZNF451","mRNA",0.0699434498418037,0.236540858221003,0.626093831808577,0.0437911625213659
"ENSG00000112200_P2","Enhancer","chr6_57087215_57087906","iPSvsNSC_P0","ZNF451","mRNA",-0.0837826214173596,0.199079874757503,0.700972641145527,-0.0587293254170223
"ENSG00000112200_P2","Enhancer","chr6_57087215_57087906","NSC_P1vsNeuron","ZNF451","mRNA",0.0347396276960378,0.934062980542416,0.0296238398513945,0.00102912116736449
"ENSG00000114861_P2","Enhancer","chr3_71129710_71130225",NA,NA,NA,NA,NA,NA,NA
"ENSG00000114861_P2","Enhancer","chr3_71130240_71131145",NA,NA,NA,NA,NA,NA,NA
"ENSG00000115816_P2","Enhancer","chr2_37226695_37227618",NA,NA,NA,NA,NA,NA,NA
"ENSG00000121741_P1","Enhancer","chr13_19921839_19922785","NSC_P1vsNeuron","ZMYM2","mRNA",0.856646655899095,0.00286349312768435,2.54310385484587,2.17854141285781
"ENSG00000121741_P1","Enhancer","chr13_19921839_19922785","iPSvsNSC_P1","ZMYM2","mRNA",0.43116357335655,0.0108351439450156,1.9651653146985,0.847307699321756
"ENSG00000121741_P1","Enhancer","chr13_19921839_19922785","NSC_P0vsNSC_P1","ZMYM2","mRNA",0.668176516656487,0.00314444312787478,2.5024562557529,1.67208250405421
"ENSG00000121741_P1","Enhancer","chr13_19921839_19922785","NSC_P0vsNSC_P2","ZMYM2","mRNA",0.916473892674937,0.00277514354284755,2.55671454830551,2.3431621345442
"ENSG00000121741_P1","Enhancer","chr13_19921839_19922785","iPSvsNSC_P0","ZMYM2","mRNA",-0.511637412139975,0.00849077784756108,2.0710525218374,-1.05962795267886
"ENSG00000121741_P1","Enhancer","chr13_19921839_19922785","NSC_P2vsNeuron","ZMYM2","mRNA",0.577079531878824,0.00696134608597094,2.15730677458698,1.24493758359767
"ENSG00000121741_P1","Enhancer","chr13_19921839_19922785","iPSvsNSC_P2","ZMYM2","mRNA",0.865849441557607,0.00355945505309501,2.44861648673205,2.1201332176257
"ENSG00000121741_P1","Enhancer","chr13_19921839_19922785","iPSvsNeuron","ZMYM2","mRNA",1.17241416538473,0.00290867540810065,2.53630474088292,2.97359960594359
"ENSG00000121741_P1","Enhancer","chr13_19921839_19922785","NSC_P1vsNSC_P2","ZMYM2","mRNA",0.443875087259164,0.0189890565234457,1.72149661276906,0.76412945920922
"ENSG00000121741_P1","Enhancer","chr13_19921839_19922785","NSC_P0vsNeuron","ZMYM2","mRNA",1.42026323628989,0.00277505566761015,2.55672830050764,3.63122721039293
"ENSG00000121741_P1","Enhancer","chr13_19939869_19940761","NSC_P1vsNeuron","ZMYM2","mRNA",0.856646655899095,0.00286349312768435,2.54310385484587,2.17854141285781
"ENSG00000121741_P1","Enhancer","chr13_19939869_19940761","iPSvsNSC_P1","ZMYM2","mRNA",0.43116357335655,0.0108351439450156,1.9651653146985,0.847307699321756
"ENSG00000121741_P1","Enhancer","chr13_19939869_19940761","NSC_P0vsNSC_P1","ZMYM2","mRNA",0.668176516656487,0.00314444312787478,2.5024562557529,1.67208250405421
"ENSG00000121741_P1","Enhancer","chr13_19939869_19940761","NSC_P0vsNSC_P2","ZMYM2","mRNA",0.916473892674937,0.00277514354284755,2.55671454830551,2.3431621345442
"ENSG00000121741_P1","Enhancer","chr13_19939869_19940761","iPSvsNSC_P0","ZMYM2","mRNA",-0.511637412139975,0.00849077784756108,2.0710525218374,-1.05962795267886
"ENSG00000121741_P1","Enhancer","chr13_19939869_19940761","NSC_P2vsNeuron","ZMYM2","mRNA",0.577079531878824,0.00696134608597094,2.15730677458698,1.24493758359767
"ENSG00000121741_P1","Enhancer","chr13_19939869_19940761","iPSvsNSC_P2","ZMYM2","mRNA",0.865849441557607,0.00355945505309501,2.44861648673205,2.1201332176257
"ENSG00000121741_P1","Enhancer","chr13_19939869_19940761","iPSvsNeuron","ZMYM2","mRNA",1.17241416538473,0.00290867540810065,2.53630474088292,2.97359960594359
"ENSG00000121741_P1","Enhancer","chr13_19939869_19940761","NSC_P1vsNSC_P2","ZMYM2","mRNA",0.443875087259164,0.0189890565234457,1.72149661276906,0.76412945920922
"ENSG00000121741_P1","Enhancer","chr13_19939869_19940761","NSC_P0vsNeuron","ZMYM2","mRNA",1.42026323628989,0.00277505566761015,2.55672830050764,3.63122721039293
"ENSG00000121741_P1","Enhancer","chr13_19926861_19927878","NSC_P1vsNeuron","ZMYM2","mRNA",0.856646655899095,0.00286349312768435,2.54310385484587,2.17854141285781
"ENSG00000121741_P1","Enhancer","chr13_19926861_19927878","iPSvsNSC_P1","ZMYM2","mRNA",0.43116357335655,0.0108351439450156,1.9651653146985,0.847307699321756
"ENSG00000121741_P1","Enhancer","chr13_19926861_19927878","NSC_P0vsNSC_P1","ZMYM2","mRNA",0.668176516656487,0.00314444312787478,2.5024562557529,1.67208250405421
"ENSG00000121741_P1","Enhancer","chr13_19926861_19927878","NSC_P0vsNSC_P2","ZMYM2","mRNA",0.916473892674937,0.00277514354284755,2.55671454830551,2.3431621345442
"ENSG00000121741_P1","Enhancer","chr13_19926861_19927878","iPSvsNSC_P0","ZMYM2","mRNA",-0.511637412139975,0.00849077784756108,2.0710525218374,-1.05962795267886
"ENSG00000121741_P1","Enhancer","chr13_19926861_19927878","NSC_P2vsNeuron","ZMYM2","mRNA",0.577079531878824,0.00696134608597094,2.15730677458698,1.24493758359767
"ENSG00000121741_P1","Enhancer","chr13_19926861_19927878","iPSvsNSC_P2","ZMYM2","mRNA",0.865849441557607,0.00355945505309501,2.44861648673205,2.1201332176257
"ENSG00000121741_P1","Enhancer","chr13_19926861_19927878","iPSvsNeuron","ZMYM2","mRNA",1.17241416538473,0.00290867540810065,2.53630474088292,2.97359960594359
"ENSG00000121741_P1","Enhancer","chr13_19926861_19927878","NSC_P1vsNSC_P2","ZMYM2","mRNA",0.443875087259164,0.0189890565234457,1.72149661276906,0.76412945920922
"ENSG00000121741_P1","Enhancer","chr13_19926861_19927878","NSC_P0vsNeuron","ZMYM2","mRNA",1.42026323628989,0.00277505566761015,2.55672830050764,3.63122721039293
"ENSG00000124422_P2","Enhancer","chr17_21012855_21013708","NSC_P0vsNeuron","USP22","mRNA",0.00497124961076934,0.367863666124751,0.434313105294114,0.00215907885564539
"ENSG00000124422_P2","Enhancer","chr17_21012855_21013708","iPSvsNSC_P0","USP22","mRNA",0.110422223133141,0.201608187380787,0.695491835013733,0.0767977545931641
"ENSG00000124422_P2","Enhancer","chr17_21012855_21013708","iPSvsNeuron","USP22","mRNA",-0.054254257676167,0.214601574568786,0.668367095864819,-0.0362617606413212
"ENSG00000124422_P2","Enhancer","chr17_21012855_21013708","NSC_P0vsNSC_P1","USP22","mRNA",-0.0821014694566703,0.0377141030653637,1.42349621642199,-0.116871131134256
"ENSG00000124422_P2","Enhancer","chr17_21012855_21013708","NSC_P1vsNSC_P2","USP22","mRNA",0.395586419699694,0.0572278306022635,1.24239271705375,0.49147368680027
"ENSG00000124422_P2","Enhancer","chr17_21012855_21013708","NSC_P1vsNeuron","USP22","mRNA",0.0795989410673783,0.0781712807510688,1.10695277254377,0.0881122685060829
"ENSG00000124422_P2","Enhancer","chr17_21012855_21013708","NSC_P0vsNSC_P2","USP22","mRNA",0.33970325246024,0.137226483920576,0.862562064207974,0.293015138660267
"ENSG00000124422_P2","Enhancer","chr17_21012855_21013708","iPSvsNSC_P2","USP22","mRNA",0.180475522092265,0.156608434321308,0.80518485223616,0.145316156588104
"ENSG00000124422_P2","Enhancer","chr17_21012855_21013708","iPSvsNSC_P1","USP22","mRNA",-0.0692108512799037,0.481532698875061,0.317374216413114,-0.021965739692244
"ENSG00000124422_P2","Enhancer","chr17_21012855_21013708","NSC_P2vsNeuron","USP22","mRNA",-0.39048839427087,0.0909741531562532,1.04108197840485,-0.406530430051653
"ENSG00000127511_P2","Enhancer","chr19_16861737_16862628","NSC_P1vsNSC_P2","SIN3B","mRNA",0.157253299618244,0.0768082339230749,1.11459222064979,0.175273304426005
"ENSG00000127511_P2","Enhancer","chr19_16861737_16862628","NSC_P2vsNeuron","SIN3B","mRNA",-0.541341469223764,0.0100577523478422,1.99749906222172,-1.0813290771162
"ENSG00000127511_P2","Enhancer","chr19_16861737_16862628","iPSvsNeuron","SIN3B","mRNA",0.085710932536324,0.0377144689972356,1.42349200257601,0.122008826998789
"ENSG00000127511_P2","Enhancer","chr19_16861737_16862628","NSC_P1vsNeuron","SIN3B","mRNA",-0.174155072148676,0.021258318965688,1.67247108095996,-0.291269321771156
"ENSG00000127511_P2","Enhancer","chr19_16861737_16862628","NSC_P0vsNSC_P1","SIN3B","mRNA",0.141639813944318,0.0115240787129476,1.93839378401866,0.274553734919225
"ENSG00000127511_P2","Enhancer","chr19_16861737_16862628","NSC_P0vsNeuron","SIN3B","mRNA",-0.274994841244553,0.00904577234260403,2.0435543464591,-0.561966903079137
"ENSG00000127511_P2","Enhancer","chr19_16861737_16862628","iPSvsNSC_P1","SIN3B","mRNA",0.354173265248272,0.014684942508076,1.83312774941181,0.649244840626397
"ENSG00000127511_P2","Enhancer","chr19_16861737_16862628","NSC_P0vsNSC_P2","SIN3B","mRNA",0.38639772221411,0.0748278568117028,1.12593669348043,0.435059373718126
"ENSG00000127511_P2","Enhancer","chr19_16861737_16862628","iPSvsNSC_P2","SIN3B","mRNA",0.368932134721397,0.104065637760468,0.982692649880133,0.362546897095305
"ENSG00000127511_P2","Enhancer","chr19_16861737_16862628","iPSvsNSC_P0","SIN3B","mRNA",0.141199698694286,0.233790260940564,0.631173584311338,0.0891215199285534
"ENSG00000127663_P2","Enhancer","chr19_5130764_5131587","iPSvsNeuron","KDM4B","mRNA",-1.15136060650405,0.00331981038685042,2.47888672060205,-2.8540925180872
"ENSG00000127663_P2","Enhancer","chr19_5130764_5131587","NSC_P2vsNeuron","KDM4B","mRNA",-0.295144552907209,0.0153093390736535,1.81504355801898,-0.535700219438622
"ENSG00000127663_P2","Enhancer","chr19_5130764_5131587","NSC_P1vsNSC_P2","KDM4B","mRNA",0.508820099098432,0.0215773673904735,1.66600154378356,0.84769507060609
"ENSG00000127663_P2","Enhancer","chr19_5130764_5131587","iPSvsNSC_P0","KDM4B","mRNA",-0.216646259897605,0.028131203060065,1.55081169438385,-0.335977553393728
"ENSG00000127663_P2","Enhancer","chr19_5130764_5131587","NSC_P0vsNSC_P1","KDM4B","mRNA",-0.376345728209787,0.0037543485898786,2.42546540576043,-0.912813544378556
"ENSG00000127663_P2","Enhancer","chr19_5130764_5131587","NSC_P0vsNSC_P2","KDM4B","mRNA",-0.265901803952008,0.0111544414948338,1.95255217004927,-0.519187144326508
"ENSG00000127663_P2","Enhancer","chr19_5130764_5131587","NSC_P0vsNeuron","KDM4B","mRNA",-0.697986917672756,0.00685422855758147,2.16404141790419,-1.51047259899913
"ENSG00000127663_P2","Enhancer","chr19_5130764_5131587","NSC_P1vsNeuron","KDM4B","mRNA",0.0114822718227857,0.00571328765284956,2.24311390951195,0.0257560436384877
"ENSG00000127663_P2","Enhancer","chr19_5130764_5131587","iPSvsNSC_P2","KDM4B","mRNA",-0.345646589529781,0.0219910142152665,1.65775474071941,-0.572997272406489
"ENSG00000127663_P2","Enhancer","chr19_5130764_5131587","iPSvsNSC_P1","KDM4B","mRNA",-0.525677488468341,0.0141102013996036,1.85046678737164,-0.972748733279605
"ENSG00000132780_P2","Enhancer","chr1_45601440_45602343","iPSvsNSC_P2","NASP","mRNA",0.476971425460114,0.00691129460382009,2.16044059421285,1.0304684298436
"ENSG00000132780_P2","Enhancer","chr1_45601440_45602343","NSC_P2vsNeuron","NASP","mRNA",-0.496449754659037,0.0498101625499214,1.3026820409936,-0.646716179650007
"ENSG00000132780_P2","Enhancer","chr1_45601440_45602343","iPSvsNeuron","NASP","mRNA",0.182457863748292,0.0156888234200215,1.80440962501422,0.329228725506952
"ENSG00000132780_P2","Enhancer","chr1_45601440_45602343","NSC_P0vsNSC_P1","NASP","mRNA",0.252078795274826,0.0522270959334552,1.28210412226064,0.323191262556351
"ENSG00000132780_P2","Enhancer","chr1_45601440_45602343","NSC_P1vsNeuron","NASP","mRNA",-0.341851941133426,0.0464135025915912,1.33335565634283,-0.45581021934203
"ENSG00000132780_P2","Enhancer","chr1_45601440_45602343","NSC_P0vsNeuron","NASP","mRNA",-0.0649988510301957,0.0934519899105751,1.0294114465807,-0.0669105612650768
"ENSG00000132780_P2","Enhancer","chr1_45601440_45602343","iPSvsNSC_P0","NASP","mRNA",0.429899306617707,0.00791005383359744,2.1018205608064,0.903571201725511
"ENSG00000132780_P2","Enhancer","chr1_45601440_45602343","NSC_P0vsNSC_P2","NASP","mRNA",0.471713673512671,0.0130427218527127,1.88463176732635,0.88900657418419
"ENSG00000132780_P2","Enhancer","chr1_45601440_45602343","iPSvsNSC_P1","NASP","mRNA",0.457578172537293,0.00511389307526212,2.29124835673774,1.04842523590513
"ENSG00000132780_P2","Enhancer","chr1_45601440_45602343","NSC_P1vsNSC_P2","NASP","mRNA",0.318663576407331,0.130990135597973,0.882761408288297,0.28130390747952
"ENSG00000132832_P1","Enhancer","chr20_44738462_44739461","NSC_P0vsNeuron","RP11-445H22.3","LncRNA",-0.328399851506603,0.0227871164868901,1.64231062756479,-0.539334566219992
"ENSG00000132832_P1","Enhancer","chr20_44738462_44739461","iPSvsNSC_P0","RP11-445H22.3","LncRNA",0.0775689851242013,0.0458892788905943,1.33828876680515,0.103809701444195
"ENSG00000132832_P1","Enhancer","chr20_44738462_44739461","NSC_P1vsNSC_P2","RP11-445H22.3","LncRNA",-0.322071025151643,0.0346134510328718,1.46075509848641,-0.470466892065007
"ENSG00000132832_P1","Enhancer","chr20_44738462_44739461","NSC_P0vsNSC_P2","RP11-445H22.3","LncRNA",-0.355949799010741,0.0231278867214824,1.63586404847142,-0.582285479262298
"ENSG00000132832_P1","Enhancer","chr20_44738462_44739461","NSC_P0vsNSC_P1","RP11-445H22.3","LncRNA",-0.0628555934430263,0.391268818603364,0.407524760962291,-0.0256152106930123
"ENSG00000132832_P1","Enhancer","chr20_44738462_44739461","iPSvsNeuron","RP11-445H22.3","LncRNA",-0.363844290704184,0.0262948037616853,1.58013006598136,-0.574921303077341
"ENSG00000132832_P1","Enhancer","chr20_44738462_44739461","iPSvsNSC_P1","RP11-445H22.3","LncRNA",0.031051914900137,0.121053817066626,0.917021511841111,0.0284752739472851
"ENSG00000132832_P1","Enhancer","chr20_44738462_44739461","NSC_P2vsNeuron","RP11-445H22.3","LncRNA",0.0541472326653813,0.864641540393428,0.0631639032804328,0.00342015056697924
"ENSG00000132832_P1","Enhancer","chr20_44738462_44739461","iPSvsNSC_P2","RP11-445H22.3","LncRNA",-0.371674532490694,0.0772094533279521,1.11232952250339,-0.413424555252043
"ENSG00000132832_P1","Enhancer","chr20_44738462_44739461","NSC_P1vsNeuron","RP11-445H22.3","LncRNA",-0.348574374899833,0.0165348676312562,1.78159927745092,-0.621019854459448
"ENSG00000132832_P2","Enhancer","chr20_44695422_44696652","NSC_P1vsNeuron","RP11-445H22.3","LncRNA",-0.132536971769236,0.815129595308139,0.0887733384344249,-0.0117657494499442
"ENSG00000132832_P2","Enhancer","chr20_44695422_44696652","NSC_P0vsNeuron","RP11-445H22.3","LncRNA",-0.0575238295019943,0.741598560785832,0.129831121694436,-0.0074683833084034
"ENSG00000132832_P2","Enhancer","chr20_44695422_44696652","iPSvsNeuron","RP11-445H22.3","LncRNA",0.378939709539108,0.0386069196899903,1.41333484781926,0.535568696714128
"ENSG00000132832_P2","Enhancer","chr20_44695422_44696652","NSC_P1vsNSC_P2","RP11-445H22.3","LncRNA",-0.301226794934577,0.0817358626348884,1.08758734950078,-0.327610451501512
"ENSG00000132832_P2","Enhancer","chr20_44695422_44696652","NSC_P0vsNSC_P2","RP11-445H22.3","LncRNA",-0.304812425009449,0.0909741531562532,1.04108197840485,-0.317334722471218
"ENSG00000132832_P2","Enhancer","chr20_44695422_44696652","NSC_P2vsNeuron","RP11-445H22.3","LncRNA",0.23477384797103,0.354044122081029,0.450942611470656,0.105869532109071
"ENSG00000132832_P2","Enhancer","chr20_44695422_44696652","iPSvsNSC_P2","RP11-445H22.3","LncRNA",0.132304284295768,0.0518010145802205,1.28566173403322,0.170098555567722
"ENSG00000132832_P2","Enhancer","chr20_44695422_44696652","iPSvsNSC_P1","RP11-445H22.3","LncRNA",0.35593288917045,0.0195674080671405,1.70846669793365,0.608099487847023
"ENSG00000132832_P2","Enhancer","chr20_44695422_44696652","NSC_P0vsNSC_P1","RP11-445H22.3","LncRNA",0.0950560507238857,0.214600698127737,0.668368869543737,0.0635325051656155
"ENSG00000132832_P2","Enhancer","chr20_44695422_44696652","iPSvsNSC_P0","RP11-445H22.3","LncRNA",0.382528799410946,0.0125881494138893,1.90003811090955,0.726819297401272
"ENSG00000135253_P1","Enhancer","chr7_128902886_128903719","iPSvsNeuron","KCP","LncRNA",-0.108788359735756,0.0430949612915361,1.36557350504124,-0.148558501712043
"ENSG00000135253_P1","Enhancer","chr7_128902886_128903719","NSC_P0vsNSC_P2","KCP","LncRNA",0.520992764224344,0.0119433668196509,1.92287322889495,1.00180303877497
"ENSG00000135253_P1","Enhancer","chr7_128902886_128903719","NSC_P0vsNeuron","KCP","LncRNA",-0.199456661287683,0.0160015604555048,1.79583766333347,-0.358191784543167
"ENSG00000135253_P1","Enhancer","chr7_128902886_128903719","NSC_P1vsNeuron","KCP","LncRNA",0.00779568066323335,0.0241080355296558,1.61783817715426,0.0126121497938822
"ENSG00000135253_P1","Enhancer","chr7_128902886_128903719","iPSvsNSC_P1","KCP","LncRNA",-0.165350347091283,0.457960716359124,0.339171773961564,-0.0560821705481109
"ENSG00000135253_P1","Enhancer","chr7_128902886_128903719","iPSvsNSC_P2","KCP","LncRNA",0.36750756999491,0.0947071773694308,1.02361710680643,0.376187035527651
"ENSG00000135253_P1","Enhancer","chr7_128902886_128903719","NSC_P2vsNeuron","KCP","LncRNA",-0.564396929491028,0.0213054107808726,1.67151008792932,-0.943395161240583
"ENSG00000135253_P1","Enhancer","chr7_128902886_128903719","NSC_P1vsNSC_P2","KCP","LncRNA",0.527992762513306,0.0143258475469885,1.8438796748341,0.973555123257793
"ENSG00000135253_P1","Enhancer","chr7_128902886_128903719","iPSvsNSC_P0","KCP","LncRNA",-0.0217134447431877,0.194917646535544,0.710148840994812,-0.0154197776183796
"ENSG00000135253_P1","Enhancer","chr7_128902886_128903719","NSC_P0vsNSC_P1","KCP","LncRNA",0.0584523337219077,0.0276194701036712,1.55878465788118,0.0911146010230605
"ENSG00000135253_P2","Enhancer","chr7_128879760_128880663","iPSvsNSC_P2","KCP","LncRNA",0.402370977760468,0.113595335831297,0.944639500177072,0.380095519317408
"ENSG00000135253_P2","Enhancer","chr7_128879760_128880663","iPSvsNSC_P0","KCP","LncRNA",-0.462424197531295,0.0247160700123574,1.60702058324475,-0.743125203623226
"ENSG00000135253_P2","Enhancer","chr7_128879760_128880663","iPSvsNSC_P1","KCP","LncRNA",-0.418577569680439,0.0247160700123574,1.60702058324475,-0.672662770161028
"ENSG00000135253_P2","Enhancer","chr7_128879760_128880663","NSC_P0vsNeuron","KCP","LncRNA",0.0231272310571183,0.158163509450083,0.800893707137125,0.0185224538171523
"ENSG00000135253_P2","Enhancer","chr7_128879760_128880663","NSC_P1vsNeuron","KCP","LncRNA",-0.236843989336926,0.0205934912108481,1.68627002127524,-0.399382918938092
"ENSG00000135253_P2","Enhancer","chr7_128879760_128880663","NSC_P2vsNeuron","KCP","LncRNA",-0.846464305989151,0.00610839760509366,2.21407270179274,-1.87413351293252
"ENSG00000135253_P2","Enhancer","chr7_128879760_128880663","NSC_P0vsNSC_P1","KCP","LncRNA",0.220605625401194,0.0074180050219315,2.12971287699333,0.469826641154091
"ENSG00000135253_P2","Enhancer","chr7_128879760_128880663","iPSvsNeuron","KCP","LncRNA",-0.529887341338278,0.0404457437002708,1.39312717453984,-0.738200454663023
"ENSG00000135253_P2","Enhancer","chr7_128879760_128880663","NSC_P0vsNSC_P2","KCP","LncRNA",0.733816569229135,0.00706243574496986,2.15104549042659,1.57847282204064
"ENSG00000135253_P2","Enhancer","chr7_128879760_128880663","NSC_P1vsNSC_P2","KCP","LncRNA",0.607073362897107,0.0137628903508778,1.86129035013986,1.12993979218734
"ENSG00000136504_P2","Enhancer","chr17_49829883_49830737","iPSvsNSC_P0","KAT7","mRNA",0.287338162458573,0.0636072261835006,1.19649354294675,0.343798256023866
"ENSG00000136504_P2","Enhancer","chr17_49829883_49830737","NSC_P1vsNeuron","KAT7","mRNA",-0.228964014565294,0.124544192012061,0.90467652052351,-0.207138368022024
"ENSG00000136504_P2","Enhancer","chr17_49829883_49830737","NSC_P2vsNeuron","KAT7","mRNA",-0.235678351982246,0.0276873961868583,1.55771788480519,-0.367120383944158
"ENSG00000136504_P2","Enhancer","chr17_49829883_49830737","NSC_P0vsNSC_P1","KAT7","mRNA",0.0883479887658173,0.0136463690323108,1.86498288847681,0.164767487279591
"ENSG00000136504_P2","Enhancer","chr17_49829883_49830737","NSC_P0vsNSC_P2","KAT7","mRNA",-0.0896840947819823,0.0764088023022115,1.11685660777147,-0.10016427386926
"ENSG00000136504_P2","Enhancer","chr17_49829883_49830737","iPSvsNSC_P2","KAT7","mRNA",0.371298758736135,0.0487016486959558,1.31245633637395,0.487313408591022
"ENSG00000136504_P2","Enhancer","chr17_49829883_49830737","iPSvsNeuron","KAT7","mRNA",0.0674294982688523,0.0528117240879991,1.27726965433157,0.0861256519456084
"ENSG00000136504_P2","Enhancer","chr17_49829883_49830737","NSC_P1vsNSC_P2","KAT7","mRNA",-0.181353810263976,0.0268499395069019,1.57105668843177,-0.284917116587807
"ENSG00000136504_P2","Enhancer","chr17_49829883_49830737","iPSvsNSC_P1","KAT7","mRNA",0.420388424453426,0.0109098539496717,1.96218106327749,0.824878205683572
"ENSG00000136504_P2","Enhancer","chr17_49829883_49830737","NSC_P0vsNeuron","KAT7","mRNA",-0.301310483078535,0.159581954902,0.797016219060209,-0.240149341986459
"ENSG00000141867_P2","Enhancer","chr19_15272760_15273654","NSC_P2vsNeuron","BRD4","mRNA",-0.263966057481889,0.340496754168749,0.46788702370221,-0.123506292993608
"ENSG00000141867_P2","Enhancer","chr19_15272760_15273654","NSC_P0vsNSC_P1","BRD4","mRNA",0.134606216641488,0.0216658741890182,1.66422378307515,0.22401486708453
"ENSG00000141867_P2","Enhancer","chr19_15272760_15273654","NSC_P0vsNeuron","BRD4","mRNA",0.142926045479452,0.403304641579791,0.394366779725854,0.0563652842946825
"ENSG00000141867_P2","Enhancer","chr19_15272760_15273654","iPSvsNSC_P1","BRD4","mRNA",0.340564007023366,0.0599308527788396,1.22234954251861,0.416288258183317
"ENSG00000141867_P2","Enhancer","chr19_15272760_15273654","NSC_P1vsNSC_P2","BRD4","mRNA",0.36834126603828,0.036938676991732,1.43251866345668,0.527655738121099
"ENSG00000141867_P2","Enhancer","chr19_15272760_15273654","NSC_P0vsNSC_P2","BRD4","mRNA",0.391851114341769,0.0594622915052984,1.22575835835122,0.480314778633665
"ENSG00000141867_P2","Enhancer","chr19_15272760_15273654","iPSvsNSC_P0","BRD4","mRNA",0.062984630722677,0.0364086541424965,1.43879537460328,0.090621995354883
"ENSG00000141867_P2","Enhancer","chr19_15272760_15273654","iPSvsNeuron","BRD4","mRNA",0.337222912311349,0.183603749662761,0.736118453629235,0.248236008738977
"ENSG00000141867_P2","Enhancer","chr19_15272760_15273654","iPSvsNSC_P2","BRD4","mRNA",0.444795105636626,0.0250842545618962,1.60059880053479,0.711938512565728
"ENSG00000141867_P2","Enhancer","chr19_15272760_15273654","NSC_P1vsNeuron","BRD4","mRNA",0.115518052588825,0.107852922528491,0.967168082172005,0.111725373378579
"ENSG00000144596_P2","Enhancer","chr3_14555535_14556464","NSC_P2vsNeuron","GRIP2","LncRNA",-0.38220631850958,0.201491117476393,0.695744094515509,-0.265917788989554
"ENSG00000144596_P2","Enhancer","chr3_14555535_14556464","NSC_P1vsNeuron","GRIP2","LncRNA",-0.25941044646317,0.0158966844325555,1.79869344692472,-0.466599870117121
"ENSG00000144596_P2","Enhancer","chr3_14555535_14556464","NSC_P0vsNeuron","GRIP2","LncRNA",-0.50678532830896,0.0254949527509331,1.59354578856131,-0.807585625631402
"ENSG00000144596_P2","Enhancer","chr3_14555535_14556464","iPSvsNSC_P0","GRIP2","LncRNA",-0.080169003485202,0.0656898135299774,1.1825019709381,-0.0948000046293948
"ENSG00000144596_P2","Enhancer","chr3_14555535_14556464","iPSvsNSC_P2","GRIP2","LncRNA",-0.137568609538334,0.0740474831980038,1.13048969813932,-0.155519895870437
"ENSG00000144596_P2","Enhancer","chr3_14555535_14556464","NSC_P1vsNSC_P2","GRIP2","LncRNA",-0.00415317611548633,0.216273315555607,0.664997061799281,-0.00276184991393337
"ENSG00000144596_P2","Enhancer","chr3_14555535_14556464","NSC_P0vsNSC_P2","GRIP2","LncRNA",0.144964581017563,0.0529682114031598,1.27598469179638,0.184972586231087
"ENSG00000144596_P2","Enhancer","chr3_14555535_14556464","NSC_P0vsNSC_P1","GRIP2","LncRNA",0.0656261301904237,0.0451121131193294,1.34570682941813,0.0883135315855365
"ENSG00000144596_P2","Enhancer","chr3_14555535_14556464","iPSvsNeuron","GRIP2","LncRNA",-0.751196691654737,0.00943347740517836,2.02532818642546,-1.5214198331579
"ENSG00000144596_P2","Enhancer","chr3_14555535_14556464","iPSvsNSC_P1","GRIP2","LncRNA",0.047920028012961,0.0264572990732262,1.57745449338606,0.0755916635122311
"ENSG00000147162_P2","Enhancer","chrX_71545157_71546038","NSC_P0vsNSC_P2","OGT","mRNA",-0.02085859764612,0.010412149797669,1.98245959240365,-0.0413513269876388
"ENSG00000147162_P2","Enhancer","chrX_71545157_71546038","NSC_P1vsNeuron","OGT","mRNA",-0.352843202815217,0.0423582942771279,1.3730615367833,-0.484475430301004
"ENSG00000147162_P2","Enhancer","chrX_71545157_71546038","iPSvsNSC_P2","OGT","mRNA",0.24490108009874,0.00721654716526183,2.14167054560955,0.524497429835437
"ENSG00000147162_P2","Enhancer","chrX_71545157_71546038","NSC_P1vsNSC_P2","OGT","mRNA",-0.0580062964850087,0.00696133995582568,2.15730715702586,-0.125137398559673
"ENSG00000147162_P2","Enhancer","chrX_71545157_71546038","NSC_P2vsNeuron","OGT","mRNA",-0.292675204744521,0.006911290249565,2.16044086782722,-0.632307473329763
"ENSG00000147162_P2","Enhancer","chrX_71545157_71546038","iPSvsNeuron","OGT","mRNA",-0.0528818882287567,0.00768793174706124,2.11419048095947,-0.1118023847084
"ENSG00000147162_P2","Enhancer","chrX_71545157_71546038","NSC_P0vsNSC_P1","OGT","mRNA",0.0464835728794157,0.00342387791814668,2.46548172893077,0.114604399629621
"ENSG00000147162_P2","Enhancer","chrX_71545157_71546038","NSC_P0vsNeuron","OGT","mRNA",-0.484011376252586,0.0056298874744268,2.2495002853838,-1.0887837290092
"ENSG00000147162_P2","Enhancer","chrX_71545157_71546038","iPSvsNSC_P1","OGT","mRNA",0.17517738551984,0.00375440043468395,2.42545940851301,0.424885637867806
"ENSG00000147162_P2","Enhancer","chrX_71545157_71546038","iPSvsNSC_P0","OGT","mRNA",0.28805581695814,0.0629252699636113,1.20117491255425,0.346005420745436
"ENSG00000147854_P2","Enhancer","chr9_6492707_6493535","iPSvsNSC_P0","UHRF2","mRNA",0.44636601027296,0.00861139700609577,2.06492638828813,0.921712953447526
"ENSG00000147854_P2","Enhancer","chr9_6492707_6493535","iPSvsNSC_P1","UHRF2","mRNA",0.487557008532651,0.00433729074961788,2.36278146401165,1.15199066240992
"ENSG00000147854_P2","Enhancer","chr9_6492707_6493535","NSC_P0vsNSC_P2","UHRF2","mRNA",0.239031940256727,0.283166776538914,0.54795770300288,0.130979392927398
"ENSG00000147854_P2","Enhancer","chr9_6492707_6493535","NSC_P1vsNeuron","UHRF2","mRNA",0.0855466112711233,0.10422530042513,0.982026844363928,0.084009068712609
"ENSG00000147854_P2","Enhancer","chr9_6492707_6493535","NSC_P0vsNSC_P1","UHRF2","mRNA",-0.003420190109701,0.202455465069822,0.693670495419982,-0.00237248496782682
"ENSG00000147854_P2","Enhancer","chr9_6492707_6493535","iPSvsNeuron","UHRF2","mRNA",0.519858557166404,0.0113678380812998,1.94432212094431,1.01077249246083
"ENSG00000147854_P2","Enhancer","chr9_6492707_6493535","iPSvsNSC_P2","UHRF2","mRNA",0.533104946501642,0.00559330928182548,2.25233116571082,1.20072888560025
"ENSG00000147854_P2","Enhancer","chr9_6492707_6493535","NSC_P0vsNeuron","UHRF2","mRNA",0.0772459705809837,0.763444910012012,0.117222296054831,0.00905495003248686
"ENSG00000147854_P2","Enhancer","chr9_6492707_6493535","NSC_P2vsNeuron","UHRF2","mRNA",0.00358887510420101,0.159437146204603,0.797410487756423,0.00286180664733781
"ENSG00000147854_P2","Enhancer","chr9_6492707_6493535","NSC_P1vsNSC_P2","UHRF2","mRNA",0.170872752352475,0.0702446472988271,1.15338676376666,0.197082370851723
"ENSG00000148200_P2","Enhancer","chr9_124595555_124596312","NSC_P0vsNSC_P1","NR6A1","mRNA",-0.0504986042014303,0.00855079845594962,2.06799332985401,-0.104430776655495
"ENSG00000148200_P2","Enhancer","chr9_124595555_124596312","NSC_P1vsNSC_P2","NR6A1","mRNA",0.198229944045478,0.0384865926380726,1.41469053691754,0.280434025974832
"ENSG00000148200_P2","Enhancer","chr9_124595555_124596312","iPSvsNSC_P1","NR6A1","mRNA",0.0423996115891797,0.0364086541424965,1.43879537460328,0.0610043650394871
"ENSG00000148200_P2","Enhancer","chr9_124595555_124596312","NSC_P2vsNeuron","NR6A1","mRNA",-0.158439300649539,0.0207704138947305,1.68255484913623,-0.266582813601634
"ENSG00000148200_P2","Enhancer","chr9_124595555_124596312","NSC_P1vsNeuron","NR6A1","mRNA",-0.235488331019221,0.208464845929796,0.68096717093441,-0.160359822562225
"ENSG00000148200_P2","Enhancer","chr9_124595555_124596312","NSC_P0vsNeuron","NR6A1","mRNA",-0.365883018336928,0.0715196778943821,1.14557445015464,-0.419146237552246
"ENSG00000148200_P2","Enhancer","chr9_124595555_124596312","iPSvsNSC_P0","NR6A1","mRNA",0.109951461562868,0.0884103701865156,1.05349679097521,0.115833511919515
"ENSG00000148200_P2","Enhancer","chr9_124595555_124596312","iPSvsNSC_P2","NR6A1","mRNA",0.474984879280831,0.011078159615606,1.95553238177125,0.928848312285376
"ENSG00000148200_P2","Enhancer","chr9_124595555_124596312","NSC_P0vsNSC_P2","NR6A1","mRNA",0.16508798228312,0.0340014483082053,1.46850258357935,0.242432128500664
"ENSG00000148200_P2","Enhancer","chr9_124595555_124596312","iPSvsNeuron","NR6A1","mRNA",-0.193372213482683,0.0649895714226891,1.18715632700238,-0.229563046702423
"ENSG00000148204_P2","Enhancer","chr9_123368526_123369265","iPSvsNeuron","CRB2","mRNA",0.142340062661378,0.0149800186879408,1.82448764484319,0.259697685691889
"ENSG00000148204_P2","Enhancer","chr9_123368526_123369265","iPSvsNSC_P1","CRB2","mRNA",-0.160639160822147,0.0130199668314786,1.88539012213681,-0.302867487042422
"ENSG00000148204_P2","Enhancer","chr9_123368526_123369265","NSC_P1vsNeuron","CRB2","mRNA",0.0886841345581197,0.0765625189246014,1.11598378660714,0.0989700562961477
"ENSG00000148204_P2","Enhancer","chr9_123368526_123369265","NSC_P0vsNSC_P1","CRB2","mRNA",0.167785302468162,0.00496389962601141,2.3041770088635,0.386607036372346
"ENSG00000148204_P2","Enhancer","chr9_123368526_123369265","NSC_P0vsNSC_P2","CRB2","mRNA",-0.636759853125956,0.0183860546462997,1.73551145342462,-1.10510401818108
"ENSG00000148204_P2","Enhancer","chr9_123368526_123369265","NSC_P1vsNSC_P2","CRB2","mRNA",-0.625134519940312,0.00899476140119771,2.04601035244267,-1.27903169946716
"ENSG00000148204_P2","Enhancer","chr9_123368526_123369265","NSC_P0vsNeuron","CRB2","mRNA",0.497664501219279,0.015079556062784,1.82161144376606,0.906551350577165
"ENSG00000148204_P2","Enhancer","chr9_123368526_123369265","NSC_P2vsNeuron","CRB2","mRNA",0.602470570851655,0.00893179197099246,2.04906140056949,1.2344991917112
"ENSG00000148204_P2","Enhancer","chr9_123368526_123369265","iPSvsNSC_P2","CRB2","mRNA",-0.810083780656957,0.00899477419790208,2.04600973457924,-1.65743930104889
"ENSG00000148204_P2","Enhancer","chr9_123368526_123369265","iPSvsNSC_P0","CRB2","mRNA",-0.190630789188602,0.0283035078586731,1.54815973588011,-0.295126912240843
"ENSG00000148737_P2","Enhancer","chr10_113128518_113129615","NSC_P0vsNSC_P2","TCF7L2","mRNA",0.120935561657045,0.433794208089552,0.362716250873093,0.0438652935214752
"ENSG00000148737_P2","Enhancer","chr10_113128518_113129615","iPSvsNSC_P0","TCF7L2","mRNA",0.132239314562337,0.0789857965864968,1.10245099755373,0.14578736425507
"ENSG00000148737_P2","Enhancer","chr10_113128518_113129615","NSC_P1vsNSC_P2","TCF7L2","mRNA",0.0630377007140173,0.176456909281211,0.753361331897627,0.047490166169676
"ENSG00000148737_P2","Enhancer","chr10_113128518_113129615","NSC_P0vsNeuron","TCF7L2","mRNA",-0.152391535344183,0.0297151044126911,1.52702273938269,-0.232705339760008
"ENSG00000148737_P2","Enhancer","chr10_113128518_113129615","iPSvsNSC_P1","TCF7L2","mRNA",0.134902562703302,0.0227870078795402,1.64231269749256,0.221552191651919
"ENSG00000148737_P2","Enhancer","chr10_113128518_113129615","NSC_P2vsNeuron","TCF7L2","mRNA",-0.162600888631009,0.142378425148721,0.846555815114447,-0.137650727813357
"ENSG00000148737_P2","Enhancer","chr10_113128518_113129615","iPSvsNeuron","TCF7L2","mRNA",0.098888498834264,0.118204313921447,0.927366673386303,0.0917058982000966
"ENSG00000148737_P2","Enhancer","chr10_113128518_113129615","iPSvsNSC_P2","TCF7L2","mRNA",0.310748561188231,0.118611333629818,0.925873810990973,0.287713954607309
"ENSG00000148737_P2","Enhancer","chr10_113128518_113129615","NSC_P0vsNSC_P1","TCF7L2","mRNA",-0.054437667936687,0.11596199629095,0.935684316853766,-0.0509364721344512
"ENSG00000148737_P2","Enhancer","chr10_113128518_113129615","NSC_P1vsNeuron","TCF7L2","mRNA",-0.0914301455496527,0.0570556840859886,1.24370108316142,-0.11371177105371
"ENSG00000149474_P2","Enhancer","chr20_18144140_18145257",NA,NA,NA,NA,NA,NA,NA
"ENSG00000153048_P2","Enhancer","chr16_8861441_8862276","iPSvsNSC_P0","CARHSP1","mRNA",-0.12604649868261,0.0383820602640594,1.41587171700812,-0.178465672512609
"ENSG00000153048_P2","Enhancer","chr16_8861441_8862276","iPSvsNeuron","CARHSP1","mRNA",0.0794782446211637,0.0137381956156275,1.86207030407672,0.147994079129214
"ENSG00000153048_P2","Enhancer","chr16_8861441_8862276","NSC_P1vsNeuron","CARHSP1","mRNA",0.174115331363055,0.00904574601951598,2.04355561025263,0.355814362237965
"ENSG00000153048_P2","Enhancer","chr16_8861441_8862276","iPSvsNSC_P2","CARHSP1","mRNA",-0.474213615531038,0.00440575164054266,2.3559799883886,-1.11723778841253
"ENSG00000153048_P2","Enhancer","chr16_8861441_8862276","NSC_P2vsNeuron","CARHSP1","mRNA",-0.275143650205099,0.0276873961868583,1.55771788480519,-0.428596184815067
"ENSG00000153048_P2","Enhancer","chr16_8861441_8862276","NSC_P0vsNeuron","CARHSP1","mRNA",0.0753794828905097,0.0183479664860659,1.73641206181071,0.130889843304135
"ENSG00000153048_P2","Enhancer","chr16_8861441_8862276","iPSvsNSC_P1","CARHSP1","mRNA",-0.131549385165278,0.14058215713558,0.852069797021019,-0.112089257916018
"ENSG00000153048_P2","Enhancer","chr16_8861441_8862276","NSC_P0vsNSC_P1","CARHSP1","mRNA",-0.115294246687901,0.109969624000603,0.958727259848402,-0.110535737203377
"ENSG00000153048_P2","Enhancer","chr16_8861441_8862276","NSC_P0vsNSC_P2","CARHSP1","mRNA",-0.277775826279609,0.0218523698321125,1.66050145804367,-0.461247164546575
"ENSG00000153048_P2","Enhancer","chr16_8861441_8862276","NSC_P1vsNSC_P2","CARHSP1","mRNA",0.0558222731486173,0.00742670505909132,2.12920382312258,0.118856997403429
"ENSG00000157557_P2","Enhancer","chr21_38812859_38814832",NA,NA,NA,NA,NA,NA,NA
"ENSG00000160352_P2","Enhancer","chr19_21116858_21118257",NA,NA,NA,NA,NA,NA,NA
"ENSG00000162601_P2","Enhancer","chr1_58681722_58682597",NA,NA,NA,NA,NA,NA,NA
"ENSG00000162772_P2","Enhancer","chr1_212564818_212565695","iPSvsNSC_P2","ATF3","mRNA",0.400608393497217,0.0276874082595856,1.5577176954368,0.624034783491124
"ENSG00000162772_P2","Enhancer","chr1_212564818_212565695","NSC_P0vsNSC_P1","ATF3","mRNA",0.061989691279473,0.0491099148592627,1.30883081879416,0.0811340183941101
"ENSG00000162772_P2","Enhancer","chr1_212564818_212565695","NSC_P0vsNeuron","ATF3","mRNA",-0.109398466856422,0.0205935394893979,1.68626900313398,-0.184475243650365
"ENSG00000162772_P2","Enhancer","chr1_212564818_212565695","iPSvsNSC_P0","ATF3","mRNA",0.341269641963689,0.0576844108023663,1.23894153896322,0.422813135415921
"ENSG00000162772_P2","Enhancer","chr1_212564818_212565695","iPSvsNeuron","ATF3","mRNA",0.0940913994256763,0.0325251232027737,1.48778104968772,0.139987401004119
"ENSG00000162772_P2","Enhancer","chr1_212564818_212565695","iPSvsNSC_P1","ATF3","mRNA",0.266479954476282,0.0997042510613799,1.00128632440509,0.266822734145192
"ENSG00000162772_P2","Enhancer","chr1_212564818_212565695","NSC_P1vsNeuron","ATF3","mRNA",-0.131516490756384,0.0853181324657349,1.06895865941931,-0.140585691650476
"ENSG00000162772_P2","Enhancer","chr1_212564818_212565695","NSC_P2vsNeuron","ATF3","mRNA",-0.352124265448924,0.0804805630788361,1.09430899375465,-0.385332750600007
"ENSG00000162772_P2","Enhancer","chr1_212564818_212565695","NSC_P1vsNSC_P2","ATF3","mRNA",0.0915387367763473,0.472825464515502,0.325299142108269,0.0297774725430204
"ENSG00000162772_P2","Enhancer","chr1_212564818_212565695","NSC_P0vsNSC_P2","ATF3","mRNA",0.163591242090405,0.246184240593706,0.60873975173879,0.0995844920967534
"ENSG00000163666_P1","Enhancer","chr3_57199493_57200497",NA,NA,NA,NA,NA,NA,NA
"ENSG00000166477_P2","Enhancer","chr15_51935747_51936651",NA,NA,NA,NA,NA,NA,NA
"ENSG00000166913_P2","Enhancer","chr20_44901884_44902734","iPSvsNSC_P2","YWHAB","mRNA",0.33154926483139,0.0452409827899608,1.34446796927221,0.445757366801552
"ENSG00000166913_P2","Enhancer","chr20_44901884_44902734","iPSvsNSC_P1","YWHAB","mRNA",0.057380490738416,0.0726583657238616,1.13871437477899,0.0653399896357068
"ENSG00000166913_P2","Enhancer","chr20_44901884_44902734","NSC_P2vsNeuron","YWHAB","mRNA",-0.098900860890295,0.241328665687193,0.617391088325966,-0.0610605101414342
"ENSG00000166913_P2","Enhancer","chr20_44901884_44902734","NSC_P0vsNSC_P1","YWHAB","mRNA",-0.312952577509603,0.0183476991276048,1.73641839020412,-0.543416610849457
"ENSG00000166913_P2","Enhancer","chr20_44901884_44902734","NSC_P0vsNSC_P2","YWHAB","mRNA",0.092932177769948,0.456695001802054,0.340373741407376,0.0316316730446925
"ENSG00000166913_P2","Enhancer","chr20_44901884_44902734","iPSvsNSC_P0","YWHAB","mRNA",0.37828986084917,0.0390597525021582,1.40827051289884,0.532734456362493
"ENSG00000166913_P2","Enhancer","chr20_44901884_44902734","iPSvsNeuron","YWHAB","mRNA",0.0819264269593423,0.205874125935488,0.686398231670156,0.0562341545919468
"ENSG00000166913_P2","Enhancer","chr20_44901884_44902734","NSC_P0vsNeuron","YWHAB","mRNA",-0.243539716595645,0.265316883674106,0.576235112425553,-0.140336135972579
"ENSG00000166913_P2","Enhancer","chr20_44901884_44902734","NSC_P1vsNeuron","YWHAB","mRNA",-0.185433756343134,0.0948660914310344,1.02288899237707,-0.189678148178523
"ENSG00000166913_P2","Enhancer","chr20_44901884_44902734","NSC_P1vsNSC_P2","YWHAB","mRNA",0.356369059226246,0.0553686007453068,1.25673645167807,0.447861986979846
"ENSG00000167670_P2","Enhancer","chr19_4408883_4409796",NA,NA,NA,NA,NA,NA,NA
"ENSG00000171889_P2","Enhancer","chr9_21591348_21592276","iPSvsNeuron","MIR31HG","LncRNA",-0.358574014953993,0.0785777421140088,1.10470045454578,-0.396116877307982
"ENSG00000171889_P2","Enhancer","chr9_21591348_21592276","NSC_P0vsNSC_P2","MIR31HG","LncRNA",0.250899234131846,0.426776208586074,0.369799799106473,0.0927824863779244
"ENSG00000171889_P2","Enhancer","chr9_21591348_21592276","iPSvsNSC_P1","MIR31HG","LncRNA",-0.235257976889239,0.279990912040857,0.552856064781211,-0.130063799311374
"ENSG00000171889_P2","Enhancer","chr9_21591348_21592276","NSC_P2vsNeuron","MIR31HG","LncRNA",-0.524728005399609,0.0118623067797255,1.92583084855263,-1.01053737989806
"ENSG00000171889_P2","Enhancer","chr9_21591348_21592276","iPSvsNSC_P2","MIR31HG","LncRNA",0.370810151793043,0.0740474831980038,1.13048969813932,0.419197056567512
"ENSG00000171889_P2","Enhancer","chr9_21591348_21592276","NSC_P1vsNeuron","MIR31HG","LncRNA",-0.0900692885150444,0.0374941187974926,1.42603684891508,-0.128442124378017
"ENSG00000171889_P2","Enhancer","chr9_21591348_21592276","NSC_P1vsNSC_P2","MIR31HG","LncRNA",0.456914346277641,0.0213053966960104,1.67151037503854,0.763737070307028
"ENSG00000171889_P2","Enhancer","chr9_21591348_21592276","NSC_P0vsNSC_P1","MIR31HG","LncRNA",-0.287348733346181,0.039059459853608,1.40827376678855,-0.404665683091345
"ENSG00000171889_P2","Enhancer","chr9_21591348_21592276","NSC_P0vsNeuron","MIR31HG","LncRNA",-0.335477423986551,0.0667522176576323,1.17553430149187,-0.394365219272322
"ENSG00000171889_P2","Enhancer","chr9_21591348_21592276","iPSvsNSC_P0","MIR31HG","LncRNA",-0.0572727345164107,0.18360356672936,0.736118886338297,-0.0421595415497692
"ENSG00000172250_P1","Enhancer","chr22_42499965_42500990",NA,NA,NA,NA,NA,NA,NA
"ENSG00000176399_P1","Enhancer","chr9_22238599_22239651","NSC_P1vsNSC_P2","DMRTA1","mRNA",-0.416188276517378,0.0129550750533144,1.88756006664991,-0.785580370962055
"ENSG00000176399_P1","Enhancer","chr9_22238599_22239651","NSC_P2vsNeuron","DMRTA1","mRNA",0.423187070549396,0.0107036231541672,1.97046918964975,0.83387708397572
"ENSG00000176399_P1","Enhancer","chr9_22238599_22239651","iPSvsNSC_P0","DMRTA1","mRNA",0.34729667557271,0.0112903133790876,1.94729400343202,0.676288733754613
"ENSG00000176399_P1","Enhancer","chr9_22238599_22239651","iPSvsNeuron","DMRTA1","mRNA",0.0724246503543223,0.0187066000784452,1.72800513828005,0.125150167950405
"ENSG00000176399_P1","Enhancer","chr9_22238599_22239651","iPSvsNSC_P1","DMRTA1","mRNA",0.289477375067925,0.0213934509216748,1.66971915486946,0.483345918052244
"ENSG00000176399_P1","Enhancer","chr9_22238599_22239651","NSC_P0vsNSC_P2","DMRTA1","mRNA",-0.507848416893362,0.00523306880141049,2.28124355536611,-1.15852592814086
"ENSG00000176399_P1","Enhancer","chr9_22238599_22239651","iPSvsNSC_P2","DMRTA1","mRNA",-0.406445514009232,0.0415078027107585,1.38187025616256,-0.561654966560062
"ENSG00000176399_P1","Enhancer","chr9_22238599_22239651","NSC_P1vsNeuron","DMRTA1","mRNA",-0.170765008540308,0.498113966577919,0.302671280948436,-0.0516856638760656
"ENSG00000176399_P1","Enhancer","chr9_22238599_22239651","NSC_P0vsNeuron","DMRTA1","mRNA",-0.325396812621507,0.0435921447034758,1.36059176346748,-0.442732223111395
"ENSG00000176399_P1","Enhancer","chr9_22238599_22239651","NSC_P0vsNSC_P1","DMRTA1","mRNA",-0.190735583724399,0.153964511101254,0.812579372728911,-0.154987800979855
"ENSG00000176399_P1","Enhancer","chr9_22237585_22238436","NSC_P1vsNSC_P2","DMRTA1","mRNA",-0.416188276517378,0.0129550750533144,1.88756006664991,-0.785580370962055
"ENSG00000176399_P1","Enhancer","chr9_22237585_22238436","NSC_P2vsNeuron","DMRTA1","mRNA",0.423187070549396,0.0107036231541672,1.97046918964975,0.83387708397572
"ENSG00000176399_P1","Enhancer","chr9_22237585_22238436","iPSvsNSC_P0","DMRTA1","mRNA",0.34729667557271,0.0112903133790876,1.94729400343202,0.676288733754613
"ENSG00000176399_P1","Enhancer","chr9_22237585_22238436","iPSvsNeuron","DMRTA1","mRNA",0.0724246503543223,0.0187066000784452,1.72800513828005,0.125150167950405
"ENSG00000176399_P1","Enhancer","chr9_22237585_22238436","iPSvsNSC_P1","DMRTA1","mRNA",0.289477375067925,0.0213934509216748,1.66971915486946,0.483345918052244
"ENSG00000176399_P1","Enhancer","chr9_22237585_22238436","NSC_P0vsNSC_P2","DMRTA1","mRNA",-0.507848416893362,0.00523306880141049,2.28124355536611,-1.15852592814086
"ENSG00000176399_P1","Enhancer","chr9_22237585_22238436","iPSvsNSC_P2","DMRTA1","mRNA",-0.406445514009232,0.0415078027107585,1.38187025616256,-0.561654966560062
"ENSG00000176399_P1","Enhancer","chr9_22237585_22238436","NSC_P1vsNeuron","DMRTA1","mRNA",-0.170765008540308,0.498113966577919,0.302671280948436,-0.0516856638760656
"ENSG00000176399_P1","Enhancer","chr9_22237585_22238436","NSC_P0vsNeuron","DMRTA1","mRNA",-0.325396812621507,0.0435921447034758,1.36059176346748,-0.442732223111395
"ENSG00000176399_P1","Enhancer","chr9_22237585_22238436","NSC_P0vsNSC_P1","DMRTA1","mRNA",-0.190735583724399,0.153964511101254,0.812579372728911,-0.154987800979855
"ENSG00000176946_P2","Enhancer","chr2_241617158_241618209",NA,NA,NA,NA,NA,NA,NA
"ENSG00000177337_P2","Enhancer","chr18_3596388_3597282","NSC_P0vsNSC_P2","DLGAP1-AS1","LncRNA",0.380601007839729,0.0294300373402646,1.53120918687556,0.582779759738292
"ENSG00000177337_P2","Enhancer","chr18_3596388_3597282","iPSvsNSC_P1","DLGAP1-AS1","LncRNA",-0.1673656135812,0.180462118788083,0.743613947929398,-0.124455404662742
"ENSG00000177337_P2","Enhancer","chr18_3596388_3597282","iPSvsNSC_P2","DLGAP1-AS1","LncRNA",0.54805117869842,0.00809055480819679,2.09202169570829,1.1465349561956
"ENSG00000177337_P2","Enhancer","chr18_3596388_3597282","NSC_P0vsNSC_P1","DLGAP1-AS1","LncRNA",-0.401231135038881,0.006468504851523,2.18919609178446,-0.878373632729361
"ENSG00000177337_P2","Enhancer","chr18_3596388_3597282","NSC_P1vsNeuron","DLGAP1-AS1","LncRNA",-0.216290121585157,0.120479781706253,0.919085828027967,-0.198789185491364
"ENSG00000177337_P2","Enhancer","chr18_3596388_3597282","iPSvsNSC_P0","DLGAP1-AS1","LncRNA",0.329552584262667,0.0461507185258948,1.33582153300422,0.44022343831526
"ENSG00000177337_P2","Enhancer","chr18_3596388_3597282","NSC_P0vsNeuron","DLGAP1-AS1","LncRNA",-0.437444735816023,0.0188275603082912,1.72520595259577,-0.754682262161486
"ENSG00000177337_P2","Enhancer","chr18_3596388_3597282","iPSvsNeuron","DLGAP1-AS1","LncRNA",-0.341752528543972,0.0853181324657349,1.06895865941931,-0.365319324765524
"ENSG00000177337_P2","Enhancer","chr18_3596388_3597282","NSC_P2vsNeuron","DLGAP1-AS1","LncRNA",-0.615790806081165,0.00567633569038621,2.24593192889966,-1.38302423290054
"ENSG00000177337_P2","Enhancer","chr18_3596388_3597282","NSC_P1vsNSC_P2","DLGAP1-AS1","LncRNA",0.56525109524428,0.00711346698772062,2.14791867962874,1.21411338615579
"ENSG00000177338_P1","Enhancer","chr17_73820745_73821638",NA,NA,NA,NA,NA,NA,NA
"ENSG00000179059_P2","Enhancer","chr4_187993725_187994564",NA,NA,NA,NA,NA,NA,NA
"ENSG00000185630_P2","Enhancer","chr1_164724539_164725490","NSC_P1vsNSC_P2","PBX1","mRNA",0.133829323260398,0.0638039537396888,1.19515240851822,0.159946438025029
"ENSG00000185630_P2","Enhancer","chr1_164724539_164725490","NSC_P0vsNSC_P1","PBX1","mRNA",-0.229063592750417,0.0738116514371032,1.13187507780518,-0.259271371866713
"ENSG00000185630_P2","Enhancer","chr1_164724539_164725490","NSC_P0vsNSC_P2","PBX1","mRNA",-0.098305048905907,0.0937625851253492,1.02797042724112,-0.101054683123764
"ENSG00000185630_P2","Enhancer","chr1_164724539_164725490","iPSvsNSC_P2","PBX1","mRNA",0.13190135761496,0.298516969115489,0.525030976481834,0.0692522985878617
"ENSG00000185630_P2","Enhancer","chr1_164724539_164725490","iPSvsNeuron","PBX1","mRNA",-0.172684229374365,0.0689189271470336,1.16166149178335,-0.200600619502483
"ENSG00000185630_P2","Enhancer","chr1_164724539_164725490","iPSvsNSC_P0","PBX1","mRNA",0.180852102158463,0.0293565494110835,1.53229499302688,0.277118770615798
"ENSG00000185630_P2","Enhancer","chr1_164724539_164725490","NSC_P0vsNeuron","PBX1","mRNA",-0.48188279227485,0.0111368027410685,1.95323947264626,-0.941232491060235
"ENSG00000185630_P2","Enhancer","chr1_164724539_164725490","iPSvsNSC_P1","PBX1","mRNA",0.295664994164046,0.0818915717712125,1.08676079325311,0.321317123594894
"ENSG00000185630_P2","Enhancer","chr1_164724539_164725490","NSC_P1vsNeuron","PBX1","mRNA",-0.472517915892434,0.0169727241698643,1.77024844660454,-0.836474106601398
"ENSG00000185630_P2","Enhancer","chr1_164724539_164725490","NSC_P2vsNeuron","PBX1","mRNA",-0.414538991271792,0.0442187811058533,1.35439323295355,-0.561448804573905
"ENSG00000185787_P2","Enhancer","chr15_78847106_78848095","NSC_P0vsNSC_P2","MORF4L1","mRNA",0.503479516713563,0.0396257267862428,1.40202275918782,0.705889741217297
"ENSG00000185787_P2","Enhancer","chr15_78847106_78848095","NSC_P1vsNeuron","MORF4L1","mRNA",-0.0559608132971277,0.977998705409521,0.00966172009365976,-0.000540677714290392
"ENSG00000185787_P2","Enhancer","chr15_78847106_78848095","NSC_P1vsNSC_P2","MORF4L1","mRNA",0.345377139443648,0.0937625494675747,1.02797059240271,0.355037542636239
"ENSG00000185787_P2","Enhancer","chr15_78847106_78848095","NSC_P0vsNSC_P1","MORF4L1","mRNA",-0.0741755425075297,0.0125880171230132,1.90004267500373,-0.140936696205859
"ENSG00000185787_P2","Enhancer","chr15_78847106_78848095","NSC_P0vsNeuron","MORF4L1","mRNA",-0.0443099993723873,0.0707685590380419,1.15015964724055,-0.0509635732473742
"ENSG00000185787_P2","Enhancer","chr15_78847106_78848095","iPSvsNSC_P1","MORF4L1","mRNA",-0.00269298173121367,0.058000980150861,1.23656466729028,-0.00333004605847703
"ENSG00000185787_P2","Enhancer","chr15_78847106_78848095","iPSvsNSC_P0","MORF4L1","mRNA",0.171182733119261,0.014684942508076,1.83312774941181,0.313799818301073
"ENSG00000185787_P2","Enhancer","chr15_78847106_78848095","NSC_P2vsNeuron","MORF4L1","mRNA",-0.179956321468198,0.0830070670100256,1.08088493132509,-0.194512076171669
"ENSG00000185787_P2","Enhancer","chr15_78847106_78848095","iPSvsNeuron","MORF4L1","mRNA",-0.0780651779094173,0.0200747548259921,1.69734975007762,-0.132503910214315
"ENSG00000185787_P2","Enhancer","chr15_78847106_78848095","iPSvsNSC_P2","MORF4L1","mRNA",0.17678899914448,0.0607713122834601,1.21630138548398,0.215028704597757
"ENSG00000185847_P1","Enhancer","chr12_110936780_110937739","NSC_P0vsNeuron","LINC01405","LncRNA",0.027841323321213,0.015585831896767,1.80727001221721,0.0503167887388721
"ENSG00000185847_P1","Enhancer","chr12_110936780_110937739","NSC_P1vsNSC_P2","LINC01405","LncRNA",0.109986320874278,0.119179154786181,0.923799698899479,0.101605330106719
"ENSG00000185847_P1","Enhancer","chr12_110936780_110937739","iPSvsNSC_P1","LINC01405","LncRNA",0.133986947930015,0.00930258774903848,2.03139622469332,0.272180580183213
"ENSG00000185847_P1","Enhancer","chr12_110936780_110937739","iPSvsNSC_P2","LINC01405","LncRNA",0.367749144607265,0.160150367407745,0.79547206066564,0.292534169868768
"ENSG00000185847_P1","Enhancer","chr12_110936780_110937739","NSC_P0vsNSC_P1","LINC01405","LncRNA",0.0662266888074837,0.0103246719928409,1.98612373666546,0.1315343986413
"ENSG00000185847_P1","Enhancer","chr12_110936780_110937739","iPSvsNSC_P0","LINC01405","LncRNA",0.311086456787541,0.0810526367551752,1.09123285238121,0.339467761577433
"ENSG00000185847_P1","Enhancer","chr12_110936780_110937739","NSC_P0vsNSC_P2","LINC01405","LncRNA",0.297766718622035,0.177998622889784,0.749583357655608,0.223200976742798
"ENSG00000185847_P1","Enhancer","chr12_110936780_110937739","NSC_P1vsNeuron","LINC01405","LncRNA",0.126647840218422,0.0133748401023609,1.87371140131252,0.237301502168864
"ENSG00000185847_P1","Enhancer","chr12_110936780_110937739","NSC_P2vsNeuron","LINC01405","LncRNA",-0.258057498906748,0.0148104061227802,1.82943303233199,-0.472098912740981
"ENSG00000185847_P1","Enhancer","chr12_110936780_110937739","iPSvsNeuron","LINC01405","LncRNA",0.287109588563389,0.00538616568212604,2.26872029152488,0.65137134946512
"ENSG00000196668_P2","Enhancer","chr12_116545667_116546556","NSC_P1vsNeuron","LINC00173","LncRNA",0.119792747831514,0.0200747548259921,1.69734975007762,0.203330190592931
"ENSG00000196668_P2","Enhancer","chr12_116545667_116546556","NSC_P0vsNSC_P2","LINC00173","LncRNA",0.411904632171535,0.0373754535671467,1.42741352828588,0.587958244325267
"ENSG00000196668_P2","Enhancer","chr12_116545667_116546556","iPSvsNSC_P0","LINC00173","LncRNA",0.0728390656463713,0.0402118207431825,1.39564626211681,0.101657569705439
"ENSG00000196668_P2","Enhancer","chr12_116545667_116546556","NSC_P0vsNeuron","LINC00173","LncRNA",0.226649776473373,0.0707685590380419,1.15015964724055,0.260683426955765
"ENSG00000196668_P2","Enhancer","chr12_116545667_116546556","iPSvsNeuron","LINC00173","LncRNA",0.0870354304650847,0.046942666231837,1.32843224714284,0.115620672473777
"ENSG00000196668_P2","Enhancer","chr12_116545667_116546556","iPSvsNSC_P2","LINC00173","LncRNA",0.418150746542302,0.0391667082972692,1.40708292649664,0.588372776161496
"ENSG00000196668_P2","Enhancer","chr12_116545667_116546556","NSC_P0vsNSC_P1","LINC00173","LncRNA",-0.19132964021903,0.00774282105891984,2.11110077741756,-0.403916152209416
"ENSG00000196668_P2","Enhancer","chr12_116545667_116546556","NSC_P2vsNeuron","LINC00173","LncRNA",-0.360819687450537,0.139141349863015,0.856543787702423,-0.309057861766487
"ENSG00000196668_P2","Enhancer","chr12_116545667_116546556","iPSvsNSC_P1","LINC00173","LncRNA",-0.0558473067100217,0.221773020299589,0.654091288879846,-0.0365292368264261
"ENSG00000196668_P2","Enhancer","chr12_116545667_116546556","NSC_P1vsNSC_P2","LINC00173","LncRNA",0.277530122939203,0.198122575114372,0.703066035874853,0.195122003370726
"ENSG00000197462_P1","Enhancer","chr7_125923461_125924354",NA,NA,NA,NA,NA,NA,NA
"ENSG00000198482_P2","Enhancer","chr19_52735648_52736496",NA,NA,NA,NA,NA,NA,NA
"ENSG00000198482_P2","Enhancer","chr19_52360337_52361221",NA,NA,NA,NA,NA,NA,NA
"ENSG00000198482_P2","Enhancer","chr19_52420911_52421820",NA,NA,NA,NA,NA,NA,NA
"ENSG00000198482_P2","Enhancer","chr19_52343287_52344215",NA,NA,NA,NA,NA,NA,NA
"ENSG00000198482_P2","Enhancer","chr19_52464616_52465560",NA,NA,NA,NA,NA,NA,NA
"ENSG00000198482_P2","Enhancer","chr19_52691708_52692406",NA,NA,NA,NA,NA,NA,NA
"ENSG00000198482_P2","Enhancer","chr19_52741153_52742557",NA,NA,NA,NA,NA,NA,NA
"ENSG00000198482_P2","Enhancer","chr19_52748009_52749097",NA,NA,NA,NA,NA,NA,NA
"ENSG00000198482_P2","Enhancer","chr19_52500340_52501159",NA,NA,NA,NA,NA,NA,NA
"ENSG00000198482_P2","Enhancer","chr19_52533530_52534293",NA,NA,NA,NA,NA,NA,NA
"ENSG00000198482_P2","Enhancer","chr19_52658550_52659438",NA,NA,NA,NA,NA,NA,NA
"ENSG00000198482_P2","Enhancer","chr19_52669824_52670706",NA,NA,NA,NA,NA,NA,NA
"ENSG00000198482_P2","Enhancer","chr19_52663686_52664157",NA,NA,NA,NA,NA,NA,NA
"ENSG00000198482_P2","Enhancer","chr19_52675972_52676828",NA,NA,NA,NA,NA,NA,NA
"ENSG00000198482_P2","Enhancer","chr19_52695824_52696719",NA,NA,NA,NA,NA,NA,NA
"ENSG00000198482_P2","Enhancer","chr19_52697769_52698646",NA,NA,NA,NA,NA,NA,NA
"ENSG00000198482_P2","Enhancer","chr19_52351236_52352400",NA,NA,NA,NA,NA,NA,NA
"ENSG00000198482_P2","Enhancer","chr19_52632790_52633641",NA,NA,NA,NA,NA,NA,NA
"ENSG00000198482_P2","Enhancer","chr19_52519765_52520614",NA,NA,NA,NA,NA,NA,NA
"ENSG00000198482_P2","Enhancer","chr19_52592043_52592942",NA,NA,NA,NA,NA,NA,NA
"ENSG00000198482_P2","Enhancer","chr19_52585711_52586462",NA,NA,NA,NA,NA,NA,NA
"ENSG00000198482_P2","Enhancer","chr19_52640651_52641541",NA,NA,NA,NA,NA,NA,NA
"ENSG00000198482_P2","Enhancer","chr19_52664277_52665081",NA,NA,NA,NA,NA,NA,NA
"ENSG00000198482_P2","Enhancer","chr19_52757984_52758964",NA,NA,NA,NA,NA,NA,NA
"ENSG00000198482_P2","Enhancer","chr19_52725388_52726345",NA,NA,NA,NA,NA,NA,NA
"ENSG00000198482_P2","Enhancer","chr19_52453043_52453898",NA,NA,NA,NA,NA,NA,NA
"ENSG00000198482_P2","Enhancer","chr19_52739322_52740230",NA,NA,NA,NA,NA,NA,NA
"ENSG00000198482_P2","Enhancer","chr19_52742868_52743684",NA,NA,NA,NA,NA,NA,NA
"ENSG00000198482_P2","Enhancer","chr19_52515916_52516824",NA,NA,NA,NA,NA,NA,NA
"ENSG00000198482_P2","Enhancer","chr19_52519177_52519640",NA,NA,NA,NA,NA,NA,NA
"ENSG00000198482_P2","Enhancer","chr19_52444121_52445164",NA,NA,NA,NA,NA,NA,NA
"ENSG00000198482_P2","Enhancer","chr19_52565885_52566875",NA,NA,NA,NA,NA,NA,NA
"ENSG00000198482_P2","Enhancer","chr19_52622014_52622903",NA,NA,NA,NA,NA,NA,NA
"ENSG00000198482_P2","Enhancer","chr19_52433553_52434468",NA,NA,NA,NA,NA,NA,NA
"ENSG00000198482_P2","Enhancer","chr19_52522303_52523202",NA,NA,NA,NA,NA,NA,NA
"ENSG00000198482_P2","Enhancer","chr19_52558637_52559549",NA,NA,NA,NA,NA,NA,NA
"ENSG00000198482_P2","Enhancer","chr19_52517766_52518683",NA,NA,NA,NA,NA,NA,NA
"ENSG00000198482_P2","Enhancer","chr19_52597244_52598130",NA,NA,NA,NA,NA,NA,NA
"ENSG00000198482_P2","Enhancer","chr19_52483764_52484568",NA,NA,NA,NA,NA,NA,NA
"ENSG00000198482_P2","Enhancer","chr19_52699356_52700250",NA,NA,NA,NA,NA,NA,NA
"ENSG00000198482_P2","Enhancer","chr19_52715866_52717140",NA,NA,NA,NA,NA,NA,NA
"ENSG00000198482_P2","Enhancer","chr19_52756170_52757124",NA,NA,NA,NA,NA,NA,NA
"ENSG00000198482_P2","Enhancer","chr19_52668120_52669027",NA,NA,NA,NA,NA,NA,NA
"ENSG00000198482_P2","Enhancer","chr19_52782995_52783874",NA,NA,NA,NA,NA,NA,NA
"ENSG00000198482_P2","Enhancer","chr19_52466113_52466734",NA,NA,NA,NA,NA,NA,NA
"ENSG00000198482_P2","Enhancer","chr19_52599008_52599757",NA,NA,NA,NA,NA,NA,NA
"ENSG00000200028_P1","Enhancer","chr2_76579095_76579934",NA,NA,NA,NA,NA,NA,NA
"ENSG00000201610_P1","Enhancer","chr2_11515198_11516228","NSC_P0vsNSC_P2","RNA5SP84","Others",-0.610274601217135,0.00791979026211824,2.10128631957349,-1.28236167072073
"ENSG00000201610_P1","Enhancer","chr2_11515198_11516228","NSC_P1vsNeuron","RNA5SP84","Others",0.191453068934986,0.0474768964333471,1.32351767863753,0.253391521364863
"ENSG00000201610_P1","Enhancer","chr2_11515198_11516228","NSC_P0vsNSC_P1","RNA5SP84","Others",-0.312544509951797,0.0359817814021667,1.44391733921227,-0.451288437195002
"ENSG00000201610_P1","Enhancer","chr2_11515198_11516228","iPSvsNSC_P2","RNA5SP84","Others",-0.517432135084754,0.170389772305402,0.768556477436895,-0.39767581905339
"ENSG00000201610_P1","Enhancer","chr2_11515198_11516228","NSC_P2vsNeuron","RNA5SP84","Others",0.52474814444533,0.0161384359225709,1.79213855778692,0.940421382787619
"ENSG00000201610_P1","Enhancer","chr2_11515198_11516228","NSC_P1vsNSC_P2","RNA5SP84","Others",-0.477540586247502,0.0141359783226724,1.84967412948537,-0.883294468161283
"ENSG00000201610_P1","Enhancer","chr2_11515198_11516228","iPSvsNSC_P0","RNA5SP84","Others",0.412355631725369,0.0250250681928971,1.60162473040175,0.660438977491786
"ENSG00000201610_P1","Enhancer","chr2_11515198_11516228","iPSvsNeuron","RNA5SP84","Others",0.425336309428378,0.0309993166115254,1.50864788020169,0.641682721591934
"ENSG00000201610_P1","Enhancer","chr2_11515198_11516228","iPSvsNSC_P1","RNA5SP84","Others",0.217737680109665,0.014016365959178,1.85336457185117,0.403547302272316
"ENSG00000201610_P1","Enhancer","chr2_11515198_11516228","NSC_P0vsNeuron","RNA5SP84","Others",-0.112057064054137,0.0451126056717259,1.34570208764025,-0.15079542503249
"ENSG00000203441_P1","Enhancer","chr13_99496405_99497282","iPSvsNSC_P1","LINC00449","LncRNA",0.108975835421795,0.104737373292628,0.979898321964242,0.106785238264468
"ENSG00000203441_P1","Enhancer","chr13_99496405_99497282","NSC_P2vsNeuron","LINC00449","LncRNA",-0.181998284977918,0.182683760271485,0.73830005767184,-0.134369344295373
"ENSG00000203441_P1","Enhancer","chr13_99496405_99497282","iPSvsNSC_P0","LINC00449","LncRNA",0.439644623788357,0.0185863159034324,1.73080668561112,0.760939854145875
"ENSG00000203441_P1","Enhancer","chr13_99496405_99497282","NSC_P1vsNeuron","LINC00449","LncRNA",0.103754485100466,0.232849983415138,0.632923788664101,0.0656686818006798
"ENSG00000203441_P1","Enhancer","chr13_99496405_99497282","NSC_P0vsNSC_P1","LINC00449","LncRNA",-0.09548189040142,0.114302817150409,0.941943065686957,-0.0899385045622995
"ENSG00000203441_P1","Enhancer","chr13_99496405_99497282","NSC_P0vsNSC_P2","LINC00449","LncRNA",0.262519188537003,0.278881023372405,0.554581036558763,0.145588163695417
"ENSG00000203441_P1","Enhancer","chr13_99496405_99497282","NSC_P1vsNSC_P2","LINC00449","LncRNA",0.310736510908421,0.116920320470485,0.932110002941932,0.289640610097014
"ENSG00000203441_P1","Enhancer","chr13_99496405_99497282","iPSvsNeuron","LINC00449","LncRNA",0.122335970654551,0.0295353619344656,1.52965770280931,0.187132159842388
"ENSG00000203441_P1","Enhancer","chr13_99496405_99497282","NSC_P0vsNeuron","LINC00449","LncRNA",0.0817177726745073,0.223592824253356,0.650542138340075,0.0531608545760621
"ENSG00000203441_P1","Enhancer","chr13_99496405_99497282","iPSvsNSC_P2","LINC00449","LncRNA",0.501276169002993,0.00832335924419964,2.0797013603945,1.04250473060887
"ENSG00000203635_P1","Enhancer","chr2_1625130_1626162",NA,NA,NA,NA,NA,NA,NA
"ENSG00000203709_P2","Enhancer","chr1_207823623_207824553","NSC_P1vsNSC_P2","MIR29B2CHG","LncRNA",-0.734014322532632,0.00880701106209269,2.05517145815857,-1.50852528554866
"ENSG00000203709_P2","Enhancer","chr1_207823623_207824553","NSC_P1vsNeuron","MIR29B2CHG","LncRNA",-0.337634094842889,0.0636073367610995,1.19649278795078,-0.403976759445806
"ENSG00000203709_P2","Enhancer","chr1_207823623_207824553","iPSvsNSC_P1","MIR29B2CHG","LncRNA",-0.406835964062415,0.00710555003243497,2.14840229820019,-0.874047320182182
"ENSG00000203709_P2","Enhancer","chr1_207823623_207824553","NSC_P0vsNSC_P1","MIR29B2CHG","LncRNA",0.280812736886137,0.123371451506761,0.908785325614672,0.255198494527815
"ENSG00000203709_P2","Enhancer","chr1_207823623_207824553","NSC_P2vsNeuron","MIR29B2CHG","LncRNA",0.604534737331922,0.0172301228987315,1.76371162481253,1.0662249438353
"ENSG00000203709_P2","Enhancer","chr1_207823623_207824553","NSC_P0vsNeuron","MIR29B2CHG","LncRNA",-0.156719924685128,0.51499417342372,0.288197684481608,-0.0451663194063858
"ENSG00000203709_P2","Enhancer","chr1_207823623_207824553","iPSvsNSC_P2","MIR29B2CHG","LncRNA",-0.946355111683293,0.00737366545312803,2.13231657043974,-2.01792868616264
"ENSG00000203709_P2","Enhancer","chr1_207823623_207824553","NSC_P0vsNSC_P2","MIR29B2CHG","LncRNA",-0.566062289378192,0.0217144968530823,1.66325022922883,-0.941503232566074
"ENSG00000203709_P2","Enhancer","chr1_207823623_207824553","iPSvsNeuron","MIR29B2CHG","LncRNA",-0.553432076869982,0.0443467954571567,1.35313775724276,-0.748869839282052
"ENSG00000203709_P2","Enhancer","chr1_207823623_207824553","iPSvsNSC_P0","MIR29B2CHG","LncRNA",-0.399888100529396,0.012335188767974,1.90885420002409,-0.763328080235193
"ENSG00000203721_P1","Enhancer","chr1_200373668_200375380",NA,NA,NA,NA,NA,NA,NA
"ENSG00000203721_P2","Enhancer","chr1_200373668_200375380",NA,NA,NA,NA,NA,NA,NA
"ENSG00000203801_P1","Enhancer","chr6_108779699_108780427",NA,NA,NA,NA,NA,NA,NA
"ENSG00000203801_P2","Enhancer","chr6_108655374_108657359",NA,NA,NA,NA,NA,NA,NA
"ENSG00000204241_P1","Enhancer","chr11_134032173_134032995","iPSvsNeuron","LINC02731","LncRNA",0.27097384645875,0.0269502566440501,1.56943709472347,0.425276406332265
"ENSG00000204241_P1","Enhancer","chr11_134032173_134032995","iPSvsNSC_P2","LINC02731","LncRNA",-0.674745609546962,0.0117016554307669,1.93175269435722,-1.30344164924805
"ENSG00000204241_P1","Enhancer","chr11_134032173_134032995","NSC_P0vsNSC_P2","LINC02731","LncRNA",-0.60706078400151,0.00791979026211824,2.10128631957349,-1.27560852057193
"ENSG00000204241_P1","Enhancer","chr11_134032173_134032995","NSC_P2vsNeuron","LINC02731","LncRNA",0.502324444936771,0.0278575606430927,1.55505691539325,0.781143101870003
"ENSG00000204241_P1","Enhancer","chr11_134032173_134032995","iPSvsNSC_P1","LINC02731","LncRNA",-0.114359367246215,0.0399791290202323,1.39816667159427,-0.159893455868267
"ENSG00000204241_P1","Enhancer","chr11_134032173_134032995","NSC_P1vsNeuron","LINC02731","LncRNA",0.0696934196702823,0.172783614898499,0.762497444128888,0.0531410543711922
"ENSG00000204241_P1","Enhancer","chr11_134032173_134032995","NSC_P0vsNeuron","LINC02731","LncRNA",-0.119515723563294,0.215488948475147,0.666574998075566,-0.0796661932042027
"ENSG00000204241_P1","Enhancer","chr11_134032173_134032995","NSC_P1vsNSC_P2","LINC02731","LncRNA",-0.555160746250803,0.0150082225306951,1.82367073952362,-1.01243040866969
"ENSG00000204241_P1","Enhancer","chr11_134032173_134032995","iPSvsNSC_P0","LINC02731","LncRNA",0.166502869671591,0.0105408315519057,1.97712512686931,0.329197007323549
"ENSG00000204241_P1","Enhancer","chr11_134032173_134032995","NSC_P0vsNSC_P1","LINC02731","LncRNA",0.145232508454363,0.0179950587842041,1.74484673030511,0.253408467510605
"ENSG00000204277_P1","Enhancer","chr17_78278020_78278965","NSC_P1vsNeuron","LINC01993","LncRNA",0.080867156526332,0.0195674590260045,1.70846556691392,0.138158752419476
"ENSG00000204277_P1","Enhancer","chr17_78278020_78278965","NSC_P0vsNSC_P2","LINC01993","LncRNA",-0.537717282320263,0.0191117264306568,1.71870007979787,-0.924174736032527
"ENSG00000204277_P1","Enhancer","chr17_78278020_78278965","NSC_P0vsNSC_P1","LINC01993","LncRNA",0.104307691958885,0.0753731899765546,1.12278310394145,0.117114914142565
"ENSG00000204277_P1","Enhancer","chr17_78278020_78278965","iPSvsNeuron","LINC01993","LncRNA",0.0745319550190717,0.0386069196899903,1.41333484781926,0.105338609304551
"ENSG00000204277_P1","Enhancer","chr17_78278020_78278965","NSC_P0vsNeuron","LINC01993","LncRNA",0.0936690290494777,0.0583191929017301,1.23418849499102,0.115605237989845
"ENSG00000204277_P1","Enhancer","chr17_78278020_78278965","NSC_P2vsNeuron","LINC01993","LncRNA",0.630402149687553,0.00661768730357205,2.17929375780801,1.37383146972284
"ENSG00000204277_P1","Enhancer","chr17_78278020_78278965","iPSvsNSC_P1","LINC01993","LncRNA",-0.226643601468724,0.0711430801270829,1.14786733604034,-0.260156787048493
"ENSG00000204277_P1","Enhancer","chr17_78278020_78278965","iPSvsNSC_P2","LINC01993","LncRNA",-0.694844859083918,0.01077762183495,1.9674770589916,-1.36709131980586
"ENSG00000204277_P1","Enhancer","chr17_78278020_78278965","NSC_P1vsNSC_P2","LINC01993","LncRNA",-0.507191291324803,0.0214410065526508,1.6687548304531,-0.846377917362012
"ENSG00000204277_P1","Enhancer","chr17_78278020_78278965","iPSvsNSC_P0","LINC01993","LncRNA",-0.123197565316409,0.304146604972617,0.516917026973169,-0.0636829191936907
"ENSG00000204277_P2","Enhancer","chr17_78258375_78259134","iPSvsNSC_P1","LINC01993","LncRNA",-0.111759859481591,0.0343180395162244,1.46447753001928,-0.163669802968902
"ENSG00000204277_P2","Enhancer","chr17_78258375_78259134","NSC_P0vsNSC_P2","LINC01993","LncRNA",-0.586526889397443,0.0235671915713077,1.62769216791072,-0.954685224141256
"ENSG00000204277_P2","Enhancer","chr17_78258375_78259134","NSC_P1vsNSC_P2","LINC01993","LncRNA",-0.759865078179067,0.00593213303676113,2.22678911784538,-1.69205928711988
"ENSG00000204277_P2","Enhancer","chr17_78258375_78259134","NSC_P0vsNSC_P1","LINC01993","LncRNA",-0.1070967954101,0.0897625590743185,1.04690477444784,-0.112120146442898
"ENSG00000204277_P2","Enhancer","chr17_78258375_78259134","iPSvsNeuron","LINC01993","LncRNA",-0.0978386831511,0.0290019176613753,1.53757328478316,-0.150434145431495
"ENSG00000204277_P2","Enhancer","chr17_78258375_78259134","iPSvsNSC_P0","LINC01993","LncRNA",-0.358842753048858,0.0615794862105685,1.21056393896068,-0.434402096598322
"ENSG00000204277_P2","Enhancer","chr17_78258375_78259134","iPSvsNSC_P2","LINC01993","LncRNA",-0.838747789568796,0.00555220652081078,2.25553438816192,-1.89182448236721
"ENSG00000204277_P2","Enhancer","chr17_78258375_78259134","NSC_P1vsNeuron","LINC01993","LncRNA",0.318282643388072,0.119337798216697,0.923221979154565,0.293845531959283
"ENSG00000204277_P2","Enhancer","chr17_78258375_78259134","NSC_P0vsNeuron","LINC01993","LncRNA",0.133520794927327,0.151214161200716,0.820407535267753,0.109541466273319
"ENSG00000204277_P2","Enhancer","chr17_78258375_78259134","NSC_P2vsNeuron","LINC01993","LncRNA",0.769556502546291,0.00732095044387177,2.13543253291243,1.64333599145166
"ENSG00000204388_P1","Enhancer","chr6_31818671_31819407","NSC_P1vsNSC_P2","HSPA1B","mRNA",0.18405636960919,0.0990524045914322,1.00413497708541,0.184817438479948
"ENSG00000204388_P1","Enhancer","chr6_31818671_31819407","NSC_P0vsNSC_P1","HSPA1B","mRNA",0.0563531943036047,0.0440935977301546,1.35562446432613,0.0763937688408905
"ENSG00000204388_P1","Enhancer","chr6_31818671_31819407","NSC_P1vsNeuron","HSPA1B","mRNA",0.00599018657139899,0.0502253132835687,1.29907734563196,0.00778171567101322
"ENSG00000204388_P1","Enhancer","chr6_31818671_31819407","NSC_P0vsNeuron","HSPA1B","mRNA",0.132282297175031,0.341684531629463,0.46637468166371,0.0616931142347492
"ENSG00000204388_P1","Enhancer","chr6_31818671_31819407","iPSvsNSC_P2","HSPA1B","mRNA",0.08562601029812,0.134705055300775,0.870616105479438,0.0745473836134916
"ENSG00000204388_P1","Enhancer","chr6_31818671_31819407","NSC_P2vsNeuron","HSPA1B","mRNA",-0.194252487569761,0.0878056855846291,1.05647736179224,-0.20522335558928
"ENSG00000204388_P1","Enhancer","chr6_31818671_31819407","iPSvsNSC_P1","HSPA1B","mRNA",-0.0664636055722187,0.449291013777059,0.347472267598972,-0.0230942597409825
"ENSG00000204388_P1","Enhancer","chr6_31818671_31819407","iPSvsNeuron","HSPA1B","mRNA",-0.022466836191367,0.419691196209253,0.377070140814345,-0.00847157308633156
"ENSG00000204388_P1","Enhancer","chr6_31818671_31819407","NSC_P0vsNSC_P2","HSPA1B","mRNA",0.463655234236256,0.0709921387185334,1.14878974001592,0.532642375995289
"ENSG00000204388_P1","Enhancer","chr6_31818671_31819407","iPSvsNSC_P0","HSPA1B","mRNA",-0.300816705075474,0.229114743979829,0.639946962215899,-0.192506736596846
"ENSG00000204389_P1","Enhancer","chr6_31818671_31819407","NSC_P0vsNSC_P1","HSPA1A","mRNA",-0.099804267918442,0.0144909630816306,1.83890274999201,-0.183530342736162
"ENSG00000204389_P1","Enhancer","chr6_31818671_31819407","NSC_P1vsNeuron","HSPA1A","mRNA",-0.370629383390806,0.0349342519172352,1.45674855230073,-0.539913817694669
"ENSG00000204389_P1","Enhancer","chr6_31818671_31819407","NSC_P1vsNSC_P2","HSPA1A","mRNA",0.475249537338971,0.0250842274926415,1.60059926919669,0.76068406215082
"ENSG00000204389_P1","Enhancer","chr6_31818671_31819407","NSC_P0vsNSC_P2","HSPA1A","mRNA",0.607735603645169,0.0253975967584134,1.59520737644852,0.969464317865167
"ENSG00000204389_P1","Enhancer","chr6_31818671_31819407","NSC_P0vsNeuron","HSPA1A","mRNA",-0.256770793385278,0.0844509605665783,1.07339540628963,-0.275616590089102
"ENSG00000204389_P1","Enhancer","chr6_31818671_31819407","iPSvsNSC_P0","HSPA1A","mRNA",0.0763990417807937,0.0181121128531904,1.74203088447564,0.133089490326487
"ENSG00000204389_P1","Enhancer","chr6_31818671_31819407","iPSvsNSC_P1","HSPA1A","mRNA",-0.136654717844654,0.684392642002662,0.164694668264221,-0.022506303422166
"ENSG00000204389_P1","Enhancer","chr6_31818671_31819407","iPSvsNSC_P2","HSPA1A","mRNA",0.4842367576219,0.0344084398526295,1.46333501871167,0.708600604775521
"ENSG00000204389_P1","Enhancer","chr6_31818671_31819407","iPSvsNeuron","HSPA1A","mRNA",-0.36574779404627,0.0202033582385774,1.69457643534238,-0.619787593069268
"ENSG00000204389_P1","Enhancer","chr6_31818671_31819407","NSC_P2vsNeuron","HSPA1A","mRNA",-0.866978694420266,0.0331998270802251,1.47886417829294,-1.28214373452131
"ENSG00000204498_P2","Enhancer","chr6_31560004_31560878","NSC_P0vsNeuron","NFKBIL1","mRNA",0.189412399414301,0.0261331663527651,1.58280796699585,0.299803454840755
"ENSG00000204498_P2","Enhancer","chr6_31560004_31560878","NSC_P0vsNSC_P2","NFKBIL1","mRNA",-0.675885157438546,0.00555220285033983,2.25553467526683,-1.52448240910083
"ENSG00000204498_P2","Enhancer","chr6_31560004_31560878","iPSvsNSC_P0","NFKBIL1","mRNA",0.403871750273058,0.0127593310973146,1.89417209272769,0.765002598408314
"ENSG00000204498_P2","Enhancer","chr6_31560004_31560878","iPSvsNSC_P1","NFKBIL1","mRNA",0.208301317445325,0.0283035078586731,1.54815973588011,0.322483712599634
"ENSG00000204498_P2","Enhancer","chr6_31560004_31560878","NSC_P1vsNeuron","NFKBIL1","mRNA",0.0179316248345577,0.0477459227728095,1.32106370874773,0.0236888188078136
"ENSG00000204498_P2","Enhancer","chr6_31560004_31560878","NSC_P1vsNSC_P2","NFKBIL1","mRNA",-0.690568221572815,0.018267470962262,1.73832157433115,-1.20042963810751
"ENSG00000204498_P2","Enhancer","chr6_31560004_31560878","NSC_P0vsNSC_P1","NFKBIL1","mRNA",0.0724141476139727,0.00632901375444165,2.19866396049995,0.159214376589165
"ENSG00000204498_P2","Enhancer","chr6_31560004_31560878","NSC_P2vsNeuron","NFKBIL1","mRNA",0.597039935192718,0.00838248381278121,2.07662727655427,1.23982941461339
"ENSG00000204498_P2","Enhancer","chr6_31560004_31560878","iPSvsNeuron","NFKBIL1","mRNA",0.511075841330687,0.0140164059672624,1.85336333220991,0.947209224300626
"ENSG00000204498_P2","Enhancer","chr6_31560004_31560878","iPSvsNSC_P2","NFKBIL1","mRNA",-0.766746878785311,0.0133087940321008,1.87586129606046,-1.43831079378853
"ENSG00000204531_P2","Enhancer","chr6_31185754_31186655",NA,NA,NA,NA,NA,NA,NA
"ENSG00000205790_P2","Enhancer","chr19_4682275_4683125","NSC_P1vsNeuron","DPP9-AS1","LncRNA",-0.239598820106593,0.266346965749686,0.574552246375581,-0.137662040321182
"ENSG00000205790_P2","Enhancer","chr19_4682275_4683125","NSC_P0vsNeuron","DPP9-AS1","LncRNA",0.030717830704927,0.109970439256248,0.958724040234634,0.0294499227606711
"ENSG00000205790_P2","Enhancer","chr19_4682275_4683125","iPSvsNeuron","DPP9-AS1","LncRNA",-0.149849105072691,0.0409168831492706,1.38809745615802,-0.208005161558958
"ENSG00000205790_P2","Enhancer","chr19_4682275_4683125","iPSvsNSC_P1","DPP9-AS1","LncRNA",-0.209576856722746,0.0573692791353135,1.24132060714253,-0.260152071030101
"ENSG00000205790_P2","Enhancer","chr19_4682275_4683125","iPSvsNSC_P2","DPP9-AS1","LncRNA",0.307679159043057,0.00656986299988709,2.18244368660664,0.67149243815396
"ENSG00000205790_P2","Enhancer","chr19_4682275_4683125","NSC_P2vsNeuron","DPP9-AS1","LncRNA",-0.140438814272777,0.0224115069406719,1.64952894069764,-0.231657888540207
"ENSG00000205790_P2","Enhancer","chr19_4682275_4683125","iPSvsNSC_P0","DPP9-AS1","LncRNA",-0.480750605863937,0.020074702929608,1.6973508727983,-0.816002460461466
"ENSG00000205790_P2","Enhancer","chr19_4682275_4683125","NSC_P1vsNSC_P2","DPP9-AS1","LncRNA",0.053639706198889,0.0139483331827427,1.85547768721387,0.0995272780007461
"ENSG00000205790_P2","Enhancer","chr19_4682275_4683125","NSC_P0vsNSC_P1","DPP9-AS1","LncRNA",0.270037284312193,0.136746315542989,0.864084366353986,0.233334995706852
"ENSG00000205790_P2","Enhancer","chr19_4682275_4683125","NSC_P0vsNSC_P2","DPP9-AS1","LncRNA",0.434536780340235,0.0266851182791862,1.57373086788816,0.683843944454165
"ENSG00000205865_P2","Enhancer","chr11_1684974_1685977","NSC_P2vsNeuron","FAM99B","LncRNA",-0.504166117614173,0.0107776157205065,1.96747730537896,-0.991935394546904
"ENSG00000205865_P2","Enhancer","chr11_1684974_1685977","iPSvsNeuron","FAM99B","LncRNA",-0.86014975142459,0.00997348818057185,2.00115292266836,-1.72129118899579
"ENSG00000205865_P2","Enhancer","chr11_1684974_1685977","NSC_P0vsNSC_P2","FAM99B","LncRNA",0.458017333809853,0.0113861130462576,1.94362450863951,0.890213715374555
"ENSG00000205865_P2","Enhancer","chr11_1684974_1685977","iPSvsNSC_P1","FAM99B","LncRNA",-0.787009011181179,0.0154833141424327,1.81013607467896,-1.42459340223647
"ENSG00000205865_P2","Enhancer","chr11_1684974_1685977","NSC_P0vsNSC_P1","FAM99B","LncRNA",0.0148494924015167,0.0191941404202746,1.71683133231399,0.0254940738238823
"ENSG00000205865_P2","Enhancer","chr11_1684974_1685977","NSC_P0vsNeuron","FAM99B","LncRNA",-0.484480238149577,0.0140164425179024,1.85336219969987,-0.897917359888015
"ENSG00000205865_P2","Enhancer","chr11_1684974_1685977","NSC_P1vsNeuron","FAM99B","LncRNA",-0.513738505687587,0.0143950830801161,1.84178582428143,-0.946196297162921
"ENSG00000205865_P2","Enhancer","chr11_1684974_1685977","NSC_P1vsNSC_P2","FAM99B","LncRNA",0.566417251757883,0.0159275328027861,1.79785149181463,1.01833410106245
"ENSG00000205865_P2","Enhancer","chr11_1684974_1685977","iPSvsNSC_P0","FAM99B","LncRNA",-0.631522789213192,0.00768790630909785,2.11419191796305,-1.33516037696401
"ENSG00000205865_P2","Enhancer","chr11_1684974_1685977","iPSvsNSC_P2","FAM99B","LncRNA",-0.278267460763838,0.0115429306686257,1.93768391287659,-0.539194382199106
"ENSG00000212766_P1","Enhancer","chr15_69080329_69081293",NA,NA,NA,NA,NA,NA,NA
"ENSG00000213977_P2","Enhancer","chr17_3662409_3664062","NSC_P0vsNSC_P1","TAX1BP3","mRNA",-0.189456997585145,0.00774282105891984,2.11110077741756,-0.399962814889197
"ENSG00000213977_P2","Enhancer","chr17_3662409_3664062","iPSvsNSC_P1","TAX1BP3","mRNA",-0.144754371648999,0.0293565494110835,1.53229499302688,-0.221806398896513
"ENSG00000213977_P2","Enhancer","chr17_3662409_3664062","NSC_P0vsNeuron","TAX1BP3","mRNA",-0.217972580799272,0.122789537944085,0.91083863487818,-0.198537847936083
"ENSG00000213977_P2","Enhancer","chr17_3662409_3664062","NSC_P0vsNSC_P2","TAX1BP3","mRNA",0.290415016617878,0.355292366058699,0.449414123819987,0.130516610237491
"ENSG00000213977_P2","Enhancer","chr17_3662409_3664062","NSC_P1vsNSC_P2","TAX1BP3","mRNA",0.473708497380442,0.0322205734348479,1.49186673463766,0.706709949157071
"ENSG00000213977_P2","Enhancer","chr17_3662409_3664062","iPSvsNeuron","TAX1BP3","mRNA",-0.229838822499347,0.0448560516630001,1.34817895671019,-0.309863863928668
"ENSG00000213977_P2","Enhancer","chr17_3662409_3664062","iPSvsNSC_P0","TAX1BP3","mRNA",-0.026216608220737,0.0411541070279362,1.3855868173031,-0.0363253867450532
"ENSG00000213977_P2","Enhancer","chr17_3662409_3664062","NSC_P2vsNeuron","TAX1BP3","mRNA",-0.383855341570094,0.0752205666396761,1.12366339934279,-0.431324197964541
"ENSG00000213977_P2","Enhancer","chr17_3662409_3664062","iPSvsNSC_P2","TAX1BP3","mRNA",0.448184286288054,0.0417482983238858,1.37936122182368,0.618208024736464
"ENSG00000213977_P2","Enhancer","chr17_3662409_3664062","NSC_P1vsNeuron","TAX1BP3","mRNA",-0.124268283896036,0.0609156898109827,1.21527083346352,-0.151019620943418
"ENSG00000214719_P2","Enhancer","chr17_30575969_30576792","NSC_P0vsNSC_P2","AC005562.1","LncRNA",0.458428207714162,0.0851612437824802,1.06975800430366,0.490407244600807
"ENSG00000214719_P2","Enhancer","chr17_30575969_30576792","NSC_P1vsNSC_P2","AC005562.1","LncRNA",0.520893311822804,0.0133087768561301,1.87586185654957,0.977123894980179
"ENSG00000214719_P2","Enhancer","chr17_30575969_30576792","iPSvsNSC_P1","AC005562.1","LncRNA",-0.411038912446671,0.00904571720644997,2.0435569935963,-0.83998144417061
"ENSG00000214719_P2","Enhancer","chr17_30575969_30576792","NSC_P2vsNeuron","AC005562.1","LncRNA",-0.611421496322619,0.010852062662562,1.96448770717672,-1.20113001342938
"ENSG00000214719_P2","Enhancer","chr17_30575969_30576792","iPSvsNSC_P0","AC005562.1","LncRNA",-0.181901605385836,0.0106870869055013,1.97114065898925,-0.35855365031144
"ENSG00000214719_P2","Enhancer","chr17_30575969_30576792","NSC_P1vsNeuron","AC005562.1","LncRNA",-0.180682962978255,0.0125881863642135,1.90003683611547,-0.343304285317172
"ENSG00000214719_P2","Enhancer","chr17_30575969_30576792","NSC_P0vsNeuron","AC005562.1","LncRNA",-0.691261312904997,0.00567145844918031,2.24630524534284,-1.55278391308107
"ENSG00000214719_P2","Enhancer","chr17_30575969_30576792","NSC_P0vsNSC_P1","AC005562.1","LncRNA",-0.0914737817961477,0.0510749500359222,1.29179204954395,-0.118165104065982
"ENSG00000214719_P2","Enhancer","chr17_30575969_30576792","iPSvsNSC_P2","AC005562.1","LncRNA",0.010395095156466,0.128558116413064,0.89090049932347,0.00926099546541054
"ENSG00000214719_P2","Enhancer","chr17_30575969_30576792","iPSvsNeuron","AC005562.1","LncRNA",-0.620099430274273,0.0286509134251496,1.54286152765197,-0.95672755428908
"ENSG00000214783_P2","Enhancer","chr7_43989793_43990806","NSC_P1vsNSC_P2","POLR2J4","LncRNA",0.299017604490733,0.0834342998898802,1.07865537393593,0.322536945985378
"ENSG00000214783_P2","Enhancer","chr7_43989793_43990806","NSC_P0vsNSC_P1","POLR2J4","LncRNA",-0.0438703522078537,0.274687269707549,0.561161467350007,-0.0246183512181208
"ENSG00000214783_P2","Enhancer","chr7_43989793_43990806","iPSvsNeuron","POLR2J4","LncRNA",-0.27357738639277,0.188391604796108,0.724938454366713,-0.198326767641259
"ENSG00000214783_P2","Enhancer","chr7_43989793_43990806","iPSvsNSC_P0","POLR2J4","LncRNA",-0.235042635830072,0.134235257534001,0.872133399655991,-0.204988533050586
"ENSG00000214783_P2","Enhancer","chr7_43989793_43990806","NSC_P1vsNeuron","POLR2J4","LncRNA",-0.090664737406539,0.225422733427275,0.647002288360154,-0.0586602925756033
"ENSG00000214783_P2","Enhancer","chr7_43989793_43990806","iPSvsNSC_P2","POLR2J4","LncRNA",0.0798581295414703,0.5293140322927,0.2762865925636,0.0220637304995154
"ENSG00000214783_P2","Enhancer","chr7_43989793_43990806","NSC_P2vsNeuron","POLR2J4","LncRNA",-0.468882263360608,0.0110023291168063,1.95851536797787,-0.918313118563998
"ENSG00000214783_P2","Enhancer","chr7_43989793_43990806","NSC_P0vsNSC_P2","POLR2J4","LncRNA",0.306784004738142,0.0776123004529323,1.11006944374833,0.340551549490555
"ENSG00000214783_P2","Enhancer","chr7_43989793_43990806","NSC_P0vsNeuron","POLR2J4","LncRNA",-0.154231134567994,0.121054114114626,0.917020446148578,-0.141433103831543
"ENSG00000214783_P2","Enhancer","chr7_43989793_43990806","iPSvsNSC_P1","POLR2J4","LncRNA",-0.269599177412675,0.11990757067411,0.921153395731902,-0.248342197760213
"ENSG00000215068_P1","Enhancer","chr5_42950380_42951250",NA,NA,NA,NA,NA,NA,NA
"ENSG00000215386_P1","Enhancer","chr21_16418760_16419667","iPSvsNSC_P2","MIR99AHG","LncRNA",-0.773123603807182,0.00628936383730913,2.2013932807739,-1.70194910662883
"ENSG00000215386_P1","Enhancer","chr21_16418760_16419667","NSC_P2vsNeuron","MIR99AHG","LncRNA",0.557641096275233,0.007752265717241,2.11057134979194,1.17694132126508
"ENSG00000215386_P1","Enhancer","chr21_16418760_16419667","NSC_P1vsNeuron","MIR99AHG","LncRNA",-0.134002494918438,0.10371507445578,0.98415811654084,-0.131879643010703
"ENSG00000215386_P1","Enhancer","chr21_16418760_16419667","NSC_P0vsNeuron","MIR99AHG","LncRNA",-0.332024135583912,0.0632656996445478,1.19883168480931,-0.398041053859416
"ENSG00000215386_P1","Enhancer","chr21_16418760_16419667","iPSvsNSC_P1","MIR99AHG","LncRNA",0.198212285561678,0.0161069189986036,1.79298752537049,0.355392155387261
"ENSG00000215386_P1","Enhancer","chr21_16418760_16419667","NSC_P0vsNSC_P1","MIR99AHG","LncRNA",-0.189980596798063,0.0920539810946418,1.03595742464994,-0.19681180979238
"ENSG00000215386_P1","Enhancer","chr21_16418760_16419667","iPSvsNSC_P0","MIR99AHG","LncRNA",0.169224041177903,0.0195674080671405,1.70846669793365,0.2891136388422
"ENSG00000215386_P1","Enhancer","chr21_16418760_16419667","iPSvsNeuron","MIR99AHG","LncRNA",0.068865327651605,0.0522275458655437,1.28210038086591,0.0882922628105787
"ENSG00000215386_P1","Enhancer","chr21_16418760_16419667","NSC_P0vsNSC_P2","MIR99AHG","LncRNA",-0.635563432942632,0.00496752351141741,2.30386006868625,-1.46424921427368
"ENSG00000215386_P1","Enhancer","chr21_16418760_16419667","NSC_P1vsNSC_P2","MIR99AHG","LncRNA",-0.552435100372733,0.0086837972039929,2.06129032734282,-1.13872912888297
"ENSG00000215866_P2","Enhancer","chr1_112825391_112826222","NSC_P0vsNeuron","LINC01356","LncRNA",-0.226689198422619,0.0632656996445478,1.19883168480931,-0.271762193673061
"ENSG00000215866_P2","Enhancer","chr1_112825391_112826222","iPSvsNSC_P2","LINC01356","LncRNA",0.00523439807623326,0.463988467253017,0.333492813993872,0.00174563414400714
"ENSG00000215866_P2","Enhancer","chr1_112825391_112826222","NSC_P1vsNSC_P2","LINC01356","LncRNA",-0.119188881012613,0.319054997673168,0.49613444820542,-0.0591337097134141
"ENSG00000215866_P2","Enhancer","chr1_112825391_112826222","iPSvsNeuron","LINC01356","LncRNA",-0.0584062427637143,0.397928548253242,0.400194902512073,-0.0233738806289211
"ENSG00000215866_P2","Enhancer","chr1_112825391_112826222","iPSvsNSC_P0","LINC01356","LncRNA",0.181158255338775,0.920724810014633,0.0358701541144222,0.00649817453810167
"ENSG00000215866_P2","Enhancer","chr1_112825391_112826222","NSC_P1vsNeuron","LINC01356","LncRNA",-0.140290829102245,0.46379246678518,0.333676309730367,-0.0468117261438505
"ENSG00000215866_P2","Enhancer","chr1_112825391_112826222","NSC_P2vsNeuron","LINC01356","LncRNA",-0.0209841854184463,0.266289498660972,0.574645959973068,-0.012058477374036
"ENSG00000215866_P2","Enhancer","chr1_112825391_112826222","NSC_P0vsNSC_P1","LINC01356","LncRNA",-0.0795137594280673,0.36531680168024,0.43733035322139,-0.0347737804966373
"ENSG00000215866_P2","Enhancer","chr1_112825391_112826222","NSC_P0vsNSC_P2","LINC01356","LncRNA",-0.175709892951206,0.463988432587732,0.333492846440676,-0.0585979923480841
"ENSG00000215866_P2","Enhancer","chr1_112825391_112826222","iPSvsNSC_P1","LINC01356","LncRNA",0.10137728305644,0.538481942860616,0.268828855499664,0.0272531389777283
"ENSG00000222041_P2","Enhancer","chr2_87469191_87470005","iPSvsNSC_P1","CYTOR","LncRNA",0.287470684948678,0.121630146085183,0.914958771643478,0.263023824784152
"ENSG00000222041_P2","Enhancer","chr2_87469191_87470005","NSC_P0vsNSC_P1","CYTOR","LncRNA",0.208389105080988,0.0194421660538232,1.71125535191906,0.356606971351464
"ENSG00000222041_P2","Enhancer","chr2_87469191_87470005","NSC_P2vsNeuron","CYTOR","LncRNA",-0.246327521866886,0.507543787766353,0.29452648353307,-0.0725499788128692
"ENSG00000222041_P2","Enhancer","chr2_87469191_87470005","iPSvsNSC_P2","CYTOR","LncRNA",0.668213648692773,0.00384305454620317,2.41532345135482,1.61395209620303
"ENSG00000222041_P2","Enhancer","chr2_87469191_87470005","NSC_P0vsNeuron","CYTOR","LncRNA",0.496910401767879,0.00837172367237491,2.07718511496585,1.03217489002394
"ENSG00000222041_P2","Enhancer","chr2_87469191_87470005","iPSvsNeuron","CYTOR","LncRNA",0.549660693250055,0.00956597709162726,2.01927066350083,1.10991371275936
"ENSG00000222041_P2","Enhancer","chr2_87469191_87470005","NSC_P1vsNSC_P2","CYTOR","LncRNA",0.491606540304511,0.0131308728431745,1.88170640427038,0.925059175272203
"ENSG00000222041_P2","Enhancer","chr2_87469191_87470005","NSC_P0vsNSC_P2","CYTOR","LncRNA",0.581199180851607,0.00454051668396188,2.34289472418568,1.36168849451827
"ENSG00000222041_P2","Enhancer","chr2_87469191_87470005","iPSvsNSC_P0","CYTOR","LncRNA",0.25402707131841,0.138016246632711,0.860069787456516,0.218481009237025
"ENSG00000222041_P2","Enhancer","chr2_87469191_87470005","NSC_P1vsNeuron","CYTOR","LncRNA",0.374272519398297,0.029356617014981,1.5322939929105,0.573495533185489
"ENSG00000223573_P2","Enhancer","chr19_5577917_5578836","iPSvsNeuron","TINCR","LncRNA",-0.168997674183786,0.027451058604746,1.5614409030414,-0.263879880989427
"ENSG00000223573_P2","Enhancer","chr19_5577917_5578836","iPSvsNSC_P2","TINCR","LncRNA",-0.943454594720904,0.00504212533448775,2.29738636306261,-2.16747972008057
"ENSG00000223573_P2","Enhancer","chr19_5577917_5578836","NSC_P0vsNSC_P2","TINCR","LncRNA",-0.646442490910123,0.0135796383749883,1.86711179513933,-1.20698039965754
"ENSG00000223573_P2","Enhancer","chr19_5577917_5578836","NSC_P0vsNeuron","TINCR","LncRNA",0.39862426825393,0.0525190459881318,1.27968317149827,0.510112767835366
"ENSG00000223573_P2","Enhancer","chr19_5577917_5578836","NSC_P1vsNeuron","TINCR","LncRNA",0.258341753675186,0.219063987865362,0.659429010649295,0.170358047035432
"ENSG00000223573_P2","Enhancer","chr19_5577917_5578836","NSC_P1vsNSC_P2","TINCR","LncRNA",-0.861252779128744,0.00437262376585377,2.35925788909534,-2.03191741366477
"ENSG00000223573_P2","Enhancer","chr19_5577917_5578836","NSC_P2vsNeuron","TINCR","LncRNA",0.754518368879025,0.00523306880141049,2.28124355536611,1.72124016641062
"ENSG00000223573_P2","Enhancer","chr19_5577917_5578836","iPSvsNSC_P1","TINCR","LncRNA",-0.207755515739645,0.0485606071413924,1.31371589202118,-0.272931722682228
"ENSG00000223573_P2","Enhancer","chr19_5577917_5578836","iPSvsNSC_P0","TINCR","LncRNA",-0.362125622895429,0.0576844108023663,1.23894153896322,-0.448652476528078
"ENSG00000223573_P2","Enhancer","chr19_5577917_5578836","NSC_P0vsNSC_P1","TINCR","LncRNA",0.256027495617157,0.185188742501675,0.732385417319318,0.187510804222792
"ENSG00000223617_P1","Enhancer","chr13_109270849_109272251","iPSvsNSC_P1","LINC00370","LncRNA",-0.216021883645451,0.0170837193493935,1.76741757175768,-0.381800873039163
"ENSG00000223617_P1","Enhancer","chr13_109270849_109272251","NSC_P0vsNeuron","LINC00370","LncRNA",-0.0937713246339731,0.117079431094528,0.931519396531272,-0.0873498077349765
"ENSG00000223617_P1","Enhancer","chr13_109270849_109272251","iPSvsNeuron","LINC00370","LncRNA",-0.307175738658941,0.0331136596158186,1.47999281975752,-0.454617887618943
"ENSG00000223617_P1","Enhancer","chr13_109270849_109272251","NSC_P2vsNeuron","LINC00370","LncRNA",0.573934193201717,0.0101277601547813,1.99448659214982,1.14470405311715
"ENSG00000223617_P1","Enhancer","chr13_109270849_109272251","NSC_P1vsNeuron","LINC00370","LncRNA",-0.0963443795883047,0.0696539147920586,1.157054469695,-0.11147569503264
"ENSG00000223617_P1","Enhancer","chr13_109270849_109272251","iPSvsNSC_P2","LINC00370","LncRNA",-0.827684656008829,0.0074267161071802,2.12920317705943,-1.76230879917734
"ENSG00000223617_P1","Enhancer","chr13_109270849_109272251","iPSvsNSC_P0","LINC00370","LncRNA",-0.126192395280286,0.131759436172917,0.880218272274207,-0.111076852147758
"ENSG00000223617_P1","Enhancer","chr13_109270849_109272251","NSC_P0vsNSC_P2","LINC00370","LncRNA",-0.80672936035701,0.00345144560584949,2.46199896662322,-1.98616685154357
"ENSG00000223617_P1","Enhancer","chr13_109270849_109272251","NSC_P1vsNSC_P2","LINC00370","LncRNA",-0.628973505008192,0.00390217364826796,2.40869340823557,-1.51500433546805
"ENSG00000223617_P1","Enhancer","chr13_109270849_109272251","NSC_P0vsNSC_P1","LINC00370","LncRNA",-0.121192359587461,0.00584041229528722,2.23355649342735,-0.270689981710355
"ENSG00000223784_P1","Enhancer","chr10_6736700_6737670",NA,NA,NA,NA,NA,NA,NA
"ENSG00000223930_P1","Enhancer","chr3_178385069_178385976",NA,NA,NA,NA,NA,NA,NA
"ENSG00000223930_P2","Enhancer","chr3_178206366_178207251",NA,NA,NA,NA,NA,NA,NA
"ENSG00000224322_P1","Enhancer","chr7_27602451_27603422",NA,NA,NA,NA,NA,NA,NA
"ENSG00000224322_P2","Enhancer","chr7_27361295_27362182",NA,NA,NA,NA,NA,NA,NA
"ENSG00000224596_P1","Enhancer","chr10_78977726_78978630","NSC_P2vsNeuron","ZMIZ1-AS1","LncRNA",0.621727326866769,0.0120249175834701,1.91991789151686,1.19366541849646
"ENSG00000224596_P1","Enhancer","chr10_78977726_78978630","iPSvsNSC_P1","ZMIZ1-AS1","LncRNA",0.0419002055203963,0.0761644522940799,1.11824767662156,0.0468548074731491
"ENSG00000224596_P1","Enhancer","chr10_78977726_78978630","iPSvsNeuron","ZMIZ1-AS1","LncRNA",0.122584074611806,0.0612468972685639,1.21291590750666,0.148684174103642
"ENSG00000224596_P1","Enhancer","chr10_78977726_78978630","NSC_P0vsNSC_P2","ZMIZ1-AS1","LncRNA",-0.400638549760733,0.0655421341968531,1.18347942113451,-0.474147478955002
"ENSG00000224596_P1","Enhancer","chr10_78977726_78978630","iPSvsNSC_P2","ZMIZ1-AS1","LncRNA",-0.427984725987528,0.0588166351433397,1.23049982478781,-0.526635130339512
"ENSG00000224596_P1","Enhancer","chr10_78977726_78978630","NSC_P1vsNSC_P2","ZMIZ1-AS1","LncRNA",-0.525607868699201,0.0192350623106361,1.71590640248835,-0.901893907099218
"ENSG00000224596_P1","Enhancer","chr10_78977726_78978630","NSC_P0vsNSC_P1","ZMIZ1-AS1","LncRNA",0.215243321251371,0.00460631910928813,2.33664597896353,0.502947441100772
"ENSG00000224596_P1","Enhancer","chr10_78977726_78978630","iPSvsNSC_P0","ZMIZ1-AS1","LncRNA",-0.185330594320639,0.0453701411529267,1.34322986958032,-0.248941590038554
"ENSG00000224596_P1","Enhancer","chr10_78977726_78978630","NSC_P0vsNeuron","ZMIZ1-AS1","LncRNA",0.292710409664262,0.0112903785709864,1.94729149576024,0.569992491459714
"ENSG00000224596_P1","Enhancer","chr10_78977726_78978630","NSC_P1vsNeuron","ZMIZ1-AS1","LncRNA",-0.0838739009530207,0.0632655989416589,1.19883237609612,-0.100550747971961
"ENSG00000224789_P2","Enhancer","chr2_120216001_120216886",NA,NA,NA,NA,NA,NA,NA
"ENSG00000225313_P2","Enhancer","chr1_33324390_33325231","NSC_P0vsNeuron","RP11-415J8.3","LncRNA",-0.151421616744018,0.0353503067082185,1.45160681380176,-0.219804650622495
"ENSG00000225313_P2","Enhancer","chr1_33324390_33325231","iPSvsNeuron","RP11-415J8.3","LncRNA",-0.0695604950144677,0.647788896549732,0.188566500303163,-0.0131167791042338
"ENSG00000225313_P2","Enhancer","chr1_33324390_33325231","iPSvsNSC_P1","RP11-415J8.3","LncRNA",0.400670512999164,0.0272831755263935,1.56410508294048,0.62669078596636
"ENSG00000225313_P2","Enhancer","chr1_33324390_33325231","iPSvsNSC_P0","RP11-415J8.3","LncRNA",0.168076073311074,0.0622493694272955,1.2058650435195,0.202677061457846
"ENSG00000225313_P2","Enhancer","chr1_33324390_33325231","NSC_P1vsNeuron","RP11-415J8.3","LncRNA",-0.219622193985522,0.0308129809342435,1.51126628478371,-0.331907617160546
"ENSG00000225313_P2","Enhancer","chr1_33324390_33325231","NSC_P0vsNSC_P2","RP11-415J8.3","LncRNA",-0.470429841869645,0.0163517780279857,1.78643501696339,-0.840392342540484
"ENSG00000225313_P2","Enhancer","chr1_33324390_33325231","NSC_P2vsNeuron","RP11-415J8.3","LncRNA",0.450799441942427,0.0271822706679377,1.56571426734724,0.70582311796143
"ENSG00000225313_P2","Enhancer","chr1_33324390_33325231","iPSvsNSC_P2","RP11-415J8.3","LncRNA",-0.594117325906089,0.0172301315429268,1.76371140693101,-1.04785150475592
"ENSG00000225313_P2","Enhancer","chr1_33324390_33325231","NSC_P0vsNSC_P1","RP11-415J8.3","LncRNA",0.166690842226693,0.0827370772981545,1.0822998246987,0.180409469320828
"ENSG00000225313_P2","Enhancer","chr1_33324390_33325231","NSC_P1vsNSC_P2","RP11-415J8.3","LncRNA",-0.555107599936438,0.0104121414570254,1.98245994029501,-1.1004785794273
"ENSG00000225420_P1","Enhancer","chr2_88538328_88538938","NSC_P1vsNSC_P2","AC104134.2","LncRNA",0.264247454194194,0.244233804781124,0.612194224855382,0.161770765390422
"ENSG00000225420_P1","Enhancer","chr2_88538328_88538938","iPSvsNeuron","AC104134.2","LncRNA",0.0454853750654287,0.0230750508190655,1.63685733383768,0.0744530697582043
"ENSG00000225420_P1","Enhancer","chr2_88538328_88538938","NSC_P2vsNeuron","AC104134.2","LncRNA",-0.302881090354725,0.290773721556454,0.536444845057536,-0.162478999586198
"ENSG00000225420_P1","Enhancer","chr2_88538328_88538938","NSC_P0vsNeuron","AC104134.2","LncRNA",-0.0759449032885883,0.0516488705707062,1.28693917095507,-0.0977364708764786
"ENSG00000225420_P1","Enhancer","chr2_88538328_88538938","NSC_P1vsNeuron","AC104134.2","LncRNA",-0.181093890211703,0.0331136596158186,1.47999281975752,-0.268017657215277
"ENSG00000225420_P1","Enhancer","chr2_88538328_88538938","NSC_P0vsNSC_P1","AC104134.2","LncRNA",-0.0919033594447547,0.0404453607577953,1.39313128648281,-0.128033445375363
"ENSG00000225420_P1","Enhancer","chr2_88538328_88538938","iPSvsNSC_P0","AC104134.2","LncRNA",0.165523313655284,0.00447000101878617,2.34969237788525,0.388928868458131
"ENSG00000225420_P1","Enhancer","chr2_88538328_88538938","NSC_P0vsNSC_P2","AC104134.2","LncRNA",0.162418640091815,0.122631398065314,0.911398320513327,0.148028075799738
"ENSG00000225420_P1","Enhancer","chr2_88538328_88538938","iPSvsNSC_P1","AC104134.2","LncRNA",0.169190823151261,0.0165348224865569,1.78160046319495,0.301430448894621
"ENSG00000225420_P1","Enhancer","chr2_88538328_88538938","iPSvsNSC_P2","AC104134.2","LncRNA",0.191560440733161,0.0237152377872011,1.62497251642001,0.311280451424692
"ENSG00000225484_P2","Enhancer","chr10_79684865_79685788","NSC_P1vsNSC_P2","NUTM2B-AS1","LncRNA",0.18390776646058,0.0121069522296945,1.91696517117695,0.352544783013877
"ENSG00000225484_P2","Enhancer","chr10_79684865_79685788","NSC_P0vsNeuron","NUTM2B-AS1","LncRNA",0.134873134270078,0.0317544276627643,1.49819571051563,0.202066351227228
"ENSG00000225484_P2","Enhancer","chr10_79684865_79685788","iPSvsNSC_P2","NUTM2B-AS1","LncRNA",0.692438816173448,0.00912191885459097,2.03991379541016,1.41251549358969
"ENSG00000225484_P2","Enhancer","chr10_79684865_79685788","iPSvsNSC_P1","NUTM2B-AS1","LncRNA",0.0411638220721907,0.145160562517301,0.838151357516904,0.0345015133503909
"ENSG00000225484_P2","Enhancer","chr10_79684865_79685788","NSC_P0vsNSC_P2","NUTM2B-AS1","LncRNA",0.199932848609983,0.00832335421913348,2.07970162259142,0.415800669663506
"ENSG00000225484_P2","Enhancer","chr10_79684865_79685788","NSC_P0vsNSC_P1","NUTM2B-AS1","LncRNA",0.0276328528822713,0.0602572351560551,1.21999079938048,0.0337118262770055
"ENSG00000225484_P2","Enhancer","chr10_79684865_79685788","iPSvsNeuron","NUTM2B-AS1","LncRNA",-0.296327806642082,0.00970013369581054,2.01322227986235,-0.596573742474583
"ENSG00000225484_P2","Enhancer","chr10_79684865_79685788","iPSvsNSC_P0","NUTM2B-AS1","LncRNA",-0.16210537450899,0.020074702929608,1.6973508727983,-0.27514969890813
"ENSG00000225484_P2","Enhancer","chr10_79684865_79685788","NSC_P2vsNeuron","NUTM2B-AS1","LncRNA",-0.259305689874472,0.0296093821174679,1.52857065528459,-0.396367068290446
"ENSG00000225484_P2","Enhancer","chr10_79684865_79685788","NSC_P1vsNeuron","NUTM2B-AS1","LncRNA",-0.189125433872697,0.0536982234231185,1.27004008246245,-0.240196881631425
"ENSG00000225484_P2","Enhancer","chr10_79693203_79694512","NSC_P1vsNSC_P2","NUTM2B-AS1","LncRNA",0.18390776646058,0.0121069522296945,1.91696517117695,0.352544783013877
"ENSG00000225484_P2","Enhancer","chr10_79693203_79694512","NSC_P0vsNeuron","NUTM2B-AS1","LncRNA",0.134873134270078,0.0317544276627643,1.49819571051563,0.202066351227228
"ENSG00000225484_P2","Enhancer","chr10_79693203_79694512","iPSvsNSC_P2","NUTM2B-AS1","LncRNA",0.692438816173448,0.00912191885459097,2.03991379541016,1.41251549358969
"ENSG00000225484_P2","Enhancer","chr10_79693203_79694512","iPSvsNSC_P1","NUTM2B-AS1","LncRNA",0.0411638220721907,0.145160562517301,0.838151357516904,0.0345015133503909
"ENSG00000225484_P2","Enhancer","chr10_79693203_79694512","NSC_P0vsNSC_P2","NUTM2B-AS1","LncRNA",0.199932848609983,0.00832335421913348,2.07970162259142,0.415800669663506
"ENSG00000225484_P2","Enhancer","chr10_79693203_79694512","NSC_P0vsNSC_P1","NUTM2B-AS1","LncRNA",0.0276328528822713,0.0602572351560551,1.21999079938048,0.0337118262770055
"ENSG00000225484_P2","Enhancer","chr10_79693203_79694512","iPSvsNeuron","NUTM2B-AS1","LncRNA",-0.296327806642082,0.00970013369581054,2.01322227986235,-0.596573742474583
"ENSG00000225484_P2","Enhancer","chr10_79693203_79694512","iPSvsNSC_P0","NUTM2B-AS1","LncRNA",-0.16210537450899,0.020074702929608,1.6973508727983,-0.27514969890813
"ENSG00000225484_P2","Enhancer","chr10_79693203_79694512","NSC_P2vsNeuron","NUTM2B-AS1","LncRNA",-0.259305689874472,0.0296093821174679,1.52857065528459,-0.396367068290446
"ENSG00000225484_P2","Enhancer","chr10_79693203_79694512","NSC_P1vsNeuron","NUTM2B-AS1","LncRNA",-0.189125433872697,0.0536982234231185,1.27004008246245,-0.240196881631425
"ENSG00000225484_P2","Enhancer","chr10_79702100_79703002","NSC_P1vsNSC_P2","NUTM2B-AS1","LncRNA",0.18390776646058,0.0121069522296945,1.91696517117695,0.352544783013877
"ENSG00000225484_P2","Enhancer","chr10_79702100_79703002","NSC_P0vsNeuron","NUTM2B-AS1","LncRNA",0.134873134270078,0.0317544276627643,1.49819571051563,0.202066351227228
"ENSG00000225484_P2","Enhancer","chr10_79702100_79703002","iPSvsNSC_P2","NUTM2B-AS1","LncRNA",0.692438816173448,0.00912191885459097,2.03991379541016,1.41251549358969
"ENSG00000225484_P2","Enhancer","chr10_79702100_79703002","iPSvsNSC_P1","NUTM2B-AS1","LncRNA",0.0411638220721907,0.145160562517301,0.838151357516904,0.0345015133503909
"ENSG00000225484_P2","Enhancer","chr10_79702100_79703002","NSC_P0vsNSC_P2","NUTM2B-AS1","LncRNA",0.199932848609983,0.00832335421913348,2.07970162259142,0.415800669663506
"ENSG00000225484_P2","Enhancer","chr10_79702100_79703002","NSC_P0vsNSC_P1","NUTM2B-AS1","LncRNA",0.0276328528822713,0.0602572351560551,1.21999079938048,0.0337118262770055
"ENSG00000225484_P2","Enhancer","chr10_79702100_79703002","iPSvsNeuron","NUTM2B-AS1","LncRNA",-0.296327806642082,0.00970013369581054,2.01322227986235,-0.596573742474583
"ENSG00000225484_P2","Enhancer","chr10_79702100_79703002","iPSvsNSC_P0","NUTM2B-AS1","LncRNA",-0.16210537450899,0.020074702929608,1.6973508727983,-0.27514969890813
"ENSG00000225484_P2","Enhancer","chr10_79702100_79703002","NSC_P2vsNeuron","NUTM2B-AS1","LncRNA",-0.259305689874472,0.0296093821174679,1.52857065528459,-0.396367068290446
"ENSG00000225484_P2","Enhancer","chr10_79702100_79703002","NSC_P1vsNeuron","NUTM2B-AS1","LncRNA",-0.189125433872697,0.0536982234231185,1.27004008246245,-0.240196881631425
"ENSG00000225484_P2","Enhancer","chr10_79758356_79759261","NSC_P1vsNSC_P2","NUTM2B-AS1","LncRNA",0.18390776646058,0.0121069522296945,1.91696517117695,0.352544783013877
"ENSG00000225484_P2","Enhancer","chr10_79758356_79759261","NSC_P0vsNeuron","NUTM2B-AS1","LncRNA",0.134873134270078,0.0317544276627643,1.49819571051563,0.202066351227228
"ENSG00000225484_P2","Enhancer","chr10_79758356_79759261","iPSvsNSC_P2","NUTM2B-AS1","LncRNA",0.692438816173448,0.00912191885459097,2.03991379541016,1.41251549358969
"ENSG00000225484_P2","Enhancer","chr10_79758356_79759261","iPSvsNSC_P1","NUTM2B-AS1","LncRNA",0.0411638220721907,0.145160562517301,0.838151357516904,0.0345015133503909
"ENSG00000225484_P2","Enhancer","chr10_79758356_79759261","NSC_P0vsNSC_P2","NUTM2B-AS1","LncRNA",0.199932848609983,0.00832335421913348,2.07970162259142,0.415800669663506
"ENSG00000225484_P2","Enhancer","chr10_79758356_79759261","NSC_P0vsNSC_P1","NUTM2B-AS1","LncRNA",0.0276328528822713,0.0602572351560551,1.21999079938048,0.0337118262770055
"ENSG00000225484_P2","Enhancer","chr10_79758356_79759261","iPSvsNeuron","NUTM2B-AS1","LncRNA",-0.296327806642082,0.00970013369581054,2.01322227986235,-0.596573742474583
"ENSG00000225484_P2","Enhancer","chr10_79758356_79759261","iPSvsNSC_P0","NUTM2B-AS1","LncRNA",-0.16210537450899,0.020074702929608,1.6973508727983,-0.27514969890813
"ENSG00000225484_P2","Enhancer","chr10_79758356_79759261","NSC_P2vsNeuron","NUTM2B-AS1","LncRNA",-0.259305689874472,0.0296093821174679,1.52857065528459,-0.396367068290446
"ENSG00000225484_P2","Enhancer","chr10_79758356_79759261","NSC_P1vsNeuron","NUTM2B-AS1","LncRNA",-0.189125433872697,0.0536982234231185,1.27004008246245,-0.240196881631425
"ENSG00000225484_P2","Enhancer","chr10_79700102_79701005","NSC_P1vsNSC_P2","NUTM2B-AS1","LncRNA",0.18390776646058,0.0121069522296945,1.91696517117695,0.352544783013877
"ENSG00000225484_P2","Enhancer","chr10_79700102_79701005","NSC_P0vsNeuron","NUTM2B-AS1","LncRNA",0.134873134270078,0.0317544276627643,1.49819571051563,0.202066351227228
"ENSG00000225484_P2","Enhancer","chr10_79700102_79701005","iPSvsNSC_P2","NUTM2B-AS1","LncRNA",0.692438816173448,0.00912191885459097,2.03991379541016,1.41251549358969
"ENSG00000225484_P2","Enhancer","chr10_79700102_79701005","iPSvsNSC_P1","NUTM2B-AS1","LncRNA",0.0411638220721907,0.145160562517301,0.838151357516904,0.0345015133503909
"ENSG00000225484_P2","Enhancer","chr10_79700102_79701005","NSC_P0vsNSC_P2","NUTM2B-AS1","LncRNA",0.199932848609983,0.00832335421913348,2.07970162259142,0.415800669663506
"ENSG00000225484_P2","Enhancer","chr10_79700102_79701005","NSC_P0vsNSC_P1","NUTM2B-AS1","LncRNA",0.0276328528822713,0.0602572351560551,1.21999079938048,0.0337118262770055
"ENSG00000225484_P2","Enhancer","chr10_79700102_79701005","iPSvsNeuron","NUTM2B-AS1","LncRNA",-0.296327806642082,0.00970013369581054,2.01322227986235,-0.596573742474583
"ENSG00000225484_P2","Enhancer","chr10_79700102_79701005","iPSvsNSC_P0","NUTM2B-AS1","LncRNA",-0.16210537450899,0.020074702929608,1.6973508727983,-0.27514969890813
"ENSG00000225484_P2","Enhancer","chr10_79700102_79701005","NSC_P2vsNeuron","NUTM2B-AS1","LncRNA",-0.259305689874472,0.0296093821174679,1.52857065528459,-0.396367068290446
"ENSG00000225484_P2","Enhancer","chr10_79700102_79701005","NSC_P1vsNeuron","NUTM2B-AS1","LncRNA",-0.189125433872697,0.0536982234231185,1.27004008246245,-0.240196881631425
"ENSG00000225484_P2","Enhancer","chr10_79716942_79717852","NSC_P1vsNSC_P2","NUTM2B-AS1","LncRNA",0.18390776646058,0.0121069522296945,1.91696517117695,0.352544783013877
"ENSG00000225484_P2","Enhancer","chr10_79716942_79717852","NSC_P0vsNeuron","NUTM2B-AS1","LncRNA",0.134873134270078,0.0317544276627643,1.49819571051563,0.202066351227228
"ENSG00000225484_P2","Enhancer","chr10_79716942_79717852","iPSvsNSC_P2","NUTM2B-AS1","LncRNA",0.692438816173448,0.00912191885459097,2.03991379541016,1.41251549358969
"ENSG00000225484_P2","Enhancer","chr10_79716942_79717852","iPSvsNSC_P1","NUTM2B-AS1","LncRNA",0.0411638220721907,0.145160562517301,0.838151357516904,0.0345015133503909
"ENSG00000225484_P2","Enhancer","chr10_79716942_79717852","NSC_P0vsNSC_P2","NUTM2B-AS1","LncRNA",0.199932848609983,0.00832335421913348,2.07970162259142,0.415800669663506
"ENSG00000225484_P2","Enhancer","chr10_79716942_79717852","NSC_P0vsNSC_P1","NUTM2B-AS1","LncRNA",0.0276328528822713,0.0602572351560551,1.21999079938048,0.0337118262770055
"ENSG00000225484_P2","Enhancer","chr10_79716942_79717852","iPSvsNeuron","NUTM2B-AS1","LncRNA",-0.296327806642082,0.00970013369581054,2.01322227986235,-0.596573742474583
"ENSG00000225484_P2","Enhancer","chr10_79716942_79717852","iPSvsNSC_P0","NUTM2B-AS1","LncRNA",-0.16210537450899,0.020074702929608,1.6973508727983,-0.27514969890813
"ENSG00000225484_P2","Enhancer","chr10_79716942_79717852","NSC_P2vsNeuron","NUTM2B-AS1","LncRNA",-0.259305689874472,0.0296093821174679,1.52857065528459,-0.396367068290446
"ENSG00000225484_P2","Enhancer","chr10_79716942_79717852","NSC_P1vsNeuron","NUTM2B-AS1","LncRNA",-0.189125433872697,0.0536982234231185,1.27004008246245,-0.240196881631425
"ENSG00000225554_P1","Enhancer","chr1_241413294_241414598","NSC_P1vsNeuron","RP11-527D7.1","LncRNA",-0.0800964798784737,0.0742000880169554,1.12959557955581,-0.0904766296087044
"ENSG00000225554_P1","Enhancer","chr1_241413294_241414598","NSC_P0vsNSC_P1","RP11-527D7.1","LncRNA",0.129570947939236,0.0349339039625351,1.45675287801405,0.18875285131749
"ENSG00000225554_P1","Enhancer","chr1_241413294_241414598","NSC_P2vsNeuron","RP11-527D7.1","LncRNA",0.559940462430534,0.0060638960963514,2.21724824886146,1.24152700979078
"ENSG00000225554_P1","Enhancer","chr1_241413294_241414598","iPSvsNSC_P2","RP11-527D7.1","LncRNA",-0.461695537280102,0.141076754793972,0.850544539019295,-0.39269261792317
"ENSG00000225554_P1","Enhancer","chr1_241413294_241414598","iPSvsNeuron","RP11-527D7.1","LncRNA",0.0717269388820847,0.0138303856727457,1.85916570902953,0.133352265183229
"ENSG00000225554_P1","Enhancer","chr1_241413294_241414598","NSC_P1vsNSC_P2","RP11-527D7.1","LncRNA",-0.595195964877627,0.00737365446601045,2.13231721755997,-1.26914660373079
"ENSG00000225554_P1","Enhancer","chr1_241413294_241414598","NSC_P0vsNeuron","RP11-527D7.1","LncRNA",0.00450045924312133,0.0154833964972966,1.81013376469755,0.00814643323261912
"ENSG00000225554_P1","Enhancer","chr1_241413294_241414598","NSC_P0vsNSC_P2","RP11-527D7.1","LncRNA",-0.525262135262407,0.0101277601547813,1.99448659214982,-1.04762828614486
"ENSG00000225554_P1","Enhancer","chr1_241413294_241414598","iPSvsNSC_P1","RP11-527D7.1","LncRNA",0.294982730055022,0.133612954927051,0.874151431227494,0.257859575664991
"ENSG00000225554_P1","Enhancer","chr1_241413294_241414598","iPSvsNSC_P0","RP11-527D7.1","LncRNA",0.343506373265712,0.0233661348215054,1.63141312177643,0.560400804759515
"ENSG00000225889_P1","Enhancer","chr2_64227878_64228843","iPSvsNSC_P2","AC074289.1","LncRNA",-0.098214186599702,0.00443909943765676,2.3527051264903,-0.231069020307194
"ENSG00000225889_P1","Enhancer","chr2_64227878_64228843","NSC_P0vsNSC_P1","AC074289.1","LncRNA",0.00773861333253,0.316728064027945,0.499313453797356,0.00386399375066782
"ENSG00000225889_P1","Enhancer","chr2_64227878_64228843","iPSvsNSC_P1","AC074289.1","LncRNA",-0.203506759414242,0.0115242025720838,1.93838911630928,-0.394475287543937
"ENSG00000225889_P1","Enhancer","chr2_64227878_64228843","NSC_P1vsNSC_P2","AC074289.1","LncRNA",0.0532441943444347,0.0417482602619586,1.37936161777018,0.073442998047809
"ENSG00000225889_P1","Enhancer","chr2_64227878_64228843","NSC_P1vsNeuron","AC074289.1","LncRNA",0.015088970331252,0.332032939349675,0.478818829945979,0.00722488311909968
"ENSG00000225889_P1","Enhancer","chr2_64227878_64228843","iPSvsNeuron","AC074289.1","LncRNA",-0.024440032485651,0.00632911396883086,2.19865708388167,-0.0537352505548746
"ENSG00000225889_P1","Enhancer","chr2_64227878_64228843","NSC_P0vsNSC_P2","AC074289.1","LncRNA",0.276989564927742,0.411571672881688,0.385554523935176,0.106794579840727
"ENSG00000225889_P1","Enhancer","chr2_64227878_64228843","iPSvsNSC_P0","AC074289.1","LncRNA",-0.0965032433845647,0.00705462452210222,2.15152609634175,-0.20762924652351
"ENSG00000225889_P1","Enhancer","chr2_64227878_64228843","NSC_P2vsNeuron","AC074289.1","LncRNA",-0.250744599247092,0.559600394025456,0.252121988384962,-0.0632182269389672
"ENSG00000225889_P1","Enhancer","chr2_64227878_64228843","NSC_P0vsNeuron","AC074289.1","LncRNA",0.184388120516201,0.652968884368215,0.185107513470949,0.0341316265023356
"ENSG00000226053_P2","Enhancer","chr1_98209791_98210741","NSC_P1vsNSC_P2","LINC01776","LncRNA",0.464959545464653,0.0174560604643869,1.7580537624418,0.81742387828736
"ENSG00000226053_P2","Enhancer","chr1_98209791_98210741","iPSvsNSC_P1","LINC01776","LncRNA",0.0866111940059,0.159581621544151,0.797017126278231,0.0690306049501088
"ENSG00000226053_P2","Enhancer","chr1_98209791_98210741","iPSvsNSC_P2","LINC01776","LncRNA",0.553764580503655,0.00832335924419964,2.0797013603945,1.15166495141174
"ENSG00000226053_P2","Enhancer","chr1_98209791_98210741","NSC_P0vsNSC_P1","LINC01776","LncRNA",-0.0694427805389753,0.0715190279035093,1.14557839716252,-0.0795521492243477
"ENSG00000226053_P2","Enhancer","chr1_98209791_98210741","NSC_P0vsNSC_P2","LINC01776","LncRNA",0.379601075656276,0.0280286260144898,1.55239819117838,0.58929202321817
"ENSG00000226053_P2","Enhancer","chr1_98209791_98210741","iPSvsNSC_P0","LINC01776","LncRNA",0.007960599744147,0.102196156020575,0.990565439332901,0.00788549498291436
"ENSG00000226053_P2","Enhancer","chr1_98209791_98210741","NSC_P0vsNeuron","LINC01776","LncRNA",-0.146348144839787,0.13738075778053,0.862074092421697,-0.126162944140359
"ENSG00000226053_P2","Enhancer","chr1_98209791_98210741","iPSvsNeuron","LINC01776","LncRNA",0.0184796817420849,0.452170711505564,0.344697571675443,0.00636990142183168
"ENSG00000226053_P2","Enhancer","chr1_98209791_98210741","NSC_P2vsNeuron","LINC01776","LncRNA",-0.512258259762415,0.0117016489272728,1.93175293572755,-0.989556397146731
"ENSG00000226053_P2","Enhancer","chr1_98209791_98210741","NSC_P1vsNeuron","LINC01776","LncRNA",0.0565098715246417,0.213717012087049,0.670160906186576,0.0378707067094408
"ENSG00000226097_P1","Enhancer","chr7_20306282_20307610",NA,NA,NA,NA,NA,NA,NA
"ENSG00000226097_P1","Enhancer","chr7_20307615_20308494",NA,NA,NA,NA,NA,NA,NA
"ENSG00000226530_P2","Enhancer","chrX_51456218_51457447","iPSvsNSC_P0","RP11-348F1.2","LncRNA",-0.13905536088021,0.995216530253193,0.00208241909002768,-0.00028957153806761
"ENSG00000226530_P2","Enhancer","chrX_51456218_51457447","NSC_P1vsNSC_P2","RP11-348F1.2","LncRNA",0.312262313091742,0.244233804781124,0.612194224855382,0.191165184714747
"ENSG00000226530_P2","Enhancer","chrX_51456218_51457447","NSC_P2vsNeuron","RP11-348F1.2","LncRNA",-0.460390737346996,0.0489768037359145,1.31000956068025,-0.603116267573195
"ENSG00000226530_P2","Enhancer","chrX_51456218_51457447","NSC_P0vsNSC_P2","RP11-348F1.2","LncRNA",0.444801151059617,0.0326092754850195,1.48665885026959,0.661267567832879
"ENSG00000226530_P2","Enhancer","chrX_51456218_51457447","iPSvsNSC_P2","RP11-348F1.2","LncRNA",0.364356759340621,0.046283015597613,1.33457835208122,0.486262643450458
"ENSG00000226530_P2","Enhancer","chrX_51456218_51457447","NSC_P0vsNSC_P1","RP11-348F1.2","LncRNA",0.114297030260031,0.00873344515782739,2.05881440258505,0.235316372072051
"ENSG00000226530_P2","Enhancer","chrX_51456218_51457447","NSC_P0vsNeuron","RP11-348F1.2","LncRNA",0.101902986524527,0.00715685140725914,2.1452779996475,0.218610235089443
"ENSG00000226530_P2","Enhancer","chrX_51456218_51457447","iPSvsNeuron","RP11-348F1.2","LncRNA",0.139201834923368,0.00898252601253062,2.04660151644648,0.284890686446297
"ENSG00000226530_P2","Enhancer","chrX_51456218_51457447","iPSvsNSC_P1","RP11-348F1.2","LncRNA",0.14149557784969,0.00983593410734827,2.00718438933866,0.284007715020351
"ENSG00000226530_P2","Enhancer","chrX_51456218_51457447","NSC_P1vsNeuron","RP11-348F1.2","LncRNA",0.073451600796625,0.0992118753432505,1.00343634107798,0.0737040055496856
"ENSG00000226644_P2","Enhancer","chr20_2236237_2237795","iPSvsNSC_P0","RP11-128M1.1","LncRNA",0.06617327312276,0.0233661348215054,1.63141312177643,0.107955946083366
"ENSG00000226644_P2","Enhancer","chr20_2236237_2237795","iPSvsNeuron","RP11-128M1.1","LncRNA",0.0495825884966297,0.0335110610898669,1.47481182050319,0.0731249876059749
"ENSG00000226644_P2","Enhancer","chr20_2236237_2237795","NSC_P1vsNeuron","RP11-128M1.1","LncRNA",-0.13784624299263,0.0164269659038708,1.78444264428796,-0.24597871435093
"ENSG00000226644_P2","Enhancer","chr20_2236237_2237795","NSC_P0vsNeuron","RP11-128M1.1","LncRNA",0.214989178280262,0.00997351652908528,2.00115168823712,0.430225957068258
"ENSG00000226644_P2","Enhancer","chr20_2236237_2237795","NSC_P1vsNSC_P2","RP11-128M1.1","LncRNA",-0.153252067653776,0.0384865926380726,1.41469053691754,-0.216804249872844
"ENSG00000226644_P2","Enhancer","chr20_2236237_2237795","iPSvsNSC_P2","RP11-128M1.1","LncRNA",0.351548622584298,0.155208412131289,0.809084744139722,0.284432627356288
"ENSG00000226644_P2","Enhancer","chr20_2236237_2237795","NSC_P2vsNeuron","RP11-128M1.1","LncRNA",-0.159900872921187,0.219862240515605,0.657849350647413,-0.105190685419157
"ENSG00000226644_P2","Enhancer","chr20_2236237_2237795","NSC_P0vsNSC_P1","RP11-128M1.1","LncRNA",0.212678703929911,0.393924192019064,0.40458734709702,0.0860471126070354
"ENSG00000226644_P2","Enhancer","chr20_2236237_2237795","iPSvsNSC_P1","RP11-128M1.1","LncRNA",0.323585428562314,0.0162129721624506,1.79013736297812,0.579262365784686
"ENSG00000226644_P2","Enhancer","chr20_2236237_2237795","NSC_P0vsNSC_P2","RP11-128M1.1","LncRNA",-0.0329190912611693,0.0594622915052984,1.22575835835122,-0.0403508512627051
"ENSG00000226684_P1","Enhancer","chr6_97305339_97306210","NSC_P1vsNSC_P2","RP3-418C23.2","LncRNA",-0.276712932441028,0.0914341698429227,1.03889147383948,-0.287474706214105
"ENSG00000226684_P1","Enhancer","chr6_97305339_97306210","iPSvsNSC_P0","RP3-418C23.2","LncRNA",0.192839064264282,0.319052632388484,0.496137667819284,0.0956747236085336
"ENSG00000226684_P1","Enhancer","chr6_97305339_97306210","NSC_P2vsNeuron","RP3-418C23.2","LncRNA",0.0240971092333927,0.0400893184958014,1.39697132653892,0.0336629706515257
"ENSG00000226684_P1","Enhancer","chr6_97305339_97306210","NSC_P0vsNSC_P1","RP3-418C23.2","LncRNA",-0.099037861042191,0.0259719903055858,1.58549476790583,-0.157024010506979
"ENSG00000226684_P1","Enhancer","chr6_97305339_97306210","NSC_P1vsNeuron","RP3-418C23.2","LncRNA",-0.252900696128693,0.113207807475595,0.946123620615565,-0.239275322277475
"ENSG00000226684_P1","Enhancer","chr6_97305339_97306210","NSC_P0vsNeuron","RP3-418C23.2","LncRNA",-0.418398139711622,0.10680653745095,0.971402164049215,-0.406432858350035
"ENSG00000226684_P1","Enhancer","chr6_97305339_97306210","iPSvsNeuron","RP3-418C23.2","LncRNA",-0.394670814257932,0.0233661925838295,1.63141204817877,-0.643870721444918
"ENSG00000226684_P1","Enhancer","chr6_97305339_97306210","iPSvsNSC_P1","RP3-418C23.2","LncRNA",0.0264875026641413,0.0915924604678808,1.0381402742793,0.0274977432807253
"ENSG00000226684_P1","Enhancer","chr6_97305339_97306210","NSC_P0vsNSC_P2","RP3-418C23.2","LncRNA",-0.371363595371037,0.020903053374454,1.6797902705004,-0.623812954322314
"ENSG00000226684_P1","Enhancer","chr6_97305339_97306210","iPSvsNSC_P2","RP3-418C23.2","LncRNA",-0.196759239853016,0.0947071773694308,1.02361710680643,-0.201406123835776
"ENSG00000226686_P2","Enhancer","chr19_37315250_37316270",NA,NA,NA,NA,NA,NA,NA
"ENSG00000226686_P2","Enhancer","chr19_37309562_37310405",NA,NA,NA,NA,NA,NA,NA
"ENSG00000226686_P2","Enhancer","chr19_37262796_37263634",NA,NA,NA,NA,NA,NA,NA
"ENSG00000226686_P2","Enhancer","chr19_37293032_37294078",NA,NA,NA,NA,NA,NA,NA
"ENSG00000226686_P2","Enhancer","chr19_37288971_37289887",NA,NA,NA,NA,NA,NA,NA
"ENSG00000226686_P2","Enhancer","chr19_37294170_37294965",NA,NA,NA,NA,NA,NA,NA
"ENSG00000226702_P2","Enhancer","chr2_56021568_56022834","NSC_P0vsNeuron","MIR217HG","LncRNA",-0.208755665110342,0.0110607129085646,1.95621688005866,-0.408371355896724
"ENSG00000226702_P2","Enhancer","chr2_56021568_56022834","NSC_P1vsNeuron","MIR217HG","LncRNA",0.128020639326616,0.0329164760583163,1.48258666526859,0.189801692744801
"ENSG00000226702_P2","Enhancer","chr2_56021568_56022834","NSC_P1vsNSC_P2","MIR217HG","LncRNA",-0.597684571190439,0.00606389059039346,2.21724864319676,-1.32521530453164
"ENSG00000226702_P2","Enhancer","chr2_56021568_56022834","iPSvsNSC_P0","MIR217HG","LncRNA",0.333460588539434,0.0187065507325998,1.72800628390013,0.576221992429177
"ENSG00000226702_P2","Enhancer","chr2_56021568_56022834","iPSvsNeuron","MIR217HG","LncRNA",0.587688841623779,0.00700405065593408,2.15465072159586,1.26626418667851
"ENSG00000226702_P2","Enhancer","chr2_56021568_56022834","iPSvsNSC_P2","MIR217HG","LncRNA",-0.55838176338841,0.0350267069753987,1.45560069081928,-0.812780880529057
"ENSG00000226702_P2","Enhancer","chr2_56021568_56022834","NSC_P2vsNeuron","MIR217HG","LncRNA",0.595462954463168,0.00464403150850193,2.33310484235248,1.38927750249953
"ENSG00000226702_P2","Enhancer","chr2_56021568_56022834","NSC_P0vsNSC_P2","MIR217HG","LncRNA",-0.531372658324444,0.0129550848747513,1.88755973740487,-1.00299763541102
"ENSG00000226702_P2","Enhancer","chr2_56021568_56022834","iPSvsNSC_P1","MIR217HG","LncRNA",0.441582383652623,0.00546630132697879,2.26230643172913,0.998994666675611
"ENSG00000226702_P2","Enhancer","chr2_56021568_56022834","NSC_P0vsNSC_P1","MIR217HG","LncRNA",0.0382304235735653,0.0288256497382955,1.54022089480252,0.0588832972051561
"ENSG00000226792_P2","Enhancer","chr13_51199715_51200730",NA,NA,NA,NA,NA,NA,NA
"ENSG00000226824_P2","Enhancer","chr7_66664310_66665403","iPSvsNSC_P1","RP4-756H11.3","LncRNA",0.276001234993756,0.0681902085084905,1.16627798159015,0.321894163264905
"ENSG00000226824_P2","Enhancer","chr7_66664310_66665403","NSC_P0vsNSC_P1","RP4-756H11.3","LncRNA",0.0582668792086807,0.993303170859246,0.00291817815509344,0.000170033134072229
"ENSG00000226824_P2","Enhancer","chr7_66664310_66665403","iPSvsNSC_P2","RP4-756H11.3","LncRNA",0.360543561316273,0.118611333629818,0.925873810990973,0.333817841144155
"ENSG00000226824_P2","Enhancer","chr7_66664310_66665403","iPSvsNeuron","RP4-756H11.3","LncRNA",0.081007986562488,0.103206835477646,0.986291538058479,0.079897491661737
"ENSG00000226824_P2","Enhancer","chr7_66664310_66665403","NSC_P0vsNeuron","RP4-756H11.3","LncRNA",-0.239884964368062,0.240449365036227,0.618976365446597,-0.148483123369829
"ENSG00000226824_P2","Enhancer","chr7_66664310_66665403","iPSvsNSC_P0","RP4-756H11.3","LncRNA",0.224863180597814,0.218166023926123,0.661212883309202,0.148682431993158
"ENSG00000226824_P2","Enhancer","chr7_66664310_66665403","NSC_P0vsNSC_P2","RP4-756H11.3","LncRNA",0.036068303907906,0.546746273064393,0.262214168680056,0.00945762032491117
"ENSG00000226824_P2","Enhancer","chr7_66664310_66665403","NSC_P2vsNeuron","RP4-756H11.3","LncRNA",-0.264793822420991,0.365378066933828,0.43725752621036,-0.115783091747588
"ENSG00000226824_P2","Enhancer","chr7_66664310_66665403","NSC_P1vsNSC_P2","RP4-756H11.3","LncRNA",0.0282865568422682,0.614118535776025,0.211747794225454,0.00598961601758324
"ENSG00000226824_P2","Enhancer","chr7_66664310_66665403","NSC_P1vsNeuron","RP4-756H11.3","LncRNA",-0.244168586355382,0.237579260884671,0.62419147310354,-0.152407949602775
"ENSG00000226824_P2","Enhancer","chr7_66666603_66667520","iPSvsNSC_P1","RP4-756H11.3","LncRNA",0.276001234993756,0.0681902085084905,1.16627798159015,0.321894163264905
"ENSG00000226824_P2","Enhancer","chr7_66666603_66667520","NSC_P0vsNSC_P1","RP4-756H11.3","LncRNA",0.0582668792086807,0.993303170859246,0.00291817815509344,0.000170033134072229
"ENSG00000226824_P2","Enhancer","chr7_66666603_66667520","iPSvsNSC_P2","RP4-756H11.3","LncRNA",0.360543561316273,0.118611333629818,0.925873810990973,0.333817841144155
"ENSG00000226824_P2","Enhancer","chr7_66666603_66667520","iPSvsNeuron","RP4-756H11.3","LncRNA",0.081007986562488,0.103206835477646,0.986291538058479,0.079897491661737
"ENSG00000226824_P2","Enhancer","chr7_66666603_66667520","NSC_P0vsNeuron","RP4-756H11.3","LncRNA",-0.239884964368062,0.240449365036227,0.618976365446597,-0.148483123369829
"ENSG00000226824_P2","Enhancer","chr7_66666603_66667520","iPSvsNSC_P0","RP4-756H11.3","LncRNA",0.224863180597814,0.218166023926123,0.661212883309202,0.148682431993158
"ENSG00000226824_P2","Enhancer","chr7_66666603_66667520","NSC_P0vsNSC_P2","RP4-756H11.3","LncRNA",0.036068303907906,0.546746273064393,0.262214168680056,0.00945762032491117
"ENSG00000226824_P2","Enhancer","chr7_66666603_66667520","NSC_P2vsNeuron","RP4-756H11.3","LncRNA",-0.264793822420991,0.365378066933828,0.43725752621036,-0.115783091747588
"ENSG00000226824_P2","Enhancer","chr7_66666603_66667520","NSC_P1vsNSC_P2","RP4-756H11.3","LncRNA",0.0282865568422682,0.614118535776025,0.211747794225454,0.00598961601758324
"ENSG00000226824_P2","Enhancer","chr7_66666603_66667520","NSC_P1vsNeuron","RP4-756H11.3","LncRNA",-0.244168586355382,0.237579260884671,0.62419147310354,-0.152407949602775
"ENSG00000226824_P2","Enhancer","chr7_66684208_66685094","iPSvsNSC_P1","RP4-756H11.3","LncRNA",0.276001234993756,0.0681902085084905,1.16627798159015,0.321894163264905
"ENSG00000226824_P2","Enhancer","chr7_66684208_66685094","NSC_P0vsNSC_P1","RP4-756H11.3","LncRNA",0.0582668792086807,0.993303170859246,0.00291817815509344,0.000170033134072229
"ENSG00000226824_P2","Enhancer","chr7_66684208_66685094","iPSvsNSC_P2","RP4-756H11.3","LncRNA",0.360543561316273,0.118611333629818,0.925873810990973,0.333817841144155
"ENSG00000226824_P2","Enhancer","chr7_66684208_66685094","iPSvsNeuron","RP4-756H11.3","LncRNA",0.081007986562488,0.103206835477646,0.986291538058479,0.079897491661737
"ENSG00000226824_P2","Enhancer","chr7_66684208_66685094","NSC_P0vsNeuron","RP4-756H11.3","LncRNA",-0.239884964368062,0.240449365036227,0.618976365446597,-0.148483123369829
"ENSG00000226824_P2","Enhancer","chr7_66684208_66685094","iPSvsNSC_P0","RP4-756H11.3","LncRNA",0.224863180597814,0.218166023926123,0.661212883309202,0.148682431993158
"ENSG00000226824_P2","Enhancer","chr7_66684208_66685094","NSC_P0vsNSC_P2","RP4-756H11.3","LncRNA",0.036068303907906,0.546746273064393,0.262214168680056,0.00945762032491117
"ENSG00000226824_P2","Enhancer","chr7_66684208_66685094","NSC_P2vsNeuron","RP4-756H11.3","LncRNA",-0.264793822420991,0.365378066933828,0.43725752621036,-0.115783091747588
"ENSG00000226824_P2","Enhancer","chr7_66684208_66685094","NSC_P1vsNSC_P2","RP4-756H11.3","LncRNA",0.0282865568422682,0.614118535776025,0.211747794225454,0.00598961601758324
"ENSG00000226824_P2","Enhancer","chr7_66684208_66685094","NSC_P1vsNeuron","RP4-756H11.3","LncRNA",-0.244168586355382,0.237579260884671,0.62419147310354,-0.152407949602775
"ENSG00000226824_P2","Enhancer","chr7_66678729_66679695","iPSvsNSC_P1","RP4-756H11.3","LncRNA",0.276001234993756,0.0681902085084905,1.16627798159015,0.321894163264905
"ENSG00000226824_P2","Enhancer","chr7_66678729_66679695","NSC_P0vsNSC_P1","RP4-756H11.3","LncRNA",0.0582668792086807,0.993303170859246,0.00291817815509344,0.000170033134072229
"ENSG00000226824_P2","Enhancer","chr7_66678729_66679695","iPSvsNSC_P2","RP4-756H11.3","LncRNA",0.360543561316273,0.118611333629818,0.925873810990973,0.333817841144155
"ENSG00000226824_P2","Enhancer","chr7_66678729_66679695","iPSvsNeuron","RP4-756H11.3","LncRNA",0.081007986562488,0.103206835477646,0.986291538058479,0.079897491661737
"ENSG00000226824_P2","Enhancer","chr7_66678729_66679695","NSC_P0vsNeuron","RP4-756H11.3","LncRNA",-0.239884964368062,0.240449365036227,0.618976365446597,-0.148483123369829
"ENSG00000226824_P2","Enhancer","chr7_66678729_66679695","iPSvsNSC_P0","RP4-756H11.3","LncRNA",0.224863180597814,0.218166023926123,0.661212883309202,0.148682431993158
"ENSG00000226824_P2","Enhancer","chr7_66678729_66679695","NSC_P0vsNSC_P2","RP4-756H11.3","LncRNA",0.036068303907906,0.546746273064393,0.262214168680056,0.00945762032491117
"ENSG00000226824_P2","Enhancer","chr7_66678729_66679695","NSC_P2vsNeuron","RP4-756H11.3","LncRNA",-0.264793822420991,0.365378066933828,0.43725752621036,-0.115783091747588
"ENSG00000226824_P2","Enhancer","chr7_66678729_66679695","NSC_P1vsNSC_P2","RP4-756H11.3","LncRNA",0.0282865568422682,0.614118535776025,0.211747794225454,0.00598961601758324
"ENSG00000226824_P2","Enhancer","chr7_66678729_66679695","NSC_P1vsNeuron","RP4-756H11.3","LncRNA",-0.244168586355382,0.237579260884671,0.62419147310354,-0.152407949602775
"ENSG00000226953_P1","Enhancer","chr2_133264946_133265921","NSC_P2vsNeuron","NCKAP5-AS2","LncRNA",0.457629554610612,0.0503723153072733,1.29780808682219,0.593915336742489
"ENSG00000226953_P1","Enhancer","chr2_133264946_133265921","NSC_P0vsNSC_P2","NCKAP5-AS2","LncRNA",-0.64829786872325,0.00571826624046095,2.24273562790926,-1.45396072768327
"ENSG00000226953_P1","Enhancer","chr2_133264946_133265921","NSC_P1vsNeuron","NCKAP5-AS2","LncRNA",-0.268584406150305,0.0157924531412921,1.80155040305214,-0.483868345153603
"ENSG00000226953_P1","Enhancer","chr2_133264946_133265921","NSC_P0vsNSC_P1","NCKAP5-AS2","LncRNA",-0.105904790628164,0.0409164973341931,1.38810155124387,-0.147006604155111
"ENSG00000226953_P1","Enhancer","chr2_133264946_133265921","NSC_P1vsNSC_P2","NCKAP5-AS2","LncRNA",-0.574522222567459,0.0141359783226724,1.84967412948537,-1.06267889189747
"ENSG00000226953_P1","Enhancer","chr2_133264946_133265921","iPSvsNeuron","NCKAP5-AS2","LncRNA",-0.221337016325077,0.0154833571794671,1.81013486752651,-0.400649850724307
"ENSG00000226953_P1","Enhancer","chr2_133264946_133265921","iPSvsNSC_P2","NCKAP5-AS2","LncRNA",-0.591119060233237,0.0310782884428883,1.50754290686845,-0.89113734636936
"ENSG00000226953_P1","Enhancer","chr2_133264946_133265921","NSC_P0vsNeuron","NCKAP5-AS2","LncRNA",-0.229772666624765,0.0142046680962504,1.84756890947015,-0.424520835101967
"ENSG00000226953_P1","Enhancer","chr2_133264946_133265921","iPSvsNSC_P0","NCKAP5-AS2","LncRNA",0.0744963365160593,0.174299295407149,0.758704368491875,0.056520695951375
"ENSG00000226953_P1","Enhancer","chr2_133264946_133265921","iPSvsNSC_P1","NCKAP5-AS2","LncRNA",-0.0805347219146807,0.532166287891428,0.273952640957988,-0.0220626997573439
"ENSG00000227036_P2","Enhancer","chr17_72422489_72423390","NSC_P0vsNSC_P2","LINC00511","LncRNA",0.474999769966634,0.0228389829249269,1.64132324017781,0.779628161525349
"ENSG00000227036_P2","Enhancer","chr17_72422489_72423390","NSC_P0vsNSC_P1","LINC00511","LncRNA",0.149151649361616,0.125132729376714,0.902629082563744,0.134628616426144
"ENSG00000227036_P2","Enhancer","chr17_72422489_72423390","NSC_P2vsNeuron","LINC00511","LncRNA",-0.101149922554124,0.0624410294407334,1.20452994550801,-0.121838110702258
"ENSG00000227036_P2","Enhancer","chr17_72422489_72423390","NSC_P1vsNeuron","LINC00511","LncRNA",0.423894699273281,0.03331185328338,1.4774012049445,0.626262539475931
"ENSG00000227036_P2","Enhancer","chr17_72422489_72423390","NSC_P0vsNeuron","LINC00511","LncRNA",0.431213571019683,0.0555086112905813,1.25563963767231,0.541448852074539
"ENSG00000227036_P2","Enhancer","chr17_72422489_72423390","iPSvsNSC_P1","LINC00511","LncRNA",0.170046303382711,0.0259722128725853,1.58549104623474,0.269606891458604
"ENSG00000227036_P2","Enhancer","chr17_72422489_72423390","iPSvsNSC_P2","LINC00511","LncRNA",0.0715614862721227,0.0171181216758146,1.76654389097791,0.126416506403318
"ENSG00000227036_P2","Enhancer","chr17_72422489_72423390","iPSvsNeuron","LINC00511","LncRNA",0.123454473616683,0.120479781706253,0.919085828027967,0.113465257107746
"ENSG00000227036_P2","Enhancer","chr17_72422489_72423390","iPSvsNSC_P0","LINC00511","LncRNA",-0.123329476846372,0.209333458503924,0.679161351296731,-0.083760614149701
"ENSG00000227036_P2","Enhancer","chr17_72422489_72423390","NSC_P1vsNSC_P2","LINC00511","LncRNA",0.47295349887582,0.027015655659389,1.56838448783979,0.741772931106388
"ENSG00000227400_P1","Enhancer","chr2_153592766_153593985",NA,NA,NA,NA,NA,NA,NA
"ENSG00000227482_P1","Enhancer","chr9_113614573_113615431",NA,NA,NA,NA,NA,NA,NA
"ENSG00000227482_P2","Enhancer","chr9_113636110_113636978",NA,NA,NA,NA,NA,NA,NA
"ENSG00000227487_P1","Enhancer","chr11_113274375_113275344","iPSvsNSC_P2","NCAM1-AS1","LncRNA",-0.682501982557939,0.0113084252612664,1.94659786792671,-1.32855690410304
"ENSG00000227487_P1","Enhancer","chr11_113274375_113275344","NSC_P2vsNeuron","NCAM1-AS1","LncRNA",0.612309209919266,0.00786359191287411,2.10437903263594,1.28853066284398
"ENSG00000227487_P1","Enhancer","chr11_113274375_113275344","NSC_P0vsNSC_P2","NCAM1-AS1","LncRNA",-0.71218960197908,0.00547081407377773,2.26194804451781,-1.61093587752249
"ENSG00000227487_P1","Enhancer","chr11_113274375_113275344","NSC_P1vsNeuron","NCAM1-AS1","LncRNA",-0.148216952806023,0.299654914975025,0.5233785945601,-0.0775735804495967
"ENSG00000227487_P1","Enhancer","chr11_113274375_113275344","iPSvsNSC_P1","NCAM1-AS1","LncRNA",0.081682458058157,0.254164662080138,0.594884831950548,0.0485916553352344
"ENSG00000227487_P1","Enhancer","chr11_113274375_113275344","iPSvsNSC_P0","NCAM1-AS1","LncRNA",-0.149424792078656,0.135486584059314,0.868103706689721,-0.129716215874822
"ENSG00000227487_P1","Enhancer","chr11_113274375_113275344","iPSvsNeuron","NCAM1-AS1","LncRNA",-0.195554780535034,0.268415745297096,0.571192011993809,-0.111699328548814
"ENSG00000227487_P1","Enhancer","chr11_113274375_113275344","NSC_P0vsNSC_P1","NCAM1-AS1","LncRNA",0.241181996057007,0.0345221086076733,1.46190268547394,0.352584607723704
"ENSG00000227487_P1","Enhancer","chr11_113274375_113275344","NSC_P1vsNSC_P2","NCAM1-AS1","LncRNA",-0.738078987531605,0.00405361972213007,2.39215699573351,-1.76560081342764
"ENSG00000227487_P1","Enhancer","chr11_113274375_113275344","NSC_P0vsNeuron","NCAM1-AS1","LncRNA",0.102852838404689,0.0622495783600523,1.20586358586311,0.124026492534878
"ENSG00000227681_P2","Enhancer","chr6_147660188_147661064","NSC_P0vsNSC_P2","RP11-307P5.1","LncRNA",-0.822444573020851,0.006911290249565,2.16044086782722,-1.77684286707696
"ENSG00000227681_P2","Enhancer","chr6_147660188_147661064","NSC_P0vsNeuron","RP11-307P5.1","LncRNA",-0.263992828219708,0.00757899132962388,2.12038858976733,-0.559767380737476
"ENSG00000227681_P2","Enhancer","chr6_147660188_147661064","iPSvsNSC_P0","RP11-307P5.1","LncRNA",-0.053027178731812,0.070395208210762,1.15245690219952,-0.0611115381336445
"ENSG00000227681_P2","Enhancer","chr6_147660188_147661064","NSC_P2vsNeuron","RP11-307P5.1","LncRNA",0.707895297967476,0.00721654266284855,2.14167081656653,1.51607870084161
"ENSG00000227681_P2","Enhancer","chr6_147660188_147661064","NSC_P1vsNSC_P2","RP11-307P5.1","LncRNA",-0.53540523374176,0.0201181512699498,1.69641193068115,-0.908267826268652
"ENSG00000227681_P2","Enhancer","chr6_147660188_147661064","iPSvsNSC_P1","RP11-307P5.1","LncRNA",-0.433331729761719,0.00747136666231423,2.1265999497758,-0.921523234747531
"ENSG00000227681_P2","Enhancer","chr6_147660188_147661064","iPSvsNSC_P2","RP11-307P5.1","LncRNA",-1.02221610795909,0.00661769151355075,2.17929348152268,-2.22770890078272
"ENSG00000227681_P2","Enhancer","chr6_147660188_147661064","NSC_P1vsNeuron","RP11-307P5.1","LncRNA",-0.0670843436926303,0.0125033602654103,1.90297325510321,-0.127659711883227
"ENSG00000227681_P2","Enhancer","chr6_147660188_147661064","NSC_P0vsNSC_P1","RP11-307P5.1","LncRNA",-0.212230497577966,0.00414485886770852,2.38249025257303,-0.50563709177823
"ENSG00000227681_P2","Enhancer","chr6_147660188_147661064","iPSvsNeuron","RP11-307P5.1","LncRNA",-0.510117062040237,0.0143950830801161,1.84178582428143,-0.939526373589799
"ENSG00000227712_P1","Enhancer","chr1_119327185_119328200",NA,NA,NA,NA,NA,NA,NA
"ENSG00000227712_P2","Enhancer","chr1_119327185_119328200",NA,NA,NA,NA,NA,NA,NA
"ENSG00000228126_P2","Enhancer","chr1_150532237_150533143","NSC_P0vsNSC_P2","FALEC","LncRNA",-0.589772472846885,0.00964668393020234,2.01562195073019,-1.18875834220661
"ENSG00000228126_P2","Enhancer","chr1_150532237_150533143","iPSvsNSC_P1","FALEC","LncRNA",0.0523756447752427,0.244313426072223,0.612052666023446,0.0320566530193842
"ENSG00000228126_P2","Enhancer","chr1_150532237_150533143","NSC_P1vsNSC_P2","FALEC","LncRNA",-0.527304590117594,0.0137628903508778,1.86129035013986,-0.981466945170331
"ENSG00000228126_P2","Enhancer","chr1_150532237_150533143","NSC_P0vsNSC_P1","FALEC","LncRNA",-0.0839113596124113,0.0660419121520566,1.18018036083225,-0.0990305386653005
"ENSG00000228126_P2","Enhancer","chr1_150532237_150533143","NSC_P0vsNeuron","FALEC","LncRNA",-0.34437046384379,0.0558152165697824,1.25324738580447,-0.431581383560501
"ENSG00000228126_P2","Enhancer","chr1_150532237_150533143","iPSvsNSC_P0","FALEC","LncRNA",0.229726417119976,0.0962972753040331,1.01638600090417,0.233490714398615
"ENSG00000228126_P2","Enhancer","chr1_150532237_150533143","iPSvsNSC_P2","FALEC","LncRNA",-0.643104698478227,0.0117817415120072,1.92879050979052,-1.2404142392265
"ENSG00000228126_P2","Enhancer","chr1_150532237_150533143","iPSvsNeuron","FALEC","LncRNA",-0.157488105234397,0.0366236415726241,1.43623847499154,-0.226190476091158
"ENSG00000228126_P2","Enhancer","chr1_150532237_150533143","NSC_P2vsNeuron","FALEC","LncRNA",0.436771387854161,0.0407933277374143,1.38941086543438,0.606854911995424
"ENSG00000228126_P2","Enhancer","chr1_150532237_150533143","NSC_P1vsNeuron","FALEC","LncRNA",-0.282852738031438,0.185986288549294,0.730519072055621,-0.206629319715118
"ENSG00000228204_P1","Enhancer","chr7_50866294_50867054",NA,NA,NA,NA,NA,NA,NA
"ENSG00000228495_P1","Enhancer","chr6_132133860_132134668","NSC_P0vsNeuron","LINC01013","LncRNA",0.169795791607287,0.0386069938015209,1.41333401412938,0.239978167734603
"ENSG00000228495_P1","Enhancer","chr6_132133860_132134668","iPSvsNSC_P1","LINC01013","LncRNA",0.165842069581142,0.010112690321426,1.99513329185509,0.330877034211485
"ENSG00000228495_P1","Enhancer","chr6_132133860_132134668","NSC_P1vsNeuron","LINC01013","LncRNA",-0.112020097790098,0.0416323075008042,1.38056951735983,-0.154651532340676
"ENSG00000228495_P1","Enhancer","chr6_132133860_132134668","NSC_P0vsNSC_P1","LINC01013","LncRNA",0.0503203623348043,0.023512689766946,1.62869768631004,0.0819566577089788
"ENSG00000228495_P1","Enhancer","chr6_132133860_132134668","iPSvsNSC_P0","LINC01013","LncRNA",-0.152167438433763,0.0212582649178993,1.6724721851247,-0.254495808262145
"ENSG00000228495_P1","Enhancer","chr6_132133860_132134668","iPSvsNeuron","LINC01013","LncRNA",0.0939336802761934,0.0168623166555472,1.77308275939073,0.166552189023839
"ENSG00000228495_P1","Enhancer","chr6_132133860_132134668","NSC_P2vsNeuron","LINC01013","LncRNA",0.537984200053049,0.0103403940536368,1.9854629107528,1.06814767577634
"ENSG00000228495_P1","Enhancer","chr6_132133860_132134668","NSC_P1vsNSC_P2","LINC01013","LncRNA",-0.508997913939513,0.0240137040719168,1.61954084561056,-0.824342911955608
"ENSG00000228495_P1","Enhancer","chr6_132133860_132134668","iPSvsNSC_P2","LINC01013","LncRNA",-0.530538211569465,0.0437150584738368,1.35936893635719,-0.721197164358032
"ENSG00000228495_P1","Enhancer","chr6_132133860_132134668","NSC_P0vsNSC_P2","LINC01013","LncRNA",-0.469717450535917,0.0391666930787549,1.40708309524501,-0.660931484190671
"ENSG00000228559_P1","Enhancer","chr6_35543155_35544057",NA,NA,NA,NA,NA,NA,NA
"ENSG00000228592_P1","Enhancer","chr21_23384455_23385383",NA,NA,NA,NA,NA,NA,NA
"ENSG00000228624_P1","Enhancer","chr6_113995534_113996377","iPSvsNeuron","HDAC2-AS2","LncRNA",-0.455775333833732,0.0152802627925563,1.8158691766258,-0.827628380175007
"ENSG00000228624_P1","Enhancer","chr6_113995534_113996377","iPSvsNSC_P2","HDAC2-AS2","LncRNA",0.103148738898798,0.00361460357722766,2.44193932593875,0.251882961937962
"ENSG00000228624_P1","Enhancer","chr6_113995534_113996377","iPSvsNSC_P1","HDAC2-AS2","LncRNA",-0.201264180548338,0.776277253551114,0.109983139331836,-0.0221356664117557
"ENSG00000228624_P1","Enhancer","chr6_113995534_113996377","iPSvsNSC_P0","HDAC2-AS2","LncRNA",0.066733869963857,0.207598470157114,0.682775851231921,0.0455642748705727
"ENSG00000228624_P1","Enhancer","chr6_113995534_113996377","NSC_P2vsNeuron","HDAC2-AS2","LncRNA",-0.404709985828785,0.0460206141253272,1.3370475901554,-0.541116511264203
"ENSG00000228624_P1","Enhancer","chr6_113995534_113996377","NSC_P0vsNSC_P1","HDAC2-AS2","LncRNA",-0.259694389249579,0.0738116514371032,1.13187507780518,-0.293941607037436
"ENSG00000228624_P1","Enhancer","chr6_113995534_113996377","NSC_P0vsNSC_P2","HDAC2-AS2","LncRNA",0.163569207192915,0.00964668393020234,2.01562195073019,0.329693684481574
"ENSG00000228624_P1","Enhancer","chr6_113995534_113996377","NSC_P0vsNeuron","HDAC2-AS2","LncRNA",-0.267349350038825,0.00610265198203006,2.21448139599351,-0.592040161891935
"ENSG00000228624_P1","Enhancer","chr6_113995534_113996377","NSC_P1vsNSC_P2","HDAC2-AS2","LncRNA",0.5507203502467,0.00721653635947244,2.14167119590644,1.17946191112287
"ENSG00000228624_P1","Enhancer","chr6_113995534_113996377","NSC_P1vsNeuron","HDAC2-AS2","LncRNA",-0.283138403188313,0.00642180485958815,2.19234289554493,-0.620736466685833
"ENSG00000228709_P2","Enhancer","chr21_44482424_44483361","iPSvsNSC_P1","LINC02575","LncRNA",-0.251177722273068,0.00503842454825727,2.29770524072891,-0.577132368821178
"ENSG00000228709_P2","Enhancer","chr21_44482424_44483361","iPSvsNeuron","LINC02575","LncRNA",-0.212107419790291,0.00695377913530416,2.15777910741778,-0.457680958951783
"ENSG00000228709_P2","Enhancer","chr21_44482424_44483361","NSC_P2vsNeuron","LINC02575","LncRNA",-0.632352880808187,0.00899476886594082,2.04600999202229,-1.29380031261763
"ENSG00000228709_P2","Enhancer","chr21_44482424_44483361","iPSvsNSC_P0","LINC02575","LncRNA",-0.174012793674815,0.0446007213662371,1.35065811700887,-0.235031792240279
"ENSG00000228709_P2","Enhancer","chr21_44482424_44483361","NSC_P0vsNeuron","LINC02575","LncRNA",0.00447163733065166,0.126318631733959,0.898532587192366,0.0040179118596964
"ENSG00000228709_P2","Enhancer","chr21_44482424_44483361","NSC_P0vsNSC_P2","LINC02575","LncRNA",0.528180395048208,0.0133087868754452,1.87586152959754,0.990793283758565
"ENSG00000228709_P2","Enhancer","chr21_44482424_44483361","NSC_P0vsNSC_P1","LINC02575","LncRNA",0.137706305271491,0.0236602508470949,1.62598065527311,0.223907788480578
"ENSG00000228709_P2","Enhancer","chr21_44482424_44483361","iPSvsNSC_P2","LINC02575","LncRNA",0.254750082004167,0.0387121981432799,1.41215216801472,0.359745880604113
"ENSG00000228709_P2","Enhancer","chr21_44482424_44483361","NSC_P1vsNeuron","LINC02575","LncRNA",-0.014937424100166,0.0496652065581952,1.30394775395249,-0.0194776206052472
"ENSG00000228709_P2","Enhancer","chr21_44482424_44483361","NSC_P1vsNSC_P2","LINC02575","LncRNA",0.308807964147097,0.0129550750533144,1.88756006664991,0.58289358138752
"ENSG00000228789_P1","Enhancer","chr6_31053632_31054540","NSC_P0vsNSC_P2","HCG22","LncRNA",-0.786402712862333,0.00369878175223856,2.43194129360886,-1.91248523081594
"ENSG00000228789_P1","Enhancer","chr6_31053632_31054540","NSC_P1vsNeuron","HCG22","LncRNA",-0.312414717506009,0.131759597377064,0.880217740926846,-0.274992976875438
"ENSG00000228789_P1","Enhancer","chr6_31053632_31054540","NSC_P0vsNSC_P1","HCG22","LncRNA",0.183662370874393,0.00873344515782739,2.05881440258505,0.378126734369119
"ENSG00000228789_P1","Enhancer","chr6_31053632_31054540","iPSvsNSC_P2","HCG22","LncRNA",-0.859084225921116,0.00489392793374595,2.31034243020428,-1.98477873826475
"ENSG00000228789_P1","Enhancer","chr6_31053632_31054540","iPSvsNSC_P0","HCG22","LncRNA",-0.169143823968235,0.283205845713773,0.547897786522408,-0.0926735267561316
"ENSG00000228789_P1","Enhancer","chr6_31053632_31054540","NSC_P1vsNSC_P2","HCG22","LncRNA",-0.791940278817489,0.00454051229967217,2.34289514353746,-1.8554330332132
"ENSG00000228789_P1","Enhancer","chr6_31053632_31054540","NSC_P0vsNeuron","HCG22","LncRNA",-0.0813489859337534,0.230977274209927,0.63643074811975,-0.0517729959766016
"ENSG00000228789_P1","Enhancer","chr6_31053632_31054540","iPSvsNeuron","HCG22","LncRNA",-0.364731653843089,0.225422733427275,0.647002288360154,-0.235982214673862
"ENSG00000228789_P1","Enhancer","chr6_31053632_31054540","iPSvsNSC_P1","HCG22","LncRNA",-0.251854603698653,0.248221262799374,0.605161019288063,-0.152412588686668
"ENSG00000228789_P1","Enhancer","chr6_31053632_31054540","NSC_P2vsNeuron","HCG22","LncRNA",0.665647157721637,0.00619828409337826,2.20772852210142,1.4695682157578
"ENSG00000228789_P2","Enhancer","chr6_31053632_31054540","NSC_P2vsNeuron","HCG22","LncRNA",0.47581954423567,0.0562918520647825,1.24955446233139,0.594562434764171
"ENSG00000228789_P2","Enhancer","chr6_31053632_31054540","NSC_P0vsNSC_P2","HCG22","LncRNA",-0.539043696491628,0.0191117264306568,1.71870007979787,-0.926454444174697
"ENSG00000228789_P2","Enhancer","chr6_31053632_31054540","NSC_P1vsNeuron","HCG22","LncRNA",-0.057656331510619,0.508821626618475,0.293434438001426,-0.0169183532340424
"ENSG00000228789_P2","Enhancer","chr6_31053632_31054540","iPSvsNSC_P1","HCG22","LncRNA",0.124918849965814,0.142530546217742,0.846092050517508,0.105692845915864
"ENSG00000228789_P2","Enhancer","chr6_31053632_31054540","iPSvsNSC_P0","HCG22","LncRNA",0.128198253743187,0.221773020299589,0.654091288879846,0.0838533610230269
"ENSG00000228789_P2","Enhancer","chr6_31053632_31054540","iPSvsNeuron","HCG22","LncRNA",0.0880584868914757,0.456509468080674,0.340550210698029,0.0299883362646417
"ENSG00000228789_P2","Enhancer","chr6_31053632_31054540","NSC_P0vsNSC_P1","HCG22","LncRNA",0.0543127686632703,0.920724691937672,0.0358702098098649,0.00194821040730617
"ENSG00000228789_P2","Enhancer","chr6_31053632_31054540","NSC_P0vsNeuron","HCG22","LncRNA",-0.0357925760702423,0.278925184010886,0.554512271739025,-0.0198474226681019
"ENSG00000228789_P2","Enhancer","chr6_31053632_31054540","iPSvsNSC_P2","HCG22","LncRNA",-0.385381439439845,0.210969469670415,0.675780388839837,-0.260433218996314
"ENSG00000228789_P2","Enhancer","chr6_31053632_31054540","NSC_P1vsNSC_P2","HCG22","LncRNA",-0.514252727135985,0.0235671764517262,1.62769244653335,-0.83704527956842
"ENSG00000228863_P1","Enhancer","chr1_160673262_160673989",NA,NA,NA,NA,NA,NA,NA
"ENSG00000229557_P2","Enhancer","chr13_91154346_91155122",NA,NA,NA,NA,NA,NA,NA
"ENSG00000229953_P1","Enhancer","chr1_156661316_156662007","NSC_P2vsNeuron","RP11-284F21.7","LncRNA",0.637977921484298,0.00893179197099246,2.04906140056949,1.30725593332903
"ENSG00000229953_P1","Enhancer","chr1_156661316_156662007","NSC_P0vsNSC_P2","RP11-284F21.7","LncRNA",-0.556691160990174,0.0105569917606826,1.9764598173948,-1.10027771039594
"ENSG00000229953_P1","Enhancer","chr1_156661316_156662007","NSC_P1vsNSC_P2","RP11-284F21.7","LncRNA",-0.612369663094614,0.00944681339836072,2.02471466311978,-1.23987383611738
"ENSG00000229953_P1","Enhancer","chr1_156661316_156662007","iPSvsNSC_P1","RP11-284F21.7","LncRNA",0.035891621582832,0.127512085280176,0.894448651922092,0.032103212540062
"ENSG00000229953_P1","Enhancer","chr1_156661316_156662007","iPSvsNeuron","RP11-284F21.7","LncRNA",-0.110726986864903,0.297425646433993,0.526621585832419,-0.0583112214172407
"ENSG00000229953_P1","Enhancer","chr1_156661316_156662007","NSC_P0vsNeuron","RP11-284F21.7","LncRNA",0.088497115533129,0.153274090432205,0.814531252408011,0.0720836663496961
"ENSG00000229953_P1","Enhancer","chr1_156661316_156662007","iPSvsNSC_P2","RP11-284F21.7","LncRNA",-0.750384771587715,0.00809055480819679,2.09202169570829,-1.56982122229061
"ENSG00000229953_P1","Enhancer","chr1_156661316_156662007","iPSvsNSC_P0","RP11-284F21.7","LncRNA",-0.191927173271666,0.0230749935612902,1.636858411485,-0.314157607962265
"ENSG00000229953_P1","Enhancer","chr1_156661316_156662007","NSC_P1vsNeuron","RP11-284F21.7","LncRNA",-0.0927423861150953,0.136115780339879,0.866091522722799,-0.0803233944113688
"ENSG00000229953_P1","Enhancer","chr1_156661316_156662007","NSC_P0vsNSC_P1","RP11-284F21.7","LncRNA",0.0715395233542653,0.260205665942276,0.584683250969381,0.0418279610875718
"ENSG00000230392_P2","Enhancer","chrX_119290357_119291776","iPSvsNSC_P2","RP5-1139I1.1","LncRNA",-0.783353217974453,0.00493060319882998,2.30709994686911,-1.80727416756861
"ENSG00000230392_P2","Enhancer","chrX_119290357_119291776","iPSvsNSC_P0","RP5-1139I1.1","LncRNA",0.0661509539523167,0.341684146044535,0.4663751717576,0.0308511625114408
"ENSG00000230392_P2","Enhancer","chrX_119290357_119291776","NSC_P1vsNeuron","RP5-1139I1.1","LncRNA",0.100884359339672,0.158163350831364,0.800894142681766,0.0807976924833455
"ENSG00000230392_P2","Enhancer","chrX_119290357_119291776","NSC_P1vsNSC_P2","RP5-1139I1.1","LncRNA",-0.677296698471353,0.00471421911811839,2.32659023522322,-1.57579188501237
"ENSG00000230392_P2","Enhancer","chrX_119290357_119291776","NSC_P0vsNeuron","RP5-1139I1.1","LncRNA",0.104031052092389,0.10680653745095,0.971402164049215,0.101055989130863
"ENSG00000230392_P2","Enhancer","chrX_119290357_119291776","NSC_P2vsNeuron","RP5-1139I1.1","LncRNA",0.694883883908566,0.00489392461060797,2.31034272510461,1.60541992598059
"ENSG00000230392_P2","Enhancer","chrX_119290357_119291776","NSC_P0vsNSC_P2","RP5-1139I1.1","LncRNA",-0.681079549849292,0.0049305998560286,2.30710024130787,-1.57131879380716
"ENSG00000230392_P2","Enhancer","chrX_119290357_119291776","NSC_P0vsNSC_P1","RP5-1139I1.1","LncRNA",-0.167637591421864,0.157456924730735,0.802838234956202,-0.134585868009438
"ENSG00000230392_P2","Enhancer","chrX_119290357_119291776","iPSvsNSC_P1","RP5-1139I1.1","LncRNA",-0.091110460160257,0.0757681973479212,1.12051304521941,-0.102090459165511
"ENSG00000230392_P2","Enhancer","chrX_119290357_119291776","iPSvsNeuron","RP5-1139I1.1","LncRNA",-0.0924203004153197,0.198242462165737,0.702803317009413,-0.064953293690893
"ENSG00000230551_P1","Enhancer","chr5_149495947_149496789",NA,NA,NA,NA,NA,NA,NA
"ENSG00000230552_P1","Enhancer","chr2_176818439_176819747",NA,NA,NA,NA,NA,NA,NA
"ENSG00000230587_P1","Enhancer","chr2_43142654_43143555","iPSvsNSC_P0","LINC02580","LncRNA",-0.345745124889721,0.00791005383359744,2.1018205608064,-0.726694212291793
"ENSG00000230587_P1","Enhancer","chr2_43142654_43143555","NSC_P1vsNSC_P2","LINC02580","LncRNA",-0.658882575230826,0.00951302007645172,2.02168158670926,-1.33205077014774
"ENSG00000230587_P1","Enhancer","chr2_43142654_43143555","NSC_P0vsNeuron","LINC02580","LncRNA",-0.490047630442087,0.00943350458226368,2.02532693525999,-0.992506665494694
"ENSG00000230587_P1","Enhancer","chr2_43142654_43143555","NSC_P2vsNeuron","LINC02580","LncRNA",0.542970230019779,0.0268499560564008,1.57105642074574,0.853036866146365
"ENSG00000230587_P1","Enhancer","chr2_43142654_43143555","NSC_P0vsNSC_P1","LINC02580","LncRNA",-0.563874785425048,0.00715671916784895,2.14528602431833,-1.20967269663785
"ENSG00000230587_P1","Enhancer","chr2_43142654_43143555","NSC_P0vsNSC_P2","LINC02580","LncRNA",-0.945052402045473,0.00358693031424849,2.44527706057838,-2.31091495976629
"ENSG00000230587_P1","Enhancer","chr2_43142654_43143555","NSC_P1vsNeuron","LINC02580","LncRNA",-0.324161694256111,0.00588347675235314,2.23036595825422,-0.722999207838844
"ENSG00000230587_P1","Enhancer","chr2_43142654_43143555","iPSvsNSC_P2","LINC02580","LncRNA",-1.25794602242423,0.00633535190941665,2.19822925638069,-2.76525374944067
"ENSG00000230587_P1","Enhancer","chr2_43142654_43143555","iPSvsNSC_P1","LINC02580","LncRNA",-1.00586796122948,0.0258122353672917,1.58817438345915,-1.59749372916694
"ENSG00000230587_P1","Enhancer","chr2_43142654_43143555","iPSvsNeuron","LINC02580","LncRNA",-1.24802979959919,0.00453774331827488,2.34316007403275,-2.92433359762393
"ENSG00000230613_P2","Enhancer","chr20_31569098_31570044","NSC_P1vsNeuron","HM13-AS1","LncRNA",-0.397693647019702,0.0298956614880484,1.52439183269605,-0.606240947431939
"ENSG00000230613_P2","Enhancer","chr20_31569098_31570044","iPSvsNSC_P2","HM13-AS1","LncRNA",-0.0579692451482537,0.0538579939183701,1.26874982705536,-0.0735484697563765
"ENSG00000230613_P2","Enhancer","chr20_31569098_31570044","NSC_P1vsNSC_P2","HM13-AS1","LncRNA",0.426451358762353,0.0290741322447802,1.53649323848868,0.655239629282666
"ENSG00000230613_P2","Enhancer","chr20_31569098_31570044","iPSvsNSC_P1","HM13-AS1","LncRNA",-0.260971207480941,0.00619231281444115,2.20814711270078,-0.576262818297076
"ENSG00000230613_P2","Enhancer","chr20_31569098_31570044","NSC_P2vsNeuron","HM13-AS1","LncRNA",-0.630803643484627,0.0082645980476155,2.08277826368328,-1.313824117302
"ENSG00000230613_P2","Enhancer","chr20_31569098_31570044","NSC_P0vsNSC_P2","HM13-AS1","LncRNA",0.443462847749499,0.0124401200135205,1.90517542985756,0.844874521587008
"ENSG00000230613_P2","Enhancer","chr20_31569098_31570044","NSC_P0vsNSC_P1","HM13-AS1","LncRNA",0.209527539221761,0.0485602709427824,1.31371889877326,0.275260288089084
"ENSG00000230613_P2","Enhancer","chr20_31569098_31570044","iPSvsNSC_P0","HM13-AS1","LncRNA",-0.421813635321836,0.0271162430506994,1.56677048203858,-0.660885152743637
"ENSG00000230613_P2","Enhancer","chr20_31569098_31570044","iPSvsNeuron","HM13-AS1","LncRNA",-0.77586181525144,0.00554755117708312,2.25589868263858,-1.7502656469353
"ENSG00000230613_P2","Enhancer","chr20_31569098_31570044","NSC_P0vsNeuron","HM13-AS1","LncRNA",-0.141233890987675,0.0209902260735469,1.67798288385851,-0.236988051698059
"ENSG00000230623_P2","Enhancer","chr1_200473827_200474565","iPSvsNSC_P0","RP11-469A15.2","LncRNA",0.0837085121886423,0.165351724589762,0.781591271110658,0.0654258424443029
"ENSG00000230623_P2","Enhancer","chr1_200473827_200474565","iPSvsNSC_P2","RP11-469A15.2","LncRNA",0.415795624222077,0.0250842545618962,1.60059880053479,0.665521977397471
"ENSG00000230623_P2","Enhancer","chr1_200473827_200474565","NSC_P1vsNSC_P2","RP11-469A15.2","LncRNA",0.2523909444031,0.253096403610972,0.596714025932249,0.150605216543617
"ENSG00000230623_P2","Enhancer","chr1_200473827_200474565","NSC_P0vsNSC_P1","RP11-469A15.2","LncRNA",0.063741836479634,0.0700232793918842,1.15475755383307,0.07360636717005
"ENSG00000230623_P2","Enhancer","chr1_200473827_200474565","NSC_P2vsNeuron","RP11-469A15.2","LncRNA",-0.428704012377157,0.0752205666396761,1.12366339934279,-0.481719007859611
"ENSG00000230623_P2","Enhancer","chr1_200473827_200474565","NSC_P0vsNSC_P2","RP11-469A15.2","LncRNA",0.35091156254675,0.0713683074985126,1.14649460242721,0.402318212389149
"ENSG00000230623_P2","Enhancer","chr1_200473827_200474565","iPSvsNSC_P1","RP11-469A15.2","LncRNA",0.186648575501076,0.0491102534242823,1.30882782476713,0.244290849068955
"ENSG00000230623_P2","Enhancer","chr1_200473827_200474565","iPSvsNeuron","RP11-469A15.2","LncRNA",0.103654007903151,0.102700578664123,0.988427109373243,0.102454431406663
"ENSG00000230623_P2","Enhancer","chr1_200473827_200474565","NSC_P0vsNeuron","RP11-469A15.2","LncRNA",-0.138929484571833,0.0169727662016312,1.7702473711059,-0.245939554832385
"ENSG00000230623_P2","Enhancer","chr1_200473827_200474565","NSC_P1vsNeuron","RP11-469A15.2","LncRNA",0.0350694236245053,0.0536982234231185,1.27004008246245,0.0445395736719772
"ENSG00000230805_P1","Enhancer","chr14_101077246_101078180",NA,NA,NA,NA,NA,NA,NA
"ENSG00000230805_P2","Enhancer","chr14_101072984_101073893",NA,NA,NA,NA,NA,NA,NA
"ENSG00000230937_P1","Enhancer","chr1_209427952_209429017","NSC_P1vsNSC_P2","MIR205HG","LncRNA",0.455697723711301,0.00991902031433528,2.00353122029432,0.913004616472646
"ENSG00000230937_P1","Enhancer","chr1_209427952_209429017","iPSvsNeuron","MIR205HG","LncRNA",-0.212864669093676,0.0496652065581952,1.30394775395249,-0.277564407160538
"ENSG00000230937_P1","Enhancer","chr1_209427952_209429017","NSC_P1vsNeuron","MIR205HG","LncRNA",-0.52755590607699,0.0202033582385774,1.69457643534238,-0.893983806763766
"ENSG00000230937_P1","Enhancer","chr1_209427952_209429017","iPSvsNSC_P2","MIR205HG","LncRNA",0.485585855581054,0.00780775583361817,2.10747377651072,1.02335945688159
"ENSG00000230937_P1","Enhancer","chr1_209427952_209429017","iPSvsNSC_P1","MIR205HG","LncRNA",-0.115425490817354,0.0235128974769302,1.62869384979017,-0.187992787003236
"ENSG00000230937_P1","Enhancer","chr1_209427952_209429017","iPSvsNSC_P0","MIR205HG","LncRNA",-0.0480088203584207,0.144499599354701,0.840133357047805,-0.0403338114156249
"ENSG00000230937_P1","Enhancer","chr1_209427952_209429017","NSC_P0vsNSC_P2","MIR205HG","LncRNA",0.401139869911822,0.02037688796026,1.69086214245362,0.67827221986267
"ENSG00000230937_P1","Enhancer","chr1_209427952_209429017","NSC_P2vsNeuron","MIR205HG","LncRNA",-0.691382532735732,0.00396212834334369,2.40207146067451,-1.66075025029336
"ENSG00000230937_P1","Enhancer","chr1_209427952_209429017","NSC_P0vsNSC_P1","MIR205HG","LncRNA",0.072858397842899,0.0152800675644708,1.81587472541923,0.132301723177459
"ENSG00000230937_P1","Enhancer","chr1_209427952_209429017","NSC_P0vsNeuron","MIR205HG","LncRNA",-0.24081630157254,0.0137382316301269,1.86206916558093,-0.448416609727467
"ENSG00000230937_P2","Enhancer","chr1_209427952_209429017","NSC_P1vsNSC_P2","MIR205HG","LncRNA",0.273873559149354,0.421209718865915,0.375501616591153,0.102839964202155
"ENSG00000230937_P2","Enhancer","chr1_209427952_209429017","NSC_P0vsNeuron","MIR205HG","LncRNA",0.244116481338196,0.299655099261855,0.523378327470442,0.127765275710754
"ENSG00000230937_P2","Enhancer","chr1_209427952_209429017","iPSvsNSC_P1","MIR205HG","LncRNA",0.128653909010882,0.117079138585134,0.931520481567074,0.119843751277303
"ENSG00000230937_P2","Enhancer","chr1_209427952_209429017","NSC_P2vsNeuron","MIR205HG","LncRNA",0.000778374005585669,0.290773721556454,0.536444845057536,0.000417554722823218
"ENSG00000230937_P2","Enhancer","chr1_209427952_209429017","NSC_P1vsNeuron","MIR205HG","LncRNA",0.172530021752744,0.791018023365527,0.101813620978912,0.0175659062422173
"ENSG00000230937_P2","Enhancer","chr1_209427952_209429017","NSC_P0vsNSC_P1","MIR205HG","LncRNA",0.124056818870958,0.3564935436208,0.447948331156437,0.0555710449818219
"ENSG00000230937_P2","Enhancer","chr1_209427952_209429017","iPSvsNeuron","MIR205HG","LncRNA",0.387510827260849,0.0433429108014502,1.36308192590595,0.528209004732124
"ENSG00000230937_P2","Enhancer","chr1_209427952_209429017","iPSvsNSC_P2","MIR205HG","LncRNA",0.342106774538418,0.122050695528828,0.91345974133101,0.312500765777449
"ENSG00000230937_P2","Enhancer","chr1_209427952_209429017","NSC_P0vsNSC_P2","MIR205HG","LncRNA",0.369762864198143,0.0736597647467392,1.13276967252097,0.418856158588145
"ENSG00000230937_P2","Enhancer","chr1_209427952_209429017","iPSvsNSC_P0","MIR205HG","LncRNA",-0.066789584318243,0.0552032162794668,1.25803561843506,-0.0840236760128213
"ENSG00000230960_P1","Enhancer","chr6_170234151_170234942","NSC_P2vsNeuron","RP5-1086L22.1","LncRNA",0.731458883640231,0.00478537475691804,2.32008404566384,1.69704608599278
"ENSG00000230960_P1","Enhancer","chr6_170234151_170234942","iPSvsNSC_P2","RP5-1086L22.1","LncRNA",-0.990824173752657,0.0048574996175021,2.31358722492617,-2.29235815054218
"ENSG00000230960_P1","Enhancer","chr6_170234151_170234942","NSC_P1vsNSC_P2","RP5-1086L22.1","LncRNA",-0.860245422908592,0.00535074414107701,2.27158581538251,-1.95412130042689
"ENSG00000230960_P1","Enhancer","chr6_170234151_170234942","NSC_P0vsNSC_P2","RP5-1086L22.1","LncRNA",-0.795042073678071,0.00619828409337826,2.20772852210142,-1.75523706232974
"ENSG00000230960_P1","Enhancer","chr6_170234151_170234942","NSC_P1vsNeuron","RP5-1086L22.1","LncRNA",0.154249701271727,0.0531058549559942,1.27485759502204,0.196646403196143
"ENSG00000230960_P1","Enhancer","chr6_170234151_170234942","NSC_P0vsNeuron","RP5-1086L22.1","LncRNA",0.132939127248985,0.169781665274645,0.770109211029509,0.102377646400668
"ENSG00000230960_P1","Enhancer","chr6_170234151_170234942","iPSvsNeuron","RP5-1086L22.1","LncRNA",-0.178310812578189,0.0171954438669766,1.76458660922896,-0.314644872156208
"ENSG00000230960_P1","Enhancer","chr6_170234151_170234942","iPSvsNSC_P0","RP5-1086L22.1","LncRNA",-0.364127924443886,0.0286508469309784,1.54286253558092,-0.561799332783311
"ENSG00000230960_P1","Enhancer","chr6_170234151_170234942","NSC_P0vsNSC_P1","RP5-1086L22.1","LncRNA",-0.0548961668458147,0.0586380735386818,1.23182030619202,-0.0676222130527796
"ENSG00000230960_P1","Enhancer","chr6_170234151_170234942","iPSvsNSC_P1","RP5-1086L22.1","LncRNA",-0.234168818756464,0.0211238235794258,1.67522746828077,-0.39228603739569
"ENSG00000231107_P1","Enhancer","chr9_90433274_90434174","iPSvsNSC_P1","LINC01508","LncRNA",0.101284156865316,0.0236604594666488,1.62597682598481,0.164685691902414
"ENSG00000231107_P1","Enhancer","chr9_90433274_90434174","iPSvsNeuron","LINC01508","LncRNA",0.075972166449611,0.525888537976416,0.279106294765249,0.0212043098830396
"ENSG00000231107_P1","Enhancer","chr9_90433274_90434174","NSC_P2vsNeuron","LINC01508","LncRNA",0.566673421313163,0.00721654266284855,2.14167081656653,1.21362792895031
"ENSG00000231107_P1","Enhancer","chr9_90433274_90434174","NSC_P0vsNSC_P1","LINC01508","LncRNA",0.0116468207137143,0.241410333564071,0.617244143874947,0.00718893188030159
"ENSG00000231107_P1","Enhancer","chr9_90433274_90434174","NSC_P0vsNeuron","LINC01508","LncRNA",-0.3647373033473,0.0277894286548814,1.55612038213889,-0.567575151865111
"ENSG00000231107_P1","Enhancer","chr9_90433274_90434174","iPSvsNSC_P2","LINC01508","LncRNA",-0.476980800486088,0.0275181408990271,1.560380909992,-0.744271735511196
"ENSG00000231107_P1","Enhancer","chr9_90433274_90434174","NSC_P1vsNSC_P2","LINC01508","LncRNA",-0.627367508561062,0.00559330042155255,2.2523318536704,-1.41303982348991
"ENSG00000231107_P1","Enhancer","chr9_90433274_90434174","iPSvsNSC_P0","LINC01508","LncRNA",0.138925599079427,0.0229306080048807,1.63958442980282,0.227780249151657
"ENSG00000231107_P1","Enhancer","chr9_90433274_90434174","NSC_P1vsNeuron","LINC01508","LncRNA",-0.072638096113222,0.0715195698059866,1.14557510650867,-0.0832123946914915
"ENSG00000231107_P1","Enhancer","chr9_90433274_90434174","NSC_P0vsNSC_P2","LINC01508","LncRNA",-0.656275042621148,0.00437262802090887,2.35925746647813,-1.5483217943672
"ENSG00000231698_P1","Enhancer","chr11_131252947_131254952",NA,NA,NA,NA,NA,NA,NA
"ENSG00000231817_P1","Enhancer","chr13_46467547_46468420","NSC_P1vsNeuron","LINC01198","LncRNA",-0.173164072375123,0.0191943706380024,1.71682612334463,-0.297292603078351
"ENSG00000231817_P1","Enhancer","chr13_46467547_46468420","NSC_P0vsNSC_P2","LINC01198","LncRNA",-0.426504617843934,0.0147123569162335,1.83231774782174,-0.78149198080337
"ENSG00000231817_P1","Enhancer","chr13_46467547_46468420","NSC_P2vsNeuron","LINC01198","LncRNA",0.423920986861591,0.0544580558544867,1.26393786697585,0.535809787900135
"ENSG00000231817_P1","Enhancer","chr13_46467547_46468420","iPSvsNSC_P1","LINC01198","LncRNA",0.101177090988555,0.0166433459994307,1.77875935815299,0.179969697426588
"ENSG00000231817_P1","Enhancer","chr13_46467547_46468420","iPSvsNSC_P0","LINC01198","LncRNA",-0.132329740914436,0.0361948207116554,1.44135357027553,-0.190733944520658
"ENSG00000231817_P1","Enhancer","chr13_46467547_46468420","NSC_P0vsNeuron","LINC01198","LncRNA",-0.0833990075726627,0.042358372963623,1.37306073002091,-0.114511902220739
"ENSG00000231817_P1","Enhancer","chr13_46467547_46468420","NSC_P1vsNSC_P2","LINC01198","LncRNA",-0.538409406817794,0.00998816775117497,2.00051417228807,-1.07709564883221
"ENSG00000231817_P1","Enhancer","chr13_46467547_46468420","iPSvsNeuron","LINC01198","LncRNA",-0.347707625829534,0.230977096355351,0.636431082530531,-0.221291940710811
"ENSG00000231817_P1","Enhancer","chr13_46467547_46468420","NSC_P0vsNSC_P1","LINC01198","LncRNA",0.249018649833981,0.0814707725993681,1.08899816519112,0.271180852767576
"ENSG00000231817_P1","Enhancer","chr13_46467547_46468420","iPSvsNSC_P2","LINC01198","LncRNA",-0.478483011888402,0.0318358988939375,1.4970828832223,-0.71632872701078
"ENSG00000231851_P1","Enhancer","chr2_105102682_105104039",NA,NA,NA,NA,NA,NA,NA
"ENSG00000231851_P2","Enhancer","chr2_105099755_105100585",NA,NA,NA,NA,NA,NA,NA
"ENSG00000231881_P2","Enhancer","chr6_44058298_44059198","NSC_P1vsNSC_P2","RP5-1120P11.3","LncRNA",-0.540555019566787,0.0186252064598336,1.72989890441218,-0.93510553612309
"ENSG00000231881_P2","Enhancer","chr6_44058298_44059198","iPSvsNeuron","RP5-1120P11.3","LncRNA",0.018699230842818,0.0499446016141248,1.3015114466952,0.0243372629863235
"ENSG00000231881_P2","Enhancer","chr6_44058298_44059198","NSC_P0vsNeuron","RP5-1120P11.3","LncRNA",0.0180587522739443,0.0879634029863342,1.05569797770143,0.0190645882554142
"ENSG00000231881_P2","Enhancer","chr6_44058298_44059198","NSC_P0vsNSC_P2","RP5-1120P11.3","LncRNA",-0.52955111290609,0.0373754535671467,1.42741352828588,-0.755888422480993
"ENSG00000231881_P2","Enhancer","chr6_44058298_44059198","iPSvsNSC_P2","RP5-1120P11.3","LncRNA",-0.611717002630868,0.0129550918900655,1.88755950222992,-1.1546522409915
"ENSG00000231881_P2","Enhancer","chr6_44058298_44059198","NSC_P1vsNeuron","RP5-1120P11.3","LncRNA",-0.149730596442008,0.0446008103759991,1.35065725028724,-0.202234715674232
"ENSG00000231881_P2","Enhancer","chr6_44058298_44059198","iPSvsNSC_P0","RP5-1120P11.3","LncRNA",-0.092248035171186,0.239489646395922,0.620713257240291,-0.0572595783851238
"ENSG00000231881_P2","Enhancer","chr6_44058298_44059198","NSC_P0vsNSC_P1","RP5-1120P11.3","LncRNA",0.187440482683831,0.939785102740691,0.0269714435956717,0.0050555404062524
"ENSG00000231881_P2","Enhancer","chr6_44058298_44059198","iPSvsNSC_P1","RP5-1120P11.3","LncRNA",0.0645852928097453,0.145823838880569,0.836171472945396,0.0540043794193344
"ENSG00000231881_P2","Enhancer","chr6_44058298_44059198","NSC_P2vsNeuron","RP5-1120P11.3","LncRNA",0.634038969183017,0.0120249175834701,1.91991789151686,1.21730276085338
"ENSG00000231977_P1","Enhancer","chr20_63173617_63174443","NSC_P1vsNeuron","RP5-963E22.4","LncRNA",-0.0439098746592403,0.647788896549732,0.188566500303163,-0.00827993139324347
"ENSG00000231977_P1","Enhancer","chr20_63173617_63174443","NSC_P0vsNSC_P2","RP5-963E22.4","LncRNA",-0.722155702781084,0.00467900840783451,2.32984617441183,-1.68251170145419
"ENSG00000231977_P1","Enhancer","chr20_63173617_63174443","iPSvsNSC_P2","RP5-963E22.4","LncRNA",-0.766060085071151,0.00606390002918015,2.2172479671935,-1.69854516637209
"ENSG00000231977_P1","Enhancer","chr20_63173617_63174443","iPSvsNSC_P0","RP5-963E22.4","LncRNA",-0.206257613917289,0.272586145624967,0.564496221250907,-0.116431643660538
"ENSG00000231977_P1","Enhancer","chr20_63173617_63174443","NSC_P0vsNeuron","RP5-963E22.4","LncRNA",0.258590020119027,0.314416460789182,0.502494725219229,0.129940121104145
"ENSG00000231977_P1","Enhancer","chr20_63173617_63174443","NSC_P1vsNSC_P2","RP5-963E22.4","LncRNA",-0.644936996658668,0.00628935412575534,2.20139395137869,-1.41976040346473
"ENSG00000231977_P1","Enhancer","chr20_63173617_63174443","NSC_P0vsNSC_P1","RP5-963E22.4","LncRNA",-0.129679432963194,0.00605812516720691,2.2176617579319,-0.287585119272769
"ENSG00000231977_P1","Enhancer","chr20_63173617_63174443","iPSvsNSC_P1","RP5-963E22.4","LncRNA",-0.187876401115023,0.0235128974769302,1.62869384979017,-0.30599313901675
"ENSG00000231977_P1","Enhancer","chr20_63173617_63174443","iPSvsNeuron","RP5-963E22.4","LncRNA",-0.0616986405188833,0.185986288549294,0.730519072055621,-0.045072033618948
"ENSG00000231977_P1","Enhancer","chr20_63173617_63174443","NSC_P2vsNeuron","RP5-963E22.4","LncRNA",0.713444047221405,0.00638163830299056,2.19506781428648,1.56605806534999
"ENSG00000232044_P2","Enhancer","chr2_5981295_5982178","iPSvsNSC_P1","SILC1","LncRNA",0.405840334657636,0.0103963592831369,1.98311872032266,0.804829565121571
"ENSG00000232044_P2","Enhancer","chr2_5981295_5982178","NSC_P0vsNSC_P1","SILC1","LncRNA",0.139776690102736,0.0190711679757677,1.71962270863737,0.240363170438834
"ENSG00000232044_P2","Enhancer","chr2_5981295_5982178","iPSvsNSC_P0","SILC1","LncRNA",0.086073214727343,0.00661083658529127,2.1797435781262,0.187617537050603
"ENSG00000232044_P2","Enhancer","chr2_5981295_5982178","NSC_P1vsNSC_P2","SILC1","LncRNA",-0.518376165204714,0.00686155192418648,2.16357764582618,-1.12154708316602
"ENSG00000232044_P2","Enhancer","chr2_5981295_5982178","NSC_P1vsNeuron","SILC1","LncRNA",-0.0452521506817237,0.776277344445332,0.109983088480346,-0.00497697129235396
"ENSG00000232044_P2","Enhancer","chr2_5981295_5982178","NSC_P2vsNeuron","SILC1","LncRNA",0.513736969719988,0.00716484157827708,2.14479340784036,1.10185966601931
"ENSG00000232044_P2","Enhancer","chr2_5981295_5982178","iPSvsNSC_P2","SILC1","LncRNA",-0.596553273398202,0.0211705584994374,1.67426768472861,-0.99878986786968
"ENSG00000232044_P2","Enhancer","chr2_5981295_5982178","iPSvsNeuron","SILC1","LncRNA",0.356785642524081,0.0564325659742965,1.24847020202232,0.445436243200705
"ENSG00000232044_P2","Enhancer","chr2_5981295_5982178","NSC_P0vsNSC_P2","SILC1","LncRNA",-0.577306050373665,0.00563468267305647,2.24913053697742,-1.29843666707724
"ENSG00000232044_P2","Enhancer","chr2_5981295_5982178","NSC_P0vsNeuron","SILC1","LncRNA",0.17006051618654,0.271539744997493,0.566166594179028,0.0962825832536606
"ENSG00000232046_P1","Enhancer","chr2_66691045_66692430","iPSvsNSC_P1","LINC01798","LncRNA",0.410306823847942,0.0266207245864869,1.57478012768816,0.646143032450584
"ENSG00000232046_P1","Enhancer","chr2_66691045_66692430","NSC_P0vsNeuron","LINC01798","LncRNA",-0.325301989643735,0.107853056831427,0.967167541370825,-0.31462152552677
"ENSG00000232046_P1","Enhancer","chr2_66691045_66692430","iPSvsNSC_P0","LINC01798","LncRNA",0.155436474194113,0.00601408180183125,2.22083066904523,0.345198088978543
"ENSG00000232046_P1","Enhancer","chr2_66691045_66692430","iPSvsNeuron","LINC01798","LncRNA",0.253519845281992,0.029356617014981,1.5322939929105,0.388466936009195
"ENSG00000232046_P1","Enhancer","chr2_66691045_66692430","NSC_P1vsNeuron","LINC01798","LncRNA",-0.140610113992085,0.15327393370663,0.81453169648233,-0.114531394692547
"ENSG00000232046_P1","Enhancer","chr2_66691045_66692430","NSC_P2vsNeuron","LINC01798","LncRNA",0.362221979043049,0.129162794214977,0.888862568338837,0.321965558600981
"ENSG00000232046_P1","Enhancer","chr2_66691045_66692430","NSC_P1vsNSC_P2","LINC01798","LncRNA",-0.543161457639637,0.0226956957002098,1.64405650011517,-0.892988125044475
"ENSG00000232046_P1","Enhancer","chr2_66691045_66692430","iPSvsNSC_P2","LINC01798","LncRNA",-0.251312954465585,0.00706244017281507,2.15104521814261,-0.540585528960488
"ENSG00000232046_P1","Enhancer","chr2_66691045_66692430","NSC_P0vsNSC_P1","LINC01798","LncRNA",-0.0444270343641593,0.00849067955775938,2.07105754928793,-0.0920109449123665
"ENSG00000232046_P1","Enhancer","chr2_66691045_66692430","NSC_P0vsNSC_P2","LINC01798","LncRNA",-0.57933720966726,0.006911290249565,2.16044086782722,-1.25162378401814
"ENSG00000232110_P1","Enhancer","chr10_89283636_89284579","iPSvsNSC_P0","RP11-149I23.3","LncRNA",0.064617979840124,0.185986104861448,0.730519500983248,0.0472046943873529
"ENSG00000232110_P1","Enhancer","chr10_89283636_89284579","iPSvsNSC_P1","RP11-149I23.3","LncRNA",-0.0534435825864533,0.0592817290346847,1.22707913803696,-0.0655795052537924
"ENSG00000232110_P1","Enhancer","chr10_89283636_89284579","NSC_P0vsNSC_P2","RP11-149I23.3","LncRNA",0.360094395285082,0.0800656155171709,1.09655395329419,0.394862932708936
"ENSG00000232110_P1","Enhancer","chr10_89283636_89284579","NSC_P1vsNSC_P2","RP11-149I23.3","LncRNA",0.422222185536747,0.0250842274926415,1.60059926919669,0.675808521608745
"ENSG00000232110_P1","Enhancer","chr10_89283636_89284579","NSC_P0vsNSC_P1","RP11-149I23.3","LncRNA",0.032495733707971,0.265315787756182,0.576236906326052,0.0187252410606764
"ENSG00000232110_P1","Enhancer","chr10_89283636_89284579","iPSvsNSC_P2","RP11-149I23.3","LncRNA",0.419746902740891,0.0186252284016312,1.72989839278317,0.726119492427179
"ENSG00000232110_P1","Enhancer","chr10_89283636_89284579","NSC_P0vsNeuron","RP11-149I23.3","LncRNA",-0.00271159819002867,0.0507907930134846,1.29421500633479,-0.00350939106868534
"ENSG00000232110_P1","Enhancer","chr10_89283636_89284579","iPSvsNeuron","RP11-149I23.3","LncRNA",0.163800184945591,0.109437903480369,0.960832235393954,0.157384497859215
"ENSG00000232110_P1","Enhancer","chr10_89283636_89284579","NSC_P1vsNeuron","RP11-149I23.3","LncRNA",0.151668063277886,0.0642953877908178,1.19182017993487,0.180761058466224
"ENSG00000232110_P1","Enhancer","chr10_89283636_89284579","NSC_P2vsNeuron","RP11-149I23.3","LncRNA",-0.515360776414151,0.0095796480619906,2.01865044577981,-1.04033326104586
"ENSG00000232110_P2","Enhancer","chr10_89260103_89261038","NSC_P2vsNeuron","RP11-149I23.3","LncRNA",-0.147713610737107,0.0621040798831853,1.20687986822033,-0.178272583060749
"ENSG00000232110_P2","Enhancer","chr10_89260103_89261038","NSC_P0vsNSC_P1","RP11-149I23.3","LncRNA",-0.0223459057908553,0.0458889544188132,1.33829183760525,-0.0299053433237977
"ENSG00000232110_P2","Enhancer","chr10_89260103_89261038","iPSvsNSC_P0","RP11-149I23.3","LncRNA",0.416116078686888,0.0116031156989739,1.93542537722289,0.805361618561078
"ENSG00000232110_P2","Enhancer","chr10_89260103_89261038","NSC_P1vsNeuron","RP11-149I23.3","LncRNA",0.0498135778179953,0.175825244628471,0.754918769673287,0.0376052048793855
"ENSG00000232110_P2","Enhancer","chr10_89260103_89261038","NSC_P0vsNSC_P2","RP11-149I23.3","LncRNA",0.280902953768191,0.176456956260181,0.753361216273338,0.211621390905577
"ENSG00000232110_P2","Enhancer","chr10_89260103_89261038","iPSvsNSC_P2","RP11-149I23.3","LncRNA",0.527694854897866,0.00732095499654405,2.13543226283823,1.12685661808264
"ENSG00000232110_P2","Enhancer","chr10_89260103_89261038","iPSvsNeuron","RP11-149I23.3","LncRNA",0.386909338211856,0.038158475914347,1.4184089797543,0.54879567967049
"ENSG00000232110_P2","Enhancer","chr10_89260103_89261038","iPSvsNSC_P1","RP11-149I23.3","LncRNA",0.350747613019592,0.0220806682681999,1.65598778688488,0.580833763439468
"ENSG00000232110_P2","Enhancer","chr10_89260103_89261038","NSC_P0vsNeuron","RP11-149I23.3","LncRNA",-0.152256144201471,0.0226442978633678,1.64504114103501,-0.250467621186778
"ENSG00000232110_P2","Enhancer","chr10_89260103_89261038","NSC_P1vsNSC_P2","RP11-149I23.3","LncRNA",0.340723227094611,0.144348198035607,0.84058863324552,0.286408071778462
"ENSG00000232283_P1","Enhancer","chr9_96256587_96257466",NA,NA,NA,NA,NA,NA,NA
"ENSG00000232316_P2","Enhancer","chr6_113586395_113587870","NSC_P0vsNSC_P1","LINC02518","LncRNA",-0.104301423575433,0.163894056734647,0.785436794898972,-0.0819221758364884
"ENSG00000232316_P2","Enhancer","chr6_113586395_113587870","NSC_P0vsNSC_P2","LINC02518","LncRNA",-0.634083231422294,0.0101277601547813,1.99448659214982,-1.2646705033788
"ENSG00000232316_P2","Enhancer","chr6_113586395_113587870","NSC_P0vsNeuron","LINC02518","LncRNA",-0.249360953211633,0.109438038734515,0.960831698650366,-0.239593908251408
"ENSG00000232316_P2","Enhancer","chr6_113586395_113587870","iPSvsNSC_P1","LINC02518","LncRNA",0.0261523223103943,0.0147827130872352,1.83024585209254,0.0478651794311863
"ENSG00000232316_P2","Enhancer","chr6_113586395_113587870","NSC_P1vsNeuron","LINC02518","LncRNA",-0.103592672115222,0.429428213544261,0.367109425703062,-0.0380298463672647
"ENSG00000232316_P2","Enhancer","chr6_113586395_113587870","iPSvsNeuron","LINC02518","LncRNA",0.01829273024752,0.0177634942324529,1.75047160068536,0.0320209047972818
"ENSG00000232316_P2","Enhancer","chr6_113586395_113587870","NSC_P1vsNSC_P2","LINC02518","LncRNA",-0.502852522912094,0.0155130076982865,1.8093039919908,-0.909813077087495
"ENSG00000232316_P2","Enhancer","chr6_113586395_113587870","iPSvsNSC_P2","LINC02518","LncRNA",-0.717114827440765,0.0162448074915047,1.78928543087933,-1.28312311300731
"ENSG00000232316_P2","Enhancer","chr6_113586395_113587870","NSC_P2vsNeuron","LINC02518","LncRNA",0.447519792170542,0.0275181288768886,1.56038109972683,0.698301425456591
"ENSG00000232316_P2","Enhancer","chr6_113586395_113587870","iPSvsNSC_P0","LINC02518","LncRNA",0.191412911377446,0.0818915717712125,1.08676079325311,0.20802004740744
"ENSG00000232461_P1","Enhancer","chr3_176916553_176917583",NA,NA,NA,NA,NA,NA,NA
"ENSG00000232461_P2","Enhancer","chr3_176867538_176868515",NA,NA,NA,NA,NA,NA,NA
"ENSG00000232524_P1","Enhancer","chr7_123210554_123211500",NA,NA,NA,NA,NA,NA,NA
"ENSG00000232650_P1","Enhancer","chr1_119327185_119328200",NA,NA,NA,NA,NA,NA,NA
"ENSG00000232739_P1","Enhancer","chr10_15236986_15238008",NA,NA,NA,NA,NA,NA,NA
"ENSG00000232759_P1","Enhancer","chr7_22562987_22564144",NA,NA,NA,NA,NA,NA,NA
"ENSG00000232790_P1","Enhancer","chr7_20834527_20835736","iPSvsNSC_P2","LINC01162","LncRNA",0.250592299806259,0.0594623112538349,1.22575821411395,0.307165569881227
"ENSG00000232790_P1","Enhancer","chr7_20834527_20835736","NSC_P1vsNSC_P2","LINC01162","LncRNA",0.474570050843694,0.0407933058628603,1.38941109831562,0.659372895570434
"ENSG00000232790_P1","Enhancer","chr7_20834527_20835736","NSC_P0vsNSC_P2","LINC01162","LncRNA",0.595631468740946,0.0112311958761842,1.94957399843342,1.16122762410606
"ENSG00000232790_P1","Enhancer","chr7_20834527_20835736","NSC_P0vsNeuron","LINC01162","LncRNA",-0.322583189548183,0.0773636058709894,1.11146329624955,-0.358539375169916
"ENSG00000232790_P1","Enhancer","chr7_20834527_20835736","iPSvsNSC_P1","LINC01162","LncRNA",-0.113447886578722,0.0101829538314576,1.99212622527775,-0.226002510055809
"ENSG00000232790_P1","Enhancer","chr7_20834527_20835736","NSC_P0vsNSC_P1","LINC01162","LncRNA",-0.093605800263188,0.0051903147842051,2.2848063020942,-0.213871122353903
"ENSG00000232790_P1","Enhancer","chr7_20834527_20835736","iPSvsNeuron","LINC01162","LncRNA",-0.356388989085572,0.0861926097165489,1.06452996963834,-0.379386759730702
"ENSG00000232790_P1","Enhancer","chr7_20834527_20835736","iPSvsNSC_P0","LINC01162","LncRNA",-0.230426168380384,0.0277893040378823,1.55612232966351,-0.358571305955519
"ENSG00000232790_P1","Enhancer","chr7_20834527_20835736","NSC_P2vsNeuron","LINC01162","LncRNA",-0.635977878141646,0.0115429242312223,1.93768415507934,-1.23232425745605
"ENSG00000232790_P1","Enhancer","chr7_20834527_20835736","NSC_P1vsNeuron","LINC01162","LncRNA",-0.43908511425078,0.0222204485719919,1.65324717805157,-0.725916226059552
"ENSG00000233056_P1","Enhancer","chr21_42925369_42926219","NSC_P2vsNeuron","ERVH48-1","LncRNA",-0.388587586357466,0.0454996023331358,1.34199239906332,-0.521481587262079
"ENSG00000233056_P1","Enhancer","chr21_42925369_42926219","iPSvsNSC_P0","ERVH48-1","LncRNA",0.38838228304767,0.0227870078795402,1.64231269749256,0.637845154930336
"ENSG00000233056_P1","Enhancer","chr21_42925369_42926219","iPSvsNeuron","ERVH48-1","LncRNA",0.147586258477494,0.196574999657047,0.706471716419388,0.10426551734651
"ENSG00000233056_P1","Enhancer","chr21_42925369_42926219","NSC_P1vsNeuron","ERVH48-1","LncRNA",-0.0220506135892513,0.0806359196108365,1.09347145678314,-0.0241117165644007
"ENSG00000233056_P1","Enhancer","chr21_42925369_42926219","iPSvsNSC_P2","ERVH48-1","LncRNA",0.585278877721475,0.00460929469335939,2.33636552454885,1.36742539215509
"ENSG00000233056_P1","Enhancer","chr21_42925369_42926219","iPSvsNSC_P1","ERVH48-1","LncRNA",0.110176954347057,0.0333117796772342,1.47740216456623,0.162775670837656
"ENSG00000233056_P1","Enhancer","chr21_42925369_42926219","NSC_P1vsNSC_P2","ERVH48-1","LncRNA",0.224596445419468,0.0207704000610857,1.68255513838793,0.377895903304191
"ENSG00000233056_P1","Enhancer","chr21_42925369_42926219","NSC_P0vsNSC_P1","ERVH48-1","LncRNA",-0.0226313765721063,0.0103246719928409,1.98612373666546,-0.044948714203275
"ENSG00000233056_P1","Enhancer","chr21_42925369_42926219","NSC_P0vsNSC_P2","ERVH48-1","LncRNA",0.259724084277144,0.198960860340313,0.701232349771481,0.182126929909908
"ENSG00000233056_P1","Enhancer","chr21_42925369_42926219","NSC_P0vsNeuron","ERVH48-1","LncRNA",-0.19138507800811,0.865745323373508,0.062609845765871,-0.0119825902159769
"ENSG00000233056_P1","Enhancer","chr21_42920068_42920891","NSC_P2vsNeuron","ERVH48-1","LncRNA",-0.388587586357466,0.0454996023331358,1.34199239906332,-0.521481587262079
"ENSG00000233056_P1","Enhancer","chr21_42920068_42920891","iPSvsNSC_P0","ERVH48-1","LncRNA",0.38838228304767,0.0227870078795402,1.64231269749256,0.637845154930336
"ENSG00000233056_P1","Enhancer","chr21_42920068_42920891","iPSvsNeuron","ERVH48-1","LncRNA",0.147586258477494,0.196574999657047,0.706471716419388,0.10426551734651
"ENSG00000233056_P1","Enhancer","chr21_42920068_42920891","NSC_P1vsNeuron","ERVH48-1","LncRNA",-0.0220506135892513,0.0806359196108365,1.09347145678314,-0.0241117165644007
"ENSG00000233056_P1","Enhancer","chr21_42920068_42920891","iPSvsNSC_P2","ERVH48-1","LncRNA",0.585278877721475,0.00460929469335939,2.33636552454885,1.36742539215509
"ENSG00000233056_P1","Enhancer","chr21_42920068_42920891","iPSvsNSC_P1","ERVH48-1","LncRNA",0.110176954347057,0.0333117796772342,1.47740216456623,0.162775670837656
"ENSG00000233056_P1","Enhancer","chr21_42920068_42920891","NSC_P1vsNSC_P2","ERVH48-1","LncRNA",0.224596445419468,0.0207704000610857,1.68255513838793,0.377895903304191
"ENSG00000233056_P1","Enhancer","chr21_42920068_42920891","NSC_P0vsNSC_P1","ERVH48-1","LncRNA",-0.0226313765721063,0.0103246719928409,1.98612373666546,-0.044948714203275
"ENSG00000233056_P1","Enhancer","chr21_42920068_42920891","NSC_P0vsNSC_P2","ERVH48-1","LncRNA",0.259724084277144,0.198960860340313,0.701232349771481,0.182126929909908
"ENSG00000233056_P1","Enhancer","chr21_42920068_42920891","NSC_P0vsNeuron","ERVH48-1","LncRNA",-0.19138507800811,0.865745323373508,0.062609845765871,-0.0119825902159769
"ENSG00000233137_P2","Enhancer","chr9_37104144_37105093","iPSvsNSC_P2","RP11-220I1.1","LncRNA",0.590541935581285,0.00642823701609175,2.19190811870348,1.29441366303549
"ENSG00000233137_P2","Enhancer","chr9_37104144_37105093","iPSvsNSC_P1","RP11-220I1.1","LncRNA",0.3661210598562,0.0223608856263045,1.65051099975698,0.604286836535342
"ENSG00000233137_P2","Enhancer","chr9_37104144_37105093","NSC_P0vsNSC_P2","RP11-220I1.1","LncRNA",0.27334213155116,0.265258152768511,0.576331259083685,0.157535614837499
"ENSG00000233137_P2","Enhancer","chr9_37104144_37105093","NSC_P1vsNeuron","RP11-220I1.1","LncRNA",0.404767105004365,0.0123352251646114,1.90885291858156,0.772640869733392
"ENSG00000233137_P2","Enhancer","chr9_37104144_37105093","NSC_P0vsNSC_P1","RP11-220I1.1","LncRNA",0.093894997662557,0.0290016105668915,1.53757788344961,0.144370871772501
"ENSG00000233137_P2","Enhancer","chr9_37104144_37105093","iPSvsNeuron","RP11-220I1.1","LncRNA",0.464701465962852,0.0258122972680346,1.58817334197171,0.738026480217377
"ENSG00000233137_P2","Enhancer","chr9_37104144_37105093","NSC_P2vsNeuron","RP11-220I1.1","LncRNA",-0.314310503612665,0.170389739150557,0.768556561942951,-0.241565400039107
"ENSG00000233137_P2","Enhancer","chr9_37104144_37105093","NSC_P0vsNeuron","RP11-220I1.1","LncRNA",0.397474473779966,0.0247161849572181,1.60701856351416,0.638748857887426
"ENSG00000233137_P2","Enhancer","chr9_37104144_37105093","iPSvsNSC_P0","RP11-220I1.1","LncRNA",0.376380898651413,0.0488347811090401,1.31127075456851,0.493537264979812
"ENSG00000233137_P2","Enhancer","chr9_37104144_37105093","NSC_P1vsNSC_P2","RP11-220I1.1","LncRNA",0.356685596629152,0.0444724591745669,1.35190885489072,0.482206416494931
"ENSG00000233137_P2","Enhancer","chr9_37100260_37101141","iPSvsNSC_P2","RP11-220I1.1","LncRNA",0.590541935581285,0.00642823701609175,2.19190811870348,1.29441366303549
"ENSG00000233137_P2","Enhancer","chr9_37100260_37101141","iPSvsNSC_P1","RP11-220I1.1","LncRNA",0.3661210598562,0.0223608856263045,1.65051099975698,0.604286836535342
"ENSG00000233137_P2","Enhancer","chr9_37100260_37101141","NSC_P0vsNSC_P2","RP11-220I1.1","LncRNA",0.27334213155116,0.265258152768511,0.576331259083685,0.157535614837499
"ENSG00000233137_P2","Enhancer","chr9_37100260_37101141","NSC_P1vsNeuron","RP11-220I1.1","LncRNA",0.404767105004365,0.0123352251646114,1.90885291858156,0.772640869733392
"ENSG00000233137_P2","Enhancer","chr9_37100260_37101141","NSC_P0vsNSC_P1","RP11-220I1.1","LncRNA",0.093894997662557,0.0290016105668915,1.53757788344961,0.144370871772501
"ENSG00000233137_P2","Enhancer","chr9_37100260_37101141","iPSvsNeuron","RP11-220I1.1","LncRNA",0.464701465962852,0.0258122972680346,1.58817334197171,0.738026480217377
"ENSG00000233137_P2","Enhancer","chr9_37100260_37101141","NSC_P2vsNeuron","RP11-220I1.1","LncRNA",-0.314310503612665,0.170389739150557,0.768556561942951,-0.241565400039107
"ENSG00000233137_P2","Enhancer","chr9_37100260_37101141","NSC_P0vsNeuron","RP11-220I1.1","LncRNA",0.397474473779966,0.0247161849572181,1.60701856351416,0.638748857887426
"ENSG00000233137_P2","Enhancer","chr9_37100260_37101141","iPSvsNSC_P0","RP11-220I1.1","LncRNA",0.376380898651413,0.0488347811090401,1.31127075456851,0.493537264979812
"ENSG00000233137_P2","Enhancer","chr9_37100260_37101141","NSC_P1vsNSC_P2","RP11-220I1.1","LncRNA",0.356685596629152,0.0444724591745669,1.35190885489072,0.482206416494931
"ENSG00000233208_P1","Enhancer","chr14_90454021_90454932","iPSvsNSC_P1","LINC00642","LncRNA",-0.125401616420807,0.370420067485324,0.431305493474809,-0.0540864060529147
"ENSG00000233208_P1","Enhancer","chr14_90454021_90454932","NSC_P1vsNeuron","LINC00642","LncRNA",-0.074147329772789,0.425239226324026,0.371366680671999,-0.0275358477384127
"ENSG00000233208_P1","Enhancer","chr14_90454021_90454932","NSC_P0vsNeuron","LINC00642","LncRNA",0.12591570254418,0.0678285086707165,1.16858773155946,0.147143545203819
"ENSG00000233208_P1","Enhancer","chr14_90454021_90454932","iPSvsNeuron","LINC00642","LncRNA",-0.118374359792078,0.600290677762691,0.22163840098472,-0.0262363038219062
"ENSG00000233208_P1","Enhancer","chr14_90454021_90454932","iPSvsNSC_P0","LINC00642","LncRNA",-0.202799781567766,0.0353501601937305,1.45160861380214,-0.294385909800962
"ENSG00000233208_P1","Enhancer","chr14_90454021_90454932","iPSvsNSC_P2","LINC00642","LncRNA",-0.602504281847012,0.0106300886656055,1.97346311300985,-1.18901997565557
"ENSG00000233208_P1","Enhancer","chr14_90454021_90454932","NSC_P0vsNSC_P1","LINC00642","LncRNA",0.108707592398047,0.0925178567109617,1.03377443674647,0.112379130101356
"ENSG00000233208_P1","Enhancer","chr14_90454021_90454932","NSC_P0vsNSC_P2","LINC00642","LncRNA",-0.616792451485296,0.00504212193212794,2.29738665611891,-1.41701074763719
"ENSG00000233208_P1","Enhancer","chr14_90454021_90454932","NSC_P2vsNeuron","LINC00642","LncRNA",0.460620905555323,0.0294300373402646,1.53120918687556,0.705306962253253
"ENSG00000233208_P1","Enhancer","chr14_90454021_90454932","NSC_P1vsNSC_P2","LINC00642","LncRNA",-0.497598535019939,0.0191117133927881,1.71870037607023,-0.855222789270765
"ENSG00000233452_P2","Enhancer","chr6_147131430_147132390","iPSvsNSC_P1","STXBP5-AS1","LncRNA",0.333926796481347,0.0171953974234997,1.76458778222415,0.589243145228237
"ENSG00000233452_P2","Enhancer","chr6_147131430_147132390","NSC_P0vsNSC_P1","STXBP5-AS1","LncRNA",0.128077533047094,0.443562633027649,0.353045047178955,0.0452171386971754
"ENSG00000233452_P2","Enhancer","chr6_147131430_147132390","NSC_P0vsNeuron","STXBP5-AS1","LncRNA",-0.321719675567284,0.0730415158881898,1.1364302221243,-0.365611962366686
"ENSG00000233452_P2","Enhancer","chr6_147131430_147132390","NSC_P1vsNSC_P2","STXBP5-AS1","LncRNA",-0.08924124951416,0.400718452620529,0.397160658349045,-0.0354431134089351
"ENSG00000233452_P2","Enhancer","chr6_147131430_147132390","iPSvsNSC_P2","STXBP5-AS1","LncRNA",0.285703314686447,0.235591509135721,0.627840365845686,0.179376073616064
"ENSG00000233452_P2","Enhancer","chr6_147131430_147132390","iPSvsNeuron","STXBP5-AS1","LncRNA",-0.0586120144272967,0.301895300553393,0.520143647359859,-0.0304866669633227
"ENSG00000233452_P2","Enhancer","chr6_147131430_147132390","iPSvsNSC_P0","STXBP5-AS1","LncRNA",0.290132712386312,0.058000980150861,1.23656466729028,0.358767860962006
"ENSG00000233452_P2","Enhancer","chr6_147131430_147132390","NSC_P0vsNSC_P2","STXBP5-AS1","LncRNA",0.0761107632171207,0.660388319475028,0.180200616863519,0.0137152064816784
"ENSG00000233452_P2","Enhancer","chr6_147131430_147132390","NSC_P2vsNeuron","STXBP5-AS1","LncRNA",-0.328340801776193,0.119749213326569,0.921727330932625,-0.302640690857449
"ENSG00000233452_P2","Enhancer","chr6_147131430_147132390","NSC_P1vsNeuron","STXBP5-AS1","LncRNA",-0.45216271137107,0.00970013369581054,2.01322227986235,-0.910304044655207
"ENSG00000233483_P2","Enhancer","chr17_45254027_45254948","NSC_P1vsNSC_P2","EFCAB15P","LncRNA",0.427432400174666,0.056914400883992,1.24477783144076,0.532058376176938
"ENSG00000233483_P2","Enhancer","chr17_45254027_45254948","iPSvsNSC_P0","EFCAB15P","LncRNA",0.313666539738526,0.0810526367551752,1.09123285238121,0.342283232855417
"ENSG00000233483_P2","Enhancer","chr17_45254027_45254948","iPSvsNeuron","EFCAB15P","LncRNA",0.282575720980341,0.306409436912954,0.513697863268841,0.145158544079253
"ENSG00000233483_P2","Enhancer","chr17_45254027_45254948","iPSvsNSC_P1","EFCAB15P","LncRNA",0.17948906635963,0.0485606071413924,1.31371589202118,0.23579763892069
"ENSG00000233483_P2","Enhancer","chr17_45254027_45254948","NSC_P2vsNeuron","EFCAB15P","LncRNA",-0.285301304729781,0.0476138880375084,1.32226635361703,-0.377244315887228
"ENSG00000233483_P2","Enhancer","chr17_45254027_45254948","iPSvsNSC_P2","EFCAB15P","LncRNA",0.502417788924277,0.0320277571191803,1.49447347360185,0.750850058213026
"ENSG00000233483_P2","Enhancer","chr17_45254027_45254948","NSC_P0vsNSC_P1","EFCAB15P","LncRNA",-0.10068321822811,0.0148809072030064,1.82737059155562,-0.183985552053225
"ENSG00000233483_P2","Enhancer","chr17_45254027_45254948","NSC_P0vsNSC_P2","EFCAB15P","LncRNA",0.394352989158229,0.036078213777773,1.44275497239561,0.568954735987108
"ENSG00000233483_P2","Enhancer","chr17_45254027_45254948","NSC_P0vsNeuron","EFCAB15P","LncRNA",-0.0386300242093843,0.0757684312155119,1.12051170471969,-0.0432853942802199
"ENSG00000233483_P2","Enhancer","chr17_45254027_45254948","NSC_P1vsNeuron","EFCAB15P","LncRNA",0.27826057139035,0.138016411063408,0.860069270044228,0.239323366517789
"ENSG00000233593_P2","Enhancer","chr1_90835800_90836423","NSC_P1vsNSC_P2","LINC02609","LncRNA",0.511113576924634,0.0373754329018504,1.4274137684121,0.72957055692458
"ENSG00000233593_P2","Enhancer","chr1_90835800_90836423","NSC_P0vsNSC_P1","LINC02609","LncRNA",0.182557342773729,0.0359817814021667,1.44391733921227,0.263597712631505
"ENSG00000233593_P2","Enhancer","chr1_90835800_90836423","NSC_P0vsNSC_P2","LINC02609","LncRNA",0.696110022569752,0.00681214748876217,2.16671595776432,1.50827269426156
"ENSG00000233593_P2","Enhancer","chr1_90835800_90836423","NSC_P1vsNeuron","LINC02609","LncRNA",0.375772425159317,0.0413926649141219,1.3830766122501,0.519722052766352
"ENSG00000233593_P2","Enhancer","chr1_90835800_90836423","iPSvsNSC_P0","LINC02609","LncRNA",-0.585382871517363,0.0225021501267882,1.64777598217373,-0.964579836062202
"ENSG00000233593_P2","Enhancer","chr1_90835800_90836423","iPSvsNSC_P1","LINC02609","LncRNA",-0.446405243405995,0.0171953974234997,1.76458778222415,-0.787721238435018
"ENSG00000233593_P2","Enhancer","chr1_90835800_90836423","iPSvsNeuron","LINC02609","LncRNA",-0.320239301171411,0.546429194134131,0.26246610560644,-0.0840519622405882
"ENSG00000233593_P2","Enhancer","chr1_90835800_90836423","NSC_P0vsNeuron","LINC02609","LncRNA",0.544355179866251,0.017879100982147,1.74765432269384,0.951344683174034
"ENSG00000233593_P2","Enhancer","chr1_90835800_90836423","NSC_P2vsNeuron","LINC02609","LncRNA",-0.436988941916377,0.0932931433179959,1.0301502740304,-0.450164278263411
"ENSG00000233593_P2","Enhancer","chr1_90835800_90836423","iPSvsNSC_P2","LINC02609","LncRNA",0.550853996501138,0.0276874082595856,1.5577176954368,0.858075017951904
"ENSG00000233901_P1","Enhancer","chr9_129336388_129337339","NSC_P2vsNeuron","LINC01503","LncRNA",-0.158459735103849,0.0684042443338484,1.16491695042049,-0.184592431381614
"ENSG00000233901_P1","Enhancer","chr9_129336388_129337339","NSC_P0vsNeuron","LINC01503","LncRNA",0.00591649274324468,0.0187066451598804,1.72800409166576,0.0102237236686376
"ENSG00000233901_P1","Enhancer","chr9_129336388_129337339","iPSvsNSC_P2","LINC01503","LncRNA",0.124152327607949,0.00381379793680527,2.41864232053363,0.30028007374534
"ENSG00000233901_P1","Enhancer","chr9_129336388_129337339","NSC_P0vsNSC_P1","LINC01503","LncRNA",-0.265702720751199,0.0102535381973403,1.98912624637126,-0.528516255578463
"ENSG00000233901_P1","Enhancer","chr9_129336388_129337339","iPSvsNeuron","LINC01503","LncRNA",0.190732936509068,0.0073651861512036,2.13281627211818,0.406798310615424
"ENSG00000233901_P1","Enhancer","chr9_129336388_129337339","iPSvsNSC_P0","LINC01503","LncRNA",0.541915398889352,0.00614731470897441,2.21131455280197,1.19834540795151
"ENSG00000233901_P1","Enhancer","chr9_129336388_129337339","NSC_P1vsNeuron","LINC01503","LncRNA",0.358784722130772,0.0177634942324529,1.75047160068536,0.628042466849704
"ENSG00000233901_P1","Enhancer","chr9_129336388_129337339","NSC_P0vsNSC_P2","LINC01503","LncRNA",0.00697167694703134,0.023419958748067,1.63041387422961,0.0113667188210866
"ENSG00000233901_P1","Enhancer","chr9_129336388_129337339","NSC_P1vsNSC_P2","LINC01503","LncRNA",0.231958409596867,0.0206384949320433,1.6853219769354,0.390924605428583
"ENSG00000233901_P1","Enhancer","chr9_129336388_129337339","iPSvsNSC_P1","LINC01503","LncRNA",-0.0599479717695993,0.0244103822825952,1.61242541919315,-0.0966616335103753
"ENSG00000233906_P1","Enhancer","chr9_23687867_23688599","iPSvsNSC_P2","RP11-315I14.2","LncRNA",0.502758200604376,0.0143258656814281,1.84387912508079,0.92702535105759
"ENSG00000233906_P1","Enhancer","chr9_23687867_23688599","NSC_P0vsNSC_P1","RP11-315I14.2","LncRNA",0.083167496695482,0.198241604389491,0.702805196164323,0.0584505488295639
"ENSG00000233906_P1","Enhancer","chr9_23687867_23688599","iPSvsNSC_P0","RP11-315I14.2","LncRNA",0.38640205357753,0.0131078859497934,1.88246734601951,0.727389248294582
"ENSG00000233906_P1","Enhancer","chr9_23687867_23688599","iPSvsNSC_P1","RP11-315I14.2","LncRNA",0.384121880659825,0.0118427394271411,1.92654782628883,0.740029174215164
"ENSG00000233906_P1","Enhancer","chr9_23687867_23688599","NSC_P1vsNSC_P2","RP11-315I14.2","LncRNA",0.271690613302467,0.201491068521253,0.695744200033559,0.189027168408752
"ENSG00000233906_P1","Enhancer","chr9_23687867_23688599","NSC_P2vsNeuron","RP11-315I14.2","LncRNA",-0.490188907226541,0.0162447992083865,1.78928565232323,-0.877087978628451
"ENSG00000233906_P1","Enhancer","chr9_23687867_23688599","NSC_P1vsNeuron","RP11-315I14.2","LncRNA",-0.265176498088558,0.148500330952671,0.828272578462872,-0.219638421819564
"ENSG00000233906_P1","Enhancer","chr9_23687867_23688599","NSC_P0vsNSC_P2","RP11-315I14.2","LncRNA",0.135550820715554,0.129769708777727,0.886826669985104,0.120210082948923
"ENSG00000233906_P1","Enhancer","chr9_23687867_23688599","NSC_P0vsNeuron","RP11-315I14.2","LncRNA",-0.358333368931184,0.045629260727781,1.3407565674852,-0.480437817743582
"ENSG00000233906_P1","Enhancer","chr9_23687867_23688599","iPSvsNeuron","RP11-315I14.2","LncRNA",0.107169599271662,0.167555706760993,0.775840775989842,0.083146545061447
"ENSG00000234300_P2","Enhancer","chr22_44624935_44625687",NA,NA,NA,NA,NA,NA,NA
"ENSG00000234380_P1","Enhancer","chr21_34745255_34746182",NA,NA,NA,NA,NA,NA,NA
"ENSG00000234718_P1","Enhancer","chr7_7741930_7742821",NA,NA,NA,NA,NA,NA,NA
"ENSG00000234791_P1","Enhancer","chr11_3188921_3189974",NA,NA,NA,NA,NA,NA,NA
"ENSG00000234840_P1","Enhancer","chr9_22237585_22238436","NSC_P0vsNSC_P1","LINC01239","LncRNA",-0.190735583724399,0.153964511101254,0.812579372728911,-0.154987800979855
"ENSG00000234840_P1","Enhancer","chr9_22237585_22238436","NSC_P1vsNeuron","LINC01239","LncRNA",-0.170765008540308,0.498113966577919,0.302671280948436,-0.0516856638760656
"ENSG00000234840_P1","Enhancer","chr9_22237585_22238436","iPSvsNSC_P0","LINC01239","LncRNA",0.34729667557271,0.0112903133790876,1.94729400343202,0.676288733754613
"ENSG00000234840_P1","Enhancer","chr9_22237585_22238436","NSC_P0vsNeuron","LINC01239","LncRNA",-0.325396812621507,0.0435921447034758,1.36059176346748,-0.442732223111395
"ENSG00000234840_P1","Enhancer","chr9_22237585_22238436","NSC_P2vsNeuron","LINC01239","LncRNA",0.423187070549396,0.0107036231541672,1.97046918964975,0.83387708397572
"ENSG00000234840_P1","Enhancer","chr9_22237585_22238436","NSC_P1vsNSC_P2","LINC01239","LncRNA",-0.416188276517378,0.0129550750533144,1.88756006664991,-0.785580370962055
"ENSG00000234840_P1","Enhancer","chr9_22237585_22238436","iPSvsNSC_P2","LINC01239","LncRNA",-0.406445514009232,0.0415078027107585,1.38187025616256,-0.561654966560062
"ENSG00000234840_P1","Enhancer","chr9_22237585_22238436","iPSvsNeuron","LINC01239","LncRNA",0.0724246503543223,0.0187066000784452,1.72800513828005,0.125150167950405
"ENSG00000234840_P1","Enhancer","chr9_22237585_22238436","NSC_P0vsNSC_P2","LINC01239","LncRNA",-0.507848416893362,0.00523306880141049,2.28124355536611,-1.15852592814086
"ENSG00000234840_P1","Enhancer","chr9_22237585_22238436","iPSvsNSC_P1","LINC01239","LncRNA",0.289477375067925,0.0213934509216748,1.66971915486946,0.483345918052244
"ENSG00000234840_P1","Enhancer","chr9_22238599_22239651","NSC_P0vsNSC_P1","LINC01239","LncRNA",-0.190735583724399,0.153964511101254,0.812579372728911,-0.154987800979855
"ENSG00000234840_P1","Enhancer","chr9_22238599_22239651","NSC_P1vsNeuron","LINC01239","LncRNA",-0.170765008540308,0.498113966577919,0.302671280948436,-0.0516856638760656
"ENSG00000234840_P1","Enhancer","chr9_22238599_22239651","iPSvsNSC_P0","LINC01239","LncRNA",0.34729667557271,0.0112903133790876,1.94729400343202,0.676288733754613
"ENSG00000234840_P1","Enhancer","chr9_22238599_22239651","NSC_P0vsNeuron","LINC01239","LncRNA",-0.325396812621507,0.0435921447034758,1.36059176346748,-0.442732223111395
"ENSG00000234840_P1","Enhancer","chr9_22238599_22239651","NSC_P2vsNeuron","LINC01239","LncRNA",0.423187070549396,0.0107036231541672,1.97046918964975,0.83387708397572
"ENSG00000234840_P1","Enhancer","chr9_22238599_22239651","NSC_P1vsNSC_P2","LINC01239","LncRNA",-0.416188276517378,0.0129550750533144,1.88756006664991,-0.785580370962055
"ENSG00000234840_P1","Enhancer","chr9_22238599_22239651","iPSvsNSC_P2","LINC01239","LncRNA",-0.406445514009232,0.0415078027107585,1.38187025616256,-0.561654966560062
"ENSG00000234840_P1","Enhancer","chr9_22238599_22239651","iPSvsNeuron","LINC01239","LncRNA",0.0724246503543223,0.0187066000784452,1.72800513828005,0.125150167950405
"ENSG00000234840_P1","Enhancer","chr9_22238599_22239651","NSC_P0vsNSC_P2","LINC01239","LncRNA",-0.507848416893362,0.00523306880141049,2.28124355536611,-1.15852592814086
"ENSG00000234840_P1","Enhancer","chr9_22238599_22239651","iPSvsNSC_P1","LINC01239","LncRNA",0.289477375067925,0.0213934509216748,1.66971915486946,0.483345918052244
"ENSG00000234912_P2","Enhancer","chr17_77086195_77087130","iPSvsNSC_P2","SNHG20","LncRNA",0.073841031810727,0.0444724988043839,1.35190846788709,0.0998263161824421
"ENSG00000234912_P2","Enhancer","chr17_77086195_77087130","iPSvsNSC_P0","SNHG20","LncRNA",0.110581076372007,0.0141102013996036,1.85046678737164,0.204626609138207
"ENSG00000234912_P2","Enhancer","chr17_77086195_77087130","NSC_P2vsNeuron","SNHG20","LncRNA",-0.207324435006933,0.0333987008175391,1.47627042656411,-0.306066932104849
"ENSG00000234912_P2","Enhancer","chr17_77086195_77087130","NSC_P0vsNSC_P1","SNHG20","LncRNA",-0.338714700173379,0.0284764841411747,1.54551363204164,-0.523488186490852
"ENSG00000234912_P2","Enhancer","chr17_77086195_77087130","NSC_P0vsNeuron","SNHG20","LncRNA",-0.00109357662327164,0.0247161849572181,1.60701856351416,-0.00175739793422266
"ENSG00000234912_P2","Enhancer","chr17_77086195_77087130","NSC_P0vsNSC_P2","SNHG20","LncRNA",0.324105277104974,0.205760223780832,0.686638576425353,0.222543186083304
"ENSG00000234912_P2","Enhancer","chr17_77086195_77087130","iPSvsNeuron","SNHG20","LncRNA",-0.374426344825154,0.0125033602654103,1.90297325510321,-0.712523320208322
"ENSG00000234912_P2","Enhancer","chr17_77086195_77087130","iPSvsNSC_P1","SNHG20","LncRNA",-0.287800383390852,0.00402100068806936,2.39566585258107,-0.689473550849205
"ENSG00000234912_P2","Enhancer","chr17_77086195_77087130","NSC_P1vsNSC_P2","SNHG20","LncRNA",0.248214116996268,0.0354440991941551,1.45045605669322,0.360023669353996
"ENSG00000234912_P2","Enhancer","chr17_77086195_77087130","NSC_P1vsNeuron","SNHG20","LncRNA",-0.048764460606955,0.0208572149002087,1.68074368412733,-0.0819605591750157
"ENSG00000235215_P1","Enhancer","chr1_59077883_59078750",NA,NA,NA,NA,NA,NA,NA
"ENSG00000235781_P2","Enhancer","chr6_30517950_30518766","iPSvsNSC_P1","LINC02569","LncRNA",0.0712357002054407,0.00997345715048738,2.00115427387219,0.142553625918396
"ENSG00000235781_P2","Enhancer","chr6_30517950_30518766","NSC_P0vsNeuron","LINC02569","LncRNA",0.420686410402294,0.0402119801343878,1.39564454066818,0.587128692011255
"ENSG00000235781_P2","Enhancer","chr6_30517950_30518766","iPSvsNSC_P2","LINC02569","LncRNA",-0.700000539480469,0.00791979509914002,2.10128605432767,-1.47090137163216
"ENSG00000235781_P2","Enhancer","chr6_30517950_30518766","iPSvsNeuron","LINC02569","LncRNA",0.43686598608078,0.0361948984787726,1.4413526371643,0.629677941124915
"ENSG00000235781_P2","Enhancer","chr6_30517950_30518766","iPSvsNSC_P0","LINC02569","LncRNA",-0.200712643417508,0.00646858452743665,2.18919074238806,-0.439398260849846
"ENSG00000235781_P2","Enhancer","chr6_30517950_30518766","NSC_P2vsNeuron","LINC02569","LncRNA",0.753451019679154,0.00454051668396188,2.34289472418568,1.76525641893861
"ENSG00000235781_P2","Enhancer","chr6_30517950_30518766","NSC_P1vsNSC_P2","LINC02569","LncRNA",-0.540913591122237,0.0171181010273126,1.76654441484005,-0.955547883308064
"ENSG00000235781_P2","Enhancer","chr6_30517950_30518766","NSC_P0vsNSC_P2","LINC02569","LncRNA",-0.523722498915487,0.00912191346531229,2.03991405199375,-1.06834888488298
"ENSG00000235781_P2","Enhancer","chr6_30517950_30518766","NSC_P1vsNeuron","LINC02569","LncRNA",0.369343926341636,0.0609156898109827,1.21527083346352,0.44885290119989
"ENSG00000235781_P2","Enhancer","chr6_30517950_30518766","NSC_P0vsNSC_P1","LINC02569","LncRNA",-0.130390409327787,0.021393256548996,1.66972310072025,-0.217715878566975
"ENSG00000235884_P2","Enhancer","chr12_30792838_30793754",NA,NA,NA,NA,NA,NA,NA
"ENSG00000236094_P1","Enhancer","chr13_30862372_30863800","NSC_P2vsNeuron","LINC00545","LncRNA",-0.309176842453197,0.316728411990893,0.499312976674163,-0.154376009524024
"ENSG00000236094_P1","Enhancer","chr13_30862372_30863800","iPSvsNeuron","LINC00545","LncRNA",-0.182390884056346,0.178132542686001,0.749256732878683,-0.136657597894913
"ENSG00000236094_P1","Enhancer","chr13_30862372_30863800","iPSvsNSC_P2","LINC00545","LncRNA",0.313949950846567,0.257106475900506,0.589886984374505,0.185194989749405
"ENSG00000236094_P1","Enhancer","chr13_30862372_30863800","NSC_P0vsNSC_P1","LINC00545","LncRNA",-0.0403210682446987,0.0109097350764208,1.96218579535533,-0.0791174273633008
"ENSG00000236094_P1","Enhancer","chr13_30862372_30863800","NSC_P0vsNSC_P2","LINC00545","LncRNA",0.489885950772082,0.0237152269401764,1.6249727150604,0.796051303496057
"ENSG00000236094_P1","Enhancer","chr13_30862372_30863800","NSC_P0vsNeuron","LINC00545","LncRNA",-0.143636491961029,0.0104684352795682,1.98011822760797,-0.284417235881699
"ENSG00000236094_P1","Enhancer","chr13_30862372_30863800","iPSvsNSC_P1","LINC00545","LncRNA",-0.25085827605112,0.437877556138485,0.358647314444793,-0.0899696470119849
"ENSG00000236094_P1","Enhancer","chr13_30862372_30863800","iPSvsNSC_P0","LINC00545","LncRNA",-0.247583254350826,0.170528160504717,0.768203892671824,-0.190194419752663
"ENSG00000236094_P1","Enhancer","chr13_30862372_30863800","NSC_P1vsNSC_P2","LINC00545","LncRNA",0.517391384497237,0.0179157655218593,1.74676463015395,0.903760970386158
"ENSG00000236094_P1","Enhancer","chr13_30862372_30863800","NSC_P1vsNeuron","LINC00545","LncRNA",0.123461641979243,0.0233661925838295,1.63141204817877,0.201416810212871
"ENSG00000236204_P2","Enhancer","chr2_19228033_19229344","NSC_P0vsNSC_P2","LINC01376","LncRNA",0.409280932589717,0.156608402173604,0.805184941385713,0.32954684371754
"ENSG00000236204_P2","Enhancer","chr2_19228033_19229344","iPSvsNeuron","LINC01376","LncRNA",0.141178347525543,0.0118427747348141,1.92654653149511,0.271986655747546
"ENSG00000236204_P2","Enhancer","chr2_19228033_19229344","iPSvsNSC_P2","LINC01376","LncRNA",0.457036261020935,0.0173427837762389,1.76088119050314,0.804786555409648
"ENSG00000236204_P2","Enhancer","chr2_19228033_19229344","iPSvsNSC_P0","LINC01376","LncRNA",0.126549527191442,0.0170837193493935,1.76741757175768,0.22366585805578
"ENSG00000236204_P2","Enhancer","chr2_19228033_19229344","NSC_P1vsNSC_P2","LINC01376","LncRNA",0.273041892401423,0.0529681856218373,1.27598490318144,0.348397332640308
"ENSG00000236204_P2","Enhancer","chr2_19228033_19229344","NSC_P0vsNSC_P1","LINC01376","LncRNA",-0.00906896737549301,0.264288272348709,0.577922108026992,-0.00524115674327293
"ENSG00000236204_P2","Enhancer","chr2_19228033_19229344","iPSvsNSC_P1","LINC01376","LncRNA",0.227199875553484,0.0167524944695853,1.77592051676342,0.40348892040153
"ENSG00000236204_P2","Enhancer","chr2_19228033_19229344","NSC_P1vsNeuron","LINC01376","LncRNA",-0.0106876082858577,0.258181724804085,0.588074502184377,-0.00628510992224736
"ENSG00000236204_P2","Enhancer","chr2_19228033_19229344","NSC_P2vsNeuron","LINC01376","LncRNA",-0.454803336909235,0.0617686361907875,1.20923198748138,-0.549962743003916
"ENSG00000236204_P2","Enhancer","chr2_19228033_19229344","NSC_P0vsNeuron","LINC01376","LncRNA",0.120368431168835,0.176592019461295,0.75302892693193,0.0906409105595478
"ENSG00000236352_P1","Enhancer","chr20_53934094_53935101","NSC_P2vsNeuron","AC005220.3","LncRNA",-0.0783800238741597,0.402065670921657,0.395703006145411,-0.0310152110687541
"ENSG00000236352_P1","Enhancer","chr20_53934094_53935101","iPSvsNeuron","AC005220.3","LncRNA",-0.0411404199698617,0.00861142475731727,2.06492498872626,-0.0849518812424601
"ENSG00000236352_P1","Enhancer","chr20_53934094_53935101","NSC_P0vsNeuron","AC005220.3","LncRNA",0.522749787600031,0.00584052518729928,2.23354809883095,1.16758679425833
"ENSG00000236352_P1","Enhancer","chr20_53934094_53935101","iPSvsNSC_P1","AC005220.3","LncRNA",0.0274756569460177,0.0453701411529267,1.34322986958032,0.0369061230962329
"ENSG00000236352_P1","Enhancer","chr20_53934094_53935101","iPSvsNSC_P2","AC005220.3","LncRNA",0.151860699920369,0.0354441334057441,1.45045563750081,0.220267208314318
"ENSG00000236352_P1","Enhancer","chr20_53934094_53935101","NSC_P1vsNeuron","AC005220.3","LncRNA",0.522765388555469,0.00628322156693882,2.20181762537044,1.15103404645506
"ENSG00000236352_P1","Enhancer","chr20_53934094_53935101","NSC_P0vsNSC_P1","AC005220.3","LncRNA",-0.036410807628002,0.205014906244522,0.688214561069168,-0.0250584479898793
"ENSG00000236352_P1","Enhancer","chr20_53934094_53935101","iPSvsNSC_P0","AC005220.3","LncRNA",0.020665816737802,0.0304431237836915,1.51651078644763,0.0313399339936267
"ENSG00000236352_P1","Enhancer","chr20_53934094_53935101","NSC_P0vsNSC_P2","AC005220.3","LncRNA",0.341186882978619,0.126757161600519,0.897027494276889,0.306054014718453
"ENSG00000236352_P1","Enhancer","chr20_53934094_53935101","NSC_P1vsNSC_P2","AC005220.3","LncRNA",0.360392837497574,0.148350409935606,0.828711249262706,0.298661598587946
"ENSG00000236352_P2","Enhancer","chr20_53866975_53868414","NSC_P1vsNSC_P2","AC005220.3","LncRNA",0.108508494893341,0.489264708994278,0.310456109075122,0.0336871251261844
"ENSG00000236352_P2","Enhancer","chr20_53866975_53868414","NSC_P0vsNSC_P2","AC005220.3","LncRNA",0.167254468215344,0.0736597647467392,1.13276967252097,0.189460789187964
"ENSG00000236352_P2","Enhancer","chr20_53866975_53868414","NSC_P1vsNeuron","AC005220.3","LncRNA",-0.434868238310051,0.0106137677062573,1.97413042160531,-0.858486618637781
"ENSG00000236352_P2","Enhancer","chr20_53866975_53868414","iPSvsNeuron","AC005220.3","LncRNA",-0.18195445753737,0.00808044574883739,2.09256468119066,-0.380751471427906
"ENSG00000236352_P2","Enhancer","chr20_53866975_53868414","iPSvsNSC_P1","AC005220.3","LncRNA",0.286156460449716,0.0519373913442336,1.28451986743786,0.367573658643357
"ENSG00000236352_P2","Enhancer","chr20_53866975_53868414","NSC_P0vsNeuron","AC005220.3","LncRNA",-0.168676899617455,0.0105408934637071,1.9771225760388,-0.3334949062899
"ENSG00000236352_P2","Enhancer","chr20_53866975_53868414","NSC_P2vsNeuron","AC005220.3","LncRNA",-0.515328278503337,0.0283734746260472,1.54708747708683,-0.797257926261229
"ENSG00000236352_P2","Enhancer","chr20_53866975_53868414","iPSvsNSC_P2","AC005220.3","LncRNA",0.177636050458462,0.056602446712747,1.24716479547465,0.221541428538953
"ENSG00000236352_P2","Enhancer","chr20_53866975_53868414","NSC_P0vsNSC_P1","AC005220.3","LncRNA",0.282628529403212,0.0453698190048095,1.34323295327463,0.379635954229943
"ENSG00000236352_P2","Enhancer","chr20_53866975_53868414","iPSvsNSC_P0","AC005220.3","LncRNA",0.179074555097753,0.0605858601012695,1.2176287223112,0.218046321722124
"ENSG00000236352_P2","Enhancer","chr20_53865764_53866742","NSC_P1vsNSC_P2","AC005220.3","LncRNA",0.108508494893341,0.489264708994278,0.310456109075122,0.0336871251261844
"ENSG00000236352_P2","Enhancer","chr20_53865764_53866742","NSC_P0vsNSC_P2","AC005220.3","LncRNA",0.167254468215344,0.0736597647467392,1.13276967252097,0.189460789187964
"ENSG00000236352_P2","Enhancer","chr20_53865764_53866742","NSC_P1vsNeuron","AC005220.3","LncRNA",-0.434868238310051,0.0106137677062573,1.97413042160531,-0.858486618637781
"ENSG00000236352_P2","Enhancer","chr20_53865764_53866742","iPSvsNeuron","AC005220.3","LncRNA",-0.18195445753737,0.00808044574883739,2.09256468119066,-0.380751471427906
"ENSG00000236352_P2","Enhancer","chr20_53865764_53866742","iPSvsNSC_P1","AC005220.3","LncRNA",0.286156460449716,0.0519373913442336,1.28451986743786,0.367573658643357
"ENSG00000236352_P2","Enhancer","chr20_53865764_53866742","NSC_P0vsNeuron","AC005220.3","LncRNA",-0.168676899617455,0.0105408934637071,1.9771225760388,-0.3334949062899
"ENSG00000236352_P2","Enhancer","chr20_53865764_53866742","NSC_P2vsNeuron","AC005220.3","LncRNA",-0.515328278503337,0.0283734746260472,1.54708747708683,-0.797257926261229
"ENSG00000236352_P2","Enhancer","chr20_53865764_53866742","iPSvsNSC_P2","AC005220.3","LncRNA",0.177636050458462,0.056602446712747,1.24716479547465,0.221541428538953
"ENSG00000236352_P2","Enhancer","chr20_53865764_53866742","NSC_P0vsNSC_P1","AC005220.3","LncRNA",0.282628529403212,0.0453698190048095,1.34323295327463,0.379635954229943
"ENSG00000236352_P2","Enhancer","chr20_53865764_53866742","iPSvsNSC_P0","AC005220.3","LncRNA",0.179074555097753,0.0605858601012695,1.2176287223112,0.218046321722124
"ENSG00000236373_P1","Enhancer","chr10_90666029_90666928",NA,NA,NA,NA,NA,NA,NA
"ENSG00000236437_P1","Enhancer","chr11_116445391_116446272",NA,NA,NA,NA,NA,NA,NA
"ENSG00000236524_P1","Enhancer","chr3_186662947_186664883",NA,NA,NA,NA,NA,NA,NA
"ENSG00000236524_P2","Enhancer","chr3_186662947_186664883",NA,NA,NA,NA,NA,NA,NA
"ENSG00000236546_P1","Enhancer","chr1_39896482_39897491","iPSvsNSC_P0","MYCL-AS1","LncRNA",0.199483788325157,0.0215293849336877,1.66696837722347,0.332533166906778
"ENSG00000236546_P1","Enhancer","chr1_39896482_39897491","NSC_P0vsNeuron","MYCL-AS1","LncRNA",0.096161276390286,0.457961075479401,0.339171433399835,0.032615157950851
"ENSG00000236546_P1","Enhancer","chr1_39896482_39897491","NSC_P0vsNSC_P2","MYCL-AS1","LncRNA",-0.624410075003366,0.00737366087516134,2.13231684007312,-1.33144011804099
"ENSG00000236546_P1","Enhancer","chr1_39896482_39897491","iPSvsNeuron","MYCL-AS1","LncRNA",0.289259215280285,0.0132853390945928,1.87662735619303,0.542831756425912
"ENSG00000236546_P1","Enhancer","chr1_39896482_39897491","iPSvsNSC_P1","MYCL-AS1","LncRNA",0.279827603630816,0.148500161520307,0.82827307397411,0.231773669442105
"ENSG00000236546_P1","Enhancer","chr1_39896482_39897491","NSC_P1vsNeuron","MYCL-AS1","LncRNA",0.126184285742206,0.0327202985909521,1.48518274180355,0.187406723471133
"ENSG00000236546_P1","Enhancer","chr1_39896482_39897491","iPSvsNSC_P2","MYCL-AS1","LncRNA",-0.753849098938502,0.00978201719448104,2.00957157812671,-1.51491372342324
"ENSG00000236546_P1","Enhancer","chr1_39896482_39897491","NSC_P0vsNSC_P1","MYCL-AS1","LncRNA",-0.0844029788183317,0.0370563421213468,1.43113745266197,-0.120792264103149
"ENSG00000236546_P1","Enhancer","chr1_39896482_39897491","NSC_P2vsNeuron","MYCL-AS1","LncRNA",0.711702319434334,0.00797634805957366,2.09819590321018,1.4932908909423
"ENSG00000236546_P1","Enhancer","chr1_39896482_39897491","NSC_P1vsNSC_P2","MYCL-AS1","LncRNA",-0.798400296926637,0.00443909205530831,2.35270584873496,-1.87840104821103
"ENSG00000236641_P1","Enhancer","chr22_25212065_25212943","iPSvsNSC_P2","CTA-221G9.7","LncRNA",-0.644731625413398,0.0099881816074124,2.00051356980687,-1.28979436552314
"ENSG00000236641_P1","Enhancer","chr22_25212065_25212943","NSC_P0vsNSC_P2","CTA-221G9.7","LncRNA",-0.523956388909227,0.00978201151149612,2.00957183043558,-1.05292799952873
"ENSG00000236641_P1","Enhancer","chr22_25212065_25212943","NSC_P0vsNeuron","CTA-221G9.7","LncRNA",0.111668396134597,0.375567026489211,0.425312544314338,0.0474939696795069
"ENSG00000236641_P1","Enhancer","chr22_25212065_25212943","NSC_P1vsNSC_P2","CTA-221G9.7","LncRNA",-0.588564680740685,0.00619827849238653,2.20772891454566,-1.29939126375155
"ENSG00000236641_P1","Enhancer","chr22_25212065_25212943","NSC_P0vsNSC_P1","CTA-221G9.7","LncRNA",0.0795396187049607,0.297424722851416,0.526622934429772,0.0418873874058316
"ENSG00000236641_P1","Enhancer","chr22_25212065_25212943","NSC_P1vsNeuron","CTA-221G9.7","LncRNA",0.14795617708543,0.0576845151492968,1.2389407533566,0.183308937501985
"ENSG00000236641_P1","Enhancer","chr22_25212065_25212943","NSC_P2vsNeuron","CTA-221G9.7","LncRNA",0.579047102939209,0.00507979965509994,2.29415341574764,1.32842288908676
"ENSG00000236641_P1","Enhancer","chr22_25212065_25212943","iPSvsNeuron","CTA-221G9.7","LncRNA",0.467211420546941,0.0137381956156275,1.86207030407672,0.86998051192596
"ENSG00000236641_P1","Enhancer","chr22_25212065_25212943","iPSvsNSC_P1","CTA-221G9.7","LncRNA",0.143624809550327,0.119337643998586,0.923222540385951,0.132597661535501
"ENSG00000236641_P1","Enhancer","chr22_25212065_25212943","iPSvsNSC_P0","CTA-221G9.7","LncRNA",0.34195463639476,0.0253374054899273,1.5962378582409,0.545840936414318
"ENSG00000236714_P1","Enhancer","chr5_142702679_142703780",NA,NA,NA,NA,NA,NA,NA
"ENSG00000236751_P1","Enhancer","chrX_46327254_46328230","iPSvsNSC_P2","LINC01186","LncRNA",0.659459955411508,0.00874522275108552,2.05822912405435,1.35731968637555
"ENSG00000236751_P1","Enhancer","chrX_46327254_46328230","iPSvsNSC_P0","LINC01186","LncRNA",0.017815168070557,0.0323308737412424,1.49038255842981,0.0265514157678538
"ENSG00000236751_P1","Enhancer","chrX_46327254_46328230","iPSvsNeuron","LINC01186","LncRNA",0.214317760104406,0.0182297078467594,1.73922029138655,0.372745797178097
"ENSG00000236751_P1","Enhancer","chrX_46327254_46328230","NSC_P2vsNeuron","LINC01186","LncRNA",-0.688642213111805,0.00474967860905183,2.32333577627778,-1.59994709077776
"ENSG00000236751_P1","Enhancer","chrX_46327254_46328230","iPSvsNSC_P1","LINC01186","LncRNA",-0.224338531893617,0.00584048586522737,2.23355102278313,-0.501071557360654
"ENSG00000236751_P1","Enhancer","chrX_46327254_46328230","NSC_P0vsNeuron","LINC01186","LncRNA",0.096669608861698,0.129926213444397,0.886303218397773,0.0856785854553769
"ENSG00000236751_P1","Enhancer","chrX_46327254_46328230","NSC_P0vsNSC_P2","LINC01186","LncRNA",0.597764996488553,0.00732095044387177,2.13543253291243,1.27648682053794
"ENSG00000236751_P1","Enhancer","chrX_46327254_46328230","NSC_P0vsNSC_P1","LINC01186","LncRNA",-0.252413731810849,0.108906866560242,0.962944737184445,-0.243060474640343
"ENSG00000236751_P1","Enhancer","chrX_46327254_46328230","NSC_P1vsNSC_P2","LINC01186","LncRNA",0.676554246920325,0.00493059517610881,2.30710065352228,1.56087874521316
"ENSG00000236751_P1","Enhancer","chrX_46327254_46328230","NSC_P1vsNeuron","LINC01186","LncRNA",0.20595325011993,0.0814713551989765,1.08899505955112,0.2242820718791
"ENSG00000236782_P1","Enhancer","chr1_26171523_26172394","NSC_P0vsNeuron","ZNF593OS","LncRNA",0.271563840718753,0.175825409379478,0.754918362732749,0.205008530012818
"ENSG00000236782_P1","Enhancer","chr1_26171523_26172394","NSC_P2vsNeuron","ZNF593OS","LncRNA",0.580380762870724,0.0122725392433648,1.9110655705013,1.10914569370352
"ENSG00000236782_P1","Enhancer","chr1_26171523_26172394","NSC_P1vsNeuron","ZNF593OS","LncRNA",0.180255753709272,0.183603749662761,0.736118453629235,0.132689586678242
"ENSG00000236782_P1","Enhancer","chr1_26171523_26172394","iPSvsNSC_P2","ZNF593OS","LncRNA",-0.653137060380004,0.00814820283642872,2.08893816847339,-1.3643629346723
"ENSG00000236782_P1","Enhancer","chr1_26171523_26172394","iPSvsNSC_P1","ZNF593OS","LncRNA",-0.418458731858668,0.0220806682681999,1.65598778688488,-0.692962549273288
"ENSG00000236782_P1","Enhancer","chr1_26171523_26172394","iPSvsNSC_P0","ZNF593OS","LncRNA",-0.131199513773646,0.161727299480456,0.79121666523262,-0.103807241768125
"ENSG00000236782_P1","Enhancer","chr1_26171523_26172394","iPSvsNeuron","ZNF593OS","LncRNA",0.0239477994522393,0.133613117106622,0.874150904080631,0.0209339905419166
"ENSG00000236782_P1","Enhancer","chr1_26171523_26172394","NSC_P0vsNSC_P2","ZNF593OS","LncRNA",-0.486366042481218,0.0285472654516409,1.54443548658245,-0.75116097547666
"ENSG00000236782_P1","Enhancer","chr1_26171523_26172394","NSC_P1vsNSC_P2","ZNF593OS","LncRNA",-0.517853329472187,0.0326092566039331,1.48665910173037,-0.769871365621204
"ENSG00000236782_P1","Enhancer","chr1_26171523_26172394","NSC_P0vsNSC_P1","ZNF593OS","LncRNA",-0.153634784008185,0.0386065481313747,1.41333902755269,-0.217138036228396
"ENSG00000236914_P2","Enhancer","chr15_38068488_38069984","iPSvsNSC_P1","LINC01852","LncRNA",0.134622775940015,0.0558150208204296,1.25324890891981,0.16871584706258
"ENSG00000236914_P2","Enhancer","chr15_38068488_38069984","iPSvsNSC_P2","LINC01852","LncRNA",-0.516933783235099,0.0310782884428883,1.50754290686845,-0.779299858236746
"ENSG00000236914_P2","Enhancer","chr15_38068488_38069984","NSC_P1vsNeuron","LINC01852","LncRNA",0.237373177351616,0.0456291782281257,1.34075735270891,0.318259832870056
"ENSG00000236914_P2","Enhancer","chr15_38068488_38069984","NSC_P2vsNeuron","LINC01852","LncRNA",0.678764667490699,0.00427461608320088,2.36910288454623,1.60806333168028
"ENSG00000236914_P2","Enhancer","chr15_38068488_38069984","iPSvsNeuron","LINC01852","LncRNA",0.472040097482145,0.0142046311849936,1.84757003799888,0.872127140842081
"ENSG00000236914_P2","Enhancer","chr15_38068488_38069984","NSC_P1vsNSC_P2","LINC01852","LncRNA",-0.636921314016673,0.00414702879677598,2.38226294890473,-1.51731404774964
"ENSG00000236914_P2","Enhancer","chr15_38068488_38069984","NSC_P0vsNeuron","LINC01852","LncRNA",0.454129980673051,0.0131964029045911,1.87954443330785,0.853557477172234
"ENSG00000236914_P2","Enhancer","chr15_38068488_38069984","NSC_P0vsNSC_P1","LINC01852","LncRNA",0.0718444829341133,0.067827878070453,1.16859176920518,0.0839568714196069
"ENSG00000236914_P2","Enhancer","chr15_38068488_38069984","iPSvsNSC_P0","LINC01852","LncRNA",0.287790861312828,0.104225155859209,0.982027446753415,0.282618524734003
"ENSG00000236914_P2","Enhancer","chr15_38068488_38069984","NSC_P0vsNSC_P2","LINC01852","LncRNA",-0.517905680303761,0.00991902835476097,2.00353086825238,-1.03764001733184
"ENSG00000237167_P2","Enhancer","chr3_197478479_197479517","NSC_P0vsNSC_P1","AC128709.2","LncRNA",0.221171190004,0.0920539810946418,1.03595742464994,0.229123936403307
"ENSG00000237167_P2","Enhancer","chr3_197478479_197479517","NSC_P1vsNSC_P2","AC128709.2","LncRNA",-0.758761255426849,0.00496751880383656,2.30386048025499,-1.74808007032658
"ENSG00000237167_P2","Enhancer","chr3_197478479_197479517","NSC_P1vsNeuron","AC128709.2","LncRNA",-0.415759503954464,0.0144911508720631,1.83889712194509,-0.764538955243182
"ENSG00000237167_P2","Enhancer","chr3_197478479_197479517","iPSvsNSC_P2","AC128709.2","LncRNA",-0.69315890424777,0.00701173171335774,2.15417470946891,-1.49318538117373
"ENSG00000237167_P2","Enhancer","chr3_197478479_197479517","iPSvsNSC_P0","AC128709.2","LncRNA",0.0252997690603727,0.324910946649993,0.488235656492502,0.0123522493562997
"ENSG00000237167_P2","Enhancer","chr3_197478479_197479517","iPSvsNeuron","AC128709.2","LncRNA",-0.135885135680994,0.0335110610898669,1.47481182050319,-0.20040500433301
"ENSG00000237167_P2","Enhancer","chr3_197478479_197479517","NSC_P2vsNeuron","AC128709.2","LncRNA",0.624363513619049,0.00862277714183067,2.06435283822082,1.28890659142101
"ENSG00000237167_P2","Enhancer","chr3_197478479_197479517","NSC_P0vsNSC_P2","AC128709.2","LncRNA",-0.626251437260927,0.0058887959976123,2.22997349044954,-1.39652410344779
"ENSG00000237167_P2","Enhancer","chr3_197478479_197479517","iPSvsNSC_P1","AC128709.2","LncRNA",0.045397612733799,0.640908746555674,0.193203801508545,0.00877099135958272
"ENSG00000237167_P2","Enhancer","chr3_197478479_197479517","NSC_P0vsNeuron","AC128709.2","LncRNA",-0.150584525162858,0.00700407228213789,2.15464938063947,-0.324456853876042
"ENSG00000237292_P2","Enhancer","chr1_181134984_181136618","NSC_P0vsNSC_P1","LINC01732","LncRNA",-0.059418896462852,0.235678575792237,0.627679894938993,-0.0372960466891938
"ENSG00000237292_P2","Enhancer","chr1_181134984_181136618","NSC_P2vsNeuron","LINC01732","LncRNA",-0.193773039991212,0.209222536784222,0.679391536468894,-0.131647763365878
"ENSG00000237292_P2","Enhancer","chr1_181134984_181136618","NSC_P0vsNeuron","LINC01732","LncRNA",-0.0854027232465183,0.211079289544085,0.675554376251607,-0.0576941834329903
"ENSG00000237292_P2","Enhancer","chr1_181134984_181136618","iPSvsNSC_P0","LINC01732","LncRNA",0.0927519795313803,0.0962972753040331,1.01638600090417,0.0942718135518448
"ENSG00000237292_P2","Enhancer","chr1_181134984_181136618","NSC_P1vsNSC_P2","LINC01732","LncRNA",0.298452976061959,0.336860377809676,0.472550068599114,0.141033974311688
"ENSG00000237292_P2","Enhancer","chr1_181134984_181136618","iPSvsNSC_P2","LINC01732","LncRNA",0.128000574693555,0.834538656546699,0.0785535416257291,0.0100548984723074
"ENSG00000237292_P2","Enhancer","chr1_181134984_181136618","iPSvsNSC_P1","LINC01732","LncRNA",-0.0404948443256817,0.266346766165788,0.574552571809054,-0.0232664169523277
"ENSG00000237292_P2","Enhancer","chr1_181134984_181136618","iPSvsNeuron","LINC01732","LncRNA",0.0812706262276247,0.145160730409491,0.838150855213742,0.06811704487644
"ENSG00000237292_P2","Enhancer","chr1_181134984_181136618","NSC_P1vsNeuron","LINC01732","LncRNA",0.260876218757441,0.246262108692059,0.608602406073574,0.158769894423155
"ENSG00000237292_P2","Enhancer","chr1_181134984_181136618","NSC_P0vsNSC_P2","LINC01732","LncRNA",0.248152125219109,0.688448386801056,0.162128613384858,0.0402325599702798
"ENSG00000237341_P2","Enhancer","chrX_49192662_49193414","iPSvsNSC_P1","SYP-AS1","LncRNA",-0.148835012824447,0.0317542912529717,1.49819757614986,-0.222984255459821
"ENSG00000237341_P2","Enhancer","chrX_49192662_49193414","NSC_P0vsNSC_P2","SYP-AS1","LncRNA",0.5164687092312,0.0152083848302414,1.81791690669392,0.938897198289783
"ENSG00000237341_P2","Enhancer","chrX_49192662_49193414","iPSvsNeuron","SYP-AS1","LncRNA",0.0262121197819263,0.271539562221834,0.566166886506351,0.0148404342456648
"ENSG00000237341_P2","Enhancer","chrX_49192662_49193414","NSC_P0vsNSC_P1","SYP-AS1","LncRNA",0.334235485376168,0.0125031918726846,1.90297910413279,0.636043144530528
"ENSG00000237341_P2","Enhancer","chrX_49192662_49193414","iPSvsNSC_P2","SYP-AS1","LncRNA",0.503728335910441,0.00893179727447143,2.04906114269616,1.03217015958908
"ENSG00000237341_P2","Enhancer","chrX_49192662_49193414","NSC_P1vsNSC_P2","SYP-AS1","LncRNA",0.338208007676217,0.107168927866683,0.969931114010002,0.328038469652497
"ENSG00000237341_P2","Enhancer","chrX_49192662_49193414","iPSvsNSC_P0","SYP-AS1","LncRNA",0.100025075233615,0.0370566248836933,1.43113413874454,0.143149299897317
"ENSG00000237341_P2","Enhancer","chrX_49192662_49193414","NSC_P1vsNeuron","SYP-AS1","LncRNA",-0.0273727877098367,0.505750035854861,0.296064077768096,-0.00810409914925467
"ENSG00000237341_P2","Enhancer","chrX_49192662_49193414","NSC_P2vsNeuron","SYP-AS1","LncRNA",-0.480212543052261,0.0369386974984493,1.43251842235569,-0.687913314568638
"ENSG00000237341_P2","Enhancer","chrX_49192662_49193414","NSC_P0vsNeuron","SYP-AS1","LncRNA",0.0467801724627587,0.0609157882909306,1.21527013135765,0.0568505463337503
"ENSG00000237361_P2","Enhancer","chr13_44527671_44528563","iPSvsNSC_P1","TUSC8","LncRNA",0.631361638574895,0.00366916952861047,2.43543222183927,1.53763847821854
"ENSG00000237361_P2","Enhancer","chr13_44527671_44528563","iPSvsNSC_P2","TUSC8","LncRNA",0.627860172905068,0.0126097310773034,1.89929417535305,1.19249116933476
"ENSG00000237361_P2","Enhancer","chr13_44527671_44528563","NSC_P0vsNSC_P1","TUSC8","LncRNA",0.133659548949017,0.00731248091572096,2.1359352543399,0.285488142679375
"ENSG00000237361_P2","Enhancer","chr13_44527671_44528563","NSC_P1vsNSC_P2","TUSC8","LncRNA",-0.0952053840327157,0.0825815418822946,1.08311701266111,-0.103118571142769
"ENSG00000237361_P2","Enhancer","chr13_44527671_44528563","NSC_P0vsNSC_P2","TUSC8","LncRNA",0.244066412214805,0.663870827959026,0.177916414851762,0.0434234210469905
"ENSG00000237361_P2","Enhancer","chr13_44527671_44528563","iPSvsNeuron","TUSC8","LncRNA",0.138616341082702,0.0177634942324529,1.75047160068536,0.242643968456184
"ENSG00000237361_P2","Enhancer","chr13_44527671_44528563","NSC_P0vsNeuron","TUSC8","LncRNA",-0.364408235169136,0.10525186533493,0.977770198604043,-0.356307512474275
"ENSG00000237361_P2","Enhancer","chr13_44527671_44528563","NSC_P1vsNeuron","TUSC8","LncRNA",-0.507522527162303,0.00813796007314857,2.089484445234,-1.06046042611148
"ENSG00000237361_P2","Enhancer","chr13_44527671_44528563","iPSvsNSC_P0","TUSC8","LncRNA",0.553767997258059,0.0227870078795402,1.64231269749256,0.909460213361933
"ENSG00000237361_P2","Enhancer","chr13_44527671_44528563","NSC_P2vsNeuron","TUSC8","LncRNA",-0.488230988042361,0.113048445067662,0.946735406809805,-0.462225563081438
"ENSG00000237372_P2","Enhancer","chr9_89695125_89696116",NA,NA,NA,NA,NA,NA,NA
"ENSG00000237410_P1","Enhancer","chr11_64652791_64653779","NSC_P0vsNeuron","NRXN2-AS1","LncRNA",0.100430705026848,0.463792637221552,0.333676150134066,0.0335113310086084
"ENSG00000237410_P1","Enhancer","chr11_64652791_64653779","iPSvsNSC_P1","NRXN2-AS1","LncRNA",0.062917731014645,0.247240227975055,0.606880864626148,0.0381835669984832
"ENSG00000237410_P1","Enhancer","chr11_64652791_64653779","iPSvsNSC_P2","NRXN2-AS1","LncRNA",0.355852954629139,0.116920388609677,0.932109749842502,0.331694008520082
"ENSG00000237410_P1","Enhancer","chr11_64652791_64653779","NSC_P0vsNSC_P2","NRXN2-AS1","LncRNA",0.5410907126765,0.00899476886594082,2.04600999202229,1.10707700472658
"ENSG00000237410_P1","Enhancer","chr11_64652791_64653779","iPSvsNSC_P0","NRXN2-AS1","LncRNA",-0.146387874548784,0.0374940392095442,1.42603777078349,-0.208754638291281
"ENSG00000237410_P1","Enhancer","chr11_64652791_64653779","NSC_P2vsNeuron","NRXN2-AS1","LncRNA",-0.509361910748561,0.019359119624795,1.71311439655175,-0.872595222358468
"ENSG00000237410_P1","Enhancer","chr11_64652791_64653779","NSC_P1vsNeuron","NRXN2-AS1","LncRNA",-0.108112886267582,0.350275085479549,0.455590752272817,-0.0492552311850331
"ENSG00000237410_P1","Enhancer","chr11_64652791_64653779","NSC_P0vsNSC_P1","NRXN2-AS1","LncRNA",0.108763767614488,0.0685533008440043,1.16397162907544,0.126597939774617
"ENSG00000237410_P1","Enhancer","chr11_64652791_64653779","iPSvsNeuron","NRXN2-AS1","LncRNA",0.140810640863913,0.0629253798439337,1.2011741541884,0.169138102440436
"ENSG00000237410_P1","Enhancer","chr11_64652791_64653779","NSC_P1vsNSC_P2","NRXN2-AS1","LncRNA",0.271684992307692,0.0120249082914116,1.91991822711095,0.521612968764037
"ENSG00000237429_P1","Enhancer","chr1_27525194_27526152","iPSvsNSC_P1","RP1-159A19.4","LncRNA",-0.165474274949549,0.014016365959178,1.85336457185117,-0.306684158744254
"ENSG00000237429_P1","Enhancer","chr1_27525194_27526152","iPSvsNeuron","RP1-159A19.4","LncRNA",0.0976494649374113,0.0242588302142888,1.61513014509055,0.157716594472376
"ENSG00000237429_P1","Enhancer","chr1_27525194_27526152","iPSvsNSC_P2","RP1-159A19.4","LncRNA",-0.70798149634474,0.0112312021829095,1.94957375456133,-1.38026214398876
"ENSG00000237429_P1","Enhancer","chr1_27525194_27526152","NSC_P1vsNeuron","RP1-159A19.4","LncRNA",0.075956852560777,0.0831632959570843,1.08006830688736,0.0820385891418113
"ENSG00000237429_P1","Enhancer","chr1_27525194_27526152","NSC_P2vsNeuron","RP1-159A19.4","LncRNA",0.7442616949182,0.00482131351178378,2.31683462707108,1.7243312663891
"ENSG00000237429_P1","Enhancer","chr1_27525194_27526152","NSC_P1vsNSC_P2","RP1-159A19.4","LncRNA",-0.646842610879219,0.00628935412575534,2.20139395137869,-1.42395541108351
"ENSG00000237429_P1","Enhancer","chr1_27525194_27526152","NSC_P0vsNSC_P1","RP1-159A19.4","LncRNA",-0.0925564838715037,0.00690372473072727,2.16091653338634,-0.200006836270039
"ENSG00000237429_P1","Enhancer","chr1_27525194_27526152","iPSvsNSC_P0","RP1-159A19.4","LncRNA",-0.0830447347683803,0.0154833141424327,1.81013607467896,-0.150322270216392
"ENSG00000237429_P1","Enhancer","chr1_27525194_27526152","NSC_P0vsNeuron","RP1-159A19.4","LncRNA",0.240512640938553,0.102700709776555,0.988426554932653,0.237729081100648
"ENSG00000237429_P1","Enhancer","chr1_27525194_27526152","NSC_P0vsNSC_P2","RP1-159A19.4","LncRNA",-0.568929387479764,0.00832335421913348,2.07970162259142,-1.18320337028161
"ENSG00000237429_P2","Enhancer","chr1_27522627_27523529","iPSvsNeuron","RP1-159A19.4","LncRNA",-0.229374632235425,0.0667521137573622,1.17553497747464,-0.269637903138124
"ENSG00000237429_P2","Enhancer","chr1_27522627_27523529","NSC_P2vsNeuron","RP1-159A19.4","LncRNA",0.808877572957778,0.00547081407377773,2.26194804451781,1.82963904440615
"ENSG00000237429_P2","Enhancer","chr1_27522627_27523529","NSC_P0vsNeuron","RP1-159A19.4","LncRNA",-0.149587945388503,0.0208572636161882,1.68074266975142,-0.251418842694902
"ENSG00000237429_P2","Enhancer","chr1_27522627_27523529","NSC_P1vsNeuron","RP1-159A19.4","LncRNA",0.0601382064443267,0.011923619135068,1.92359190467732,0.11568136707812
"ENSG00000237429_P2","Enhancer","chr1_27522627_27523529","iPSvsNSC_P1","RP1-159A19.4","LncRNA",-0.461658124627911,0.00399055223571893,2.39896699996991,-1.10750260625035
"ENSG00000237429_P2","Enhancer","chr1_27522627_27523529","NSC_P0vsNSC_P2","RP1-159A19.4","LncRNA",-0.709309265229662,0.00460929152416165,2.33636582315539,-1.65720592533004
"ENSG00000237429_P2","Enhancer","chr1_27522627_27523529","NSC_P1vsNSC_P2","RP1-159A19.4","LncRNA",-0.834358831417444,0.00519435989291888,2.28446796342948,-1.9060660203776
"ENSG00000237429_P2","Enhancer","chr1_27522627_27523529","NSC_P0vsNSC_P1","RP1-159A19.4","LncRNA",0.0723931332054153,0.00485407538753377,2.31389348302352,0.167509999139664
"ENSG00000237429_P2","Enhancer","chr1_27522627_27523529","iPSvsNSC_P2","RP1-159A19.4","LncRNA",-0.957949090040228,0.0163517863506923,1.78643479591681,-1.71131358716471
"ENSG00000237429_P2","Enhancer","chr1_27522627_27523529","iPSvsNSC_P0","RP1-159A19.4","LncRNA",-0.179342289092107,0.0722770894133721,1.14099934472708,-0.204629434335949
"ENSG00000237647_P2","Enhancer","chr8_926476_927287","iPSvsNSC_P2","ERICH1-AS1","LncRNA",0.170011736391511,0.0290741622016959,1.53649279100786,0.261221807352285
"ENSG00000237647_P2","Enhancer","chr8_926476_927287","iPSvsNSC_P1","ERICH1-AS1","LncRNA",-0.073210658689605,0.340467996809022,0.467923704492612,-0.0342570026223842
"ENSG00000237647_P2","Enhancer","chr8_926476_927287","NSC_P0vsNSC_P2","ERICH1-AS1","LncRNA",0.400216142394399,0.0252404991372916,1.59790206105912,0.63950619880114
"ENSG00000237647_P2","Enhancer","chr8_926476_927287","iPSvsNeuron","ERICH1-AS1","LncRNA",-0.575456752521362,0.00904574601951598,2.04355561025263,-1.17597787507279
"ENSG00000237647_P2","Enhancer","chr8_926476_927287","NSC_P1vsNeuron","ERICH1-AS1","LncRNA",-0.416894280668097,0.0187066000784452,1.72800513828005,-0.720395459114038
"ENSG00000237647_P2","Enhancer","chr8_926476_927287","NSC_P2vsNeuron","ERICH1-AS1","LncRNA",-0.646557822346641,0.00686155798610156,2.16357726214402,-1.39887780309054
"ENSG00000237647_P2","Enhancer","chr8_926476_927287","iPSvsNSC_P0","ERICH1-AS1","LncRNA",-0.266125320003075,0.200762827892211,0.697316695589438,-0.185573628757226
"ENSG00000237647_P2","Enhancer","chr8_926476_927287","NSC_P0vsNSC_P1","ERICH1-AS1","LncRNA",0.146276324760346,0.945510461329335,0.0243336616656158,0.00355943859640802
"ENSG00000237647_P2","Enhancer","chr8_926476_927287","NSC_P0vsNeuron","ERICH1-AS1","LncRNA",-0.348122105670033,0.0715196778943821,1.14557445015464,-0.398799789789622
"ENSG00000237647_P2","Enhancer","chr8_926476_927287","NSC_P1vsNSC_P2","ERICH1-AS1","LncRNA",0.363692020293469,0.0476138639033156,1.32226657374922,0.480897801573377
"ENSG00000237844_P2","Enhancer","chr2_164313856_164314822","NSC_P0vsNSC_P1","AC092684.1","LncRNA",-0.15665769810545,0.0151794036378454,1.81874529048801,-0.284920450647978
"ENSG00000237844_P2","Enhancer","chr2_164313856_164314822","NSC_P2vsNeuron","AC092684.1","LncRNA",0.523503911456414,0.00791979026211824,2.10128631957349,1.10003160738657
"ENSG00000237844_P2","Enhancer","chr2_164313856_164314822","iPSvsNSC_P0","AC092684.1","LncRNA",0.336517107984841,0.025180817654173,1.5989301718878,0.538067357313388
"ENSG00000237844_P2","Enhancer","chr2_164313856_164314822","NSC_P1vsNeuron","AC092684.1","LncRNA",0.249685349857621,0.161727474553848,0.791216195099457,0.197555092486423
"ENSG00000237844_P2","Enhancer","chr2_164313856_164314822","NSC_P0vsNeuron","AC092684.1","LncRNA",-0.153784389638416,0.0116031822386867,1.93542288670672,-0.297637827324415
"ENSG00000237844_P2","Enhancer","chr2_164313856_164314822","NSC_P0vsNSC_P2","AC092684.1","LncRNA",-0.600652758741102,0.00791979026211824,2.10128631957349,-1.26214342475675
"ENSG00000237844_P2","Enhancer","chr2_164313856_164314822","NSC_P1vsNSC_P2","AC092684.1","LncRNA",-0.427473295757792,0.0278575436702729,1.55505717999662,-0.664745417824971
"ENSG00000237844_P2","Enhancer","chr2_164313856_164314822","iPSvsNeuron","AC092684.1","LncRNA",0.18711493015835,0.217271091518596,0.662998053841191,0.124056834539616
"ENSG00000237844_P2","Enhancer","chr2_164313856_164314822","iPSvsNSC_P2","AC092684.1","LncRNA",-0.505558108978566,0.0250842545618962,1.60059880053479,-0.809195702831728
"ENSG00000237844_P2","Enhancer","chr2_164313856_164314822","iPSvsNSC_P1","AC092684.1","LncRNA",-0.057383051296928,0.532166287891428,0.273952640957988,-0.0157202384490211
"ENSG00000239462_P1","Enhancer","chr3_98980779_98981679","iPSvsNSC_P1","CTD-2021J15.1","LncRNA",0.404124899797425,0.00997345715048738,2.00115427387219,0.808716270407788
"ENSG00000239462_P1","Enhancer","chr3_98980779_98981679","iPSvsNeuron","CTD-2021J15.1","LncRNA",0.388758138493595,0.0353502367593453,1.45160767315611,0.564324296839189
"ENSG00000239462_P1","Enhancer","chr3_98980779_98981679","NSC_P1vsNSC_P2","CTD-2021J15.1","LncRNA",0.374081211540763,0.0296093644247683,1.52857091479167,0.57180965973124
"ENSG00000239462_P1","Enhancer","chr3_98980779_98981679","NSC_P0vsNSC_P1","CTD-2021J15.1","LncRNA",-0.076677106383556,0.0370563421213468,1.43113745266197,-0.109735478707253
"ENSG00000239462_P1","Enhancer","chr3_98980779_98981679","iPSvsNSC_P2","CTD-2021J15.1","LncRNA",0.542589755608323,0.00580297016960885,2.2363496619372,1.21342041652526
"ENSG00000239462_P1","Enhancer","chr3_98980779_98981679","NSC_P2vsNeuron","CTD-2021J15.1","LncRNA",-0.58669883001869,0.00580296636977683,2.23634994631685,-1.31206389701646
"ENSG00000239462_P1","Enhancer","chr3_98980779_98981679","NSC_P0vsNeuron","CTD-2021J15.1","LncRNA",-0.113235457435239,0.0102537122785314,1.98911887312531,-0.225238785491411
"ENSG00000239462_P1","Enhancer","chr3_98980779_98981679","NSC_P1vsNeuron","CTD-2021J15.1","LncRNA",-0.118832108457644,0.238533201626691,0.622451162620933,-0.0739671840661576
"ENSG00000239462_P1","Enhancer","chr3_98980779_98981679","iPSvsNSC_P0","CTD-2021J15.1","LncRNA",0.104780316391864,0.03883273456329,1.4108020257833,0.147824282627857
"ENSG00000239462_P1","Enhancer","chr3_98980779_98981679","NSC_P0vsNSC_P2","CTD-2021J15.1","LncRNA",0.54628383135396,0.0107776157205065,1.96747730537896,1.07480104048438
"ENSG00000239482_P2","Enhancer","chr3_112301779_112302596","iPSvsNSC_P0","RP11-90K6.1","LncRNA",0.40907461691578,0.0219417085965354,1.65872955701858,0.678544158104259
"ENSG00000239482_P2","Enhancer","chr3_112301779_112302596","iPSvsNSC_P2","RP11-90K6.1","LncRNA",0.734036578359375,0.00375589105356201,2.42528701372304,1.78024938109268
"ENSG00000239482_P2","Enhancer","chr3_112301779_112302596","iPSvsNeuron","RP11-90K6.1","LncRNA",0.210924236214072,0.100695276388559,0.996990901705559,0.210289544454625
"ENSG00000239482_P2","Enhancer","chr3_112301779_112302596","NSC_P1vsNSC_P2","RP11-90K6.1","LncRNA",0.175477320588758,0.0107776071602884,1.96747765032139,0.345247706396663
"ENSG00000239482_P2","Enhancer","chr3_112301779_112302596","NSC_P1vsNeuron","RP11-90K6.1","LncRNA",-0.233696493987801,0.0205934912108481,1.68627002127524,-0.394075391888759
"ENSG00000239482_P2","Enhancer","chr3_112301779_112302596","iPSvsNSC_P1","RP11-90K6.1","LncRNA",0.420561665109695,0.0152802201685428,1.815870388084,0.763685474035994
"ENSG00000239482_P2","Enhancer","chr3_112301779_112302596","NSC_P0vsNeuron","RP11-90K6.1","LncRNA",-0.29162740868734,0.151214161200716,0.820407535267753,-0.239253323577702
"ENSG00000239482_P2","Enhancer","chr3_112301779_112302596","NSC_P2vsNeuron","RP11-90K6.1","LncRNA",-0.654025409286478,0.0206385087033513,1.68532168714677,-1.10224320621555
"ENSG00000239482_P2","Enhancer","chr3_112301779_112302596","NSC_P0vsNSC_P1","RP11-90K6.1","LncRNA",-0.00755334985663431,0.00619223580304604,2.20815251388656,-0.0166789484741918
"ENSG00000239482_P2","Enhancer","chr3_112301779_112302596","NSC_P0vsNSC_P2","RP11-90K6.1","LncRNA",0.319411338759203,0.113048445067662,0.946735406809805,0.302398023739859
"ENSG00000239828_P1","Enhancer","chr3_107420908_107421816","iPSvsNSC_P0","RP11-446H18.5","LncRNA",0.142359830617457,0.024870153508317,1.60432153408635,0.228390941848471
"ENSG00000239828_P1","Enhancer","chr3_107420908_107421816","NSC_P2vsNeuron","RP11-446H18.5","LncRNA",-0.105331753056787,0.200645104036083,0.697571433069711,-0.0734764219275678
"ENSG00000239828_P1","Enhancer","chr3_107420908_107421816","iPSvsNeuron","RP11-446H18.5","LncRNA",0.197209516547566,0.0164269659038708,1.78444264428796,0.351909071186888
"ENSG00000239828_P1","Enhancer","chr3_107420908_107421816","NSC_P1vsNeuron","RP11-446H18.5","LncRNA",-0.111132447512155,0.450729655273803,0.346083867049771,-0.0384611471897122
"ENSG00000239828_P1","Enhancer","chr3_107420908_107421816","NSC_P0vsNSC_P2","RP11-446H18.5","LncRNA",0.102676425721605,0.0224115069406719,1.64952894069764,0.169367735755178
"ENSG00000239828_P1","Enhancer","chr3_107420908_107421816","NSC_P0vsNeuron","RP11-446H18.5","LncRNA",0.085177444535316,0.0558152165697824,1.25324738580447,0.10674840969339
"ENSG00000239828_P1","Enhancer","chr3_107420908_107421816","NSC_P0vsNSC_P1","RP11-446H18.5","LncRNA",0.120899608946634,0.0321374335224643,1.49298880870324,0.180501763133922
"ENSG00000239828_P1","Enhancer","chr3_107420908_107421816","NSC_P1vsNSC_P2","RP11-446H18.5","LncRNA",-0.120609853055907,0.218960990426204,0.659633251149347,-0.0795582694919128
"ENSG00000239828_P1","Enhancer","chr3_107420908_107421816","iPSvsNSC_P2","RP11-446H18.5","LncRNA",0.356020034741414,0.206621909305133,0.684823629641984,0.24381093241688
"ENSG00000239828_P1","Enhancer","chr3_107420908_107421816","iPSvsNSC_P1","RP11-446H18.5","LncRNA",0.458460038297815,0.00642178273062916,2.19234439208703,1.00510229395822
"ENSG00000239922_P1","Enhancer","chr3_147939544_147940464","iPSvsNeuron","RP11-71N10.1","LncRNA",0.136605506596943,0.0435920645602096,1.36059256190974,0.185864436191712
"ENSG00000239922_P1","Enhancer","chr3_147939544_147940464","iPSvsNSC_P0","RP11-71N10.1","LncRNA",0.134211910304777,0.46233052402434,0.335047432588917,0.0449673559704696
"ENSG00000239922_P1","Enhancer","chr3_147939544_147940464","NSC_P1vsNSC_P2","RP11-71N10.1","LncRNA",-0.480555266322523,0.0217144825778446,1.66325051473667,-0.799283794070352
"ENSG00000239922_P1","Enhancer","chr3_147939544_147940464","NSC_P0vsNSC_P2","RP11-71N10.1","LncRNA",-0.442936508152446,0.0183860546462997,1.73551145342462,-0.768721383038478
"ENSG00000239922_P1","Enhancer","chr3_147939544_147940464","NSC_P2vsNeuron","RP11-71N10.1","LncRNA",0.525211996811979,0.0228389829249269,1.64132324017781,0.862042656387694
"ENSG00000239922_P1","Enhancer","chr3_147939544_147940464","NSC_P1vsNeuron","RP11-71N10.1","LncRNA",-0.167494080384469,0.018827515018306,1.72520699729906,-0.288961959485457
"ENSG00000239922_P1","Enhancer","chr3_147939544_147940464","NSC_P0vsNSC_P1","RP11-71N10.1","LncRNA",-0.048341647156049,0.737976548157907,0.131957439216853,-0.00637903996623688
"ENSG00000239922_P1","Enhancer","chr3_147939544_147940464","NSC_P0vsNeuron","RP11-71N10.1","LncRNA",-0.10443321092245,0.0168623584892323,1.77308168195182,-0.185168613274008
"ENSG00000239922_P1","Enhancer","chr3_147939544_147940464","iPSvsNSC_P1","RP11-71N10.1","LncRNA",0.217715999755395,0.378156414427157,0.422328528543842,0.0919476778171472
"ENSG00000239922_P1","Enhancer","chr3_147939544_147940464","iPSvsNSC_P2","RP11-71N10.1","LncRNA",-0.48979306003286,0.0422328294883373,1.37434982101397,-0.673147004390044
"ENSG00000240006_P2","Enhancer","chr3_134326609_134327550","iPSvsNSC_P0","LINC02004","LncRNA",0.290617679356145,0.146489432712383,0.834193702819948,0.242431438047043
"ENSG00000240006_P2","Enhancer","chr3_134326609_134327550","NSC_P0vsNSC_P1","LINC02004","LncRNA",0.129600261647344,0.0317540360351216,1.49820106670642,0.194167250245481
"ENSG00000240006_P2","Enhancer","chr3_134326609_134327550","iPSvsNeuron","LINC02004","LncRNA",0.125586287111103,0.0440940024678661,1.35562047792999,0.170247342555006
"ENSG00000240006_P2","Enhancer","chr3_134326609_134327550","NSC_P1vsNeuron","LINC02004","LncRNA",-0.393387103145307,0.0745896372430566,1.12732150497734,-0.443473741156442
"ENSG00000240006_P2","Enhancer","chr3_134326609_134327550","NSC_P0vsNSC_P2","LINC02004","LncRNA",0.400693318008138,0.0210364304612763,1.67702795094832,0.671973894057871
"ENSG00000240006_P2","Enhancer","chr3_134326609_134327550","iPSvsNSC_P1","LINC02004","LncRNA",0.384067660425517,0.028131203060065,1.55081169438385,0.595616619222538
"ENSG00000240006_P2","Enhancer","chr3_134326609_134327550","NSC_P2vsNeuron","LINC02004","LncRNA",-0.371750397046721,0.107693247889337,0.967811525080176,-0.359784318714947
"ENSG00000240006_P2","Enhancer","chr3_134326609_134327550","NSC_P1vsNSC_P2","LINC02004","LncRNA",0.138111709225474,0.100535695467139,0.9976797134474,0.137791250483802
"ENSG00000240006_P2","Enhancer","chr3_134326609_134327550","iPSvsNSC_P2","LINC02004","LncRNA",0.62495179978553,0.00652234557865454,2.18559619434842,1.36589227526245
"ENSG00000240006_P2","Enhancer","chr3_134326609_134327550","NSC_P0vsNeuron","LINC02004","LncRNA",-0.218346921608221,0.0596057614674732,1.22471175951148,-0.267412042546719
"ENSG00000240045_P1","Enhancer","chr3_155293249_155294166",NA,NA,NA,NA,NA,NA,NA
"ENSG00000240045_P2","Enhancer","chr3_155281696_155282990",NA,NA,NA,NA,NA,NA,NA
"ENSG00000240291_P1","Enhancer","chr10_18545583_18546505","iPSvsNeuron","RP11-499P20.2","LncRNA",0.561989445139158,0.00538616568212604,2.26872029152488,1.27499685781002
"ENSG00000240291_P1","Enhancer","chr10_18545583_18546505","iPSvsNSC_P2","RP11-499P20.2","LncRNA",0.482126051453172,0.00706244017281507,2.15104521814261,1.03707493752032
"ENSG00000240291_P1","Enhancer","chr10_18545583_18546505","NSC_P2vsNeuron","RP11-499P20.2","LncRNA",-0.298888579292818,0.260142718262847,0.584788326072092,-0.174786551966712
"ENSG00000240291_P1","Enhancer","chr10_18545583_18546505","NSC_P0vsNSC_P2","RP11-499P20.2","LncRNA",0.34169802312787,0.0768082659644092,1.11459203947947,0.380853896484196
"ENSG00000240291_P1","Enhancer","chr10_18545583_18546505","iPSvsNSC_P0","RP11-499P20.2","LncRNA",0.375186818262252,0.013285300637543,1.87662861334639,0.704086318501334
"ENSG00000240291_P1","Enhancer","chr10_18545583_18546505","NSC_P0vsNeuron","RP11-499P20.2","LncRNA",0.311762358498402,0.0482879060328207,1.31616162703098,0.410329653008272
"ENSG00000240291_P1","Enhancer","chr10_18545583_18546505","NSC_P1vsNSC_P2","RP11-499P20.2","LncRNA",0.248651489796683,0.448028513952605,0.348694345246936,0.0867033684293294
"ENSG00000240291_P1","Enhancer","chr10_18545583_18546505","NSC_P0vsNSC_P1","RP11-499P20.2","LncRNA",0.246879325701625,0.0539960111269285,1.26763832183536,0.312953694128253
"ENSG00000240291_P1","Enhancer","chr10_18545583_18546505","NSC_P1vsNeuron","RP11-499P20.2","LncRNA",0.0589957477782303,0.0749808556472295,1.1250496079162,0.0663731429066212
"ENSG00000240291_P1","Enhancer","chr10_18545583_18546505","iPSvsNSC_P1","RP11-499P20.2","LncRNA",0.466203759220875,0.00485413899239422,2.31388779232926,1.07874318719919
"ENSG00000240373_P1","Enhancer","chr3_169992024_169992742","iPSvsNSC_P1","SEC62-AS1","LncRNA",0.374752264328724,0.010112690321426,1.99513329185509,0.747680718760317
"ENSG00000240373_P1","Enhancer","chr3_169992024_169992742","iPSvsNSC_P0","SEC62-AS1","LncRNA",0.326899780891609,0.0212582649178993,1.6724721851247,0.546730790864576
"ENSG00000240373_P1","Enhancer","chr3_169992024_169992742","NSC_P2vsNeuron","SEC62-AS1","LncRNA",0.627361012928677,0.0082062132765165,2.08585720006584,1.30858548585788
"ENSG00000240373_P1","Enhancer","chr3_169992024_169992742","iPSvsNeuron","SEC62-AS1","LncRNA",0.291960697579153,0.143184762459606,0.844103196635814,0.246444958118585
"ENSG00000240373_P1","Enhancer","chr3_169992024_169992742","NSC_P0vsNSC_P1","SEC62-AS1","LncRNA",-0.0558282228676317,0.0798068787767923,1.09795967398696,-0.061297137379016
"ENSG00000240373_P1","Enhancer","chr3_169992024_169992742","iPSvsNSC_P2","SEC62-AS1","LncRNA",-0.507742406158437,0.0424768737978415,1.3718474538453,-0.69654512709774
"ENSG00000240373_P1","Enhancer","chr3_169992024_169992742","NSC_P0vsNSC_P2","SEC62-AS1","LncRNA",-0.579580780125995,0.00647513335926646,2.18875128259851,-1.26855817587022
"ENSG00000240373_P1","Enhancer","chr3_169992024_169992742","NSC_P0vsNeuron","SEC62-AS1","LncRNA",-0.0377097952532734,0.0366237131714096,1.4362376259518,-0.0541602268096899
"ENSG00000240373_P1","Enhancer","chr3_169992024_169992742","NSC_P1vsNSC_P2","SEC62-AS1","LncRNA",-0.524831615900291,0.00676305096443352,2.16985733984231,-1.13880973394255
"ENSG00000240373_P1","Enhancer","chr3_169992024_169992742","NSC_P1vsNeuron","SEC62-AS1","LncRNA",-0.0490935433957127,0.0196932217668675,1.70568322844727,-0.0837380335951155
"ENSG00000240859_P2","Enhancer","chr7_136813_137690","NSC_P1vsNeuron","AC093627.10","LncRNA",-0.131189754250988,0.182814615542427,0.737989086525117,-0.0968166069011412
"ENSG00000240859_P2","Enhancer","chr7_136813_137690","iPSvsNSC_P0","AC093627.10","LncRNA",0.127388703740761,0.122208618507495,0.912898165302453,0.116292913925199
"ENSG00000240859_P2","Enhancer","chr7_136813_137690","NSC_P2vsNeuron","AC093627.10","LncRNA",0.4601825958611,0.0476138880375084,1.32226635361703,0.608483963027276
"ENSG00000240859_P2","Enhancer","chr7_136813_137690","iPSvsNeuron","AC093627.10","LncRNA",-0.0895861523329897,0.118204313921447,0.927366673386303,-0.0830792120705231
"ENSG00000240859_P2","Enhancer","chr7_136813_137690","iPSvsNSC_P1","AC093627.10","LncRNA",0.171598533475424,0.663378491073754,0.178238613852737,0.0305854847458219
"ENSG00000240859_P2","Enhancer","chr7_136813_137690","NSC_P1vsNSC_P2","AC093627.10","LncRNA",-0.573265931547003,0.00711346698772062,2.14791867962874,-1.23132860276458
"ENSG00000240859_P2","Enhancer","chr7_136813_137690","NSC_P0vsNeuron","AC093627.10","LncRNA",0.038908164501546,0.193271105981904,0.713833068116161,0.0277739344409068
"ENSG00000240859_P2","Enhancer","chr7_136813_137690","NSC_P0vsNSC_P2","AC093627.10","LncRNA",-0.49995091106293,0.0215773816020659,1.66600125774244,-0.832918846640323
"ENSG00000240859_P2","Enhancer","chr7_136813_137690","iPSvsNSC_P2","AC093627.10","LncRNA",-0.545736751944795,0.033799521183724,1.47108945205191,-0.80282757938306
"ENSG00000240859_P2","Enhancer","chr7_136813_137690","NSC_P0vsNSC_P1","AC093627.10","LncRNA",0.0456029869051487,0.188390760058546,0.724940401723575,0.0330594476468134
"ENSG00000240875_P2","Enhancer","chr3_156751151_156752071",NA,NA,NA,NA,NA,NA,NA
"ENSG00000241163_P2","Enhancer","chr3_72274293_72275723","NSC_P2vsNeuron","LINC00877","LncRNA",-0.330960037675088,0.153126192453798,0.814950516256532,-0.269716053563594
"ENSG00000241163_P2","Enhancer","chr3_72274293_72275723","iPSvsNSC_P1","LINC00877","LncRNA",-0.022909369430971,0.0304431237836915,1.51651078644763,-0.0347423058527812
"ENSG00000241163_P2","Enhancer","chr3_72274293_72275723","NSC_P0vsNSC_P2","LINC00877","LncRNA",0.44253363088106,0.0225532195806176,1.64679145173332,0.728760600439439
"ENSG00000241163_P2","Enhancer","chr3_72274293_72275723","NSC_P1vsNSC_P2","LINC00877","LncRNA",0.546512724220468,0.0113861041257204,1.94362484889097,1.06221571103
"ENSG00000241163_P2","Enhancer","chr3_72274293_72275723","NSC_P0vsNSC_P1","LINC00877","LncRNA",-0.065697606145027,0.0646411993508606,1.18949059427201,-0.078146684575697
"ENSG00000241163_P2","Enhancer","chr3_72274293_72275723","NSC_P0vsNeuron","LINC00877","LncRNA",0.11186290030006,0.172783778668798,0.76249703248972,0.0852951295244891
"ENSG00000241163_P2","Enhancer","chr3_72274293_72275723","iPSvsNeuron","LINC00877","LncRNA",0.101771647445128,0.0552033178932873,1.25803481902003,0.128032276075002
"ENSG00000241163_P2","Enhancer","chr3_72274293_72275723","iPSvsNSC_P2","LINC00877","LncRNA",0.576895988839754,0.00711347767393947,2.14791802720955,1.23912529425378
"ENSG00000241163_P2","Enhancer","chr3_72274293_72275723","NSC_P1vsNeuron","LINC00877","LncRNA",0.368790533411943,0.0297150421404242,1.52702364951007,0.563151866235471
"ENSG00000241163_P2","Enhancer","chr3_72274293_72275723","iPSvsNSC_P0","LINC00877","LncRNA",0.134469233358746,0.00910933404370837,2.04051337184308,0.274386268770008
"ENSG00000241754_P1","Enhancer","chr3_102673286_102674213","NSC_P0vsNSC_P1","RP11-280H21.1","LncRNA",0.0403045507390127,0.113753928821038,0.944033594795409,0.0380488499207641
"ENSG00000241754_P1","Enhancer","chr3_102673286_102674213","NSC_P1vsNeuron","RP11-280H21.1","LncRNA",0.317970356609394,0.0619137868857733,1.20821263205077,0.384175801473156
"ENSG00000241754_P1","Enhancer","chr3_102673286_102674213","NSC_P0vsNSC_P2","RP11-280H21.1","LncRNA",-0.392297611917203,0.102540932256148,0.989102738467101,-0.38802264224141
"ENSG00000241754_P1","Enhancer","chr3_102673286_102674213","NSC_P0vsNeuron","RP11-280H21.1","LncRNA",0.123476748169345,0.0204627712229972,1.68903555120271,0.208556617404928
"ENSG00000241754_P1","Enhancer","chr3_102673286_102674213","NSC_P1vsNSC_P2","RP11-280H21.1","LncRNA",-0.39733374334529,0.0980732846564251,1.0084492791277,-0.40069092704967
"ENSG00000241754_P1","Enhancer","chr3_102673286_102674213","iPSvsNSC_P0","RP11-280H21.1","LncRNA",-0.201739402994288,0.278924800045897,0.554512869583897,-0.111867095262505
"ENSG00000241754_P1","Enhancer","chr3_102673286_102674213","iPSvsNeuron","RP11-280H21.1","LncRNA",0.0288526000377687,0.108907543071091,0.962942039429699,0.0277833815232184
"ENSG00000241754_P1","Enhancer","chr3_102673286_102674213","iPSvsNSC_P1","RP11-280H21.1","LncRNA",-0.212541179503659,0.0247160700123574,1.60702058324475,-0.341558050249496
"ENSG00000241754_P1","Enhancer","chr3_102673286_102674213","NSC_P2vsNeuron","RP11-280H21.1","LncRNA",0.577672463429278,0.00918608542909573,2.03686952003149,1.1766434333206
"ENSG00000241754_P1","Enhancer","chr3_102673286_102674213","iPSvsNSC_P2","RP11-280H21.1","LncRNA",-0.622618661949332,0.0224115173665758,1.64952873866252,-1.02702737611303
"ENSG00000241832_P1","Enhancer","chr22_17257905_17258875",NA,NA,NA,NA,NA,NA,NA
"ENSG00000241832_P2","Enhancer","chr22_17266090_17267177",NA,NA,NA,NA,NA,NA,NA
"ENSG00000242086_P2","Enhancer","chr3_195686703_195687853","NSC_P0vsNSC_P1","MUC20-OT1","LncRNA",0.00724451593367667,0.175824418645968,0.754920809883648,0.00546903583586618
"ENSG00000242086_P2","Enhancer","chr3_195686703_195687853","NSC_P1vsNSC_P2","MUC20-OT1","LncRNA",0.417863926189185,0.0134888081754094,1.87002642139624,0.781416582522144
"ENSG00000242086_P2","Enhancer","chr3_195686703_195687853","NSC_P1vsNeuron","MUC20-OT1","LncRNA",0.10452893418944,0.0592818351016993,1.22707836099691,0.128265193241931
"ENSG00000242086_P2","Enhancer","chr3_195686703_195687853","iPSvsNSC_P1","MUC20-OT1","LncRNA",0.109434656518831,0.0136465094742525,1.86497841894749,0.204093272692552
"ENSG00000242086_P2","Enhancer","chr3_195686703_195687853","NSC_P2vsNeuron","MUC20-OT1","LncRNA",-0.591788780420113,0.0100577523478422,1.99749906222172,-1.18209753392251
"ENSG00000242086_P2","Enhancer","chr3_195686703_195687853","iPSvsNeuron","MUC20-OT1","LncRNA",-0.107984763314739,0.0349342519172352,1.45674855230073,-0.157306647629283
"ENSG00000242086_P2","Enhancer","chr3_195686703_195687853","NSC_P0vsNeuron","MUC20-OT1","LncRNA",0.0573143742963057,0.00956600455804076,2.01926941652997,0.115733163144081
"ENSG00000242086_P2","Enhancer","chr3_195686703_195687853","NSC_P0vsNSC_P2","MUC20-OT1","LncRNA",0.478649456108478,0.0180323483512895,1.74394771145871,0.834739623571337
"ENSG00000242086_P2","Enhancer","chr3_195686703_195687853","iPSvsNSC_P2","MUC20-OT1","LncRNA",0.55994549673638,0.00732095499654405,2.13543226283823,1.19572567916185
"ENSG00000242086_P2","Enhancer","chr3_195686703_195687853","iPSvsNSC_P0","MUC20-OT1","LncRNA",-0.130995135841722,0.121053817066626,0.917021511841111,-0.120125357513408
"ENSG00000242797_P1","Enhancer","chr3_52298376_52299153","NSC_P1vsNeuron","GLYCTK-AS1","LncRNA",0.101105132818552,0.107852922528491,0.967168082172005,0.0977856574058649
"ENSG00000242797_P1","Enhancer","chr3_52298376_52299153","iPSvsNSC_P2","GLYCTK-AS1","LncRNA",-0.726949129237895,0.00832335924419964,2.0797013603945,-1.51183709301365
"ENSG00000242797_P1","Enhancer","chr3_52298376_52299153","iPSvsNSC_P1","GLYCTK-AS1","LncRNA",-0.196577479608664,0.0284767212191548,1.54551001638356,-0.303812463730624
"ENSG00000242797_P1","Enhancer","chr3_52298376_52299153","iPSvsNeuron","GLYCTK-AS1","LncRNA",0.102225763366212,0.0715195698059866,1.14557510650867,0.117107289756179
"ENSG00000242797_P1","Enhancer","chr3_52298376_52299153","NSC_P0vsNSC_P2","GLYCTK-AS1","LncRNA",-0.539126629259416,0.0243154643502086,1.61411743233444,-0.870213690523328
"ENSG00000242797_P1","Enhancer","chr3_52298376_52299153","NSC_P1vsNSC_P2","GLYCTK-AS1","LncRNA",-0.715913942163454,0.00964667605760163,2.01562230515545,-1.44301211039643
"ENSG00000242797_P1","Enhancer","chr3_52298376_52299153","NSC_P0vsNSC_P1","GLYCTK-AS1","LncRNA",0.105402249530423,0.141228736986175,0.850076924780678,0.0896000201457879
"ENSG00000242797_P1","Enhancer","chr3_52298376_52299153","NSC_P2vsNeuron","GLYCTK-AS1","LncRNA",0.702691554569624,0.00998817583397901,2.00051382084065,1.40574416670453
"ENSG00000242797_P1","Enhancer","chr3_52298376_52299153","iPSvsNSC_P0","GLYCTK-AS1","LncRNA",-0.362920629454074,0.103714930239883,0.984158720428097,-0.357171502300481
"ENSG00000242797_P1","Enhancer","chr3_52298376_52299153","NSC_P0vsNeuron","GLYCTK-AS1","LncRNA",0.341219591345405,0.109970439256248,0.958724040234634,0.327135425221877
"ENSG00000242808_P1","Enhancer","chr3_181699219_181700045","NSC_P1vsNSC_P2","SOX2-OT","LncRNA",0.854344083245659,0.0144216230382473,1.84098586049807,1.57283537725544
"ENSG00000242808_P1","Enhancer","chr3_181699219_181700045","NSC_P0vsNSC_P2","SOX2-OT","LncRNA",0.531200084999,0.0177998682863479,1.74958321132728,0.929378750569875
"ENSG00000242808_P1","Enhancer","chr3_181699219_181700045","iPSvsNeuron","SOX2-OT","LncRNA",-0.609397515726729,0.0934518649248164,1.02941202742078,-0.627321132169438
"ENSG00000242808_P1","Enhancer","chr3_181699219_181700045","iPSvsNSC_P2","SOX2-OT","LncRNA",0.480870380616483,0.024164194524914,1.61682767680134,0.777484540334725
"ENSG00000242808_P1","Enhancer","chr3_181699219_181700045","NSC_P2vsNeuron","SOX2-OT","LncRNA",-0.697593895484027,0.00886920918753101,2.05211510179201,-1.43154296784069
"ENSG00000242808_P1","Enhancer","chr3_181699219_181700045","NSC_P0vsNeuron","SOX2-OT","LncRNA",-0.340868499958099,0.0987214301792958,1.00558856163258,-0.34277346457872
"ENSG00000242808_P1","Enhancer","chr3_181699219_181700045","NSC_P0vsNSC_P1","SOX2-OT","LncRNA",-0.255586367960149,0.00430461840307106,2.36606534195387,-0.604734047106378
"ENSG00000242808_P1","Enhancer","chr3_181699219_181700045","NSC_P1vsNeuron","SOX2-OT","LncRNA",-0.0556098031729207,0.0311866186767404,1.50603170987379,-0.0837501269582586
"ENSG00000242808_P1","Enhancer","chr3_181699219_181700045","iPSvsNSC_P1","SOX2-OT","LncRNA",-0.393553992984122,0.0170837193493935,1.76741757175768,-0.695574242635534
"ENSG00000242808_P1","Enhancer","chr3_181699219_181700045","iPSvsNSC_P0","SOX2-OT","LncRNA",-0.515413955689401,0.0286508469309784,1.54286253558092,-0.79521288254874
"ENSG00000243319_P2","Enhancer","chr13_102291518_102292432","iPSvsNSC_P2","FGF14-IT1","LncRNA",-0.565546069624671,0.0138553555273762,1.85838232577517,-1.0510008202021
"ENSG00000243319_P2","Enhancer","chr13_102291518_102292432","NSC_P0vsNSC_P2","FGF14-IT1","LncRNA",-0.633909177993594,0.00427461608320088,2.36910288454623,-1.50179606212495
"ENSG00000243319_P2","Enhancer","chr13_102291518_102292432","NSC_P0vsNeuron","FGF14-IT1","LncRNA",-0.0862464487542117,0.0293566787766094,1.53229307922531,-0.132154836533839
"ENSG00000243319_P2","Enhancer","chr13_102291518_102292432","NSC_P0vsNSC_P1","FGF14-IT1","LncRNA",-0.030284911766436,0.25516406705306,0.593180484258585,-0.017964418627343
"ENSG00000243319_P2","Enhancer","chr13_102291518_102292432","NSC_P2vsNeuron","FGF14-IT1","LncRNA",0.44858042921141,0.0348195582947683,1.45817674244791,0.654109548993378
"ENSG00000243319_P2","Enhancer","chr13_102291518_102292432","iPSvsNSC_P1","FGF14-IT1","LncRNA",0.24892445317406,0.198242274888632,0.702803727282019,0.174945033502368
"ENSG00000243319_P2","Enhancer","chr13_102291518_102292432","iPSvsNeuron","FGF14-IT1","LncRNA",-0.121778948837236,0.468193141155964,0.3295749528349,-0.0401352913193158
"ENSG00000243319_P2","Enhancer","chr13_102291518_102292432","NSC_P1vsNSC_P2","FGF14-IT1","LncRNA",-0.527034417425491,0.01269528179382,1.89635765476326,-0.999445751808523
"ENSG00000243319_P2","Enhancer","chr13_102291518_102292432","NSC_P1vsNeuron","FGF14-IT1","LncRNA",-0.171402711305433,0.0636073367610995,1.19649278795078,-0.20508210791216
"ENSG00000243319_P2","Enhancer","chr13_102291518_102292432","iPSvsNSC_P0","FGF14-IT1","LncRNA",-0.13111756000246,0.0884103701865156,1.05349679097521,-0.138131928703092
"ENSG00000243960_P1","Enhancer","chr1_111441316_111442229","NSC_P1vsNSC_P2","RP11-552M11.4","Others",0.501472800694001,0.012867959445396,1.89049031648848,0.948029473694365
"ENSG00000243960_P1","Enhancer","chr1_111441316_111442229","iPSvsNSC_P0","RP11-552M11.4","Others",-0.233027835874899,0.314416074269365,0.502495259108346,-0.117095382767415
"ENSG00000243960_P1","Enhancer","chr1_111441316_111442229","NSC_P0vsNSC_P2","RP11-552M11.4","Others",0.471138699581334,0.0140418895305621,1.85257444794114,0.872819516280596
"ENSG00000243960_P1","Enhancer","chr1_111441316_111442229","iPSvsNeuron","RP11-552M11.4","Others",0.0705940869249623,0.038158475914347,1.4184089797543,0.100131286811922
"ENSG00000243960_P1","Enhancer","chr1_111441316_111442229","iPSvsNSC_P1","RP11-552M11.4","Others",-0.276671060999326,0.0700236979184573,1.15475495807864,-0.319487279445849
"ENSG00000243960_P1","Enhancer","chr1_111441316_111442229","NSC_P0vsNeuron","RP11-552M11.4","Others",0.031486071276734,0.045889452315363,1.33828712552249,0.0421374038229366
"ENSG00000243960_P1","Enhancer","chr1_111441316_111442229","NSC_P0vsNSC_P1","RP11-552M11.4","Others",0.200269180359417,0.244312721206052,0.612053919003829,0.122575536694666
"ENSG00000243960_P1","Enhancer","chr1_111441316_111442229","iPSvsNSC_P2","RP11-552M11.4","Others",0.304815502167636,0.122631427085925,0.911398217737937,0.277808305414478
"ENSG00000243960_P1","Enhancer","chr1_111441316_111442229","NSC_P2vsNeuron","RP11-552M11.4","Others",-0.405285142879996,0.0562918520647825,1.24955446233139,-0.506425858802314
"ENSG00000243960_P1","Enhancer","chr1_111441316_111442229","NSC_P1vsNeuron","RP11-552M11.4","Others",-0.150834516907834,0.0117624168011401,1.92950343544001,-0.291035718556601
"ENSG00000244227_P1","Enhancer","chr3_167895471_167896389","iPSvsNSC_P0","LRRC77P","LncRNA",0.441325504117479,0.0105408315519057,1.97712512686931,0.872555743318934
"ENSG00000244227_P1","Enhancer","chr3_167895471_167896389","NSC_P1vsNeuron","LRRC77P","LncRNA",0.301583999147631,0.0149800186879408,1.82448764484319,0.550236280327253
"ENSG00000244227_P1","Enhancer","chr3_167895471_167896389","iPSvsNSC_P1","LRRC77P","LncRNA",0.446087292739739,0.00936781385584524,2.02836174754526,0.904826400659312
"ENSG00000244227_P1","Enhancer","chr3_167895471_167896389","NSC_P2vsNeuron","LRRC77P","LncRNA",0.575291334900408,0.00523306880141049,2.28124355536611,1.31237965019952
"ENSG00000244227_P1","Enhancer","chr3_167895471_167896389","NSC_P1vsNSC_P2","LRRC77P","LncRNA",-0.662701023206002,0.00619827849238653,2.20772891454566,-1.46306421063089
"ENSG00000244227_P1","Enhancer","chr3_167895471_167896389","iPSvsNeuron","LRRC77P","LncRNA",0.683355905417336,0.00500108734196318,2.30093556060902,1.57235790332692
"ENSG00000244227_P1","Enhancer","chr3_167895471_167896389","NSC_P0vsNSC_P1","LRRC77P","LncRNA",-0.18705551639769,0.00614723813466842,2.21131996264468,-0.413639597533022
"ENSG00000244227_P1","Enhancer","chr3_167895471_167896389","NSC_P0vsNSC_P2","LRRC77P","LncRNA",-0.609547825781553,0.00523306880141049,2.28124355536611,-1.39052704925159
"ENSG00000244227_P1","Enhancer","chr3_167895471_167896389","NSC_P0vsNeuron","LRRC77P","LncRNA",0.246453445191779,0.00542612735921226,2.26551001692275,0.558342748787098
"ENSG00000244227_P1","Enhancer","chr3_167895471_167896389","iPSvsNSC_P2","LRRC77P","LncRNA",-0.25831814193962,0.0115429306686257,1.93768391287659,-0.500538908040574
"ENSG00000244541_P1","Enhancer","chr3_150242015_150243055","NSC_P0vsNSC_P1","LINC01213","LncRNA",-0.271074936484975,0.0366232826117086,1.43624273168209,-0.389329407267728
"ENSG00000244541_P1","Enhancer","chr3_150242015_150243055","NSC_P1vsNSC_P2","LINC01213","LncRNA",-0.626834912141444,0.00531125449170382,2.2748028886214,-1.4259258688281
"ENSG00000244541_P1","Enhancer","chr3_150242015_150243055","NSC_P1vsNeuron","LINC01213","LncRNA",0.0635914323753683,0.0589594673328184,1.22944644874912,0.0781822607047663
"ENSG00000244541_P1","Enhancer","chr3_150242015_150243055","iPSvsNeuron","LINC01213","LncRNA",0.217695060747092,0.00785401031454159,2.10490853271348,0.458228190896134
"ENSG00000244541_P1","Enhancer","chr3_150242015_150243055","NSC_P0vsNeuron","LINC01213","LncRNA",-0.437808375200897,0.0267851427999656,1.57210603392537,-0.688281188356391
"ENSG00000244541_P1","Enhancer","chr3_150242015_150243055","iPSvsNSC_P1","LINC01213","LncRNA",0.517944200380952,0.00550678120539903,2.25910217849884,1.17008887142145
"ENSG00000244541_P1","Enhancer","chr3_150242015_150243055","NSC_P2vsNeuron","LINC01213","LncRNA",0.573594428160761,0.00551137287033048,2.25874020591356,1.29560079677471
"ENSG00000244541_P1","Enhancer","chr3_150242015_150243055","iPSvsNSC_P2","LINC01213","LncRNA",-0.330715123674749,0.00748010884657106,2.12609208246692,-0.703130805996952
"ENSG00000244541_P1","Enhancer","chr3_150242015_150243055","iPSvsNSC_P0","LINC01213","LncRNA",0.551627907965699,0.00656310971475414,2.18289033563123,1.2041432291628
"ENSG00000244541_P1","Enhancer","chr3_150242015_150243055","NSC_P0vsNSC_P2","LINC01213","LncRNA",-0.642264543311642,0.00500469704502008,2.30062220702747,-1.47760807112912
"ENSG00000244541_P2","Enhancer","chr3_150238728_150239700","NSC_P2vsNeuron","LINC01213","LncRNA",0.548102497667599,0.0154108828163746,1.81217248189818,0.993256263532886
"ENSG00000244541_P2","Enhancer","chr3_150238728_150239700","NSC_P1vsNSC_P2","LINC01213","LncRNA",-0.368627045754284,0.100535695467139,0.9976797134474,-0.367771725377096
"ENSG00000244541_P2","Enhancer","chr3_150238728_150239700","NSC_P0vsNeuron","LINC01213","LncRNA",0.089357777151984,0.0685539353135859,1.16396760964297,0.104009558274604
"ENSG00000244541_P2","Enhancer","chr3_150238728_150239700","NSC_P0vsNSC_P1","LINC01213","LncRNA",0.042934223892173,0.577147016772263,0.238713544833574,0.0102489807799789
"ENSG00000244541_P2","Enhancer","chr3_150238728_150239700","iPSvsNSC_P1","LINC01213","LncRNA",0.0572888198915647,0.422459681386485,0.374214732837143,0.0214383204302771
"ENSG00000244541_P2","Enhancer","chr3_150238728_150239700","iPSvsNeuron","LINC01213","LncRNA",0.115001877635496,0.0446008103759991,1.35065725028724,0.155328119825029
"ENSG00000244541_P2","Enhancer","chr3_150238728_150239700","NSC_P0vsNSC_P2","LINC01213","LncRNA",-0.509984534892875,0.0199898816104282,1.69918977797243,-0.866560508613996
"ENSG00000244541_P2","Enhancer","chr3_150238728_150239700","NSC_P1vsNeuron","LINC01213","LncRNA",0.114624400061081,0.0458893695190048,1.33828790910199,0.153400448689813
"ENSG00000244541_P2","Enhancer","chr3_150238728_150239700","iPSvsNSC_P2","LINC01213","LncRNA",-0.446310039687013,0.055368646151915,1.25673609552258,-0.560893936668784
"ENSG00000244541_P2","Enhancer","chr3_150238728_150239700","iPSvsNSC_P0","LINC01213","LncRNA",0.256548822061163,0.132992886812986,0.876171586856084,0.224780788531388
"ENSG00000244558_P1","Enhancer","chr20_44738462_44739461","iPSvsNSC_P1","KCNK15-AS1","LncRNA",0.031051914900137,0.121053817066626,0.917021511841111,0.0284752739472851
"ENSG00000244558_P1","Enhancer","chr20_44738462_44739461","NSC_P0vsNSC_P1","KCNK15-AS1","LncRNA",-0.0628555934430263,0.391268818603364,0.407524760962291,-0.0256152106930123
"ENSG00000244558_P1","Enhancer","chr20_44738462_44739461","iPSvsNSC_P0","KCNK15-AS1","LncRNA",0.0775689851242013,0.0458892788905943,1.33828876680515,0.103809701444195
"ENSG00000244558_P1","Enhancer","chr20_44738462_44739461","NSC_P0vsNSC_P2","KCNK15-AS1","LncRNA",-0.355949799010741,0.0231278867214824,1.63586404847142,-0.582285479262298
"ENSG00000244558_P1","Enhancer","chr20_44738462_44739461","NSC_P1vsNSC_P2","KCNK15-AS1","LncRNA",-0.322071025151643,0.0346134510328718,1.46075509848641,-0.470466892065007
"ENSG00000244558_P1","Enhancer","chr20_44738462_44739461","NSC_P0vsNeuron","KCNK15-AS1","LncRNA",-0.328399851506603,0.0227871164868901,1.64231062756479,-0.539334566219992
"ENSG00000244558_P1","Enhancer","chr20_44738462_44739461","iPSvsNSC_P2","KCNK15-AS1","LncRNA",-0.371674532490694,0.0772094533279521,1.11232952250339,-0.413424555252043
"ENSG00000244558_P1","Enhancer","chr20_44738462_44739461","iPSvsNeuron","KCNK15-AS1","LncRNA",-0.363844290704184,0.0262948037616853,1.58013006598136,-0.574921303077341
"ENSG00000244558_P1","Enhancer","chr20_44738462_44739461","NSC_P2vsNeuron","KCNK15-AS1","LncRNA",0.0541472326653813,0.864641540393428,0.0631639032804328,0.00342015056697924
"ENSG00000244558_P1","Enhancer","chr20_44738462_44739461","NSC_P1vsNeuron","KCNK15-AS1","LncRNA",-0.348574374899833,0.0165348676312562,1.78159927745092,-0.621019854459448
"ENSG00000244558_P2","Enhancer","chr20_44695422_44696652","NSC_P1vsNSC_P2","KCNK15-AS1","LncRNA",-0.301226794934577,0.0817358626348884,1.08758734950078,-0.327610451501512
"ENSG00000244558_P2","Enhancer","chr20_44695422_44696652","NSC_P0vsNSC_P1","KCNK15-AS1","LncRNA",0.0950560507238857,0.214600698127737,0.668368869543737,0.0635325051656155
"ENSG00000244558_P2","Enhancer","chr20_44695422_44696652","iPSvsNSC_P1","KCNK15-AS1","LncRNA",0.35593288917045,0.0195674080671405,1.70846669793365,0.608099487847023
"ENSG00000244558_P2","Enhancer","chr20_44695422_44696652","iPSvsNeuron","KCNK15-AS1","LncRNA",0.378939709539108,0.0386069196899903,1.41333484781926,0.535568696714128
"ENSG00000244558_P2","Enhancer","chr20_44695422_44696652","iPSvsNSC_P2","KCNK15-AS1","LncRNA",0.132304284295768,0.0518010145802205,1.28566173403322,0.170098555567722
"ENSG00000244558_P2","Enhancer","chr20_44695422_44696652","NSC_P0vsNSC_P2","KCNK15-AS1","LncRNA",-0.304812425009449,0.0909741531562532,1.04108197840485,-0.317334722471218
"ENSG00000244558_P2","Enhancer","chr20_44695422_44696652","iPSvsNSC_P0","KCNK15-AS1","LncRNA",0.382528799410946,0.0125881494138893,1.90003811090955,0.726819297401272
"ENSG00000244558_P2","Enhancer","chr20_44695422_44696652","NSC_P0vsNeuron","KCNK15-AS1","LncRNA",-0.0575238295019943,0.741598560785832,0.129831121694436,-0.0074683833084034
"ENSG00000244558_P2","Enhancer","chr20_44695422_44696652","NSC_P1vsNeuron","KCNK15-AS1","LncRNA",-0.132536971769236,0.815129595308139,0.0887733384344249,-0.0117657494499442
"ENSG00000244558_P2","Enhancer","chr20_44695422_44696652","NSC_P2vsNeuron","KCNK15-AS1","LncRNA",0.23477384797103,0.354044122081029,0.450942611470656,0.105869532109071
"ENSG00000245532_P2","Enhancer","chr11_65419798_65420618","iPSvsNSC_P2","NEAT1","LncRNA",0.43873573278483,0.0412684812511874,1.38438151358843,0.607377637817993
"ENSG00000245532_P2","Enhancer","chr11_65419798_65420618","NSC_P0vsNSC_P1","NEAT1","LncRNA",-0.028335488418647,0.0247158549547348,1.6070243621119,-0.0455358202011053
"ENSG00000245532_P2","Enhancer","chr11_65419798_65420618","NSC_P1vsNeuron","NEAT1","LncRNA",-0.00669144810651866,0.0861926097165489,1.06452996963834,-0.00712324704966881
"ENSG00000245532_P2","Enhancer","chr11_65419798_65420618","NSC_P0vsNSC_P2","NEAT1","LncRNA",0.348926053259469,0.27358617409949,0.562905853823331,0.196412517931226
"ENSG00000245532_P2","Enhancer","chr11_65419798_65420618","iPSvsNSC_P1","NEAT1","LncRNA",-0.137947915749553,0.051075296936168,1.29178909983278,-0.178199613909923
"ENSG00000245532_P2","Enhancer","chr11_65419798_65420618","iPSvsNeuron","NEAT1","LncRNA",0.041252655941436,0.0153815149306029,1.81300088861778,0.0747911018796669
"ENSG00000245532_P2","Enhancer","chr11_65419798_65420618","NSC_P2vsNeuron","NEAT1","LncRNA",-0.237658074139017,0.113048445067662,0.946735406809805,-0.224999313501637
"ENSG00000245532_P2","Enhancer","chr11_65419798_65420618","iPSvsNSC_P0","NEAT1","LncRNA",0.0238193101415363,0.0502252173911948,1.29907817480685,0.0309431459438253
"ENSG00000245532_P2","Enhancer","chr11_65419798_65420618","NSC_P1vsNSC_P2","NEAT1","LncRNA",0.399880908927936,0.0495310400891326,1.30512255228752,0.52189359247108
"ENSG00000245532_P2","Enhancer","chr11_65419798_65420618","NSC_P0vsNeuron","NEAT1","LncRNA",0.15388512642675,0.0147827926995314,1.83024351320605,0.281647254421452
"ENSG00000245651_P1","Enhancer","chr12_57893434_57894392","NSC_P0vsNSC_P2","RP11-620J15.2","LncRNA",-0.695320147800081,0.00496752351141741,2.30386006868625,-1.60192032346963
"ENSG00000245651_P1","Enhancer","chr12_57893434_57894392","NSC_P0vsNSC_P1","RP11-620J15.2","LncRNA",0.0863491303594693,0.0112901914076261,1.94729869522551,0.168147548882852
"ENSG00000245651_P1","Enhancer","chr12_57893434_57894392","iPSvsNSC_P2","RP11-620J15.2","LncRNA",-0.694221023748539,0.00686156231604264,2.16357698808542,-1.50200063162744
"ENSG00000245651_P1","Enhancer","chr12_57893434_57894392","iPSvsNSC_P1","RP11-620J15.2","LncRNA",-0.122896038224426,0.362782782287279,0.440353332789081,-0.0541176800187002
"ENSG00000245651_P1","Enhancer","chr12_57893434_57894392","NSC_P1vsNeuron","RP11-620J15.2","LncRNA",-0.244678525300528,0.243343449866495,0.613780339270987,-0.150178868271283
"ENSG00000245651_P1","Enhancer","chr12_57893434_57894392","NSC_P1vsNSC_P2","RP11-620J15.2","LncRNA",-0.626805611827264,0.00676305096443352,2.16985733984231,-1.36007875747774
"ENSG00000245651_P1","Enhancer","chr12_57893434_57894392","NSC_P2vsNeuron","RP11-620J15.2","LncRNA",0.511933818299234,0.0192350754085949,1.71590610675917,0.878430365076196
"ENSG00000245651_P1","Enhancer","chr12_57893434_57894392","iPSvsNSC_P0","RP11-620J15.2","LncRNA",-0.227658932264991,0.435050471836726,0.361460355991012,-0.0822896787010372
"ENSG00000245651_P1","Enhancer","chr12_57893434_57894392","iPSvsNeuron","RP11-620J15.2","LncRNA",-0.346889358218324,0.0934518649248164,1.02941202742078,-0.357092077534218
"ENSG00000245651_P1","Enhancer","chr12_57893434_57894392","NSC_P0vsNeuron","RP11-620J15.2","LncRNA",-0.358154469697693,0.152585089258531,0.81648790392461,-0.2924287922447
"ENSG00000245750_P2","Enhancer","chr15_69557187_69558387","NSC_P2vsNeuron","DRAIC","LncRNA",-0.498540466464093,0.0263580632250718,1.57908650460785,-0.787238522594352
"ENSG00000245750_P2","Enhancer","chr15_69557187_69558387","iPSvsNSC_P1","DRAIC","LncRNA",0.123668554180404,0.256167625107797,0.591475757985074,0.0731469518227728
"ENSG00000245750_P2","Enhancer","chr15_69557187_69558387","iPSvsNeuron","DRAIC","LncRNA",-0.045683220772198,0.0164269659038708,1.78444264428796,-0.0815190872743315
"ENSG00000245750_P2","Enhancer","chr15_69557187_69558387","iPSvsNSC_P2","DRAIC","LncRNA",0.533623913679537,0.011078159615606,1.95553238177125,1.04351884288784
"ENSG00000245750_P2","Enhancer","chr15_69557187_69558387","NSC_P1vsNSC_P2","DRAIC","LncRNA",0.445385477510813,0.0165675822827475,1.78074086381189,0.793116119951878
"ENSG00000245750_P2","Enhancer","chr15_69557187_69558387","NSC_P1vsNeuron","DRAIC","LncRNA",-0.0962371539000427,0.0646417106235287,1.18948715927974,-0.114472858809729
"ENSG00000245750_P2","Enhancer","chr15_69557187_69558387","iPSvsNSC_P0","DRAIC","LncRNA",0.170859331585237,0.015585749144697,1.80727231808468,0.30878934026045
"ENSG00000245750_P2","Enhancer","chr15_69557187_69558387","NSC_P0vsNSC_P2","DRAIC","LncRNA",0.352292098787602,0.0698733758259317,1.1556882739611,0.407139847577976
"ENSG00000245750_P2","Enhancer","chr15_69557187_69558387","NSC_P0vsNSC_P1","DRAIC","LncRNA",-0.132443958744736,0.00936770791507948,2.02836665901669,-0.268644910106006
"ENSG00000245750_P2","Enhancer","chr15_69557187_69558387","NSC_P0vsNeuron","DRAIC","LncRNA",-0.223755413681025,0.328459711272614,0.483517893212391,-0.108189746217916
"ENSG00000245975_P1","Enhancer","chr15_58768199_58769227","NSC_P0vsNSC_P2","RP11-30K9.6","LncRNA",-0.152336844122532,0.174163149346874,0.75904373066194,-0.115630326480033
"ENSG00000245975_P1","Enhancer","chr15_58768199_58769227","iPSvsNeuron","RP11-30K9.6","LncRNA",0.163256097638178,0.0480162293001443,1.31861194795326,0.215271440921926
"ENSG00000245975_P1","Enhancer","chr15_58768199_58769227","NSC_P0vsNeuron","RP11-30K9.6","LncRNA",-0.182121321697113,0.0632656996445478,1.19883168480931,-0.218332810929849
"ENSG00000245975_P1","Enhancer","chr15_58768199_58769227","iPSvsNSC_P1","RP11-30K9.6","LncRNA",0.139200043351319,0.00492710871652097,2.30740785492334,0.321191273434502
"ENSG00000245975_P1","Enhancer","chr15_58768199_58769227","NSC_P1vsNeuron","RP11-30K9.6","LncRNA",-0.188038342815261,0.126318487166973,0.898533084226567,-0.168958672122649
"ENSG00000245975_P1","Enhancer","chr15_58768199_58769227","NSC_P0vsNSC_P1","RP11-30K9.6","LncRNA",-0.0334445030245733,0.344124051479841,0.463284972656772,-0.0154943356692588
"ENSG00000245975_P1","Enhancer","chr15_58768199_58769227","iPSvsNSC_P2","RP11-30K9.6","LncRNA",0.011363949583035,0.0344084398526295,1.46333501871167,0.016629265375729
"ENSG00000245975_P1","Enhancer","chr15_58768199_58769227","iPSvsNSC_P0","RP11-30K9.6","LncRNA",0.0943568143333717,0.00605820087328282,2.21765633075358,0.209250986656142
"ENSG00000245975_P1","Enhancer","chr15_58768199_58769227","NSC_P1vsNSC_P2","RP11-30K9.6","LncRNA",-0.150290488183512,0.0698733454470117,1.1556884627798,-0.173688983259228
"ENSG00000245975_P1","Enhancer","chr15_58768199_58769227","NSC_P2vsNeuron","RP11-30K9.6","LncRNA",-0.42699097815966,0.0541573220061194,1.26634281896692,-0.540716958956148
"ENSG00000246273_P2","Enhancer","chr11_9774321_9775943","iPSvsNSC_P0","SBF2-AS1","LncRNA",0.0807168245576353,0.33442891590419,0.475696178976119,0.0383966850211529
"ENSG00000246273_P2","Enhancer","chr11_9774321_9775943","NSC_P1vsNeuron","SBF2-AS1","LncRNA",-0.179502992344576,0.0164269659038708,1.78444264428796,-0.320312794316957
"ENSG00000246273_P2","Enhancer","chr11_9774321_9775943","iPSvsNeuron","SBF2-AS1","LncRNA",-0.189245591349723,0.0359821362143119,1.44391305670621,-0.273254180273953
"ENSG00000246273_P2","Enhancer","chr11_9774321_9775943","NSC_P2vsNeuron","SBF2-AS1","LncRNA",-0.450208323003325,0.0312662125082655,1.50492472465361,-0.677529636532541
"ENSG00000246273_P2","Enhancer","chr11_9774321_9775943","NSC_P0vsNSC_P2","SBF2-AS1","LncRNA",0.170094079557327,0.139784190023652,0.854541945713117,0.1453525256992
"ENSG00000246273_P2","Enhancer","chr11_9774321_9775943","NSC_P0vsNeuron","SBF2-AS1","LncRNA",-0.123753927485204,0.010183014150623,1.99212365272331,-0.24653312606068
"ENSG00000246273_P2","Enhancer","chr11_9774321_9775943","iPSvsNSC_P2","SBF2-AS1","LncRNA",0.327999153842382,0.0666036571695209,1.17650192330815,0.385891635339007
"ENSG00000246273_P2","Enhancer","chr11_9774321_9775943","iPSvsNSC_P1","SBF2-AS1","LncRNA",0.042009945085957,0.0602576186116886,1.21998803569351,0.0512516303850089
"ENSG00000246273_P2","Enhancer","chr11_9774321_9775943","NSC_P1vsNSC_P2","SBF2-AS1","LncRNA",0.305368568242771,0.147677551693249,0.83068551631089,0.253665246775864
"ENSG00000246273_P2","Enhancer","chr11_9774321_9775943","NSC_P0vsNSC_P1","SBF2-AS1","LncRNA",0.0115101046027277,0.0576840372148056,1.23894435163894,0.0142603790843228
"ENSG00000247157_P1","Enhancer","chr12_11608767_11609662",NA,NA,NA,NA,NA,NA,NA
"ENSG00000247345_P1","Enhancer","chr5_58936886_58937754",NA,NA,NA,NA,NA,NA,NA
"ENSG00000248112_P1","Enhancer","chr5_82859491_82860447","NSC_P1vsNSC_P2","RP11-78C3.1","LncRNA",-0.644801607899275,0.00504211716882637,2.29738706639787,-1.48135887438035
"ENSG00000248112_P1","Enhancer","chr5_82859491_82860447","iPSvsNSC_P0","RP11-78C3.1","LncRNA",0.215061238937949,0.356494262314961,0.447947455615774,0.0963361347838304
"ENSG00000248112_P1","Enhancer","chr5_82859491_82860447","NSC_P0vsNeuron","RP11-78C3.1","LncRNA",0.0941096857320767,0.131759744649946,0.880217255499101,0.0828369692909713
"ENSG00000248112_P1","Enhancer","chr5_82859491_82860447","iPSvsNSC_P1","RP11-78C3.1","LncRNA",0.235133750449703,0.131759436172917,0.880218272274207,0.206969023574192
"ENSG00000248112_P1","Enhancer","chr5_82859491_82860447","iPSvsNeuron","RP11-78C3.1","LncRNA",0.362593432909084,0.040680735298523,1.39061120586716,0.504226490977215
"ENSG00000248112_P1","Enhancer","chr5_82859491_82860447","NSC_P1vsNeuron","RP11-78C3.1","LncRNA",0.123699219195802,0.0181121610684086,1.74202972836671,0.215487717214837
"ENSG00000248112_P1","Enhancer","chr5_82859491_82860447","NSC_P0vsNSC_P1","RP11-78C3.1","LncRNA",-0.00854802061390234,0.103714413911189,0.984160882501197,-0.00841262751101654
"ENSG00000248112_P1","Enhancer","chr5_82859491_82860447","NSC_P2vsNeuron","RP11-78C3.1","LncRNA",0.752111941615865,0.00345144560584949,2.46199896662322,1.85169882304324
"ENSG00000248112_P1","Enhancer","chr5_82859491_82860447","NSC_P0vsNSC_P2","RP11-78C3.1","LncRNA",-0.535082010689894,0.0107036231541672,1.97046918964975,-1.05436261600027
"ENSG00000248112_P1","Enhancer","chr5_82859491_82860447","iPSvsNSC_P2","RP11-78C3.1","LncRNA",-0.546390744263082,0.0369387121461064,1.43251825014075,-0.782714712864854
"ENSG00000248206_P2","Enhancer","chr4_183985936_183986665","iPSvsNSC_P1","RP11-739P1.2","LncRNA",-0.209734886180203,0.0147827130872352,1.83024585209254,-0.383866405470416
"ENSG00000248206_P2","Enhancer","chr4_183985936_183986665","NSC_P1vsNSC_P2","RP11-739P1.2","LncRNA",-0.600566782838279,0.005634677474591,2.24913093765055,-1.35075333140683
"ENSG00000248206_P2","Enhancer","chr4_183985936_183986665","iPSvsNSC_P0","RP11-739P1.2","LncRNA",0.151112245436445,0.00802326929868377,2.0956486305858,0.316678170213631
"ENSG00000248206_P2","Enhancer","chr4_183985936_183986665","NSC_P2vsNeuron","RP11-739P1.2","LncRNA",0.55354366347795,0.0129550848747513,1.88755973740487,1.04484673207657
"ENSG00000248206_P2","Enhancer","chr4_183985936_183986665","iPSvsNeuron","RP11-739P1.2","LncRNA",0.0380927468844597,0.275743247595043,0.55949511376762,0.0213127057518419
"ENSG00000248206_P2","Enhancer","chr4_183985936_183986665","NSC_P0vsNeuron","RP11-739P1.2","LncRNA",-0.0736702906872667,0.0143951203545476,1.84178469972669,-0.135684814212225
"ENSG00000248206_P2","Enhancer","chr4_183985936_183986665","iPSvsNSC_P2","RP11-739P1.2","LncRNA",-0.50437152717444,0.0188671106685525,1.72429460310913,-0.869685102268796
"ENSG00000248206_P2","Enhancer","chr4_183985936_183986665","NSC_P0vsNSC_P2","RP11-739P1.2","LncRNA",-0.742337494942641,0.00307246606947695,2.51251290450995,-1.86513253554498
"ENSG00000248206_P2","Enhancer","chr4_183985936_183986665","NSC_P0vsNSC_P1","RP11-739P1.2","LncRNA",-0.0823569620802533,0.0510749500359222,1.29179204954395,-0.106388068839864
"ENSG00000248206_P2","Enhancer","chr4_183985936_183986665","NSC_P1vsNeuron","RP11-739P1.2","LncRNA",0.184538286232459,0.0323309458918206,1.49038158924589,0.275032464311844
"ENSG00000248245_P1","Enhancer","chr5_133105519_133106360","NSC_P0vsNSC_P1","CTB-49A3.2","LncRNA",0.001295381078643,0.263263503943808,0.579609342695698,0.000750814975532712
"ENSG00000248245_P1","Enhancer","chr5_133105519_133106360","NSC_P1vsNeuron","CTB-49A3.2","LncRNA",-0.0152556446238677,0.0681903236439737,1.16627724830799,-0.017792311233089
"ENSG00000248245_P1","Enhancer","chr5_133105519_133106360","NSC_P2vsNeuron","CTB-49A3.2","LncRNA",-0.312912067486043,0.137862501214574,0.860553846443649,-0.269277683273749
"ENSG00000248245_P1","Enhancer","chr5_133105519_133106360","iPSvsNSC_P1","CTB-49A3.2","LncRNA",0.500028675217298,0.00584048586522737,2.23355102278313,1.11683955895249
"ENSG00000248245_P1","Enhancer","chr5_133105519_133106360","iPSvsNSC_P0","CTB-49A3.2","LncRNA",0.475061031281787,0.00808041931807829,2.09256610174987,0.994096610322601
"ENSG00000248245_P1","Enhancer","chr5_133105519_133106360","NSC_P0vsNeuron","CTB-49A3.2","LncRNA",0.124001350326607,0.0213935548107936,1.66971704588939,0.207047168353639
"ENSG00000248245_P1","Enhancer","chr5_133105519_133106360","iPSvsNSC_P2","CTB-49A3.2","LncRNA",0.445453683995694,0.0257143432819929,1.5898245626378,0.708193208333851
"ENSG00000248245_P1","Enhancer","chr5_133105519_133106360","iPSvsNeuron","CTB-49A3.2","LncRNA",0.494642359548316,0.0093026171827464,2.0313948505728,1.00481394206163
"ENSG00000248245_P1","Enhancer","chr5_133105519_133106360","NSC_P1vsNSC_P2","CTB-49A3.2","LncRNA",0.33614097992008,0.0808972227247802,1.09206638785629,0.367088265751795
"ENSG00000248245_P1","Enhancer","chr5_133105519_133106360","NSC_P0vsNSC_P2","CTB-49A3.2","LncRNA",0.332920659206271,0.114695282359864,0.94045444510845,0.313096713818974
"ENSG00000248663_P2","Enhancer","chr5_117414732_117415576",NA,NA,NA,NA,NA,NA,NA
"ENSG00000248964_P1","Enhancer","chr8_29853973_29854757",NA,NA,NA,NA,NA,NA,NA
"ENSG00000249307_P1","Enhancer","chr4_79211196_79212090","NSC_P0vsNSC_P1","LINC01088","LncRNA",0.0406103704091107,0.151213223686582,0.82041022786264,0.0333171632409247
"ENSG00000249307_P1","Enhancer","chr4_79211196_79212090","NSC_P1vsNeuron","LINC01088","LncRNA",0.132157121302893,0.00879522678213863,2.0557529579164,0.271682393028138
"ENSG00000249307_P1","Enhancer","chr4_79211196_79212090","NSC_P0vsNSC_P2","LINC01088","LncRNA",-0.569576054157679,0.0076423538727547,2.11677285654208,-1.20566313117732
"ENSG00000249307_P1","Enhancer","chr4_79211196_79212090","iPSvsNeuron","LINC01088","LncRNA",-0.132497914731414,0.00785401031454159,2.10490853271348,-0.278895991284896
"ENSG00000249307_P1","Enhancer","chr4_79211196_79212090","iPSvsNSC_P2","LINC01088","LncRNA",-0.728524894703974,0.00899477419790208,2.04600973457924,-1.49056902644765
"ENSG00000249307_P1","Enhancer","chr4_79211196_79212090","NSC_P0vsNeuron","LINC01088","LncRNA",0.139090716372118,0.0131079588117603,1.88246493194127,0.261833395929101
"ENSG00000249307_P1","Enhancer","chr4_79211196_79212090","NSC_P2vsNeuron","LINC01088","LncRNA",0.57434925944637,0.0117016489272728,1.93175293572755,1.10950086806847
"ENSG00000249307_P1","Enhancer","chr4_79211196_79212090","iPSvsNSC_P1","LINC01088","LncRNA",-0.192790426743783,0.0215293849336877,1.66696837722347,-0.321375544813305
"ENSG00000249307_P1","Enhancer","chr4_79211196_79212090","NSC_P1vsNSC_P2","LINC01088","LncRNA",-0.458339712260617,0.0314551055196382,1.50230885358755,-0.688567807679895
"ENSG00000249307_P1","Enhancer","chr4_79211196_79212090","iPSvsNSC_P0","LINC01088","LncRNA",0.150345253042817,0.0561230348552494,1.25085885251803,0.18806069070267
"ENSG00000249406_P1","Enhancer","chr17_50209303_50210123",NA,NA,NA,NA,NA,NA,NA
"ENSG00000249483_P2","Enhancer","chr5_81852808_81853395","iPSvsNSC_P2","CTD-2249K22.1","LncRNA",-0.301930811160081,0.88735087373054,0.0519046187322909,-0.0156716036367953
"ENSG00000249483_P2","Enhancer","chr5_81852808_81853395","NSC_P1vsNeuron","CTD-2249K22.1","LncRNA",-0.0675454645878987,0.0230750508190655,1.63685733383768,-0.110562289078175
"ENSG00000249483_P2","Enhancer","chr5_81852808_81853395","NSC_P0vsNeuron","CTD-2249K22.1","LncRNA",0.121104389739092,0.0761646868418714,1.11824633921741,0.135424540488898
"ENSG00000249483_P2","Enhancer","chr5_81852808_81853395","NSC_P0vsNSC_P2","CTD-2249K22.1","LncRNA",-0.429355751025306,0.0417482824647485,1.37936138680135,-0.592236744165402
"ENSG00000249483_P2","Enhancer","chr5_81852808_81853395","NSC_P2vsNeuron","CTD-2249K22.1","LncRNA",0.413788995733045,0.0326092754850195,1.48665885026959,0.615163072650696
"ENSG00000249483_P2","Enhancer","chr5_81852808_81853395","iPSvsNSC_P0","CTD-2249K22.1","LncRNA",0.443701051684236,0.00819581382641796,2.08640791545846,0.925741386331231
"ENSG00000249483_P2","Enhancer","chr5_81852808_81853395","NSC_P0vsNSC_P1","CTD-2249K22.1","LncRNA",-0.106992501739183,0.371701873214042,0.429805250245485,-0.0459859389844
"ENSG00000249483_P2","Enhancer","chr5_81852808_81853395","NSC_P1vsNSC_P2","CTD-2249K22.1","LncRNA",-0.487104413492756,0.0130427119820764,1.88463209599735,-0.918012611770414
"ENSG00000249483_P2","Enhancer","chr5_81852808_81853395","iPSvsNeuron","CTD-2249K22.1","LncRNA",0.402777574896803,0.0461508094795885,1.33582067709884,0.538038612818877
"ENSG00000249483_P2","Enhancer","chr5_81852808_81853395","iPSvsNSC_P1","CTD-2249K22.1","LncRNA",0.46894433474755,0.0046063801298387,2.33664022584217,1.09575419625192
"ENSG00000249550_P1","Enhancer","chr12_113773259_113774257","NSC_P0vsNeuron","LINC01234","LncRNA",-0.012929345470022,0.143184914988949,0.844102733998481,-0.0109136958600564
"ENSG00000249550_P1","Enhancer","chr12_113773259_113774257","NSC_P0vsNSC_P2","LINC01234","LncRNA",0.505163784102166,0.0133985353480246,1.87294267365284,0.946142808428895
"ENSG00000249550_P1","Enhancer","chr12_113773259_113774257","iPSvsNSC_P2","LINC01234","LncRNA",0.495425884228072,0.0158230181227696,1.80071067450153,0.892118678153851
"ENSG00000249550_P1","Enhancer","chr12_113773259_113774257","NSC_P1vsNeuron","LINC01234","LncRNA",-0.199313151885831,0.0146849839099736,1.8331265249882,-0.365366225500919
"ENSG00000249550_P1","Enhancer","chr12_113773259_113774257","iPSvsNSC_P0","LINC01234","LncRNA",0.0645338596220167,0.0496651113305466,1.30394858666587,0.084148835046222
"ENSG00000249550_P1","Enhancer","chr12_113773259_113774257","NSC_P1vsNSC_P2","LINC01234","LncRNA",0.444377897385394,0.0158229986201586,1.80071120979016,0.800196261204859
"ENSG00000249550_P1","Enhancer","chr12_113773259_113774257","NSC_P0vsNSC_P1","LINC01234","LncRNA",0.0856083380186927,0.0191941404202746,1.71683133231399,0.146975077017818
"ENSG00000249550_P1","Enhancer","chr12_113773259_113774257","iPSvsNeuron","LINC01234","LncRNA",-0.0210756713655917,0.123957099392882,0.906728594843243,-0.0191099138827009
"ENSG00000249550_P1","Enhancer","chr12_113773259_113774257","iPSvsNSC_P1","LINC01234","LncRNA",0.102852923282632,0.490539492462445,0.309326022599863,0.0318150856717853
"ENSG00000249550_P1","Enhancer","chr12_113773259_113774257","NSC_P2vsNeuron","LINC01234","LncRNA",-0.60908043109776,0.0078077510493027,2.10747404263104,-1.28362119841305
"ENSG00000249776_P1","Enhancer","chr5_92687774_92688749","NSC_P0vsNSC_P1","RP11-133F8.2","LncRNA",0.0972313170059607,0.0426022614686241,1.37056734650112,0.133262068145669
"ENSG00000249776_P1","Enhancer","chr5_92687774_92688749","iPSvsNSC_P0","RP11-133F8.2","LncRNA",0.24586408065604,0.138654315033631,0.858066610282768,0.210967758278818
"ENSG00000249776_P1","Enhancer","chr5_92687774_92688749","NSC_P1vsNeuron","RP11-133F8.2","LncRNA",-0.101020694485772,0.038158475914347,1.4184089797543,-0.143288660199635
"ENSG00000249776_P1","Enhancer","chr5_92687774_92688749","iPSvsNeuron","RP11-133F8.2","LncRNA",0.10801424593019,0.00923779645482066,2.03443161120855,0.219747596381234
"ENSG00000249776_P1","Enhancer","chr5_92687774_92688749","NSC_P2vsNeuron","RP11-133F8.2","LncRNA",0.578008585472316,0.00440574858293474,2.35598028979068,1.36177683470257
"ENSG00000249776_P1","Enhancer","chr5_92687774_92688749","NSC_P1vsNSC_P2","RP11-133F8.2","LncRNA",-0.580111078718344,0.00408454171845982,2.38885666380943,-1.38580221614599
"ENSG00000249776_P1","Enhancer","chr5_92687774_92688749","NSC_P0vsNeuron","RP11-133F8.2","LncRNA",0.0388991757300023,0.0477460076590651,1.32106293662735,0.0513882593222604
"ENSG00000249776_P1","Enhancer","chr5_92687774_92688749","iPSvsNSC_P1","RP11-133F8.2","LncRNA",0.249610914105437,0.0531057557129858,1.27485840662241,0.31821857223202
"ENSG00000249776_P1","Enhancer","chr5_92687774_92688749","NSC_P0vsNSC_P2","RP11-133F8.2","LncRNA",-0.563879948416856,0.00507979965509994,2.29415341574764,-1.29362710973213
"ENSG00000249776_P1","Enhancer","chr5_92687774_92688749","iPSvsNSC_P2","RP11-133F8.2","LncRNA",-0.49012974324999,0.0180323572837782,1.74394749632702,-0.854760538616226
"ENSG00000249984_P1","Enhancer","chr5_92687774_92688749","NSC_P0vsNSC_P1","CTC-529L17.2","LncRNA",0.0972313170059607,0.0426022614686241,1.37056734650112,0.133262068145669
"ENSG00000249984_P1","Enhancer","chr5_92687774_92688749","iPSvsNSC_P2","CTC-529L17.2","LncRNA",-0.49012974324999,0.0180323572837782,1.74394749632702,-0.854760538616226
"ENSG00000249984_P1","Enhancer","chr5_92687774_92688749","NSC_P1vsNSC_P2","CTC-529L17.2","LncRNA",-0.580111078718344,0.00408454171845982,2.38885666380943,-1.38580221614599
"ENSG00000249984_P1","Enhancer","chr5_92687774_92688749","NSC_P1vsNeuron","CTC-529L17.2","LncRNA",-0.101020694485772,0.038158475914347,1.4184089797543,-0.143288660199635
"ENSG00000249984_P1","Enhancer","chr5_92687774_92688749","NSC_P0vsNeuron","CTC-529L17.2","LncRNA",0.0388991757300023,0.0477460076590651,1.32106293662735,0.0513882593222604
"ENSG00000249984_P1","Enhancer","chr5_92687774_92688749","iPSvsNSC_P1","CTC-529L17.2","LncRNA",0.249610914105437,0.0531057557129858,1.27485840662241,0.31821857223202
"ENSG00000249984_P1","Enhancer","chr5_92687774_92688749","iPSvsNSC_P0","CTC-529L17.2","LncRNA",0.24586408065604,0.138654315033631,0.858066610282768,0.210967758278818
"ENSG00000249984_P1","Enhancer","chr5_92687774_92688749","NSC_P0vsNSC_P2","CTC-529L17.2","LncRNA",-0.563879948416856,0.00507979965509994,2.29415341574764,-1.29362710973213
"ENSG00000249984_P1","Enhancer","chr5_92687774_92688749","iPSvsNeuron","CTC-529L17.2","LncRNA",0.10801424593019,0.00923779645482066,2.03443161120855,0.219747596381234
"ENSG00000249984_P1","Enhancer","chr5_92687774_92688749","NSC_P2vsNeuron","CTC-529L17.2","LncRNA",0.578008585472316,0.00440574858293474,2.35598028979068,1.36177683470257
"ENSG00000250064_P2","Enhancer","chr4_28436045_28437366","NSC_P1vsNeuron","RP11-123O22.1","LncRNA",-0.106485546955996,0.0295353619344656,1.52965770280931,-0.162886437139101
"ENSG00000250064_P2","Enhancer","chr4_28436045_28437366","NSC_P0vsNeuron","RP11-123O22.1","LncRNA",-0.132912316122187,0.0399792878141271,1.39816494661484,-0.185833341375432
"ENSG00000250064_P2","Enhancer","chr4_28436045_28437366","NSC_P1vsNSC_P2","RP11-123O22.1","LncRNA",-0.526049346811262,0.00880701106209269,2.05517145815857,-1.08112160314946
"ENSG00000250064_P2","Enhancer","chr4_28436045_28437366","iPSvsNSC_P1","RP11-123O22.1","LncRNA",0.0674375892237943,0.0163196385111669,1.78728946533364,0.120530492787185
"ENSG00000250064_P2","Enhancer","chr4_28436045_28437366","NSC_P2vsNeuron","RP11-123O22.1","LncRNA",0.549156630523824,0.00893179197099246,2.04906140056949,1.12525565447317
"ENSG00000250064_P2","Enhancer","chr4_28436045_28437366","iPSvsNSC_P2","RP11-123O22.1","LncRNA",-0.658609874775686,0.00899477419790208,2.04600973457924,-1.34752221508107
"ENSG00000250064_P2","Enhancer","chr4_28436045_28437366","NSC_P0vsNSC_P1","RP11-123O22.1","LncRNA",0.0927683630559037,0.0730408581135099,1.13643413317676,0.105425134255662
"ENSG00000250064_P2","Enhancer","chr4_28436045_28437366","iPSvsNeuron","RP11-123O22.1","LncRNA",0.06938410654365,0.0409168831492706,1.38809745615802,0.0963119017910375
"ENSG00000250064_P2","Enhancer","chr4_28436045_28437366","iPSvsNSC_P0","RP11-123O22.1","LncRNA",-0.0987486158334217,0.0163196385111669,1.78728946533364,-0.176492360795353
"ENSG00000250064_P2","Enhancer","chr4_28436045_28437366","NSC_P0vsNSC_P2","RP11-123O22.1","LncRNA",-0.469873260670583,0.0137629006216065,1.8612900260423,-0.87457041359013
"ENSG00000250544_P1","Enhancer","chr5_86665711_86666617",NA,NA,NA,NA,NA,NA,NA
"ENSG00000250634_P2","Enhancer","chr4_13920622_13921579","NSC_P1vsNSC_P2","LINC01182","LncRNA",-0.652625836520041,0.00985029966253591,2.00655055733932,-1.30952673600333
"ENSG00000250634_P2","Enhancer","chr4_13920622_13921579","NSC_P2vsNeuron","LINC01182","LncRNA",0.430695383097634,0.0680409561473826,1.1672295920816,0.502720396324478
"ENSG00000250634_P2","Enhancer","chr4_13920622_13921579","NSC_P0vsNSC_P2","LINC01182","LncRNA",-0.636670728946488,0.00519436476926802,2.2844675557237,-1.45445362395721
"ENSG00000250634_P2","Enhancer","chr4_13920622_13921579","iPSvsNSC_P2","LINC01182","LncRNA",-0.617779982261623,0.0157190877112147,1.80357266271661,-1.11421108758061
"ENSG00000250634_P2","Enhancer","chr4_13920622_13921579","NSC_P1vsNeuron","LINC01182","LncRNA",-0.455073011373031,0.0125881863642135,1.90003683611547,-0.864655484730753
"ENSG00000250634_P2","Enhancer","chr4_13920622_13921579","iPSvsNeuron","LINC01182","LncRNA",-0.038302363367147,0.0103963913021434,1.98311738277208,-0.0759580825946416
"ENSG00000250634_P2","Enhancer","chr4_13920622_13921579","iPSvsNSC_P1","LINC01182","LncRNA",0.326482582159762,0.0558150208204296,1.25324890891981,0.409163939873044
"ENSG00000250634_P2","Enhancer","chr4_13920622_13921579","NSC_P0vsNeuron","LINC01182","LncRNA",-0.275084168189168,0.0113678693651441,1.94432092578458,-0.534851904562245
"ENSG00000250634_P2","Enhancer","chr4_13920622_13921579","iPSvsNSC_P0","LINC01182","LncRNA",0.131811365522737,0.0997042510613799,1.00128632440509,0.131980917699076
"ENSG00000250634_P2","Enhancer","chr4_13920622_13921579","NSC_P0vsNSC_P1","LINC01182","LncRNA",0.175992780027971,0.021393256548996,1.66972310072025,0.293859210372681
"ENSG00000250770_P2","Enhancer","chr12_3299894_3300334",NA,NA,NA,NA,NA,NA,NA
"ENSG00000250781_P2","Enhancer","chr4_42390655_42392645","NSC_P0vsNSC_P2","RP11-63A11.1","LncRNA",-0.0312393348782173,0.0617686361907875,1.20923198748138,-0.0377756030023831
"ENSG00000250781_P2","Enhancer","chr4_42390655_42392645","iPSvsNSC_P2","RP11-63A11.1","LncRNA",0.449496471261579,0.0324144481603417,1.48926136764302,0.669417729541729
"ENSG00000250781_P2","Enhancer","chr4_42390655_42392645","iPSvsNSC_P1","RP11-63A11.1","LncRNA",0.414451528141173,0.00791005383359744,2.1018205608064,0.871102743304749
"ENSG00000250781_P2","Enhancer","chr4_42390655_42392645","NSC_P2vsNeuron","RP11-63A11.1","LncRNA",-0.237870047646081,0.0104843482624354,1.979458561367,-0.47085390230581
"ENSG00000250781_P2","Enhancer","chr4_42390655_42392645","iPSvsNeuron","RP11-63A11.1","LncRNA",0.18473763262123,0.00588347675235314,2.23036595825422,0.412032527006865
"ENSG00000250781_P2","Enhancer","chr4_42390655_42392645","iPSvsNSC_P0","RP11-63A11.1","LncRNA",0.372717274321624,0.0453701411529267,1.34322986958032,0.500644975777367
"ENSG00000250781_P2","Enhancer","chr4_42390655_42392645","NSC_P0vsNeuron","RP11-63A11.1","LncRNA",-0.231912399560098,0.0053465049322453,2.27193002819592,-0.526888744471556
"ENSG00000250781_P2","Enhancer","chr4_42390655_42392645","NSC_P0vsNSC_P1","RP11-63A11.1","LncRNA",0.448210793050366,0.00562977778563931,2.24950874695598,1.00825409944687
"ENSG00000250781_P2","Enhancer","chr4_42390655_42392645","NSC_P1vsNSC_P2","RP11-63A11.1","LncRNA",-0.00213488421724567,0.0887017095099149,1.05206801011677,-0.00224604339026735
"ENSG00000250781_P2","Enhancer","chr4_42390655_42392645","NSC_P1vsNeuron","RP11-63A11.1","LncRNA",-0.423765266352645,0.0112903474470899,1.94729269297033,-0.825195006703132
"ENSG00000250993_P1","Enhancer","chr4_179465095_179466025",NA,NA,NA,NA,NA,NA,NA
"ENSG00000251095_P2","Enhancer","chr4_89410429_89411312","NSC_P0vsNSC_P1","RP11-115D19.1","LncRNA",-0.106086668033473,0.0386065481313747,1.41333902755269,-0.149936428234734
"ENSG00000251095_P2","Enhancer","chr4_89410429_89411312","NSC_P0vsNeuron","RP11-115D19.1","LncRNA",-0.233041009935995,0.289710872966281,0.538035205242748,-0.125384267610891
"ENSG00000251095_P2","Enhancer","chr4_89410429_89411312","NSC_P1vsNSC_P2","RP11-115D19.1","LncRNA",0.269947922112258,0.175689818314081,0.755253406280104,0.203879087693519
"ENSG00000251095_P2","Enhancer","chr4_89410429_89411312","NSC_P2vsNeuron","RP11-115D19.1","LncRNA",-0.291544076767826,0.212726856495551,0.672177677508973,-0.195969420413295
"ENSG00000251095_P2","Enhancer","chr4_89410429_89411312","iPSvsNeuron","RP11-115D19.1","LncRNA",0.0742108050522017,0.340468198355844,0.467923447403407,0.0347249757346083
"ENSG00000251095_P2","Enhancer","chr4_89410429_89411312","iPSvsNSC_P1","RP11-115D19.1","LncRNA",0.060230275875394,0.087963149354706,1.05569922993784,0.0635850558605969
"ENSG00000251095_P2","Enhancer","chr4_89410429_89411312","iPSvsNSC_P0","RP11-115D19.1","LncRNA",0.210796084485292,0.00930258774903848,2.03139622469332,0.428210370203556
"ENSG00000251095_P2","Enhancer","chr4_89410429_89411312","iPSvsNSC_P2","RP11-115D19.1","LncRNA",0.304125659994527,0.200645138962388,0.697571357472052,0.212149349484466
"ENSG00000251095_P2","Enhancer","chr4_89410429_89411312","NSC_P1vsNeuron","RP11-115D19.1","LncRNA",-0.0815698144823543,0.258181724804085,0.588074502184377,-0.0479691280449825
"ENSG00000251095_P2","Enhancer","chr4_89410429_89411312","NSC_P0vsNSC_P2","RP11-115D19.1","LncRNA",0.09273680302195,0.0709921387185334,1.14878974001592,0.106535087833494
"ENSG00000251169_P1","Enhancer","chr5_134505851_134506917",NA,NA,NA,NA,NA,NA,NA
"ENSG00000251169_P2","Enhancer","chr5_134510773_134511624",NA,NA,NA,NA,NA,NA,NA
"ENSG00000251393_P2","Enhancer","chr14_73461844_73462824","iPSvsNSC_P0","RP1-240K6.3","LncRNA",-0.209157341932219,0.0209901235731917,1.67798500462878,-0.350962883370279
"ENSG00000251393_P2","Enhancer","chr14_73461844_73462824","iPSvsNeuron","RP1-240K6.3","LncRNA",0.0500857611777613,0.0958183989133339,1.01855109030227,0.0510149066562278
"ENSG00000251393_P2","Enhancer","chr14_73461844_73462824","NSC_P0vsNeuron","RP1-240K6.3","LncRNA",0.146881308116876,0.244313802810329,0.612051996329778,0.0898989978564635
"ENSG00000251393_P2","Enhancer","chr14_73461844_73462824","iPSvsNSC_P2","RP1-240K6.3","LncRNA",0.103455338710507,0.411571709160642,0.385554485653268,0.0398876699046143
"ENSG00000251393_P2","Enhancer","chr14_73461844_73462824","NSC_P0vsNSC_P1","RP1-240K6.3","LncRNA",0.363083358680949,0.0734254275204718,1.13415351611274,0.411792267890021
"ENSG00000251393_P2","Enhancer","chr14_73461844_73462824","iPSvsNSC_P1","RP1-240K6.3","LncRNA",0.111438174715027,0.242375790736945,0.615510761050395,0.0685913957289134
"ENSG00000251393_P2","Enhancer","chr14_73461844_73462824","NSC_P1vsNeuron","RP1-240K6.3","LncRNA",-0.191431026443028,0.0418731236850663,1.37806464005011,-0.263804328549635
"ENSG00000251393_P2","Enhancer","chr14_73461844_73462824","NSC_P0vsNSC_P2","RP1-240K6.3","LncRNA",0.124429368990325,0.196453905726003,0.706739332500486,0.0879391291836791
"ENSG00000251393_P2","Enhancer","chr14_73461844_73462824","NSC_P1vsNSC_P2","RP1-240K6.3","LncRNA",-0.0868384902420537,0.215382723358684,0.666789136000474,-0.0579029618800846
"ENSG00000251393_P2","Enhancer","chr14_73461844_73462824","NSC_P2vsNeuron","RP1-240K6.3","LncRNA",-0.118549679147083,0.0914342050382849,1.03889130666841,-0.123160231074233
"ENSG00000251504_P1","Enhancer","chr4_178104850_178105847",NA,NA,NA,NA,NA,NA,NA
"ENSG00000251504_P2","Enhancer","chr4_177907489_177908518",NA,NA,NA,NA,NA,NA,NA
"ENSG00000253252_P1","Enhancer","chr8_9182569_9184082",NA,NA,NA,NA,NA,NA,NA
"ENSG00000253300_P1","Enhancer","chr8_20699662_20700526","NSC_P1vsNSC_P2","RP11-108E14.1","LncRNA",-0.471465340233032,0.0180323358458085,1.74394801264318,-0.822211043129537
"ENSG00000253300_P1","Enhancer","chr8_20699662_20700526","NSC_P2vsNeuron","RP11-108E14.1","LncRNA",0.510512252014862,0.0082645980476155,2.08277826368328,1.06328382184056
"ENSG00000253300_P1","Enhancer","chr8_20699662_20700526","NSC_P0vsNSC_P2","RP11-108E14.1","LncRNA",-0.56493810488765,0.00681214748876217,2.16671595776432,-1.2240604070092
"ENSG00000253300_P1","Enhancer","chr8_20699662_20700526","iPSvsNSC_P1","RP11-108E14.1","LncRNA",0.392915326886892,0.0211238235794258,1.67522746828077,0.658222548309439
"ENSG00000253300_P1","Enhancer","chr8_20699662_20700526","iPSvsNeuron","RP11-108E14.1","LncRNA",0.635337449650026,0.00554755117708312,2.25589868263858,1.43325691569645
"ENSG00000253300_P1","Enhancer","chr8_20699662_20700526","iPSvsNSC_P0","RP11-108E14.1","LncRNA",0.190845942913497,0.00369738234107645,2.43210563732682,0.464157493620868
"ENSG00000253300_P1","Enhancer","chr8_20699662_20700526","iPSvsNSC_P2","RP11-108E14.1","LncRNA",-0.195130693688596,0.16375252872925,0.785811984742714,-0.153336037691658
"ENSG00000253300_P1","Enhancer","chr8_20699662_20700526","NSC_P0vsNSC_P1","RP11-108E14.1","LncRNA",-0.0452620356249207,0.00779817929155008,2.10800678396777,-0.0954126781535234
"ENSG00000253300_P1","Enhancer","chr8_20699662_20700526","NSC_P1vsNeuron","RP11-108E14.1","LncRNA",0.128806494800592,0.0156888234200215,1.80440962501422,0.232419678982532
"ENSG00000253300_P1","Enhancer","chr8_20699662_20700526","NSC_P0vsNeuron","RP11-108E14.1","LncRNA",-0.137746105854607,0.0220807744993339,1.65598569747872,-0.228105581178619
"ENSG00000253395_P2","Enhancer","chr8_101109113_101110174","iPSvsNSC_P1","KB-1460A1.1","LncRNA",-0.340771591503513,0.114303358309024,0.941941009555272,-0.320986736928576
"ENSG00000253395_P2","Enhancer","chr8_101109113_101110174","NSC_P1vsNSC_P2","KB-1460A1.1","LncRNA",-0.676152262842329,0.00856212628262047,2.06741837105429,-1.39788960983016
"ENSG00000253395_P2","Enhancer","chr8_101109113_101110174","NSC_P0vsNSC_P2","KB-1460A1.1","LncRNA",-0.620286770038223,0.00748010421768438,2.12609235121977,-1.31878695734108
"ENSG00000253395_P2","Enhancer","chr8_101109113_101110174","NSC_P2vsNeuron","KB-1460A1.1","LncRNA",0.845949222624335,0.00411568169836558,2.38555822039862,2.01806112207131
"ENSG00000253395_P2","Enhancer","chr8_101109113_101110174","iPSvsNeuron","KB-1460A1.1","LncRNA",-0.128333816359231,0.030627607724854,1.51388692394006,-0.194282886485565
"ENSG00000253395_P2","Enhancer","chr8_101109113_101110174","iPSvsNSC_P2","KB-1460A1.1","LncRNA",-0.715279485720881,0.00868380966171891,2.06128970430687,-1.47439823961837
"ENSG00000253395_P2","Enhancer","chr8_101109113_101110174","NSC_P1vsNeuron","KB-1460A1.1","LncRNA",0.318571071242178,0.0112903474470899,1.94729269297033,0.620351119221623
"ENSG00000253395_P2","Enhancer","chr8_101109113_101110174","NSC_P0vsNSC_P1","KB-1460A1.1","LncRNA",0.029236524322279,0.028303271765404,1.54816335855586,0.0452629156872797
"ENSG00000253395_P2","Enhancer","chr8_101109113_101110174","iPSvsNSC_P0","KB-1460A1.1","LncRNA",-0.46989887338036,0.0453701411529267,1.34322986958032,-0.631182202406639
"ENSG00000253395_P2","Enhancer","chr8_101109113_101110174","NSC_P0vsNeuron","KB-1460A1.1","LncRNA",0.198935217473628,0.0125882201213433,1.90003567149055,0.377984009515624
"ENSG00000253428_P1","Enhancer","chr5_173689125_173690402",NA,NA,NA,NA,NA,NA,NA
"ENSG00000253428_P2","Enhancer","chr5_173668984_173669674",NA,NA,NA,NA,NA,NA,NA
"ENSG00000253507_P1","Enhancer","chr8_131307935_131308827",NA,NA,NA,NA,NA,NA,NA
"ENSG00000253535_P1","Enhancer","chr8_24387408_24388303","NSC_P1vsNSC_P2","RP11-624C23.1","LncRNA",-0.565549863818655,0.00647512756428057,2.18875167127491,-1.23784820962238
"ENSG00000253535_P1","Enhancer","chr8_24387408_24388303","NSC_P0vsNSC_P2","RP11-624C23.1","LncRNA",-0.683701550299885,0.00402291434347347,2.39545921439688,-1.63777917856329
"ENSG00000253535_P1","Enhancer","chr8_24387408_24388303","iPSvsNSC_P1","RP11-624C23.1","LncRNA",0.166561207528774,0.0488347811090401,1.31127075456851,0.218406840278097
"ENSG00000253535_P1","Enhancer","chr8_24387408_24388303","NSC_P0vsNSC_P1","RP11-624C23.1","LncRNA",0.0502584167706357,0.238532303998733,0.622452796924249,0.0312834920878668
"ENSG00000253535_P1","Enhancer","chr8_24387408_24388303","NSC_P0vsNeuron","RP11-624C23.1","LncRNA",-0.204209689324229,0.0169727662016312,1.7702473711059,-0.361501665680568
"ENSG00000253535_P1","Enhancer","chr8_24387408_24388303","iPSvsNSC_P0","RP11-624C23.1","LncRNA",0.271876772737045,0.148500161520307,0.82827307397411,0.225188210297073
"ENSG00000253535_P1","Enhancer","chr8_24387408_24388303","NSC_P1vsNeuron","RP11-624C23.1","LncRNA",-0.129539617455105,0.0357704412667248,1.44647570233016,-0.187375909137954
"ENSG00000253535_P1","Enhancer","chr8_24387408_24388303","NSC_P2vsNeuron","RP11-624C23.1","LncRNA",0.484305959530113,0.0197354557477537,1.70475284005898,0.825621959966449
"ENSG00000253535_P1","Enhancer","chr8_24387408_24388303","iPSvsNeuron","RP11-624C23.1","LncRNA",0.026343868817256,0.0857544702781101,1.06674323144247,0.0281021437508163
"ENSG00000253535_P1","Enhancer","chr8_24387408_24388303","iPSvsNSC_P2","RP11-624C23.1","LncRNA",-0.569789666423332,0.019483871720697,1.71032473842981,-0.974525362185495
"ENSG00000253686_P1","Enhancer","chr5_173714344_173715300",NA,NA,NA,NA,NA,NA,NA
"ENSG00000253686_P2","Enhancer","chr5_173745364_173746732",NA,NA,NA,NA,NA,NA,NA
"ENSG00000253729_P2","Enhancer","chr8_47929044_47929943","iPSvsNSC_P2","PRKDC","mRNA",0.539868534185353,0.00880702365456852,2.05517083719434,1.10952206737659
"ENSG00000253729_P2","Enhancer","chr8_47929044_47929943","iPSvsNSC_P0","PRKDC","mRNA",0.606848369829866,0.00390045874110747,2.40888431168753,1.46182751765632
"ENSG00000253729_P2","Enhancer","chr8_47929044_47929943","iPSvsNeuron","PRKDC","mRNA",0.495425222436774,0.0281312687291179,1.55081068057459,0.768310726380993
"ENSG00000253729_P2","Enhancer","chr8_47929044_47929943","NSC_P0vsNSC_P1","PRKDC","mRNA",-0.169670215819315,0.347805801041414,0.458663178689646,-0.0778214805166452
"ENSG00000253729_P2","Enhancer","chr8_47929044_47929943","iPSvsNSC_P1","PRKDC","mRNA",0.481256936366164,0.00592671105564182,2.22718624536081,1.07184882915921
"ENSG00000253729_P2","Enhancer","chr8_47929044_47929943","NSC_P0vsNSC_P2","PRKDC","mRNA",-0.00284382085449066,0.681391177780933,0.166603493700138,-0.000473790489815456
"ENSG00000253729_P2","Enhancer","chr8_47929044_47929943","NSC_P1vsNeuron","PRKDC","mRNA",-0.355812752151378,0.023808882815445,1.62326098252332,-0.577576957651574
"ENSG00000253729_P2","Enhancer","chr8_47929044_47929943","NSC_P0vsNeuron","PRKDC","mRNA",-0.446077851737476,0.0112903785709864,1.94729149576024,-0.868643607135384
"ENSG00000253729_P2","Enhancer","chr8_47929044_47929943","NSC_P2vsNeuron","PRKDC","mRNA",-0.427634761414028,0.0224115069406719,1.64952894069764,-0.705395915000769
"ENSG00000253729_P2","Enhancer","chr8_47929044_47929943","NSC_P1vsNSC_P2","PRKDC","mRNA",0.094019246988735,0.789848424107594,0.102456244012945,0.00963285891139115
"ENSG00000254261_P1","Enhancer","chr9_26746432_26747331",NA,NA,NA,NA,NA,NA,NA
"ENSG00000254277_P2","Enhancer","chr8_71690687_71691621",NA,NA,NA,NA,NA,NA,NA
"ENSG00000254338_P2","Enhancer","chr8_143405758_143406679","NSC_P1vsNSC_P2","MAFA-AS1","LncRNA",0.117302430312837,0.0278575436702729,1.55505717999662,0.182411986489031
"ENSG00000254338_P2","Enhancer","chr8_143405758_143406679","iPSvsNSC_P1","MAFA-AS1","LncRNA",-0.030684231129008,0.0443467067695493,1.353138625774,-0.0415200183428376
"ENSG00000254338_P2","Enhancer","chr8_143405758_143406679","NSC_P2vsNeuron","MAFA-AS1","LncRNA",-0.300489065943261,0.017684616222636,1.75240436045765,-0.526578349428817
"ENSG00000254338_P2","Enhancer","chr8_143405758_143406679","NSC_P1vsNeuron","MAFA-AS1","LncRNA",-0.210489924922341,0.00936784344630317,2.02836037572549,-0.42694942320191
"ENSG00000254338_P2","Enhancer","chr8_143405758_143406679","NSC_P0vsNSC_P1","MAFA-AS1","LncRNA",0.049454330452906,0.578786065037065,0.23748193358334,0.0117445100200256
"ENSG00000254338_P2","Enhancer","chr8_143405758_143406679","NSC_P0vsNeuron","MAFA-AS1","LncRNA",0.0493175174464583,0.00910938947495445,2.04051072912398,0.100632923483257
"ENSG00000254338_P2","Enhancer","chr8_143405758_143406679","iPSvsNeuron","MAFA-AS1","LncRNA",-0.0966570979646567,0.00923779645482066,2.03443161120855,-0.19664225554698
"ENSG00000254338_P2","Enhancer","chr8_143405758_143406679","NSC_P0vsNSC_P2","MAFA-AS1","LncRNA",0.170621865837507,0.0604418240403116,1.21866243780276,0.207930458963991
"ENSG00000254338_P2","Enhancer","chr8_143405758_143406679","iPSvsNSC_P0","MAFA-AS1","LncRNA",0.0114161919205443,0.139937265910901,0.854066615570429,0.00975018839628179
"ENSG00000254338_P2","Enhancer","chr8_143405758_143406679","iPSvsNSC_P2","MAFA-AS1","LncRNA",0.427490473993335,0.0219910142152665,1.65775474071941,0.708674359874837
"ENSG00000254458_P2","Enhancer","chr11_66316576_66317577","NSC_P0vsNSC_P1","RP11-867G23.13","LncRNA",-0.0714842067611737,0.0229304039077119,1.63958829532041,-0.117204668705884
"ENSG00000254458_P2","Enhancer","chr11_66316576_66317577","iPSvsNSC_P2","RP11-867G23.13","LncRNA",-0.599544465997092,0.0301530795020763,1.52066832722326,-0.911708280203759
"ENSG00000254458_P2","Enhancer","chr11_66316576_66317577","iPSvsNSC_P1","RP11-867G23.13","LncRNA",-0.097493275900891,0.230044482870264,0.638188177907693,-0.0622190561054415
"ENSG00000254458_P2","Enhancer","chr11_66316576_66317577","NSC_P0vsNeuron","RP11-867G23.13","LncRNA",0.098139670308661,0.035141788615577,1.45417613794297,0.142712366748445
"ENSG00000254458_P2","Enhancer","chr11_66316576_66317577","iPSvsNeuron","RP11-867G23.13","LncRNA",0.0769849387062346,0.0534013531845827,1.27244773785625,0.0979593111057504
"ENSG00000254458_P2","Enhancer","chr11_66316576_66317577","iPSvsNSC_P0","RP11-867G23.13","LncRNA",0.082479154096617,0.0345223784654465,1.46189929062674,0.120576216865338
"ENSG00000254458_P2","Enhancer","chr11_66316576_66317577","NSC_P0vsNSC_P2","RP11-867G23.13","LncRNA",-0.512510623981463,0.0164593753232552,1.78358665143306,-0.914107107650968
"ENSG00000254458_P2","Enhancer","chr11_66316576_66317577","NSC_P1vsNSC_P2","RP11-867G23.13","LncRNA",-0.704044798690423,0.00584573383271991,2.23316096277478,-1.57224536048008
"ENSG00000254458_P2","Enhancer","chr11_66316576_66317577","NSC_P1vsNeuron","RP11-867G23.13","LncRNA",0.088950296807979,0.0262948037616853,1.58013006598136,0.140553038364253
"ENSG00000254458_P2","Enhancer","chr11_66316576_66317577","NSC_P2vsNeuron","RP11-867G23.13","LncRNA",0.821799060230287,0.00378474114243698,2.42196381874135,1.9903675901534
"ENSG00000254528_P1","Enhancer","chr11_117833100_117834042","iPSvsNeuron","RP11-728F11.4","LncRNA",-0.168742815069931,0.0915925958564826,1.03813963232166,-0.175178603993621
"ENSG00000254528_P1","Enhancer","chr11_117833100_117834042","NSC_P0vsNSC_P1","RP11-728F11.4","LncRNA",0.0252240451919883,0.816991577168235,0.0877824208338191,0.00221422775017438
"ENSG00000254528_P1","Enhancer","chr11_117833100_117834042","NSC_P1vsNSC_P2","RP11-728F11.4","LncRNA",0.109859679437686,0.919676952500788,0.0363646969849276,0.00399501395361273
"ENSG00000254528_P1","Enhancer","chr11_117833100_117834042","iPSvsNSC_P0","RP11-728F11.4","LncRNA",-0.077107409376847,0.449291013777059,0.347472267598972,-0.0267926863848553
"ENSG00000254528_P1","Enhancer","chr11_117833100_117834042","iPSvsNSC_P2","RP11-728F11.4","LncRNA",0.112769957183297,0.0624410497696014,1.20452980411518,0.135834774436074
"ENSG00000254528_P1","Enhancer","chr11_117833100_117834042","NSC_P0vsNSC_P2","RP11-728F11.4","LncRNA",0.0595391030726943,0.988506227006623,0.00502059054242096,0.000298921457790996
"ENSG00000254528_P1","Enhancer","chr11_117833100_117834042","iPSvsNSC_P1","RP11-728F11.4","LncRNA",-0.0497352980914903,0.0777664086608943,1.10920795678321,-0.0551667883760657
"ENSG00000254528_P1","Enhancer","chr11_117833100_117834042","NSC_P0vsNeuron","RP11-728F11.4","LncRNA",-0.223826642629416,0.428029403166663,0.368526396420422,-0.0824860260311002
"ENSG00000254528_P1","Enhancer","chr11_117833100_117834042","NSC_P1vsNeuron","RP11-728F11.4","LncRNA",-0.124350039284437,0.360259286572086,0.443384815357746,-0.0551349192078588
"ENSG00000254528_P1","Enhancer","chr11_117833100_117834042","NSC_P2vsNeuron","RP11-728F11.4","LncRNA",-0.292783542910966,0.296290667392133,0.528282027777223,-0.154672283748805
"ENSG00000254528_P2","Enhancer","chr11_117837292_117838819","NSC_P0vsNSC_P1","RP11-728F11.4","LncRNA",-0.0804396834334437,0.131758859021863,0.880220174635618,-0.0708046321994196
"ENSG00000254528_P2","Enhancer","chr11_117837292_117838819","NSC_P1vsNSC_P2","RP11-728F11.4","LncRNA",0.423744721190998,0.0165675822827475,1.78074086381189,0.754579540849387
"ENSG00000254528_P2","Enhancer","chr11_117837292_117838819","NSC_P1vsNeuron","RP11-728F11.4","LncRNA",0.072332335727202,0.294102578880617,0.531501167302822,0.0384447208727474
"ENSG00000254528_P2","Enhancer","chr11_117837292_117838819","NSC_P0vsNSC_P2","RP11-728F11.4","LncRNA",0.505533464691409,0.00951302786614844,2.02168123108918,1.02202751725411
"ENSG00000254528_P2","Enhancer","chr11_117837292_117838819","iPSvsNSC_P0","RP11-728F11.4","LncRNA",-0.227892570382812,0.00917334998949835,2.03747203660161,-0.464324739504245
"ENSG00000254528_P2","Enhancer","chr11_117837292_117838819","NSC_P0vsNeuron","RP11-728F11.4","LncRNA",0.149431671695467,0.395257043350822,0.403120382341631,0.0602389526278256
"ENSG00000254528_P2","Enhancer","chr11_117837292_117838819","iPSvsNSC_P2","RP11-728F11.4","LncRNA",0.672115217461262,0.00471422686106441,2.32658952190975,1.56373622246147
"ENSG00000254528_P2","Enhancer","chr11_117837292_117838819","NSC_P2vsNeuron","RP11-728F11.4","LncRNA",-0.431656239699396,0.0305202704964674,1.51541162161484,-0.654136882183028
"ENSG00000254528_P2","Enhancer","chr11_117837292_117838819","iPSvsNSC_P1","RP11-728F11.4","LncRNA",0.0695118180571597,0.00825406229894218,2.0833322575346,0.144816212838357
"ENSG00000254528_P2","Enhancer","chr11_117837292_117838819","iPSvsNeuron","RP11-728F11.4","LncRNA",0.074549730037667,0.0127593684201894,1.89417082235585,0.141209923451855
"ENSG00000254946_P1","Enhancer","chr11_15552152_15553105","iPSvsNSC_P1","LINC02751","LncRNA",0.390341509267571,0.0137381561943995,1.86207155026995,0.726843819296578
"ENSG00000254946_P1","Enhancer","chr11_15552152_15553105","NSC_P1vsNeuron","LINC02751","LncRNA",0.288103937425843,0.0615795946998525,1.2105631738316,0.348768016883609
"ENSG00000254946_P1","Enhancer","chr11_15552152_15553105","iPSvsNeuron","LINC02751","LncRNA",0.564809429124357,0.00485415675797351,2.31388620286531,1.30690474529908
"ENSG00000254946_P1","Enhancer","chr11_15552152_15553105","iPSvsNSC_P0","LINC02751","LncRNA",0.429317227448093,0.00592671105564182,2.22718624536081,0.956169423868833
"ENSG00000254946_P1","Enhancer","chr11_15552152_15553105","iPSvsNSC_P2","LINC02751","LncRNA",0.637444721437478,0.00440575164054266,2.3559799883886,1.50180700741064
"ENSG00000254946_P1","Enhancer","chr11_15552152_15553105","NSC_P2vsNeuron","LINC02751","LncRNA",-0.0975807864339223,0.165942909043427,0.78004130082758,-0.0761170435856951
"ENSG00000254946_P1","Enhancer","chr11_15552152_15553105","NSC_P1vsNSC_P2","LINC02751","LncRNA",0.288443577107586,0.0900595993067272,1.0454699896323,0.30155910356817
"ENSG00000254946_P1","Enhancer","chr11_15552152_15553105","NSC_P0vsNeuron","LINC02751","LncRNA",0.102610034710781,0.0639506994481356,1.19415470114929,0.122532255334972
"ENSG00000254946_P1","Enhancer","chr11_15552152_15553105","NSC_P0vsNSC_P1","LINC02751","LncRNA",-0.113527598816449,0.0536977657727496,1.27004378381165,-0.144185021167895
"ENSG00000254946_P1","Enhancer","chr11_15552152_15553105","NSC_P0vsNSC_P2","LINC02751","LncRNA",0.46154594613437,0.0119433668196509,1.92287322889495,0.88749434372677
"ENSG00000254951_P1","Enhancer","chr11_7905810_7906718",NA,NA,NA,NA,NA,NA,NA
"ENSG00000255027_P2","Enhancer","chr11_125938625_125939675","NSC_P1vsNeuron","RP11-680F20.9","LncRNA",-0.391356143361047,0.0266207878174148,1.57477909613057,-0.616299473707256
"ENSG00000255027_P2","Enhancer","chr11_125938625_125939675","NSC_P0vsNSC_P2","RP11-680F20.9","LncRNA",-0.55089084412515,0.00535074913263732,2.27158541024146,-1.25139560415029
"ENSG00000255027_P2","Enhancer","chr11_125938625_125939675","NSC_P0vsNSC_P1","RP11-680F20.9","LncRNA",0.165188324145462,0.0430945624216292,1.3655775247177,0.225577462798825
"ENSG00000255027_P2","Enhancer","chr11_125938625_125939675","iPSvsNSC_P2","RP11-680F20.9","LncRNA",-0.723979984829712,0.00567633942508717,2.24593164315907,-1.62600955694287
"ENSG00000255027_P2","Enhancer","chr11_125938625_125939675","NSC_P2vsNeuron","RP11-680F20.9","LncRNA",0.529730030510804,0.00874521753235065,2.05822938322081,1.09030591397179
"ENSG00000255027_P2","Enhancer","chr11_125938625_125939675","iPSvsNSC_P0","RP11-680F20.9","LncRNA",0.050153572247069,0.0386068385679509,1.41333576037305,0.070883837167236
"ENSG00000255027_P2","Enhancer","chr11_125938625_125939675","NSC_P0vsNeuron","RP11-680F20.9","LncRNA",0.074215584368824,0.0992120042068209,1.00343577698521,0.0744705725655423
"ENSG00000255027_P2","Enhancer","chr11_125938625_125939675","iPSvsNSC_P1","RP11-680F20.9","LncRNA",0.351111321024526,0.0639504871810529,1.19415614267497,0.419281740764162
"ENSG00000255027_P2","Enhancer","chr11_125938625_125939675","iPSvsNeuron","RP11-680F20.9","LncRNA",0.216613162315111,0.0154833571794671,1.81013486752651,0.392099037871763
"ENSG00000255027_P2","Enhancer","chr11_125938625_125939675","NSC_P1vsNSC_P2","RP11-680F20.9","LncRNA",-0.661857131825324,0.00467900391786042,2.32984659116079,-1.54202558241869
"ENSG00000255036_P2","Enhancer","chr9_97306824_97307748","NSC_P0vsNSC_P2","SUGT1P4-STRA6LP-CCDC180","LncRNA",0.472331322684418,0.0442187811058533,1.35439323295355,0.639722347155774
"ENSG00000255036_P2","Enhancer","chr9_97306824_97307748","NSC_P0vsNeuron","SUGT1P4-STRA6LP-CCDC180","LncRNA",-0.682546593964395,0.022502257779553,1.64777390446606,-1.12468246611672
"ENSG00000255036_P2","Enhancer","chr9_97306824_97307748","iPSvsNeuron","SUGT1P4-STRA6LP-CCDC180","LncRNA",-0.552963547080027,0.0361948984787726,1.4413526371643,-0.797015466839522
"ENSG00000255036_P2","Enhancer","chr9_97306824_97307748","NSC_P0vsNSC_P1","SUGT1P4-STRA6LP-CCDC180","LncRNA",-0.104139266611052,0.0472087231856761,1.32597774540467,-0.138086349949018
"ENSG00000255036_P2","Enhancer","chr9_97306824_97307748","NSC_P2vsNeuron","SUGT1P4-STRA6LP-CCDC180","LncRNA",-0.838134307180113,0.00430706311957484,2.36581876364901,-1.98287387038468
"ENSG00000255036_P2","Enhancer","chr9_97306824_97307748","iPSvsNSC_P2","SUGT1P4-STRA6LP-CCDC180","LncRNA",0.143518029534954,0.0396257421202623,1.40202259112834,0.20121551964223
"ENSG00000255036_P2","Enhancer","chr9_97306824_97307748","iPSvsNSC_P1","SUGT1P4-STRA6LP-CCDC180","LncRNA",-0.217028261412834,0.104737373292628,0.979898321964242,-0.212665629177253
"ENSG00000255036_P2","Enhancer","chr9_97306824_97307748","iPSvsNSC_P0","SUGT1P4-STRA6LP-CCDC180","LncRNA",-0.295108367337333,0.112662918355316,0.948219003240962,-0.279827361924674
"ENSG00000255036_P2","Enhancer","chr9_97306824_97307748","NSC_P1vsNeuron","SUGT1P4-STRA6LP-CCDC180","LncRNA",-0.285280481556753,0.0482878205453694,1.3161623958935,-0.375475442107388
"ENSG00000255036_P2","Enhancer","chr9_97306824_97307748","NSC_P1vsNSC_P2","SUGT1P4-STRA6LP-CCDC180","LncRNA",0.485514214588221,0.0288975817746572,1.53913849862282,0.747273619301353
"ENSG00000255090_P2","Enhancer","chr11_122202659_122203569","NSC_P2vsNeuron","RP11-820L6.1","LncRNA",0.552412668377836,0.00938102571717118,2.02774967345962,1.12015460791811
"ENSG00000255090_P2","Enhancer","chr11_122202659_122203569","NSC_P0vsNSC_P2","RP11-820L6.1","LncRNA",-0.485753364913226,0.0194838622787658,1.71032494889002,-0.830796099018366
"ENSG00000255090_P2","Enhancer","chr11_122202659_122203569","iPSvsNeuron","RP11-820L6.1","LncRNA",-0.208200935950572,0.0343181145941243,1.46447657991017,-0.30490539461499
"ENSG00000255090_P2","Enhancer","chr11_122202659_122203569","NSC_P0vsNSC_P1","RP11-820L6.1","LncRNA",-0.0556588731811223,0.03883244302179,1.41080528631444,-0.0785238325142322
"ENSG00000255090_P2","Enhancer","chr11_122202659_122203569","NSC_P0vsNeuron","RP11-820L6.1","LncRNA",-0.181277682304925,0.00813798435159822,2.08948314957994,-0.378776662571047
"ENSG00000255090_P2","Enhancer","chr11_122202659_122203569","NSC_P1vsNeuron","RP11-820L6.1","LncRNA",0.0177054143567577,0.0158966844325555,1.79869344692472,0.0318466127785869
"ENSG00000255090_P2","Enhancer","chr11_122202659_122203569","iPSvsNSC_P1","RP11-820L6.1","LncRNA",0.194683812132913,0.0757681973479212,1.12051304521941,0.218145751187973
"ENSG00000255090_P2","Enhancer","chr11_122202659_122203569","iPSvsNSC_P2","RP11-820L6.1","LncRNA",-0.474992405718916,0.0398569661317768,1.39949576239353,-0.66474985897273
"ENSG00000255090_P2","Enhancer","chr11_122202659_122203569","NSC_P1vsNSC_P2","RP11-820L6.1","LncRNA",-0.532374612032406,0.0149090198152764,1.8265509080433,-0.97240933102699
"ENSG00000255090_P2","Enhancer","chr11_122202659_122203569","iPSvsNSC_P0","RP11-820L6.1","LncRNA",0.169687441405339,0.00731256854044663,2.13593005026385,0.36244050525005
"ENSG00000255202_P1","Enhancer","chr11_33715995_33717059","iPSvsNeuron","RP4-541C22.5","LncRNA",0.145601261403707,0.245286508565672,0.610326338530737,0.0888642847579813
"ENSG00000255202_P1","Enhancer","chr11_33715995_33717059","iPSvsNSC_P0","RP4-541C22.5","LncRNA",0.043383798199269,0.0368395520557522,1.43368565917274,0.062198729318736
"ENSG00000255202_P1","Enhancer","chr11_33715995_33717059","iPSvsNSC_P1","RP4-541C22.5","LncRNA",0.28391548468711,0.0741999672229876,1.1295962865657,0.320709877201061
"ENSG00000255202_P1","Enhancer","chr11_33715995_33717059","NSC_P0vsNSC_P2","RP4-541C22.5","LncRNA",-0.561448493178356,0.00711347322134726,2.14791829905082,-1.2059454924723
"ENSG00000255202_P1","Enhancer","chr11_33715995_33717059","NSC_P2vsNeuron","RP4-541C22.5","LncRNA",0.509146454027491,0.0219910039273443,1.6577549438928,0.84404005132956
"ENSG00000255202_P1","Enhancer","chr11_33715995_33717059","NSC_P0vsNeuron","RP4-541C22.5","LncRNA",0.131376577881561,0.158163509450083,0.800893707137125,0.105218674490552
"ENSG00000255202_P1","Enhancer","chr11_33715995_33717059","iPSvsNSC_P2","RP4-541C22.5","LncRNA",-0.506442319614063,0.0146148879611447,1.83520450962869,-0.929425228822542
"ENSG00000255202_P1","Enhancer","chr11_33715995_33717059","NSC_P0vsNSC_P1","RP4-541C22.5","LncRNA",0.18143946540558,0.122788679587117,0.910841670812706,0.165262625821382
"ENSG00000255202_P1","Enhancer","chr11_33715995_33717059","NSC_P1vsNeuron","RP4-541C22.5","LncRNA",-0.205660902250174,0.0939213823086577,1.02723552422461,-0.211262184735463
"ENSG00000255202_P1","Enhancer","chr11_33715995_33717059","NSC_P1vsNSC_P2","RP4-541C22.5","LncRNA",-0.675264997732552,0.00711346698772062,2.14791867962874,-1.45041430232921
"ENSG00000255202_P2","Enhancer","chr11_33696987_33697890","NSC_P2vsNeuron","RP4-541C22.5","LncRNA",0.534628917191834,0.0572278576231809,1.24239251199561,0.664218963415458
"ENSG00000255202_P2","Enhancer","chr11_33696987_33697890","iPSvsNSC_P0","RP4-541C22.5","LncRNA",0.374813210482109,0.0145877423604323,1.83601191552762,0.688161520542313
"ENSG00000255202_P2","Enhancer","chr11_33696987_33697890","NSC_P1vsNeuron","RP4-541C22.5","LncRNA",0.04268067412092,0.791018023365527,0.101813620978912,0.00434547397807178
"ENSG00000255202_P2","Enhancer","chr11_33696987_33697890","iPSvsNSC_P2","RP4-541C22.5","LncRNA",-0.590536895656234,0.130378864829137,0.884792804555136,-0.522502796100964
"ENSG00000255202_P2","Enhancer","chr11_33696987_33697890","iPSvsNeuron","RP4-541C22.5","LncRNA",0.0733018815163603,0.0742000880169554,1.12959557955581,0.0828014813340041
"ENSG00000255202_P2","Enhancer","chr11_33696987_33697890","iPSvsNSC_P1","RP4-541C22.5","LncRNA",0.261103151846392,0.109437755431886,0.960832822911447,0.250876478459644
"ENSG00000255202_P2","Enhancer","chr11_33696987_33697890","NSC_P1vsNSC_P2","RP4-541C22.5","LncRNA",-0.531962565608341,0.0250842274926415,1.60059926919669,-0.851458893752705
"ENSG00000255202_P2","Enhancer","chr11_33696987_33697890","NSC_P0vsNeuron","RP4-541C22.5","LncRNA",-0.093024837893618,0.366589405629417,0.435820090228052,-0.0405420932442465
"ENSG00000255202_P2","Enhancer","chr11_33696987_33697890","NSC_P0vsNSC_P2","RP4-541C22.5","LncRNA",-0.642093485645726,0.00991902835476097,2.00353086825238,-1.28645411879498
"ENSG00000255202_P2","Enhancer","chr11_33696987_33697890","NSC_P0vsNSC_P1","RP4-541C22.5","LncRNA",-0.0976631173967587,0.0564320943128448,1.24847383185588,-0.121929846407322
"ENSG00000255240_P1","Enhancer","chr11_59009341_59010187",NA,NA,NA,NA,NA,NA,NA
"ENSG00000255260_P1","Enhancer","chr11_11243474_11244646",NA,NA,NA,NA,NA,NA,NA
"ENSG00000255260_P2","Enhancer","chr11_11243474_11244646",NA,NA,NA,NA,NA,NA,NA
"ENSG00000255666_P2","Enhancer","chr11_94638933_94640374",NA,NA,NA,NA,NA,NA,NA
"ENSG00000255864_P2","Enhancer","chr12_24360639_24361618","NSC_P1vsNeuron","RP11-444D3.1","LncRNA",0.327151576560564,0.0395172536197434,1.40321324574525,0.459063425596223
"ENSG00000255864_P2","Enhancer","chr12_24360639_24361618","iPSvsNSC_P2","RP11-444D3.1","LncRNA",0.326515608595888,0.196453940439986,0.706739255759381,0.230761398212879
"ENSG00000255864_P2","Enhancer","chr12_24360639_24361618","NSC_P1vsNSC_P2","RP11-444D3.1","LncRNA",0.391539803947345,0.0644945905352857,1.19047671015847,0.466119017699328
"ENSG00000255864_P2","Enhancer","chr12_24360639_24361618","iPSvsNSC_P0","RP11-444D3.1","LncRNA",0.299924108622909,0.068918811306822,1.16166222175419,0.348410506380533
"ENSG00000255864_P2","Enhancer","chr12_24360639_24361618","iPSvsNeuron","RP11-444D3.1","LncRNA",0.218834197895048,0.159581795750545,0.797016652183322,0.174414499789534
"ENSG00000255864_P2","Enhancer","chr12_24360639_24361618","NSC_P2vsNeuron","RP11-444D3.1","LncRNA",-0.111647680348135,0.0559826966672809,1.25194618554988,-0.139776887537339
"ENSG00000255864_P2","Enhancer","chr12_24360639_24361618","NSC_P0vsNeuron","RP11-444D3.1","LncRNA",-0.098649077089664,0.0485607868339365,1.31371428497093,-0.12959670177189
"ENSG00000255864_P2","Enhancer","chr12_24360639_24361618","NSC_P0vsNSC_P2","RP11-444D3.1","LncRNA",0.316420534704027,0.176456956260181,0.753361216273338,0.238378958878486
"ENSG00000255864_P2","Enhancer","chr12_24360639_24361618","NSC_P0vsNSC_P1","RP11-444D3.1","LncRNA",-0.30200990489196,0.0256528900499176,1.5908637002587,-0.4804565948112
"ENSG00000255864_P2","Enhancer","chr12_24360639_24361618","iPSvsNSC_P1","RP11-444D3.1","LncRNA",-0.00431999747043566,0.407364606057751,0.390016707445735,-0.00168487118959322
"ENSG00000255921_P1","Enhancer","chr12_24955655_24956540","NSC_P0vsNeuron","RP11-662I13.2","LncRNA",-0.0958398946461956,0.254165041396511,0.594884183808184,-0.0570136375028645
"ENSG00000255921_P1","Enhancer","chr12_24955655_24956540","iPSvsNSC_P2","RP11-662I13.2","LncRNA",0.398521971637879,0.0235672023710109,1.62769196889463,0.648671012663029
"ENSG00000255921_P1","Enhancer","chr12_24955655_24956540","iPSvsNSC_P0","RP11-662I13.2","LncRNA",0.442530173517484,0.00656310971475414,2.18289033563123,0.965994838996527
"ENSG00000255921_P1","Enhancer","chr12_24955655_24956540","NSC_P1vsNSC_P2","RP11-662I13.2","LncRNA",0.0754814536824757,0.631089737259122,0.199908882236843,0.0150894130352757
"ENSG00000255921_P1","Enhancer","chr12_24955655_24956540","NSC_P0vsNSC_P2","RP11-662I13.2","LncRNA",-0.102009022792728,0.346612955261299,0.460155208808068,-0.0469399831834949
"ENSG00000255921_P1","Enhancer","chr12_24955655_24956540","NSC_P2vsNeuron","RP11-662I13.2","LncRNA",-0.0672203751608627,0.0473451662081865,1.32472435449118,-0.089048468093629
"ENSG00000255921_P1","Enhancer","chr12_24955655_24956540","iPSvsNSC_P1","RP11-662I13.2","LncRNA",0.371541892209363,0.0114457660954016,1.94135513353809,0.721294759765103
"ENSG00000255921_P1","Enhancer","chr12_24955655_24956540","iPSvsNeuron","RP11-662I13.2","LncRNA",0.449626152051816,0.0300772238418497,1.52176225205001,0.684224105726954
"ENSG00000255921_P1","Enhancer","chr12_24955655_24956540","NSC_P0vsNSC_P1","RP11-662I13.2","LncRNA",-0.0396897498818587,0.326090234380387,0.486662207076336,-0.0193155012758131
"ENSG00000255921_P1","Enhancer","chr12_24955655_24956540","NSC_P1vsNeuron","RP11-662I13.2","LncRNA",-0.046009415351979,0.0769621566426482,1.11372277094843,-0.0512417335555235
"ENSG00000256124_P1","Enhancer","chr17_72030069_72031022","iPSvsNSC_P1","LINC01152","LncRNA",-0.205024158612783,0.0120049168111689,1.92064084506764,-0.393777773257337
"ENSG00000256124_P1","Enhancer","chr17_72030069_72031022","iPSvsNeuron","LINC01152","LncRNA",0.196030761277376,0.00949952122785459,2.0222982824312,0.396432671834919
"ENSG00000256124_P1","Enhancer","chr17_72030069_72031022","NSC_P0vsNSC_P2","LINC01152","LncRNA",0.0230530197624733,0.119179194888045,0.923799552766413,0.0212963693464882
"ENSG00000256124_P1","Enhancer","chr17_72030069_72031022","NSC_P0vsNSC_P1","LINC01152","LncRNA",-0.112267989456751,0.0884098943752754,1.05349912828871,-0.118274229027413
"ENSG00000256124_P1","Enhancer","chr17_72030069_72031022","NSC_P0vsNeuron","LINC01152","LncRNA",-0.144526166267984,0.0625867747327902,1.20351742824927,-0.173939759941571
"ENSG00000256124_P1","Enhancer","chr17_72030069_72031022","iPSvsNSC_P0","LINC01152","LncRNA",-0.148552118075345,0.0576844108023663,1.23894153896322,-0.184047389784514
"ENSG00000256124_P1","Enhancer","chr17_72030069_72031022","NSC_P1vsNSC_P2","LINC01152","LncRNA",0.170134974623904,0.0808972227247802,1.09206638785629,0.185798687185548
"ENSG00000256124_P1","Enhancer","chr17_72030069_72031022","iPSvsNSC_P2","LINC01152","LncRNA",0.0315657858689953,0.086035499146555,1.06532231733319,0.0336277361504014
"ENSG00000256124_P1","Enhancer","chr17_72030069_72031022","NSC_P2vsNeuron","LINC01152","LncRNA",-0.181161727380774,0.00567633569038621,2.24593192889966,-0.406876907819095
"ENSG00000256124_P1","Enhancer","chr17_72030069_72031022","NSC_P1vsNeuron","LINC01152","LncRNA",-0.0947983108798617,0.0202033582385774,1.69457643534238,-0.160642983727275
"ENSG00000256139_P2","Enhancer","chr12_109112887_109114083","NSC_P0vsNeuron","RP11-968O1.5","LncRNA",0.018080902652323,0.344125157921267,0.463283576298013,0.00837658524346442
"ENSG00000256139_P2","Enhancer","chr12_109112887_109114083","NSC_P2vsNeuron","RP11-968O1.5","LncRNA",0.522583032111531,0.025555539770604,1.59251494167336,0.832221286902585
"ENSG00000256139_P2","Enhancer","chr12_109112887_109114083","iPSvsNSC_P1","RP11-968O1.5","LncRNA",-0.00971864415482334,0.0884103701865156,1.05349679097521,-0.0102385604297364
"ENSG00000256139_P2","Enhancer","chr12_109112887_109114083","iPSvsNSC_P2","RP11-968O1.5","LncRNA",-0.631577011942863,0.00971414332857288,2.01259549296211,-1.27110904769468
"ENSG00000256139_P2","Enhancer","chr12_109112887_109114083","NSC_P1vsNeuron","RP11-968O1.5","LncRNA",-0.0930211117247187,0.173540308265574,0.760599635431413,-0.0707518236652456
"ENSG00000256139_P2","Enhancer","chr12_109112887_109114083","NSC_P0vsNSC_P2","RP11-968O1.5","LncRNA",-0.512964562988324,0.0326092754850195,1.48665885026959,-0.762603307441264
"ENSG00000256139_P2","Enhancer","chr12_109112887_109114083","iPSvsNeuron","RP11-968O1.5","LncRNA",-0.362476541628804,0.112120397821659,0.950315369960585,-0.344467028760011
"ENSG00000256139_P2","Enhancer","chr12_109112887_109114083","iPSvsNSC_P0","RP11-968O1.5","LncRNA",-0.284124797278954,0.230976901676571,0.636431448575289,-0.180825956308405
"ENSG00000256139_P2","Enhancer","chr12_109112887_109114083","NSC_P0vsNSC_P1","RP11-968O1.5","LncRNA",-0.07927708546588,0.00802317518469717,2.09565372494612,-0.166137319459443
"ENSG00000256139_P2","Enhancer","chr12_109112887_109114083","NSC_P1vsNSC_P2","RP11-968O1.5","LncRNA",-0.636162481083945,0.00832334718404341,2.07970198966724,-1.32302837766193
"ENSG00000256229_P2","Enhancer","chr19_20246697_20247673",NA,NA,NA,NA,NA,NA,NA
"ENSG00000256232_P1","Enhancer","chr12_31368484_31369465","NSC_P1vsNSC_P2","LINC02387","LncRNA",0.0418289572557807,0.114695242967988,0.940454594266087,0.0393382350245587
"ENSG00000256232_P1","Enhancer","chr12_31368484_31369465","NSC_P0vsNeuron","LINC02387","LncRNA",-0.234721502812999,0.00554756920791373,2.25589727108288,-0.529507597660316
"ENSG00000256232_P1","Enhancer","chr12_31368484_31369465","iPSvsNSC_P0","LINC02387","LncRNA",0.512804289385723,0.254164662080138,0.594884831950548,0.305059493514746
"ENSG00000256232_P1","Enhancer","chr12_31368484_31369465","NSC_P2vsNeuron","LINC02387","LncRNA",0.137581384979094,0.0101982015222388,1.99147641037879,0.273990082693107
"ENSG00000256232_P1","Enhancer","chr12_31368484_31369465","NSC_P1vsNeuron","LINC02387","LncRNA",-0.117690868427582,0.0145877835611091,1.83601068893608,-0.21608169242321
"ENSG00000256232_P1","Enhancer","chr12_31368484_31369465","iPSvsNSC_P2","LINC02387","LncRNA",0.451302065164009,0.0878057101946267,1.05647724006909,0.476790360241951
"ENSG00000256232_P1","Enhancer","chr12_31368484_31369465","iPSvsNeuron","LINC02387","LncRNA",0.308840099283494,0.00443649946095874,2.35295956691246,0.726688266255291
"ENSG00000256232_P1","Enhancer","chr12_31368484_31369465","NSC_P0vsNSC_P2","LINC02387","LncRNA",-0.169674047829535,0.265258152768511,0.576331259083685,-0.0977884576194212
"ENSG00000256232_P1","Enhancer","chr12_31368484_31369465","NSC_P0vsNSC_P1","LINC02387","LncRNA",-0.165824604432965,0.0291784951693636,1.53493710985497,-0.254530339071179
"ENSG00000256232_P1","Enhancer","chr12_31368484_31369465","iPSvsNSC_P1","LINC02387","LncRNA",0.356535999648753,0.00825406229894218,2.0833322575346,0.742782949040593
"ENSG00000256546_P2","Enhancer","chr12_122062708_122063471","NSC_P2vsNeuron","AC156455.1","LncRNA",-0.362118173414496,0.00551137287033048,2.25874020591356,-0.8179308775833
"ENSG00000256546_P2","Enhancer","chr12_122062708_122063471","iPSvsNSC_P2","AC156455.1","LncRNA",0.480289300260405,0.0145179810997112,1.83809377332027,0.882816772201001
"ENSG00000256546_P2","Enhancer","chr12_122062708_122063471","NSC_P0vsNSC_P2","AC156455.1","LncRNA",0.382568799428749,0.0736597647467392,1.13276967252097,0.433362333645644
"ENSG00000256546_P2","Enhancer","chr12_122062708_122063471","iPSvsNSC_P1","AC156455.1","LncRNA",0.0880611061397603,0.0469425742992429,1.3284330976667,0.116983288013197
"ENSG00000256546_P2","Enhancer","chr12_122062708_122063471","NSC_P1vsNeuron","AC156455.1","LncRNA",-0.124785607557029,0.0173077620539263,1.76175908408674,-0.219842177676878
"ENSG00000256546_P2","Enhancer","chr12_122062708_122063471","iPSvsNeuron","AC156455.1","LncRNA",-0.189461490886201,0.0315641376970451,1.50080607069685,-0.284344955685286
"ENSG00000256546_P2","Enhancer","chr12_122062708_122063471","NSC_P0vsNeuron","AC156455.1","LncRNA",-0.461204182486574,0.0140164425179024,1.85336219969987,-0.854778398164096
"ENSG00000256546_P2","Enhancer","chr12_122062708_122063471","NSC_P1vsNSC_P2","AC156455.1","LncRNA",0.494734289824928,0.0197354424075621,1.70475313362066,0.843399830888639
"ENSG00000256546_P2","Enhancer","chr12_122062708_122063471","NSC_P0vsNSC_P1","AC156455.1","LncRNA",-0.038341978157598,0.0730408581135099,1.13643413317676,-0.043573132711812
"ENSG00000256546_P2","Enhancer","chr12_122062708_122063471","iPSvsNSC_P0","AC156455.1","LncRNA",0.169346133009178,0.861974263913205,0.0645057007731253,0.0109237909829759
"ENSG00000256661_P1","Enhancer","chr12_8830876_8831782",NA,NA,NA,NA,NA,NA,NA
"ENSG00000256725_P2","Enhancer","chr12_130633431_130634438","iPSvsNSC_P0","RP11-662M24.2","LncRNA",-0.295794337397861,0.0513613206128218,1.28936381812675,-0.381386516247578
"ENSG00000256725_P2","Enhancer","chr12_130633431_130634438","NSC_P2vsNeuron","RP11-662M24.2","LncRNA",0.794012888489279,0.00411568169836558,2.38555822039862,1.89416397323806
"ENSG00000256725_P2","Enhancer","chr12_130633431_130634438","NSC_P1vsNeuron","RP11-662M24.2","LncRNA",0.483372785310177,0.0129326074129906,1.88831390583012,0.912759552201044
"ENSG00000256725_P2","Enhancer","chr12_130633431_130634438","iPSvsNeuron","RP11-662M24.2","LncRNA",0.0843026523941573,0.219964409572981,0.657647582707117,0.0554414355628159
"ENSG00000256725_P2","Enhancer","chr12_130633431_130634438","iPSvsNSC_P2","RP11-662M24.2","LncRNA",-0.821006769606585,0.00478537802162999,2.32008374937651,-1.90480446429234
"ENSG00000256725_P2","Enhancer","chr12_130633431_130634438","iPSvsNSC_P1","RP11-662M24.2","LncRNA",-0.38563914955665,0.0934517281160704,1.02941266320613,-0.396981823981659
"ENSG00000256725_P2","Enhancer","chr12_130633431_130634438","NSC_P0vsNSC_P1","RP11-662M24.2","LncRNA",0.049660397821784,0.0114456428678949,1.9413598092683,0.0964087004434864
"ENSG00000256725_P2","Enhancer","chr12_130633431_130634438","NSC_P1vsNSC_P2","RP11-662M24.2","LncRNA",-0.700433027535736,0.00624366681054599,2.20456028085021,-1.54414683190094
"ENSG00000256725_P2","Enhancer","chr12_130633431_130634438","NSC_P0vsNSC_P2","RP11-662M24.2","LncRNA",-0.838545084515218,0.00364246562365162,2.43860453826185,-2.04487984863597
"ENSG00000256725_P2","Enhancer","chr12_130633431_130634438","NSC_P0vsNeuron","RP11-662M24.2","LncRNA",0.486996422103148,0.015079556062784,1.82161144376606,0.887118255576219
"ENSG00000256771_P2","Enhancer","chr19_20151438_20153026","iPSvsNSC_P2","ZNF253","mRNA",0.277438906203392,0.116920388609677,0.932109749842502,0.258603509457821
"ENSG00000256771_P2","Enhancer","chr19_20151438_20153026","NSC_P0vsNSC_P1","ZNF253","mRNA",-0.121116533604079,0.237578363971743,0.62419311266193,-0.0756001061051531
"ENSG00000256771_P2","Enhancer","chr19_20151438_20153026","iPSvsNeuron","ZNF253","mRNA",-0.0642185083219512,0.651240263968216,0.186258756339614,-0.0119612594940318
"ENSG00000256771_P2","Enhancer","chr19_20151438_20153026","NSC_P2vsNeuron","ZNF253","mRNA",-0.404105812725158,0.0186252192592143,1.72989860596188,-0.699062082094342
"ENSG00000256771_P2","Enhancer","chr19_20151438_20153026","NSC_P1vsNSC_P2","ZNF253","mRNA",0.274987443010003,0.345384099754495,0.461697659669055,0.126961058876096
"ENSG00000256771_P2","Enhancer","chr19_20151438_20153026","NSC_P1vsNeuron","ZNF253","mRNA",-0.202423680977333,0.351513423375659,0.45405808576033,-0.0919121090971276
"ENSG00000256771_P2","Enhancer","chr19_20151438_20153026","iPSvsNSC_P0","ZNF253","mRNA",0.176170979745774,0.501160835737852,0.300022875202861,0.0528553238706319
"ENSG00000256771_P2","Enhancer","chr19_20151438_20153026","NSC_P0vsNSC_P2","ZNF253","mRNA",0.162532523345073,0.957874298004648,0.0186914797156378,0.00303797336323589
"ENSG00000256771_P2","Enhancer","chr19_20151438_20153026","iPSvsNSC_P1","ZNF253","mRNA",0.0819343628361463,0.356494262314961,0.447947455615774,0.0367022893599514
"ENSG00000256771_P2","Enhancer","chr19_20151438_20153026","NSC_P0vsNeuron","ZNF253","mRNA",-0.302956185778752,0.0404458200824329,1.39312635437146,-0.422056246628235
"ENSG00000256771_P2","Enhancer","chr19_20054204_20054926","iPSvsNSC_P2","ZNF253","mRNA",0.277438906203392,0.116920388609677,0.932109749842502,0.258603509457821
"ENSG00000256771_P2","Enhancer","chr19_20054204_20054926","NSC_P0vsNSC_P1","ZNF253","mRNA",-0.121116533604079,0.237578363971743,0.62419311266193,-0.0756001061051531
"ENSG00000256771_P2","Enhancer","chr19_20054204_20054926","iPSvsNeuron","ZNF253","mRNA",-0.0642185083219512,0.651240263968216,0.186258756339614,-0.0119612594940318
"ENSG00000256771_P2","Enhancer","chr19_20054204_20054926","NSC_P2vsNeuron","ZNF253","mRNA",-0.404105812725158,0.0186252192592143,1.72989860596188,-0.699062082094342
"ENSG00000256771_P2","Enhancer","chr19_20054204_20054926","NSC_P1vsNSC_P2","ZNF253","mRNA",0.274987443010003,0.345384099754495,0.461697659669055,0.126961058876096
"ENSG00000256771_P2","Enhancer","chr19_20054204_20054926","NSC_P1vsNeuron","ZNF253","mRNA",-0.202423680977333,0.351513423375659,0.45405808576033,-0.0919121090971276
"ENSG00000256771_P2","Enhancer","chr19_20054204_20054926","iPSvsNSC_P0","ZNF253","mRNA",0.176170979745774,0.501160835737852,0.300022875202861,0.0528553238706319
"ENSG00000256771_P2","Enhancer","chr19_20054204_20054926","NSC_P0vsNSC_P2","ZNF253","mRNA",0.162532523345073,0.957874298004648,0.0186914797156378,0.00303797336323589
"ENSG00000256771_P2","Enhancer","chr19_20054204_20054926","iPSvsNSC_P1","ZNF253","mRNA",0.0819343628361463,0.356494262314961,0.447947455615774,0.0367022893599514
"ENSG00000256771_P2","Enhancer","chr19_20054204_20054926","NSC_P0vsNeuron","ZNF253","mRNA",-0.302956185778752,0.0404458200824329,1.39312635437146,-0.422056246628235
"ENSG00000256771_P2","Enhancer","chr19_20160583_20161461","iPSvsNSC_P2","ZNF253","mRNA",0.277438906203392,0.116920388609677,0.932109749842502,0.258603509457821
"ENSG00000256771_P2","Enhancer","chr19_20160583_20161461","NSC_P0vsNSC_P1","ZNF253","mRNA",-0.121116533604079,0.237578363971743,0.62419311266193,-0.0756001061051531
"ENSG00000256771_P2","Enhancer","chr19_20160583_20161461","iPSvsNeuron","ZNF253","mRNA",-0.0642185083219512,0.651240263968216,0.186258756339614,-0.0119612594940318
"ENSG00000256771_P2","Enhancer","chr19_20160583_20161461","NSC_P2vsNeuron","ZNF253","mRNA",-0.404105812725158,0.0186252192592143,1.72989860596188,-0.699062082094342
"ENSG00000256771_P2","Enhancer","chr19_20160583_20161461","NSC_P1vsNSC_P2","ZNF253","mRNA",0.274987443010003,0.345384099754495,0.461697659669055,0.126961058876096
"ENSG00000256771_P2","Enhancer","chr19_20160583_20161461","NSC_P1vsNeuron","ZNF253","mRNA",-0.202423680977333,0.351513423375659,0.45405808576033,-0.0919121090971276
"ENSG00000256771_P2","Enhancer","chr19_20160583_20161461","iPSvsNSC_P0","ZNF253","mRNA",0.176170979745774,0.501160835737852,0.300022875202861,0.0528553238706319
"ENSG00000256771_P2","Enhancer","chr19_20160583_20161461","NSC_P0vsNSC_P2","ZNF253","mRNA",0.162532523345073,0.957874298004648,0.0186914797156378,0.00303797336323589
"ENSG00000256771_P2","Enhancer","chr19_20160583_20161461","iPSvsNSC_P1","ZNF253","mRNA",0.0819343628361463,0.356494262314961,0.447947455615774,0.0367022893599514
"ENSG00000256771_P2","Enhancer","chr19_20160583_20161461","NSC_P0vsNeuron","ZNF253","mRNA",-0.302956185778752,0.0404458200824329,1.39312635437146,-0.422056246628235
"ENSG00000256771_P2","Enhancer","chr19_20176680_20177560","iPSvsNSC_P2","ZNF253","mRNA",0.277438906203392,0.116920388609677,0.932109749842502,0.258603509457821
"ENSG00000256771_P2","Enhancer","chr19_20176680_20177560","NSC_P0vsNSC_P1","ZNF253","mRNA",-0.121116533604079,0.237578363971743,0.62419311266193,-0.0756001061051531
"ENSG00000256771_P2","Enhancer","chr19_20176680_20177560","iPSvsNeuron","ZNF253","mRNA",-0.0642185083219512,0.651240263968216,0.186258756339614,-0.0119612594940318
"ENSG00000256771_P2","Enhancer","chr19_20176680_20177560","NSC_P2vsNeuron","ZNF253","mRNA",-0.404105812725158,0.0186252192592143,1.72989860596188,-0.699062082094342
"ENSG00000256771_P2","Enhancer","chr19_20176680_20177560","NSC_P1vsNSC_P2","ZNF253","mRNA",0.274987443010003,0.345384099754495,0.461697659669055,0.126961058876096
"ENSG00000256771_P2","Enhancer","chr19_20176680_20177560","NSC_P1vsNeuron","ZNF253","mRNA",-0.202423680977333,0.351513423375659,0.45405808576033,-0.0919121090971276
"ENSG00000256771_P2","Enhancer","chr19_20176680_20177560","iPSvsNSC_P0","ZNF253","mRNA",0.176170979745774,0.501160835737852,0.300022875202861,0.0528553238706319
"ENSG00000256771_P2","Enhancer","chr19_20176680_20177560","NSC_P0vsNSC_P2","ZNF253","mRNA",0.162532523345073,0.957874298004648,0.0186914797156378,0.00303797336323589
"ENSG00000256771_P2","Enhancer","chr19_20176680_20177560","iPSvsNSC_P1","ZNF253","mRNA",0.0819343628361463,0.356494262314961,0.447947455615774,0.0367022893599514
"ENSG00000256771_P2","Enhancer","chr19_20176680_20177560","NSC_P0vsNeuron","ZNF253","mRNA",-0.302956185778752,0.0404458200824329,1.39312635437146,-0.422056246628235
"ENSG00000256771_P2","Enhancer","chr19_20070573_20071507","iPSvsNSC_P2","ZNF253","mRNA",0.277438906203392,0.116920388609677,0.932109749842502,0.258603509457821
"ENSG00000256771_P2","Enhancer","chr19_20070573_20071507","NSC_P0vsNSC_P1","ZNF253","mRNA",-0.121116533604079,0.237578363971743,0.62419311266193,-0.0756001061051531
"ENSG00000256771_P2","Enhancer","chr19_20070573_20071507","iPSvsNeuron","ZNF253","mRNA",-0.0642185083219512,0.651240263968216,0.186258756339614,-0.0119612594940318
"ENSG00000256771_P2","Enhancer","chr19_20070573_20071507","NSC_P2vsNeuron","ZNF253","mRNA",-0.404105812725158,0.0186252192592143,1.72989860596188,-0.699062082094342
"ENSG00000256771_P2","Enhancer","chr19_20070573_20071507","NSC_P1vsNSC_P2","ZNF253","mRNA",0.274987443010003,0.345384099754495,0.461697659669055,0.126961058876096
"ENSG00000256771_P2","Enhancer","chr19_20070573_20071507","NSC_P1vsNeuron","ZNF253","mRNA",-0.202423680977333,0.351513423375659,0.45405808576033,-0.0919121090971276
"ENSG00000256771_P2","Enhancer","chr19_20070573_20071507","iPSvsNSC_P0","ZNF253","mRNA",0.176170979745774,0.501160835737852,0.300022875202861,0.0528553238706319
"ENSG00000256771_P2","Enhancer","chr19_20070573_20071507","NSC_P0vsNSC_P2","ZNF253","mRNA",0.162532523345073,0.957874298004648,0.0186914797156378,0.00303797336323589
"ENSG00000256771_P2","Enhancer","chr19_20070573_20071507","iPSvsNSC_P1","ZNF253","mRNA",0.0819343628361463,0.356494262314961,0.447947455615774,0.0367022893599514
"ENSG00000256771_P2","Enhancer","chr19_20070573_20071507","NSC_P0vsNeuron","ZNF253","mRNA",-0.302956185778752,0.0404458200824329,1.39312635437146,-0.422056246628235
"ENSG00000256771_P2","Enhancer","chr19_19956434_19957309","iPSvsNSC_P2","ZNF253","mRNA",0.277438906203392,0.116920388609677,0.932109749842502,0.258603509457821
"ENSG00000256771_P2","Enhancer","chr19_19956434_19957309","NSC_P0vsNSC_P1","ZNF253","mRNA",-0.121116533604079,0.237578363971743,0.62419311266193,-0.0756001061051531
"ENSG00000256771_P2","Enhancer","chr19_19956434_19957309","iPSvsNeuron","ZNF253","mRNA",-0.0642185083219512,0.651240263968216,0.186258756339614,-0.0119612594940318
"ENSG00000256771_P2","Enhancer","chr19_19956434_19957309","NSC_P2vsNeuron","ZNF253","mRNA",-0.404105812725158,0.0186252192592143,1.72989860596188,-0.699062082094342
"ENSG00000256771_P2","Enhancer","chr19_19956434_19957309","NSC_P1vsNSC_P2","ZNF253","mRNA",0.274987443010003,0.345384099754495,0.461697659669055,0.126961058876096
"ENSG00000256771_P2","Enhancer","chr19_19956434_19957309","NSC_P1vsNeuron","ZNF253","mRNA",-0.202423680977333,0.351513423375659,0.45405808576033,-0.0919121090971276
"ENSG00000256771_P2","Enhancer","chr19_19956434_19957309","iPSvsNSC_P0","ZNF253","mRNA",0.176170979745774,0.501160835737852,0.300022875202861,0.0528553238706319
"ENSG00000256771_P2","Enhancer","chr19_19956434_19957309","NSC_P0vsNSC_P2","ZNF253","mRNA",0.162532523345073,0.957874298004648,0.0186914797156378,0.00303797336323589
"ENSG00000256771_P2","Enhancer","chr19_19956434_19957309","iPSvsNSC_P1","ZNF253","mRNA",0.0819343628361463,0.356494262314961,0.447947455615774,0.0367022893599514
"ENSG00000256771_P2","Enhancer","chr19_19956434_19957309","NSC_P0vsNeuron","ZNF253","mRNA",-0.302956185778752,0.0404458200824329,1.39312635437146,-0.422056246628235
"ENSG00000256771_P2","Enhancer","chr19_19930102_19930984","iPSvsNSC_P2","ZNF253","mRNA",0.277438906203392,0.116920388609677,0.932109749842502,0.258603509457821
"ENSG00000256771_P2","Enhancer","chr19_19930102_19930984","NSC_P0vsNSC_P1","ZNF253","mRNA",-0.121116533604079,0.237578363971743,0.62419311266193,-0.0756001061051531
"ENSG00000256771_P2","Enhancer","chr19_19930102_19930984","iPSvsNeuron","ZNF253","mRNA",-0.0642185083219512,0.651240263968216,0.186258756339614,-0.0119612594940318
"ENSG00000256771_P2","Enhancer","chr19_19930102_19930984","NSC_P2vsNeuron","ZNF253","mRNA",-0.404105812725158,0.0186252192592143,1.72989860596188,-0.699062082094342
"ENSG00000256771_P2","Enhancer","chr19_19930102_19930984","NSC_P1vsNSC_P2","ZNF253","mRNA",0.274987443010003,0.345384099754495,0.461697659669055,0.126961058876096
"ENSG00000256771_P2","Enhancer","chr19_19930102_19930984","NSC_P1vsNeuron","ZNF253","mRNA",-0.202423680977333,0.351513423375659,0.45405808576033,-0.0919121090971276
"ENSG00000256771_P2","Enhancer","chr19_19930102_19930984","iPSvsNSC_P0","ZNF253","mRNA",0.176170979745774,0.501160835737852,0.300022875202861,0.0528553238706319
"ENSG00000256771_P2","Enhancer","chr19_19930102_19930984","NSC_P0vsNSC_P2","ZNF253","mRNA",0.162532523345073,0.957874298004648,0.0186914797156378,0.00303797336323589
"ENSG00000256771_P2","Enhancer","chr19_19930102_19930984","iPSvsNSC_P1","ZNF253","mRNA",0.0819343628361463,0.356494262314961,0.447947455615774,0.0367022893599514
"ENSG00000256771_P2","Enhancer","chr19_19930102_19930984","NSC_P0vsNeuron","ZNF253","mRNA",-0.302956185778752,0.0404458200824329,1.39312635437146,-0.422056246628235
"ENSG00000256771_P2","Enhancer","chr19_20134846_20135618","iPSvsNSC_P2","ZNF253","mRNA",0.277438906203392,0.116920388609677,0.932109749842502,0.258603509457821
"ENSG00000256771_P2","Enhancer","chr19_20134846_20135618","NSC_P0vsNSC_P1","ZNF253","mRNA",-0.121116533604079,0.237578363971743,0.62419311266193,-0.0756001061051531
"ENSG00000256771_P2","Enhancer","chr19_20134846_20135618","iPSvsNeuron","ZNF253","mRNA",-0.0642185083219512,0.651240263968216,0.186258756339614,-0.0119612594940318
"ENSG00000256771_P2","Enhancer","chr19_20134846_20135618","NSC_P2vsNeuron","ZNF253","mRNA",-0.404105812725158,0.0186252192592143,1.72989860596188,-0.699062082094342
"ENSG00000256771_P2","Enhancer","chr19_20134846_20135618","NSC_P1vsNSC_P2","ZNF253","mRNA",0.274987443010003,0.345384099754495,0.461697659669055,0.126961058876096
"ENSG00000256771_P2","Enhancer","chr19_20134846_20135618","NSC_P1vsNeuron","ZNF253","mRNA",-0.202423680977333,0.351513423375659,0.45405808576033,-0.0919121090971276
"ENSG00000256771_P2","Enhancer","chr19_20134846_20135618","iPSvsNSC_P0","ZNF253","mRNA",0.176170979745774,0.501160835737852,0.300022875202861,0.0528553238706319
"ENSG00000256771_P2","Enhancer","chr19_20134846_20135618","NSC_P0vsNSC_P2","ZNF253","mRNA",0.162532523345073,0.957874298004648,0.0186914797156378,0.00303797336323589
"ENSG00000256771_P2","Enhancer","chr19_20134846_20135618","iPSvsNSC_P1","ZNF253","mRNA",0.0819343628361463,0.356494262314961,0.447947455615774,0.0367022893599514
"ENSG00000256771_P2","Enhancer","chr19_20134846_20135618","NSC_P0vsNeuron","ZNF253","mRNA",-0.302956185778752,0.0404458200824329,1.39312635437146,-0.422056246628235
"ENSG00000256771_P2","Enhancer","chr19_20156289_20157193","iPSvsNSC_P2","ZNF253","mRNA",0.277438906203392,0.116920388609677,0.932109749842502,0.258603509457821
"ENSG00000256771_P2","Enhancer","chr19_20156289_20157193","NSC_P0vsNSC_P1","ZNF253","mRNA",-0.121116533604079,0.237578363971743,0.62419311266193,-0.0756001061051531
"ENSG00000256771_P2","Enhancer","chr19_20156289_20157193","iPSvsNeuron","ZNF253","mRNA",-0.0642185083219512,0.651240263968216,0.186258756339614,-0.0119612594940318
"ENSG00000256771_P2","Enhancer","chr19_20156289_20157193","NSC_P2vsNeuron","ZNF253","mRNA",-0.404105812725158,0.0186252192592143,1.72989860596188,-0.699062082094342
"ENSG00000256771_P2","Enhancer","chr19_20156289_20157193","NSC_P1vsNSC_P2","ZNF253","mRNA",0.274987443010003,0.345384099754495,0.461697659669055,0.126961058876096
"ENSG00000256771_P2","Enhancer","chr19_20156289_20157193","NSC_P1vsNeuron","ZNF253","mRNA",-0.202423680977333,0.351513423375659,0.45405808576033,-0.0919121090971276
"ENSG00000256771_P2","Enhancer","chr19_20156289_20157193","iPSvsNSC_P0","ZNF253","mRNA",0.176170979745774,0.501160835737852,0.300022875202861,0.0528553238706319
"ENSG00000256771_P2","Enhancer","chr19_20156289_20157193","NSC_P0vsNSC_P2","ZNF253","mRNA",0.162532523345073,0.957874298004648,0.0186914797156378,0.00303797336323589
"ENSG00000256771_P2","Enhancer","chr19_20156289_20157193","iPSvsNSC_P1","ZNF253","mRNA",0.0819343628361463,0.356494262314961,0.447947455615774,0.0367022893599514
"ENSG00000256771_P2","Enhancer","chr19_20156289_20157193","NSC_P0vsNeuron","ZNF253","mRNA",-0.302956185778752,0.0404458200824329,1.39312635437146,-0.422056246628235
"ENSG00000256771_P2","Enhancer","chr19_20045390_20046279","iPSvsNSC_P2","ZNF253","mRNA",0.277438906203392,0.116920388609677,0.932109749842502,0.258603509457821
"ENSG00000256771_P2","Enhancer","chr19_20045390_20046279","NSC_P0vsNSC_P1","ZNF253","mRNA",-0.121116533604079,0.237578363971743,0.62419311266193,-0.0756001061051531
"ENSG00000256771_P2","Enhancer","chr19_20045390_20046279","iPSvsNeuron","ZNF253","mRNA",-0.0642185083219512,0.651240263968216,0.186258756339614,-0.0119612594940318
"ENSG00000256771_P2","Enhancer","chr19_20045390_20046279","NSC_P2vsNeuron","ZNF253","mRNA",-0.404105812725158,0.0186252192592143,1.72989860596188,-0.699062082094342
"ENSG00000256771_P2","Enhancer","chr19_20045390_20046279","NSC_P1vsNSC_P2","ZNF253","mRNA",0.274987443010003,0.345384099754495,0.461697659669055,0.126961058876096
"ENSG00000256771_P2","Enhancer","chr19_20045390_20046279","NSC_P1vsNeuron","ZNF253","mRNA",-0.202423680977333,0.351513423375659,0.45405808576033,-0.0919121090971276
"ENSG00000256771_P2","Enhancer","chr19_20045390_20046279","iPSvsNSC_P0","ZNF253","mRNA",0.176170979745774,0.501160835737852,0.300022875202861,0.0528553238706319
"ENSG00000256771_P2","Enhancer","chr19_20045390_20046279","NSC_P0vsNSC_P2","ZNF253","mRNA",0.162532523345073,0.957874298004648,0.0186914797156378,0.00303797336323589
"ENSG00000256771_P2","Enhancer","chr19_20045390_20046279","iPSvsNSC_P1","ZNF253","mRNA",0.0819343628361463,0.356494262314961,0.447947455615774,0.0367022893599514
"ENSG00000256771_P2","Enhancer","chr19_20045390_20046279","NSC_P0vsNeuron","ZNF253","mRNA",-0.302956185778752,0.0404458200824329,1.39312635437146,-0.422056246628235
"ENSG00000256771_P2","Enhancer","chr19_20082267_20083254","iPSvsNSC_P2","ZNF253","mRNA",0.277438906203392,0.116920388609677,0.932109749842502,0.258603509457821
"ENSG00000256771_P2","Enhancer","chr19_20082267_20083254","NSC_P0vsNSC_P1","ZNF253","mRNA",-0.121116533604079,0.237578363971743,0.62419311266193,-0.0756001061051531
"ENSG00000256771_P2","Enhancer","chr19_20082267_20083254","iPSvsNeuron","ZNF253","mRNA",-0.0642185083219512,0.651240263968216,0.186258756339614,-0.0119612594940318
"ENSG00000256771_P2","Enhancer","chr19_20082267_20083254","NSC_P2vsNeuron","ZNF253","mRNA",-0.404105812725158,0.0186252192592143,1.72989860596188,-0.699062082094342
"ENSG00000256771_P2","Enhancer","chr19_20082267_20083254","NSC_P1vsNSC_P2","ZNF253","mRNA",0.274987443010003,0.345384099754495,0.461697659669055,0.126961058876096
"ENSG00000256771_P2","Enhancer","chr19_20082267_20083254","NSC_P1vsNeuron","ZNF253","mRNA",-0.202423680977333,0.351513423375659,0.45405808576033,-0.0919121090971276
"ENSG00000256771_P2","Enhancer","chr19_20082267_20083254","iPSvsNSC_P0","ZNF253","mRNA",0.176170979745774,0.501160835737852,0.300022875202861,0.0528553238706319
"ENSG00000256771_P2","Enhancer","chr19_20082267_20083254","NSC_P0vsNSC_P2","ZNF253","mRNA",0.162532523345073,0.957874298004648,0.0186914797156378,0.00303797336323589
"ENSG00000256771_P2","Enhancer","chr19_20082267_20083254","iPSvsNSC_P1","ZNF253","mRNA",0.0819343628361463,0.356494262314961,0.447947455615774,0.0367022893599514
"ENSG00000256771_P2","Enhancer","chr19_20082267_20083254","NSC_P0vsNeuron","ZNF253","mRNA",-0.302956185778752,0.0404458200824329,1.39312635437146,-0.422056246628235
"ENSG00000256771_P2","Enhancer","chr19_20221386_20222306","iPSvsNSC_P2","ZNF253","mRNA",0.277438906203392,0.116920388609677,0.932109749842502,0.258603509457821
"ENSG00000256771_P2","Enhancer","chr19_20221386_20222306","NSC_P0vsNSC_P1","ZNF253","mRNA",-0.121116533604079,0.237578363971743,0.62419311266193,-0.0756001061051531
"ENSG00000256771_P2","Enhancer","chr19_20221386_20222306","iPSvsNeuron","ZNF253","mRNA",-0.0642185083219512,0.651240263968216,0.186258756339614,-0.0119612594940318
"ENSG00000256771_P2","Enhancer","chr19_20221386_20222306","NSC_P2vsNeuron","ZNF253","mRNA",-0.404105812725158,0.0186252192592143,1.72989860596188,-0.699062082094342
"ENSG00000256771_P2","Enhancer","chr19_20221386_20222306","NSC_P1vsNSC_P2","ZNF253","mRNA",0.274987443010003,0.345384099754495,0.461697659669055,0.126961058876096
"ENSG00000256771_P2","Enhancer","chr19_20221386_20222306","NSC_P1vsNeuron","ZNF253","mRNA",-0.202423680977333,0.351513423375659,0.45405808576033,-0.0919121090971276
"ENSG00000256771_P2","Enhancer","chr19_20221386_20222306","iPSvsNSC_P0","ZNF253","mRNA",0.176170979745774,0.501160835737852,0.300022875202861,0.0528553238706319
"ENSG00000256771_P2","Enhancer","chr19_20221386_20222306","NSC_P0vsNSC_P2","ZNF253","mRNA",0.162532523345073,0.957874298004648,0.0186914797156378,0.00303797336323589
"ENSG00000256771_P2","Enhancer","chr19_20221386_20222306","iPSvsNSC_P1","ZNF253","mRNA",0.0819343628361463,0.356494262314961,0.447947455615774,0.0367022893599514
"ENSG00000256771_P2","Enhancer","chr19_20221386_20222306","NSC_P0vsNeuron","ZNF253","mRNA",-0.302956185778752,0.0404458200824329,1.39312635437146,-0.422056246628235
"ENSG00000256771_P2","Enhancer","chr19_20102719_20103705","iPSvsNSC_P2","ZNF253","mRNA",0.277438906203392,0.116920388609677,0.932109749842502,0.258603509457821
"ENSG00000256771_P2","Enhancer","chr19_20102719_20103705","NSC_P0vsNSC_P1","ZNF253","mRNA",-0.121116533604079,0.237578363971743,0.62419311266193,-0.0756001061051531
"ENSG00000256771_P2","Enhancer","chr19_20102719_20103705","iPSvsNeuron","ZNF253","mRNA",-0.0642185083219512,0.651240263968216,0.186258756339614,-0.0119612594940318
"ENSG00000256771_P2","Enhancer","chr19_20102719_20103705","NSC_P2vsNeuron","ZNF253","mRNA",-0.404105812725158,0.0186252192592143,1.72989860596188,-0.699062082094342
"ENSG00000256771_P2","Enhancer","chr19_20102719_20103705","NSC_P1vsNSC_P2","ZNF253","mRNA",0.274987443010003,0.345384099754495,0.461697659669055,0.126961058876096
"ENSG00000256771_P2","Enhancer","chr19_20102719_20103705","NSC_P1vsNeuron","ZNF253","mRNA",-0.202423680977333,0.351513423375659,0.45405808576033,-0.0919121090971276
"ENSG00000256771_P2","Enhancer","chr19_20102719_20103705","iPSvsNSC_P0","ZNF253","mRNA",0.176170979745774,0.501160835737852,0.300022875202861,0.0528553238706319
"ENSG00000256771_P2","Enhancer","chr19_20102719_20103705","NSC_P0vsNSC_P2","ZNF253","mRNA",0.162532523345073,0.957874298004648,0.0186914797156378,0.00303797336323589
"ENSG00000256771_P2","Enhancer","chr19_20102719_20103705","iPSvsNSC_P1","ZNF253","mRNA",0.0819343628361463,0.356494262314961,0.447947455615774,0.0367022893599514
"ENSG00000256771_P2","Enhancer","chr19_20102719_20103705","NSC_P0vsNeuron","ZNF253","mRNA",-0.302956185778752,0.0404458200824329,1.39312635437146,-0.422056246628235
"ENSG00000256771_P2","Enhancer","chr19_20132699_20133598","iPSvsNSC_P2","ZNF253","mRNA",0.277438906203392,0.116920388609677,0.932109749842502,0.258603509457821
"ENSG00000256771_P2","Enhancer","chr19_20132699_20133598","NSC_P0vsNSC_P1","ZNF253","mRNA",-0.121116533604079,0.237578363971743,0.62419311266193,-0.0756001061051531
"ENSG00000256771_P2","Enhancer","chr19_20132699_20133598","iPSvsNeuron","ZNF253","mRNA",-0.0642185083219512,0.651240263968216,0.186258756339614,-0.0119612594940318
"ENSG00000256771_P2","Enhancer","chr19_20132699_20133598","NSC_P2vsNeuron","ZNF253","mRNA",-0.404105812725158,0.0186252192592143,1.72989860596188,-0.699062082094342
"ENSG00000256771_P2","Enhancer","chr19_20132699_20133598","NSC_P1vsNSC_P2","ZNF253","mRNA",0.274987443010003,0.345384099754495,0.461697659669055,0.126961058876096
"ENSG00000256771_P2","Enhancer","chr19_20132699_20133598","NSC_P1vsNeuron","ZNF253","mRNA",-0.202423680977333,0.351513423375659,0.45405808576033,-0.0919121090971276
"ENSG00000256771_P2","Enhancer","chr19_20132699_20133598","iPSvsNSC_P0","ZNF253","mRNA",0.176170979745774,0.501160835737852,0.300022875202861,0.0528553238706319
"ENSG00000256771_P2","Enhancer","chr19_20132699_20133598","NSC_P0vsNSC_P2","ZNF253","mRNA",0.162532523345073,0.957874298004648,0.0186914797156378,0.00303797336323589
"ENSG00000256771_P2","Enhancer","chr19_20132699_20133598","iPSvsNSC_P1","ZNF253","mRNA",0.0819343628361463,0.356494262314961,0.447947455615774,0.0367022893599514
"ENSG00000256771_P2","Enhancer","chr19_20132699_20133598","NSC_P0vsNeuron","ZNF253","mRNA",-0.302956185778752,0.0404458200824329,1.39312635437146,-0.422056246628235
"ENSG00000256771_P2","Enhancer","chr19_20087438_20088315","iPSvsNSC_P2","ZNF253","mRNA",0.277438906203392,0.116920388609677,0.932109749842502,0.258603509457821
"ENSG00000256771_P2","Enhancer","chr19_20087438_20088315","NSC_P0vsNSC_P1","ZNF253","mRNA",-0.121116533604079,0.237578363971743,0.62419311266193,-0.0756001061051531
"ENSG00000256771_P2","Enhancer","chr19_20087438_20088315","iPSvsNeuron","ZNF253","mRNA",-0.0642185083219512,0.651240263968216,0.186258756339614,-0.0119612594940318
"ENSG00000256771_P2","Enhancer","chr19_20087438_20088315","NSC_P2vsNeuron","ZNF253","mRNA",-0.404105812725158,0.0186252192592143,1.72989860596188,-0.699062082094342
"ENSG00000256771_P2","Enhancer","chr19_20087438_20088315","NSC_P1vsNSC_P2","ZNF253","mRNA",0.274987443010003,0.345384099754495,0.461697659669055,0.126961058876096
"ENSG00000256771_P2","Enhancer","chr19_20087438_20088315","NSC_P1vsNeuron","ZNF253","mRNA",-0.202423680977333,0.351513423375659,0.45405808576033,-0.0919121090971276
"ENSG00000256771_P2","Enhancer","chr19_20087438_20088315","iPSvsNSC_P0","ZNF253","mRNA",0.176170979745774,0.501160835737852,0.300022875202861,0.0528553238706319
"ENSG00000256771_P2","Enhancer","chr19_20087438_20088315","NSC_P0vsNSC_P2","ZNF253","mRNA",0.162532523345073,0.957874298004648,0.0186914797156378,0.00303797336323589
"ENSG00000256771_P2","Enhancer","chr19_20087438_20088315","iPSvsNSC_P1","ZNF253","mRNA",0.0819343628361463,0.356494262314961,0.447947455615774,0.0367022893599514
"ENSG00000256771_P2","Enhancer","chr19_20087438_20088315","NSC_P0vsNeuron","ZNF253","mRNA",-0.302956185778752,0.0404458200824329,1.39312635437146,-0.422056246628235
"ENSG00000256771_P2","Enhancer","chr19_20059311_20060187","iPSvsNSC_P2","ZNF253","mRNA",0.277438906203392,0.116920388609677,0.932109749842502,0.258603509457821
"ENSG00000256771_P2","Enhancer","chr19_20059311_20060187","NSC_P0vsNSC_P1","ZNF253","mRNA",-0.121116533604079,0.237578363971743,0.62419311266193,-0.0756001061051531
"ENSG00000256771_P2","Enhancer","chr19_20059311_20060187","iPSvsNeuron","ZNF253","mRNA",-0.0642185083219512,0.651240263968216,0.186258756339614,-0.0119612594940318
"ENSG00000256771_P2","Enhancer","chr19_20059311_20060187","NSC_P2vsNeuron","ZNF253","mRNA",-0.404105812725158,0.0186252192592143,1.72989860596188,-0.699062082094342
"ENSG00000256771_P2","Enhancer","chr19_20059311_20060187","NSC_P1vsNSC_P2","ZNF253","mRNA",0.274987443010003,0.345384099754495,0.461697659669055,0.126961058876096
"ENSG00000256771_P2","Enhancer","chr19_20059311_20060187","NSC_P1vsNeuron","ZNF253","mRNA",-0.202423680977333,0.351513423375659,0.45405808576033,-0.0919121090971276
"ENSG00000256771_P2","Enhancer","chr19_20059311_20060187","iPSvsNSC_P0","ZNF253","mRNA",0.176170979745774,0.501160835737852,0.300022875202861,0.0528553238706319
"ENSG00000256771_P2","Enhancer","chr19_20059311_20060187","NSC_P0vsNSC_P2","ZNF253","mRNA",0.162532523345073,0.957874298004648,0.0186914797156378,0.00303797336323589
"ENSG00000256771_P2","Enhancer","chr19_20059311_20060187","iPSvsNSC_P1","ZNF253","mRNA",0.0819343628361463,0.356494262314961,0.447947455615774,0.0367022893599514
"ENSG00000256771_P2","Enhancer","chr19_20059311_20060187","NSC_P0vsNeuron","ZNF253","mRNA",-0.302956185778752,0.0404458200824329,1.39312635437146,-0.422056246628235
"ENSG00000256771_P2","Enhancer","chr19_20093734_20094620","iPSvsNSC_P2","ZNF253","mRNA",0.277438906203392,0.116920388609677,0.932109749842502,0.258603509457821
"ENSG00000256771_P2","Enhancer","chr19_20093734_20094620","NSC_P0vsNSC_P1","ZNF253","mRNA",-0.121116533604079,0.237578363971743,0.62419311266193,-0.0756001061051531
"ENSG00000256771_P2","Enhancer","chr19_20093734_20094620","iPSvsNeuron","ZNF253","mRNA",-0.0642185083219512,0.651240263968216,0.186258756339614,-0.0119612594940318
"ENSG00000256771_P2","Enhancer","chr19_20093734_20094620","NSC_P2vsNeuron","ZNF253","mRNA",-0.404105812725158,0.0186252192592143,1.72989860596188,-0.699062082094342
"ENSG00000256771_P2","Enhancer","chr19_20093734_20094620","NSC_P1vsNSC_P2","ZNF253","mRNA",0.274987443010003,0.345384099754495,0.461697659669055,0.126961058876096
"ENSG00000256771_P2","Enhancer","chr19_20093734_20094620","NSC_P1vsNeuron","ZNF253","mRNA",-0.202423680977333,0.351513423375659,0.45405808576033,-0.0919121090971276
"ENSG00000256771_P2","Enhancer","chr19_20093734_20094620","iPSvsNSC_P0","ZNF253","mRNA",0.176170979745774,0.501160835737852,0.300022875202861,0.0528553238706319
"ENSG00000256771_P2","Enhancer","chr19_20093734_20094620","NSC_P0vsNSC_P2","ZNF253","mRNA",0.162532523345073,0.957874298004648,0.0186914797156378,0.00303797336323589
"ENSG00000256771_P2","Enhancer","chr19_20093734_20094620","iPSvsNSC_P1","ZNF253","mRNA",0.0819343628361463,0.356494262314961,0.447947455615774,0.0367022893599514
"ENSG00000256771_P2","Enhancer","chr19_20093734_20094620","NSC_P0vsNeuron","ZNF253","mRNA",-0.302956185778752,0.0404458200824329,1.39312635437146,-0.422056246628235
"ENSG00000256771_P2","Enhancer","chr19_19897247_19898190","iPSvsNSC_P2","ZNF253","mRNA",0.277438906203392,0.116920388609677,0.932109749842502,0.258603509457821
"ENSG00000256771_P2","Enhancer","chr19_19897247_19898190","NSC_P0vsNSC_P1","ZNF253","mRNA",-0.121116533604079,0.237578363971743,0.62419311266193,-0.0756001061051531
"ENSG00000256771_P2","Enhancer","chr19_19897247_19898190","iPSvsNeuron","ZNF253","mRNA",-0.0642185083219512,0.651240263968216,0.186258756339614,-0.0119612594940318
"ENSG00000256771_P2","Enhancer","chr19_19897247_19898190","NSC_P2vsNeuron","ZNF253","mRNA",-0.404105812725158,0.0186252192592143,1.72989860596188,-0.699062082094342
"ENSG00000256771_P2","Enhancer","chr19_19897247_19898190","NSC_P1vsNSC_P2","ZNF253","mRNA",0.274987443010003,0.345384099754495,0.461697659669055,0.126961058876096
"ENSG00000256771_P2","Enhancer","chr19_19897247_19898190","NSC_P1vsNeuron","ZNF253","mRNA",-0.202423680977333,0.351513423375659,0.45405808576033,-0.0919121090971276
"ENSG00000256771_P2","Enhancer","chr19_19897247_19898190","iPSvsNSC_P0","ZNF253","mRNA",0.176170979745774,0.501160835737852,0.300022875202861,0.0528553238706319
"ENSG00000256771_P2","Enhancer","chr19_19897247_19898190","NSC_P0vsNSC_P2","ZNF253","mRNA",0.162532523345073,0.957874298004648,0.0186914797156378,0.00303797336323589
"ENSG00000256771_P2","Enhancer","chr19_19897247_19898190","iPSvsNSC_P1","ZNF253","mRNA",0.0819343628361463,0.356494262314961,0.447947455615774,0.0367022893599514
"ENSG00000256771_P2","Enhancer","chr19_19897247_19898190","NSC_P0vsNeuron","ZNF253","mRNA",-0.302956185778752,0.0404458200824329,1.39312635437146,-0.422056246628235
"ENSG00000256771_P2","Enhancer","chr19_20068736_20069507","iPSvsNSC_P2","ZNF253","mRNA",0.277438906203392,0.116920388609677,0.932109749842502,0.258603509457821
"ENSG00000256771_P2","Enhancer","chr19_20068736_20069507","NSC_P0vsNSC_P1","ZNF253","mRNA",-0.121116533604079,0.237578363971743,0.62419311266193,-0.0756001061051531
"ENSG00000256771_P2","Enhancer","chr19_20068736_20069507","iPSvsNeuron","ZNF253","mRNA",-0.0642185083219512,0.651240263968216,0.186258756339614,-0.0119612594940318
"ENSG00000256771_P2","Enhancer","chr19_20068736_20069507","NSC_P2vsNeuron","ZNF253","mRNA",-0.404105812725158,0.0186252192592143,1.72989860596188,-0.699062082094342
"ENSG00000256771_P2","Enhancer","chr19_20068736_20069507","NSC_P1vsNSC_P2","ZNF253","mRNA",0.274987443010003,0.345384099754495,0.461697659669055,0.126961058876096
"ENSG00000256771_P2","Enhancer","chr19_20068736_20069507","NSC_P1vsNeuron","ZNF253","mRNA",-0.202423680977333,0.351513423375659,0.45405808576033,-0.0919121090971276
"ENSG00000256771_P2","Enhancer","chr19_20068736_20069507","iPSvsNSC_P0","ZNF253","mRNA",0.176170979745774,0.501160835737852,0.300022875202861,0.0528553238706319
"ENSG00000256771_P2","Enhancer","chr19_20068736_20069507","NSC_P0vsNSC_P2","ZNF253","mRNA",0.162532523345073,0.957874298004648,0.0186914797156378,0.00303797336323589
"ENSG00000256771_P2","Enhancer","chr19_20068736_20069507","iPSvsNSC_P1","ZNF253","mRNA",0.0819343628361463,0.356494262314961,0.447947455615774,0.0367022893599514
"ENSG00000256771_P2","Enhancer","chr19_20068736_20069507","NSC_P0vsNeuron","ZNF253","mRNA",-0.302956185778752,0.0404458200824329,1.39312635437146,-0.422056246628235
"ENSG00000256771_P2","Enhancer","chr19_20067644_20068513","iPSvsNSC_P2","ZNF253","mRNA",0.277438906203392,0.116920388609677,0.932109749842502,0.258603509457821
"ENSG00000256771_P2","Enhancer","chr19_20067644_20068513","NSC_P0vsNSC_P1","ZNF253","mRNA",-0.121116533604079,0.237578363971743,0.62419311266193,-0.0756001061051531
"ENSG00000256771_P2","Enhancer","chr19_20067644_20068513","iPSvsNeuron","ZNF253","mRNA",-0.0642185083219512,0.651240263968216,0.186258756339614,-0.0119612594940318
"ENSG00000256771_P2","Enhancer","chr19_20067644_20068513","NSC_P2vsNeuron","ZNF253","mRNA",-0.404105812725158,0.0186252192592143,1.72989860596188,-0.699062082094342
"ENSG00000256771_P2","Enhancer","chr19_20067644_20068513","NSC_P1vsNSC_P2","ZNF253","mRNA",0.274987443010003,0.345384099754495,0.461697659669055,0.126961058876096
"ENSG00000256771_P2","Enhancer","chr19_20067644_20068513","NSC_P1vsNeuron","ZNF253","mRNA",-0.202423680977333,0.351513423375659,0.45405808576033,-0.0919121090971276
"ENSG00000256771_P2","Enhancer","chr19_20067644_20068513","iPSvsNSC_P0","ZNF253","mRNA",0.176170979745774,0.501160835737852,0.300022875202861,0.0528553238706319
"ENSG00000256771_P2","Enhancer","chr19_20067644_20068513","NSC_P0vsNSC_P2","ZNF253","mRNA",0.162532523345073,0.957874298004648,0.0186914797156378,0.00303797336323589
"ENSG00000256771_P2","Enhancer","chr19_20067644_20068513","iPSvsNSC_P1","ZNF253","mRNA",0.0819343628361463,0.356494262314961,0.447947455615774,0.0367022893599514
"ENSG00000256771_P2","Enhancer","chr19_20067644_20068513","NSC_P0vsNeuron","ZNF253","mRNA",-0.302956185778752,0.0404458200824329,1.39312635437146,-0.422056246628235
"ENSG00000256771_P2","Enhancer","chr19_19991874_19992784","iPSvsNSC_P2","ZNF253","mRNA",0.277438906203392,0.116920388609677,0.932109749842502,0.258603509457821
"ENSG00000256771_P2","Enhancer","chr19_19991874_19992784","NSC_P0vsNSC_P1","ZNF253","mRNA",-0.121116533604079,0.237578363971743,0.62419311266193,-0.0756001061051531
"ENSG00000256771_P2","Enhancer","chr19_19991874_19992784","iPSvsNeuron","ZNF253","mRNA",-0.0642185083219512,0.651240263968216,0.186258756339614,-0.0119612594940318
"ENSG00000256771_P2","Enhancer","chr19_19991874_19992784","NSC_P2vsNeuron","ZNF253","mRNA",-0.404105812725158,0.0186252192592143,1.72989860596188,-0.699062082094342
"ENSG00000256771_P2","Enhancer","chr19_19991874_19992784","NSC_P1vsNSC_P2","ZNF253","mRNA",0.274987443010003,0.345384099754495,0.461697659669055,0.126961058876096
"ENSG00000256771_P2","Enhancer","chr19_19991874_19992784","NSC_P1vsNeuron","ZNF253","mRNA",-0.202423680977333,0.351513423375659,0.45405808576033,-0.0919121090971276
"ENSG00000256771_P2","Enhancer","chr19_19991874_19992784","iPSvsNSC_P0","ZNF253","mRNA",0.176170979745774,0.501160835737852,0.300022875202861,0.0528553238706319
"ENSG00000256771_P2","Enhancer","chr19_19991874_19992784","NSC_P0vsNSC_P2","ZNF253","mRNA",0.162532523345073,0.957874298004648,0.0186914797156378,0.00303797336323589
"ENSG00000256771_P2","Enhancer","chr19_19991874_19992784","iPSvsNSC_P1","ZNF253","mRNA",0.0819343628361463,0.356494262314961,0.447947455615774,0.0367022893599514
"ENSG00000256771_P2","Enhancer","chr19_19991874_19992784","NSC_P0vsNeuron","ZNF253","mRNA",-0.302956185778752,0.0404458200824329,1.39312635437146,-0.422056246628235
"ENSG00000256771_P2","Enhancer","chr19_19997417_19998318","iPSvsNSC_P2","ZNF253","mRNA",0.277438906203392,0.116920388609677,0.932109749842502,0.258603509457821
"ENSG00000256771_P2","Enhancer","chr19_19997417_19998318","NSC_P0vsNSC_P1","ZNF253","mRNA",-0.121116533604079,0.237578363971743,0.62419311266193,-0.0756001061051531
"ENSG00000256771_P2","Enhancer","chr19_19997417_19998318","iPSvsNeuron","ZNF253","mRNA",-0.0642185083219512,0.651240263968216,0.186258756339614,-0.0119612594940318
"ENSG00000256771_P2","Enhancer","chr19_19997417_19998318","NSC_P2vsNeuron","ZNF253","mRNA",-0.404105812725158,0.0186252192592143,1.72989860596188,-0.699062082094342
"ENSG00000256771_P2","Enhancer","chr19_19997417_19998318","NSC_P1vsNSC_P2","ZNF253","mRNA",0.274987443010003,0.345384099754495,0.461697659669055,0.126961058876096
"ENSG00000256771_P2","Enhancer","chr19_19997417_19998318","NSC_P1vsNeuron","ZNF253","mRNA",-0.202423680977333,0.351513423375659,0.45405808576033,-0.0919121090971276
"ENSG00000256771_P2","Enhancer","chr19_19997417_19998318","iPSvsNSC_P0","ZNF253","mRNA",0.176170979745774,0.501160835737852,0.300022875202861,0.0528553238706319
"ENSG00000256771_P2","Enhancer","chr19_19997417_19998318","NSC_P0vsNSC_P2","ZNF253","mRNA",0.162532523345073,0.957874298004648,0.0186914797156378,0.00303797336323589
"ENSG00000256771_P2","Enhancer","chr19_19997417_19998318","iPSvsNSC_P1","ZNF253","mRNA",0.0819343628361463,0.356494262314961,0.447947455615774,0.0367022893599514
"ENSG00000256771_P2","Enhancer","chr19_19997417_19998318","NSC_P0vsNeuron","ZNF253","mRNA",-0.302956185778752,0.0404458200824329,1.39312635437146,-0.422056246628235
"ENSG00000256771_P2","Enhancer","chr19_19943212_19943939","iPSvsNSC_P2","ZNF253","mRNA",0.277438906203392,0.116920388609677,0.932109749842502,0.258603509457821
"ENSG00000256771_P2","Enhancer","chr19_19943212_19943939","NSC_P0vsNSC_P1","ZNF253","mRNA",-0.121116533604079,0.237578363971743,0.62419311266193,-0.0756001061051531
"ENSG00000256771_P2","Enhancer","chr19_19943212_19943939","iPSvsNeuron","ZNF253","mRNA",-0.0642185083219512,0.651240263968216,0.186258756339614,-0.0119612594940318
"ENSG00000256771_P2","Enhancer","chr19_19943212_19943939","NSC_P2vsNeuron","ZNF253","mRNA",-0.404105812725158,0.0186252192592143,1.72989860596188,-0.699062082094342
"ENSG00000256771_P2","Enhancer","chr19_19943212_19943939","NSC_P1vsNSC_P2","ZNF253","mRNA",0.274987443010003,0.345384099754495,0.461697659669055,0.126961058876096
"ENSG00000256771_P2","Enhancer","chr19_19943212_19943939","NSC_P1vsNeuron","ZNF253","mRNA",-0.202423680977333,0.351513423375659,0.45405808576033,-0.0919121090971276
"ENSG00000256771_P2","Enhancer","chr19_19943212_19943939","iPSvsNSC_P0","ZNF253","mRNA",0.176170979745774,0.501160835737852,0.300022875202861,0.0528553238706319
"ENSG00000256771_P2","Enhancer","chr19_19943212_19943939","NSC_P0vsNSC_P2","ZNF253","mRNA",0.162532523345073,0.957874298004648,0.0186914797156378,0.00303797336323589
"ENSG00000256771_P2","Enhancer","chr19_19943212_19943939","iPSvsNSC_P1","ZNF253","mRNA",0.0819343628361463,0.356494262314961,0.447947455615774,0.0367022893599514
"ENSG00000256771_P2","Enhancer","chr19_19943212_19943939","NSC_P0vsNeuron","ZNF253","mRNA",-0.302956185778752,0.0404458200824329,1.39312635437146,-0.422056246628235
"ENSG00000256771_P2","Enhancer","chr19_19923215_19924052","iPSvsNSC_P2","ZNF253","mRNA",0.277438906203392,0.116920388609677,0.932109749842502,0.258603509457821
"ENSG00000256771_P2","Enhancer","chr19_19923215_19924052","NSC_P0vsNSC_P1","ZNF253","mRNA",-0.121116533604079,0.237578363971743,0.62419311266193,-0.0756001061051531
"ENSG00000256771_P2","Enhancer","chr19_19923215_19924052","iPSvsNeuron","ZNF253","mRNA",-0.0642185083219512,0.651240263968216,0.186258756339614,-0.0119612594940318
"ENSG00000256771_P2","Enhancer","chr19_19923215_19924052","NSC_P2vsNeuron","ZNF253","mRNA",-0.404105812725158,0.0186252192592143,1.72989860596188,-0.699062082094342
"ENSG00000256771_P2","Enhancer","chr19_19923215_19924052","NSC_P1vsNSC_P2","ZNF253","mRNA",0.274987443010003,0.345384099754495,0.461697659669055,0.126961058876096
"ENSG00000256771_P2","Enhancer","chr19_19923215_19924052","NSC_P1vsNeuron","ZNF253","mRNA",-0.202423680977333,0.351513423375659,0.45405808576033,-0.0919121090971276
"ENSG00000256771_P2","Enhancer","chr19_19923215_19924052","iPSvsNSC_P0","ZNF253","mRNA",0.176170979745774,0.501160835737852,0.300022875202861,0.0528553238706319
"ENSG00000256771_P2","Enhancer","chr19_19923215_19924052","NSC_P0vsNSC_P2","ZNF253","mRNA",0.162532523345073,0.957874298004648,0.0186914797156378,0.00303797336323589
"ENSG00000256771_P2","Enhancer","chr19_19923215_19924052","iPSvsNSC_P1","ZNF253","mRNA",0.0819343628361463,0.356494262314961,0.447947455615774,0.0367022893599514
"ENSG00000256771_P2","Enhancer","chr19_19923215_19924052","NSC_P0vsNeuron","ZNF253","mRNA",-0.302956185778752,0.0404458200824329,1.39312635437146,-0.422056246628235
"ENSG00000256771_P2","Enhancer","chr19_20141146_20142004","iPSvsNSC_P2","ZNF253","mRNA",0.277438906203392,0.116920388609677,0.932109749842502,0.258603509457821
"ENSG00000256771_P2","Enhancer","chr19_20141146_20142004","NSC_P0vsNSC_P1","ZNF253","mRNA",-0.121116533604079,0.237578363971743,0.62419311266193,-0.0756001061051531
"ENSG00000256771_P2","Enhancer","chr19_20141146_20142004","iPSvsNeuron","ZNF253","mRNA",-0.0642185083219512,0.651240263968216,0.186258756339614,-0.0119612594940318
"ENSG00000256771_P2","Enhancer","chr19_20141146_20142004","NSC_P2vsNeuron","ZNF253","mRNA",-0.404105812725158,0.0186252192592143,1.72989860596188,-0.699062082094342
"ENSG00000256771_P2","Enhancer","chr19_20141146_20142004","NSC_P1vsNSC_P2","ZNF253","mRNA",0.274987443010003,0.345384099754495,0.461697659669055,0.126961058876096
"ENSG00000256771_P2","Enhancer","chr19_20141146_20142004","NSC_P1vsNeuron","ZNF253","mRNA",-0.202423680977333,0.351513423375659,0.45405808576033,-0.0919121090971276
"ENSG00000256771_P2","Enhancer","chr19_20141146_20142004","iPSvsNSC_P0","ZNF253","mRNA",0.176170979745774,0.501160835737852,0.300022875202861,0.0528553238706319
"ENSG00000256771_P2","Enhancer","chr19_20141146_20142004","NSC_P0vsNSC_P2","ZNF253","mRNA",0.162532523345073,0.957874298004648,0.0186914797156378,0.00303797336323589
"ENSG00000256771_P2","Enhancer","chr19_20141146_20142004","iPSvsNSC_P1","ZNF253","mRNA",0.0819343628361463,0.356494262314961,0.447947455615774,0.0367022893599514
"ENSG00000256771_P2","Enhancer","chr19_20141146_20142004","NSC_P0vsNeuron","ZNF253","mRNA",-0.302956185778752,0.0404458200824329,1.39312635437146,-0.422056246628235
"ENSG00000256771_P2","Enhancer","chr19_19958877_19959803","iPSvsNSC_P2","ZNF253","mRNA",0.277438906203392,0.116920388609677,0.932109749842502,0.258603509457821
"ENSG00000256771_P2","Enhancer","chr19_19958877_19959803","NSC_P0vsNSC_P1","ZNF253","mRNA",-0.121116533604079,0.237578363971743,0.62419311266193,-0.0756001061051531
"ENSG00000256771_P2","Enhancer","chr19_19958877_19959803","iPSvsNeuron","ZNF253","mRNA",-0.0642185083219512,0.651240263968216,0.186258756339614,-0.0119612594940318
"ENSG00000256771_P2","Enhancer","chr19_19958877_19959803","NSC_P2vsNeuron","ZNF253","mRNA",-0.404105812725158,0.0186252192592143,1.72989860596188,-0.699062082094342
"ENSG00000256771_P2","Enhancer","chr19_19958877_19959803","NSC_P1vsNSC_P2","ZNF253","mRNA",0.274987443010003,0.345384099754495,0.461697659669055,0.126961058876096
"ENSG00000256771_P2","Enhancer","chr19_19958877_19959803","NSC_P1vsNeuron","ZNF253","mRNA",-0.202423680977333,0.351513423375659,0.45405808576033,-0.0919121090971276
"ENSG00000256771_P2","Enhancer","chr19_19958877_19959803","iPSvsNSC_P0","ZNF253","mRNA",0.176170979745774,0.501160835737852,0.300022875202861,0.0528553238706319
"ENSG00000256771_P2","Enhancer","chr19_19958877_19959803","NSC_P0vsNSC_P2","ZNF253","mRNA",0.162532523345073,0.957874298004648,0.0186914797156378,0.00303797336323589
"ENSG00000256771_P2","Enhancer","chr19_19958877_19959803","iPSvsNSC_P1","ZNF253","mRNA",0.0819343628361463,0.356494262314961,0.447947455615774,0.0367022893599514
"ENSG00000256771_P2","Enhancer","chr19_19958877_19959803","NSC_P0vsNeuron","ZNF253","mRNA",-0.302956185778752,0.0404458200824329,1.39312635437146,-0.422056246628235
"ENSG00000256771_P2","Enhancer","chr19_19904343_19905211","iPSvsNSC_P2","ZNF253","mRNA",0.277438906203392,0.116920388609677,0.932109749842502,0.258603509457821
"ENSG00000256771_P2","Enhancer","chr19_19904343_19905211","NSC_P0vsNSC_P1","ZNF253","mRNA",-0.121116533604079,0.237578363971743,0.62419311266193,-0.0756001061051531
"ENSG00000256771_P2","Enhancer","chr19_19904343_19905211","iPSvsNeuron","ZNF253","mRNA",-0.0642185083219512,0.651240263968216,0.186258756339614,-0.0119612594940318
"ENSG00000256771_P2","Enhancer","chr19_19904343_19905211","NSC_P2vsNeuron","ZNF253","mRNA",-0.404105812725158,0.0186252192592143,1.72989860596188,-0.699062082094342
"ENSG00000256771_P2","Enhancer","chr19_19904343_19905211","NSC_P1vsNSC_P2","ZNF253","mRNA",0.274987443010003,0.345384099754495,0.461697659669055,0.126961058876096
"ENSG00000256771_P2","Enhancer","chr19_19904343_19905211","NSC_P1vsNeuron","ZNF253","mRNA",-0.202423680977333,0.351513423375659,0.45405808576033,-0.0919121090971276
"ENSG00000256771_P2","Enhancer","chr19_19904343_19905211","iPSvsNSC_P0","ZNF253","mRNA",0.176170979745774,0.501160835737852,0.300022875202861,0.0528553238706319
"ENSG00000256771_P2","Enhancer","chr19_19904343_19905211","NSC_P0vsNSC_P2","ZNF253","mRNA",0.162532523345073,0.957874298004648,0.0186914797156378,0.00303797336323589
"ENSG00000256771_P2","Enhancer","chr19_19904343_19905211","iPSvsNSC_P1","ZNF253","mRNA",0.0819343628361463,0.356494262314961,0.447947455615774,0.0367022893599514
"ENSG00000256771_P2","Enhancer","chr19_19904343_19905211","NSC_P0vsNeuron","ZNF253","mRNA",-0.302956185778752,0.0404458200824329,1.39312635437146,-0.422056246628235
"ENSG00000256771_P2","Enhancer","chr19_20128872_20129745","iPSvsNSC_P2","ZNF253","mRNA",0.277438906203392,0.116920388609677,0.932109749842502,0.258603509457821
"ENSG00000256771_P2","Enhancer","chr19_20128872_20129745","NSC_P0vsNSC_P1","ZNF253","mRNA",-0.121116533604079,0.237578363971743,0.62419311266193,-0.0756001061051531
"ENSG00000256771_P2","Enhancer","chr19_20128872_20129745","iPSvsNeuron","ZNF253","mRNA",-0.0642185083219512,0.651240263968216,0.186258756339614,-0.0119612594940318
"ENSG00000256771_P2","Enhancer","chr19_20128872_20129745","NSC_P2vsNeuron","ZNF253","mRNA",-0.404105812725158,0.0186252192592143,1.72989860596188,-0.699062082094342
"ENSG00000256771_P2","Enhancer","chr19_20128872_20129745","NSC_P1vsNSC_P2","ZNF253","mRNA",0.274987443010003,0.345384099754495,0.461697659669055,0.126961058876096
"ENSG00000256771_P2","Enhancer","chr19_20128872_20129745","NSC_P1vsNeuron","ZNF253","mRNA",-0.202423680977333,0.351513423375659,0.45405808576033,-0.0919121090971276
"ENSG00000256771_P2","Enhancer","chr19_20128872_20129745","iPSvsNSC_P0","ZNF253","mRNA",0.176170979745774,0.501160835737852,0.300022875202861,0.0528553238706319
"ENSG00000256771_P2","Enhancer","chr19_20128872_20129745","NSC_P0vsNSC_P2","ZNF253","mRNA",0.162532523345073,0.957874298004648,0.0186914797156378,0.00303797336323589
"ENSG00000256771_P2","Enhancer","chr19_20128872_20129745","iPSvsNSC_P1","ZNF253","mRNA",0.0819343628361463,0.356494262314961,0.447947455615774,0.0367022893599514
"ENSG00000256771_P2","Enhancer","chr19_20128872_20129745","NSC_P0vsNeuron","ZNF253","mRNA",-0.302956185778752,0.0404458200824329,1.39312635437146,-0.422056246628235
"ENSG00000256771_P2","Enhancer","chr19_19871063_19871852","iPSvsNSC_P2","ZNF253","mRNA",0.277438906203392,0.116920388609677,0.932109749842502,0.258603509457821
"ENSG00000256771_P2","Enhancer","chr19_19871063_19871852","NSC_P0vsNSC_P1","ZNF253","mRNA",-0.121116533604079,0.237578363971743,0.62419311266193,-0.0756001061051531
"ENSG00000256771_P2","Enhancer","chr19_19871063_19871852","iPSvsNeuron","ZNF253","mRNA",-0.0642185083219512,0.651240263968216,0.186258756339614,-0.0119612594940318
"ENSG00000256771_P2","Enhancer","chr19_19871063_19871852","NSC_P2vsNeuron","ZNF253","mRNA",-0.404105812725158,0.0186252192592143,1.72989860596188,-0.699062082094342
"ENSG00000256771_P2","Enhancer","chr19_19871063_19871852","NSC_P1vsNSC_P2","ZNF253","mRNA",0.274987443010003,0.345384099754495,0.461697659669055,0.126961058876096
"ENSG00000256771_P2","Enhancer","chr19_19871063_19871852","NSC_P1vsNeuron","ZNF253","mRNA",-0.202423680977333,0.351513423375659,0.45405808576033,-0.0919121090971276
"ENSG00000256771_P2","Enhancer","chr19_19871063_19871852","iPSvsNSC_P0","ZNF253","mRNA",0.176170979745774,0.501160835737852,0.300022875202861,0.0528553238706319
"ENSG00000256771_P2","Enhancer","chr19_19871063_19871852","NSC_P0vsNSC_P2","ZNF253","mRNA",0.162532523345073,0.957874298004648,0.0186914797156378,0.00303797336323589
"ENSG00000256771_P2","Enhancer","chr19_19871063_19871852","iPSvsNSC_P1","ZNF253","mRNA",0.0819343628361463,0.356494262314961,0.447947455615774,0.0367022893599514
"ENSG00000256771_P2","Enhancer","chr19_19871063_19871852","NSC_P0vsNeuron","ZNF253","mRNA",-0.302956185778752,0.0404458200824329,1.39312635437146,-0.422056246628235
"ENSG00000256969_P2","Enhancer","chr12_4013270_4015059",NA,NA,NA,NA,NA,NA,NA
"ENSG00000256995_P1","Enhancer","chr12_22699387_22700717",NA,NA,NA,NA,NA,NA,NA
"ENSG00000256995_P2","Enhancer","chr12_22964159_22965013",NA,NA,NA,NA,NA,NA,NA
"ENSG00000257002_P1","Enhancer","chr11_62908712_62909909",NA,NA,NA,NA,NA,NA,NA
"ENSG00000257060_P1","Enhancer","chr15_93312637_93313619","NSC_P0vsNSC_P2","RP11-266O8.1","LncRNA",0.31676835403301,0.149703192133599,0.824768939060908,0.261260699283876
"ENSG00000257060_P1","Enhancer","chr15_93312637_93313619","NSC_P2vsNeuron","RP11-266O8.1","LncRNA",-0.368007387022639,0.0721255461255976,1.14191088540036,-0.420231641148896
"ENSG00000257060_P1","Enhancer","chr15_93312637_93313619","NSC_P0vsNSC_P1","RP11-266O8.1","LncRNA",0.101329255956333,0.0870737092887171,1.06011295445735,0.107420456904833
"ENSG00000257060_P1","Enhancer","chr15_93312637_93313619","iPSvsNSC_P0","RP11-266O8.1","LncRNA",-0.0356714221809597,0.911210979269222,0.0403810560412126,-0.00144044969815909
"ENSG00000257060_P1","Enhancer","chr15_93312637_93313619","iPSvsNSC_P1","RP11-266O8.1","LncRNA",0.0272564090201737,0.371702587904478,0.429804415205802,0.0117149249395259
"ENSG00000257060_P1","Enhancer","chr15_93312637_93313619","NSC_P1vsNSC_P2","RP11-266O8.1","LncRNA",0.269058473332831,0.147677551693249,0.83068551631089,0.223502976838302
"ENSG00000257060_P1","Enhancer","chr15_93312637_93313619","iPSvsNSC_P2","RP11-266O8.1","LncRNA",0.335980862114848,0.0800656389337496,1.09655382627725,0.368421099907965
"ENSG00000257060_P1","Enhancer","chr15_93312637_93313619","NSC_P1vsNeuron","RP11-266O8.1","LncRNA",-0.313444997641186,0.0653389750088051,1.18482768270894,-0.371378310211914
"ENSG00000257060_P1","Enhancer","chr15_93312637_93313619","iPSvsNeuron","RP11-266O8.1","LncRNA",-0.186397588468777,0.0629253798439337,1.2011741541884,-0.22389596567174
"ENSG00000257060_P1","Enhancer","chr15_93312637_93313619","NSC_P0vsNeuron","RP11-266O8.1","LncRNA",-0.0872727750043983,0.0929843571390658,1.0315901071407,-0.0900297313172534
"ENSG00000257060_P2","Enhancer","chr15_93241617_93242532","NSC_P0vsNeuron","RP11-266O8.1","LncRNA",0.302918538354368,0.007633298877012,2.11728773275846,0.641365705282828
"ENSG00000257060_P2","Enhancer","chr15_93241617_93242532","NSC_P0vsNSC_P2","RP11-266O8.1","LncRNA",0.582558636418456,0.0232735249637465,1.63313783431677,0.951398549842965
"ENSG00000257060_P2","Enhancer","chr15_93241617_93242532","iPSvsNeuron","RP11-266O8.1","LncRNA",0.0970264434096107,0.0251808785033762,1.59892912242064,0.155138406012525
"ENSG00000257060_P2","Enhancer","chr15_93241617_93242532","NSC_P1vsNeuron","RP11-266O8.1","LncRNA",-0.183466692142991,0.00861142475731727,2.06492498872626,-0.37884495720501
"ENSG00000257060_P2","Enhancer","chr15_93241617_93242532","iPSvsNSC_P2","RP11-266O8.1","LncRNA",0.346182760333802,0.246184277234327,0.608739687100947,0.210735185205341
"ENSG00000257060_P2","Enhancer","chr15_93241617_93242532","NSC_P1vsNSC_P2","RP11-266O8.1","LncRNA",0.533463639224552,0.0209030394782854,1.6797905592157,0.896107184854251
"ENSG00000257060_P2","Enhancer","chr15_93241617_93242532","NSC_P2vsNeuron","RP11-266O8.1","LncRNA",-0.413508347719323,0.0538579753146406,1.2687499770702,-0.524638706687228
"ENSG00000257060_P2","Enhancer","chr15_93241617_93242532","NSC_P0vsNSC_P1","RP11-266O8.1","LncRNA",0.355487063707001,0.0156886243954903,1.80441513440149,0.641446237836858
"ENSG00000257060_P2","Enhancer","chr15_93241617_93242532","iPSvsNSC_P1","RP11-266O8.1","LncRNA",-0.232807419097536,0.0339124607923933,1.46964069533597,-0.342143257281877
"ENSG00000257060_P2","Enhancer","chr15_93241617_93242532","iPSvsNSC_P0","RP11-266O8.1","LncRNA",-0.209404654047068,0.0139230817464513,1.85626462698495,-0.388710452033594
"ENSG00000257151_P1","Enhancer","chr15_25032166_25032993",NA,NA,NA,NA,NA,NA,NA
"ENSG00000257524_P2","Enhancer","chr9_127886052_127886880","iPSvsNSC_P0","RP11-203J24.9","Others",0.0799416821647257,0.387306903013169,0.411944762467025,0.0329315572705623
"ENSG00000257524_P2","Enhancer","chr9_127886052_127886880","NSC_P1vsNeuron","RP11-203J24.9","Others",-0.197389811857784,0.0629253798439337,1.2011741541884,-0.237099540303681
"ENSG00000257524_P2","Enhancer","chr9_127886052_127886880","NSC_P0vsNSC_P1","RP11-203J24.9","Others",-0.0789576003893757,0.248220555922118,0.605162256060954,-0.0477821595847938
"ENSG00000257524_P2","Enhancer","chr9_127886052_127886880","iPSvsNSC_P1","RP11-203J24.9","Others",0.144131790244534,0.0642952765148213,1.19182093156877,0.171779284517915
"ENSG00000257524_P2","Enhancer","chr9_127886052_127886880","NSC_P0vsNSC_P2","RP11-203J24.9","Others",-0.242500867771339,0.0337995073708141,1.47108962953584,-0.35674051173186
"ENSG00000257524_P2","Enhancer","chr9_127886052_127886880","NSC_P0vsNeuron","RP11-203J24.9","Others",0.097361884138626,0.0831634134652808,1.08006769323774,0.105157425610886
"ENSG00000257524_P2","Enhancer","chr9_127886052_127886880","NSC_P1vsNSC_P2","RP11-203J24.9","Others",-0.262345714820435,0.018267470962262,1.73832157433115,-0.456041216005688
"ENSG00000257524_P2","Enhancer","chr9_127886052_127886880","iPSvsNSC_P2","RP11-203J24.9","Others",-0.277794334283989,0.00769713870294088,2.11367068735515,-0.587165741489406
"ENSG00000257524_P2","Enhancer","chr9_127886052_127886880","iPSvsNeuron","RP11-203J24.9","Others",-0.137334278988747,0.175825244628471,0.754918769673287,-0.103676224928153
"ENSG00000257524_P2","Enhancer","chr9_127886052_127886880","NSC_P2vsNeuron","RP11-203J24.9","Others",-0.403080297783522,0.0687691255209048,1.1626064981803,-0.468623773491574
"ENSG00000257596_P1","Enhancer","chr12_54262153_54263235",NA,NA,NA,NA,NA,NA,NA
"ENSG00000257923_P2","Enhancer","chr7_101958690_101959443","NSC_P0vsNSC_P1","CUX1","mRNA",0.459352947164232,0.00963270875028987,2.01625157062364,0.926171101190481
"ENSG00000257923_P2","Enhancer","chr7_101958690_101959443","NSC_P1vsNSC_P2","CUX1","mRNA",0.215702952284867,0.0118622975816051,1.92583118530792,0.415407472273181
"ENSG00000257923_P2","Enhancer","chr7_101958690_101959443","NSC_P1vsNeuron","CUX1","mRNA",-0.219713591271658,0.0079665076048544,2.09873202494604,-0.461119950317733
"ENSG00000257923_P2","Enhancer","chr7_101958690_101959443","NSC_P0vsNSC_P2","CUX1","mRNA",0.577032363598037,0.00563468267305647,2.24913053697742,1.29782110979261
"ENSG00000257923_P2","Enhancer","chr7_101958690_101959443","iPSvsNSC_P2","CUX1","mRNA",-0.120139313456365,0.0432161743463596,1.36435368108542,-0.163912514557267
"ENSG00000257923_P2","Enhancer","chr7_101958690_101959443","iPSvsNSC_P1","CUX1","mRNA",-0.000467662447421339,0.0165348224865569,1.78160046319495,-0.000833187632944741
"ENSG00000257923_P2","Enhancer","chr7_101958690_101959443","NSC_P2vsNeuron","CUX1","mRNA",-0.404422007157024,0.0611022471864218,1.2139428172089,-0.490945190709475
"ENSG00000257923_P2","Enhancer","chr7_101958690_101959443","iPSvsNeuron","CUX1","mRNA",-0.103989982891454,0.0589594673328184,1.22944644874912,-0.12785011517138
"ENSG00000257923_P2","Enhancer","chr7_101958690_101959443","NSC_P0vsNeuron","CUX1","mRNA",0.0635795899763277,0.0649896737212893,1.1871556433899,0.0754788690448131
"ENSG00000257923_P2","Enhancer","chr7_101958690_101959443","iPSvsNSC_P0","CUX1","mRNA",-0.466079701761504,0.0149799766781585,1.82448886277507,-0.850357225029389
"ENSG00000258131_P1","Enhancer","chr12_97168623_97170440","iPSvsNSC_P1","RP11-541G9.1","LncRNA",-0.252201856325569,0.00632909208906659,2.19865858524147,-0.554505776624049
"ENSG00000258131_P1","Enhancer","chr12_97168623_97170440","NSC_P0vsNeuron","RP11-541G9.1","LncRNA",-0.187663588773063,0.0174207659829414,1.75893275318306,-0.330087632872818
"ENSG00000258131_P1","Enhancer","chr12_97168623_97170440","iPSvsNSC_P2","RP11-541G9.1","LncRNA",-0.0962127334935333,0.0280286381887804,1.55239800254173,-0.149360455294441
"ENSG00000258131_P1","Enhancer","chr12_97168623_97170440","NSC_P1vsNeuron","RP11-541G9.1","LncRNA",0.336908643998775,0.0279598684387028,1.55346487643422,0.523375745019177
"ENSG00000258131_P1","Enhancer","chr12_97168623_97170440","NSC_P1vsNSC_P2","RP11-541G9.1","LncRNA",0.538963646853075,0.0112311870467716,1.94957433985447,1.05074969601914
"ENSG00000258131_P1","Enhancer","chr12_97168623_97170440","iPSvsNeuron","RP11-541G9.1","LncRNA",-0.25822287989268,0.0413926649141219,1.3830766122501,-0.357142025927431
"ENSG00000258131_P1","Enhancer","chr12_97168623_97170440","NSC_P0vsNSC_P1","RP11-541G9.1","LncRNA",-0.475222569467351,0.0469422451581547,1.328436142763,-0.63130283713713
"ENSG00000258131_P1","Enhancer","chr12_97168623_97170440","NSC_P2vsNeuron","RP11-541G9.1","LncRNA",-0.06628191908185,0.113595307821887,0.944639607261871,-0.062612526010042
"ENSG00000258131_P1","Enhancer","chr12_97168623_97170440","NSC_P0vsNSC_P2","RP11-541G9.1","LncRNA",0.12306657192649,0.0928255893136895,1.03233228492571,0.127045595394847
"ENSG00000258131_P1","Enhancer","chr12_97168623_97170440","iPSvsNSC_P0","RP11-541G9.1","LncRNA",0.0843945301195847,0.00747136666231423,2.1265999497758,0.179473403513661
"ENSG00000258131_P2","Enhancer","chr12_96985205_96986170","iPSvsNSC_P0","RP11-541G9.1","LncRNA",-0.429667756274374,0.0223608856263045,1.65051099975698,-0.709171357971755
"ENSG00000258131_P2","Enhancer","chr12_96985205_96986170","NSC_P1vsNSC_P2","RP11-541G9.1","LncRNA",0.135011832783695,0.0344084063060544,1.46333544212812,0.197567600019056
"ENSG00000258131_P2","Enhancer","chr12_96985205_96986170","iPSvsNSC_P1","RP11-541G9.1","LncRNA",0.107399655726294,0.0853180020599925,1.06895932322355,0.114805863299621
"ENSG00000258131_P2","Enhancer","chr12_96985205_96986170","NSC_P1vsNeuron","RP11-541G9.1","LncRNA",-0.218046945697047,0.135486747208012,0.868103183726233,-0.189287247761387
"ENSG00000258131_P2","Enhancer","chr12_96985205_96986170","NSC_P0vsNSC_P1","RP11-541G9.1","LncRNA",0.462869424942682,0.0042722267560468,2.36934570441434,1.09669768369268
"ENSG00000258131_P2","Enhancer","chr12_96985205_96986170","NSC_P0vsNSC_P2","RP11-541G9.1","LncRNA",0.600829396242465,0.0153093390736535,1.81504355801898,1.09053152511832
"ENSG00000258131_P2","Enhancer","chr12_96985205_96986170","NSC_P0vsNeuron","RP11-541G9.1","LncRNA",0.475129793530052,0.0262948610402496,1.58012911994892,0.750766422512152
"ENSG00000258131_P2","Enhancer","chr12_96985205_96986170","iPSvsNSC_P2","RP11-541G9.1","LncRNA",0.204604024771729,0.942578807965788,0.0256823287255238,0.00525470782275275
"ENSG00000258131_P2","Enhancer","chr12_96985205_96986170","iPSvsNeuron","RP11-541G9.1","LncRNA",0.067379114635902,0.854441930997792,0.0683174471669647,0.0046031691042951
"ENSG00000258131_P2","Enhancer","chr12_96985205_96986170","NSC_P2vsNeuron","RP11-541G9.1","LncRNA",-0.364278845488559,0.149703192133599,0.824768939060908,-0.300445876915932
"ENSG00000258337_P2","Enhancer","chr12_116172004_116172968","NSC_P1vsNSC_P2","RP11-115H15.2","LncRNA",0.574426250799901,0.00454051229967217,2.34289514353746,1.34582047331952
"ENSG00000258337_P2","Enhancer","chr12_116172004_116172968","NSC_P0vsNeuron","RP11-115H15.2","LncRNA",-0.539113263319485,0.00747141427967866,2.12659718188959,-1.14647674649452
"ENSG00000258337_P2","Enhancer","chr12_116172004_116172968","NSC_P0vsNSC_P1","RP11-115H15.2","LncRNA",-0.17328900254138,0.00337144808521486,2.47218352336041,-0.42840221686236
"ENSG00000258337_P2","Enhancer","chr12_116172004_116172968","iPSvsNSC_P0","RP11-115H15.2","LncRNA",0.0912221446607543,0.0238088242909651,1.62326205006144,0.148077445553017
"ENSG00000258337_P2","Enhancer","chr12_116172004_116172968","iPSvsNSC_P2","RP11-115H15.2","LncRNA",0.626270236667914,0.00364246825046076,2.43860422506512,1.52722524517091
"ENSG00000258337_P2","Enhancer","chr12_116172004_116172968","iPSvsNSC_P1","RP11-115H15.2","LncRNA",0.177779670815007,0.0117623816725858,1.92950473246599,0.3430267161738
"ENSG00000258337_P2","Enhancer","chr12_116172004_116172968","iPSvsNeuron","RP11-115H15.2","LncRNA",0.579481611391719,0.00511391158736302,2.29124678461087,1.3277353788424
"ENSG00000258337_P2","Enhancer","chr12_116172004_116172968","NSC_P2vsNeuron","RP11-115H15.2","LncRNA",-0.550827234761264,0.00671428460512266,2.1730002538216,-1.19694772094808
"ENSG00000258337_P2","Enhancer","chr12_116172004_116172968","NSC_P1vsNeuron","RP11-115H15.2","LncRNA",-0.0738090732993023,0.0129326074129906,1.88831390583012,-0.139374699487507
"ENSG00000258337_P2","Enhancer","chr12_116172004_116172968","NSC_P0vsNSC_P2","RP11-115H15.2","LncRNA",0.48646274326179,0.0117016489272728,1.93175293572755,0.939725832418042
"ENSG00000258451_P1","Enhancer","chr14_20706613_20707446",NA,NA,NA,NA,NA,NA,NA
"ENSG00000258451_P2","Enhancer","chr14_20799564_20800507",NA,NA,NA,NA,NA,NA,NA
"ENSG00000258473_P1","Enhancer","chr14_77088023_77088949",NA,NA,NA,NA,NA,NA,NA
"ENSG00000258473_P2","Enhancer","chr14_77086145_77087010",NA,NA,NA,NA,NA,NA,NA
"ENSG00000258545_P2","Enhancer","chrX_120120066_120120884","NSC_P1vsNSC_P2","RHOXF1-AS1","LncRNA",0.167600185515919,0.139784147011483,0.854542079347332,0.143221411029772
"ENSG00000258545_P2","Enhancer","chrX_120120066_120120884","NSC_P0vsNSC_P1","RHOXF1-AS1","LncRNA",0.208924364323694,0.0534008970817417,1.27245144719658,0.26584610973831
"ENSG00000258545_P2","Enhancer","chrX_120120066_120120884","iPSvsNeuron","RHOXF1-AS1","LncRNA",0.45475752709207,0.0570556840859886,1.24370108316142,0.565582429020217
"ENSG00000258545_P2","Enhancer","chrX_120120066_120120884","iPSvsNSC_P0","RHOXF1-AS1","LncRNA",0.12680216651286,0.0345223784654465,1.46189929062674,0.185371997275083
"ENSG00000258545_P2","Enhancer","chrX_120120066_120120884","iPSvsNSC_P1","RHOXF1-AS1","LncRNA",0.0937026163405053,0.00538614639826241,2.26872184641403,0.212585172757856
"ENSG00000258545_P2","Enhancer","chrX_120120066_120120884","NSC_P0vsNeuron","RHOXF1-AS1","LncRNA",0.201693075854684,0.00774296157959301,2.1110928956909,0.425792819546869
"ENSG00000258545_P2","Enhancer","chrX_120120066_120120884","iPSvsNSC_P2","RHOXF1-AS1","LncRNA",0.581860820724239,0.00764235857885338,2.11677258910719,1.23166703598448
"ENSG00000258545_P2","Enhancer","chrX_120120066_120120884","NSC_P1vsNeuron","RHOXF1-AS1","LncRNA",0.120345275305458,0.0242588302142888,1.61513014509055,0.194373281965067
"ENSG00000258545_P2","Enhancer","chrX_120120066_120120884","NSC_P0vsNSC_P2","RHOXF1-AS1","LncRNA",0.527047929944942,0.0183860546462997,1.73551145342462,0.914697718923185
"ENSG00000258545_P2","Enhancer","chrX_120120066_120120884","NSC_P2vsNeuron","RHOXF1-AS1","LncRNA",-0.470468152827774,0.02037688796026,1.69086214245362,-0.795496788846568
"ENSG00000258602_P1","Enhancer","chr14_76958495_76959859","iPSvsNSC_P1","LINC01629","LncRNA",0.195310921273805,0.484524926279528,0.314683875853268,0.0614611977029136
"ENSG00000258602_P1","Enhancer","chr14_76958495_76959859","NSC_P2vsNeuron","LINC01629","LncRNA",-0.384584707477207,0.0380388250775127,1.41977290577861,-0.546022947652931
"ENSG00000258602_P1","Enhancer","chr14_76958495_76959859","iPSvsNeuron","LINC01629","LncRNA",0.153064511274872,0.244313622948327,0.612052316054259,0.0936834886314985
"ENSG00000258602_P1","Enhancer","chr14_76958495_76959859","NSC_P0vsNeuron","LINC01629","LncRNA",0.341688254603919,0.0646418126024921,1.18948647413596,0.406433557222485
"ENSG00000258602_P1","Enhancer","chr14_76958495_76959859","iPSvsNSC_P2","LINC01629","LncRNA",0.474255643525524,0.00957965365561033,2.01865019219247,0.957356245951163
"ENSG00000258602_P1","Enhancer","chr14_76958495_76959859","NSC_P1vsNSC_P2","LINC01629","LncRNA",0.33900009838499,0.0597873006970152,1.22339105385288,0.414729687619443
"ENSG00000258602_P1","Enhancer","chr14_76958495_76959859","NSC_P0vsNSC_P2","LINC01629","LncRNA",0.516268030332404,0.00918608542909573,2.03686952003149,1.05157061515077
"ENSG00000258602_P1","Enhancer","chr14_76958495_76959859","NSC_P0vsNSC_P1","LINC01629","LncRNA",0.131336686164383,0.0239577850136483,1.62055333656724,0.212838104977375
"ENSG00000258602_P1","Enhancer","chr14_76958495_76959859","iPSvsNSC_P0","LINC01629","LncRNA",0.107986680556839,0.235679275746215,0.62767860510729,0.0677809290220831
"ENSG00000258602_P1","Enhancer","chr14_76958495_76959859","NSC_P1vsNeuron","LINC01629","LncRNA",0.03250735891479,0.0761645748642127,1.11824697771954,0.0363512558601084
"ENSG00000258815_P1","Enhancer","chr12_85424559_85425519","NSC_P1vsNeuron","LINC02820","LncRNA",-0.538453912835303,0.00372580663144846,2.42877968864378,-1.30778592676515
"ENSG00000258815_P1","Enhancer","chr12_85424559_85425519","NSC_P0vsNeuron","LINC02820","LncRNA",-0.472141242166441,0.0076879549867202,2.11418916814339,-0.998195900022056
"ENSG00000258815_P1","Enhancer","chr12_85424559_85425519","iPSvsNSC_P0","LINC02820","LncRNA",0.436709975452923,0.00752498255125018,2.12349450276462,0.927351232176755
"ENSG00000258815_P1","Enhancer","chr12_85424559_85425519","NSC_P0vsNSC_P2","LINC02820","LncRNA",-0.604158482084675,0.00460929152416165,2.33636582315539,-1.41153522931207
"ENSG00000258815_P1","Enhancer","chr12_85424559_85425519","NSC_P1vsNSC_P2","LINC02820","LncRNA",-0.698164552483857,0.00372723189309887,2.42861358638212,-1.69557191769269
"ENSG00000258815_P1","Enhancer","chr12_85424559_85425519","NSC_P0vsNSC_P1","LINC02820","LncRNA",0.105466131750997,0.0570552092914082,1.24370469720142,0.131168723454378
"ENSG00000258815_P1","Enhancer","chr12_85424559_85425519","iPSvsNSC_P2","LINC02820","LncRNA",-0.55492859530265,0.0225532300527816,1.64679125007688,-0.913851555161859
"ENSG00000258815_P1","Enhancer","chr12_85424559_85425519","NSC_P2vsNeuron","LINC02820","LncRNA",0.363431472237302,0.0980733211439133,1.00844911755147,0.36650214746814
"ENSG00000258815_P1","Enhancer","chr12_85424559_85425519","iPSvsNeuron","LINC02820","LncRNA",-0.116428709118748,0.0372748651532654,1.42858391898962,-0.166328181555764
"ENSG00000258815_P1","Enhancer","chr12_85424559_85425519","iPSvsNSC_P1","LINC02820","LncRNA",0.449277868952819,0.00651569294344142,2.1860393903106,0.982139118725669
"ENSG00000258815_P2","Enhancer","chr12_85317578_85318522","iPSvsNSC_P0","LINC02820","LncRNA",-0.133083582204075,0.0493870286437354,1.30638710225409,-0.173858675313176
"ENSG00000258815_P2","Enhancer","chr12_85317578_85318522","NSC_P2vsNeuron","LINC02820","LncRNA",0.537250615718098,0.0206385087033513,1.68532168714677,0.905440114102669
"ENSG00000258815_P2","Enhancer","chr12_85317578_85318522","NSC_P0vsNeuron","LINC02820","LncRNA",0.121140502215655,0.530593584348922,0.275238005576279,0.0333424702243458
"ENSG00000258815_P2","Enhancer","chr12_85317578_85318522","iPSvsNSC_P2","LINC02820","LncRNA",-0.59952185163617,0.0330019812312275,1.48145998703238,-0.888167634550546
"ENSG00000258815_P2","Enhancer","chr12_85317578_85318522","NSC_P1vsNSC_P2","LINC02820","LncRNA",-0.467859268609347,0.0403228126547365,1.39444918197354,-0.652405974391045
"ENSG00000258815_P2","Enhancer","chr12_85317578_85318522","NSC_P1vsNeuron","LINC02820","LncRNA",0.140597456892914,0.156053614535591,0.806726167692772,0.11342364758657
"ENSG00000258815_P2","Enhancer","chr12_85317578_85318522","iPSvsNSC_P1","LINC02820","LncRNA",-0.291556504313041,0.169781324332393,0.770110083146573,-0.22453060377844
"ENSG00000258815_P2","Enhancer","chr12_85317578_85318522","NSC_P0vsNSC_P2","LINC02820","LncRNA",-0.554733091568354,0.0224115069406719,1.64952894069764,-0.915048288904673
"ENSG00000258815_P2","Enhancer","chr12_85317578_85318522","iPSvsNeuron","LINC02820","LncRNA",-0.1415072673084,0.620455086158635,0.207289650973387,-0.0293329920505561
"ENSG00000258815_P2","Enhancer","chr12_85317578_85318522","NSC_P0vsNSC_P1","LINC02820","LncRNA",-0.0568142247035343,0.716372391143543,0.14486116012767,-0.00823017450230812
"ENSG00000258819_P1","Enhancer","chr14_77075837_77076865","iPSvsNeuron","LINC02289","LncRNA",-0.781435854751704,0.0106871195969048,1.97113933050053,-1.54031894756438
"ENSG00000258819_P1","Enhancer","chr14_77075837_77076865","NSC_P0vsNSC_P2","LINC02289","LncRNA",0.124194325348451,0.032414434727828,1.48926154761424,0.184957833173341
"ENSG00000258819_P1","Enhancer","chr14_77075837_77076865","iPSvsNSC_P2","LINC02289","LncRNA",-0.0470358512868787,0.177226574535937,0.751471156551717,-0.0353460855659453
"ENSG00000258819_P1","Enhancer","chr14_77075837_77076865","NSC_P0vsNeuron","LINC02289","LncRNA",0.054505936741306,0.00579783786359197,2.23673393384682,0.121915278305387
"ENSG00000258819_P1","Enhancer","chr14_77075837_77076865","NSC_P1vsNeuron","LINC02289","LncRNA",-0.181190554224457,0.00898252601253062,2.04660151644648,-0.370824863041553
"ENSG00000258819_P1","Enhancer","chr14_77075837_77076865","iPSvsNSC_P1","LINC02289","LncRNA",-0.424243987704938,0.0153814721004326,1.8130020979221,-0.769155239739889
"ENSG00000258819_P1","Enhancer","chr14_77075837_77076865","NSC_P2vsNeuron","LINC02289","LncRNA",-0.690887157709545,0.0100577523478422,1.99749906222172,-1.38004644962585
"ENSG00000258819_P1","Enhancer","chr14_77075837_77076865","iPSvsNSC_P0","LINC02289","LncRNA",-0.122401609417395,0.0466773617379723,1.33089369879248,-0.16290353069567
"ENSG00000258819_P1","Enhancer","chr14_77075837_77076865","NSC_P1vsNSC_P2","LINC02289","LncRNA",0.408140564679541,0.0335985736341669,1.47367915939466,0.601468244271809
"ENSG00000258819_P1","Enhancer","chr14_77075837_77076865","NSC_P0vsNSC_P1","LINC02289","LncRNA",-0.0972023135940347,0.08663195350378,1.06232189238448,-0.103260145721365
"ENSG00000258819_P2","Enhancer","chr14_77084761_77085951","NSC_P0vsNeuron","LINC02289","LncRNA",-0.115782391241337,0.0982327947116572,1.00774350014965,-0.11667895220524
"ENSG00000258819_P2","Enhancer","chr14_77084761_77085951","NSC_P1vsNSC_P2","LINC02289","LncRNA",-0.163133201220344,0.174925217308822,0.757147577893377,-0.123515908177977
"ENSG00000258819_P2","Enhancer","chr14_77084761_77085951","iPSvsNSC_P2","LINC02289","LncRNA",-0.0819203742151933,0.0146148879611447,1.83520450962869,-0.150340640190192
"ENSG00000258819_P2","Enhancer","chr14_77084761_77085951","NSC_P0vsNSC_P2","LINC02289","LncRNA",0.0731083112083473,0.0460206141253272,1.3370475901554,0.0977492913214516
"ENSG00000258819_P2","Enhancer","chr14_77084761_77085951","iPSvsNeuron","LINC02289","LncRNA",-0.327972192915131,0.0451125237640569,1.34570287615779,-0.441353123305671
"ENSG00000258819_P2","Enhancer","chr14_77084761_77085951","NSC_P0vsNSC_P1","LINC02289","LncRNA",0.0572101850978433,0.271538645871718,0.56616835209931,0.0323905962201425
"ENSG00000258819_P2","Enhancer","chr14_77084761_77085951","NSC_P2vsNeuron","LINC02289","LncRNA",-0.0915451846655187,0.0706175971052024,1.15108706419724,-0.105376477858026
"ENSG00000258819_P2","Enhancer","chr14_77084761_77085951","iPSvsNSC_P1","LINC02289","LncRNA",-0.185665811789279,0.0236604594666488,1.62597682598481,-0.301888307347025
"ENSG00000258819_P2","Enhancer","chr14_77084761_77085951","iPSvsNSC_P0","LINC02289","LncRNA",-0.187104923016886,0.0235128974769302,1.62869384979017,-0.304736637383065
"ENSG00000258819_P2","Enhancer","chr14_77084761_77085951","NSC_P1vsNeuron","LINC02289","LncRNA",-0.0143537412324033,0.104737518208273,0.979897721070602,-0.0140651983224692
"ENSG00000258820_P2","Enhancer","chr14_75221854_75222881","iPSvsNeuron","RP11-293M10.2","LncRNA",-0.0943077646594303,0.222681600301812,0.652315666295632,-0.0615184323406679
"ENSG00000258820_P2","Enhancer","chr14_75221854_75222881","NSC_P0vsNeuron","RP11-293M10.2","LncRNA",-0.419608958387731,0.0313749556597036,1.50341687927217,-0.630847190733928
"ENSG00000258820_P2","Enhancer","chr14_75221854_75222881","NSC_P0vsNSC_P2","RP11-293M10.2","LncRNA",0.195129092602619,0.18826457349484,0.725231395241925,0.141513744080488
"ENSG00000258820_P2","Enhancer","chr14_75221854_75222881","iPSvsNSC_P2","RP11-293M10.2","LncRNA",0.426402307565762,0.0307053212645667,1.51278635430856,0.645055592331168
"ENSG00000258820_P2","Enhancer","chr14_75221854_75222881","NSC_P2vsNeuron","RP11-293M10.2","LncRNA",-0.547904824720203,0.00753384091287513,2.12298355474464,-1.16319293244623
"ENSG00000258820_P2","Enhancer","chr14_75221854_75222881","iPSvsNSC_P0","RP11-293M10.2","LncRNA",0.237453905388846,0.0564324629969492,1.24847099451747,0.296454313412869
"ENSG00000258820_P2","Enhancer","chr14_75221854_75222881","NSC_P1vsNeuron","RP11-293M10.2","LncRNA",-0.0687100168584073,0.105251732623659,0.977770746202975,-0.067182644455264
"ENSG00000258820_P2","Enhancer","chr14_75221854_75222881","NSC_P1vsNSC_P2","RP11-293M10.2","LncRNA",0.444536456957617,0.0197354424075621,1.70475313362066,0.757824918007123
"ENSG00000258820_P2","Enhancer","chr14_75221854_75222881","NSC_P0vsNSC_P1","RP11-293M10.2","LncRNA",-0.264688043873084,0.0761640134628012,1.11825017887223,-0.295987452406418
"ENSG00000258820_P2","Enhancer","chr14_75221854_75222881","iPSvsNSC_P1","RP11-293M10.2","LncRNA",-0.109858988484597,0.0297149739775844,1.52702464573209,-0.167757382971177
"ENSG00000258977_P2","Enhancer","chr14_81613190_81614127",NA,NA,NA,NA,NA,NA,NA
"ENSG00000259163_P1","Enhancer","chr14_90624359_90625766",NA,NA,NA,NA,NA,NA,NA
"ENSG00000259163_P2","Enhancer","chr14_90615162_90616249",NA,NA,NA,NA,NA,NA,NA
"ENSG00000259223_P1","Enhancer","chr15_60118058_60119579","NSC_P0vsNSC_P1","RP11-82L7.4","LncRNA",0.103795581670023,0.100198208578378,0.999140043054402,0.103706321938643
"ENSG00000259223_P1","Enhancer","chr15_60118058_60119579","NSC_P1vsNeuron","RP11-82L7.4","LncRNA",-0.315262667743681,0.106806403783767,0.971402707564226,-0.306247009040133
"ENSG00000259223_P1","Enhancer","chr15_60118058_60119579","NSC_P0vsNeuron","RP11-82L7.4","LncRNA",-0.117495217352086,0.125725025573081,0.900578267369419,-0.105813639267135
"ENSG00000259223_P1","Enhancer","chr15_60118058_60119579","NSC_P1vsNSC_P2","RP11-82L7.4","LncRNA",0.0884460042503376,0.367927104393183,0.434238217456176,0.038406635226788
"ENSG00000259223_P1","Enhancer","chr15_60118058_60119579","iPSvsNSC_P1","RP11-82L7.4","LncRNA",-0.00367984304178002,0.0317542912529717,1.49819757614986,-0.00551313192580677
"ENSG00000259223_P1","Enhancer","chr15_60118058_60119579","iPSvsNSC_P0","RP11-82L7.4","LncRNA",-0.106701486362507,0.0345223784654465,1.46189929062674,-0.155986827222168
"ENSG00000259223_P1","Enhancer","chr15_60118058_60119579","NSC_P0vsNSC_P2","RP11-82L7.4","LncRNA",0.287598274965019,0.303002889081669,0.518553230552993,0.149135014584578
"ENSG00000259223_P1","Enhancer","chr15_60118058_60119579","iPSvsNSC_P2","RP11-82L7.4","LncRNA",-0.109843598408501,0.0821578768729917,1.08535079232044,-0.119218836563995
"ENSG00000259223_P1","Enhancer","chr15_60118058_60119579","iPSvsNeuron","RP11-82L7.4","LncRNA",-0.420328774092636,0.0798074548489698,1.09795653911853,-0.461502726094683
"ENSG00000259223_P1","Enhancer","chr15_60118058_60119579","NSC_P2vsNeuron","RP11-82L7.4","LncRNA",-0.313178320142328,0.243262743030972,0.613924400461134,-0.192267812430804
"ENSG00000259357_P1","Enhancer","chr1_150965554_150966569",NA,NA,NA,NA,NA,NA,NA
"ENSG00000259527_P1","Enhancer","chr15_87576472_87577532","iPSvsNSC_P2","LINC00052","LncRNA",0.0691308971664853,0.00844199393862177,2.0735549640063,0.143346714985775
"ENSG00000259527_P1","Enhancer","chr15_87576472_87577532","NSC_P1vsNSC_P2","LINC00052","LncRNA",-0.217251655143572,0.0194838490600652,1.7103252435344,-0.371570989991681
"ENSG00000259527_P1","Enhancer","chr15_87576472_87577532","NSC_P0vsNSC_P2","LINC00052","LncRNA",-0.201307833948726,0.0562918520647825,1.24955446233139,-0.251545102212898
"ENSG00000259527_P1","Enhancer","chr15_87576472_87577532","iPSvsNSC_P0","LINC00052","LncRNA",0.21645910963375,0.0204626705551172,1.68903768774677,0.365607594027512
"ENSG00000259527_P1","Enhancer","chr15_87576472_87577532","NSC_P2vsNeuron","LINC00052","LncRNA",0.106875639791513,0.0572278576231809,1.24239251199561,0.132781494591716
"ENSG00000259527_P1","Enhancer","chr15_87576472_87577532","NSC_P1vsNeuron","LINC00052","LncRNA",0.0812214190378133,0.0734259775364742,1.13415026290703,0.0921172937554178
"ENSG00000259527_P1","Enhancer","chr15_87576472_87577532","iPSvsNSC_P1","LINC00052","LncRNA",0.370147297741096,0.0109850214172841,1.95919909200708,0.72519224964323
"ENSG00000259527_P1","Enhancer","chr15_87576472_87577532","iPSvsNeuron","LINC00052","LncRNA",0.448936931049432,0.0139231215582194,1.85626338516171,0.83334518735393
"ENSG00000259527_P1","Enhancer","chr15_87576472_87577532","NSC_P0vsNSC_P1","LINC00052","LncRNA",0.147529178916237,0.694992914693083,0.158019622928421,0.0233125052232833
"ENSG00000259527_P1","Enhancer","chr15_87576472_87577532","NSC_P0vsNeuron","LINC00052","LncRNA",0.0216974915171427,0.0636074377826273,1.1964920982024,0.0259608771510748
"ENSG00000259754_P1","Enhancer","chr15_47954398_47955491",NA,NA,NA,NA,NA,NA,NA
"ENSG00000259754_P2","Enhancer","chr15_47812189_47813073",NA,NA,NA,NA,NA,NA,NA
"ENSG00000259772_P1","Enhancer","chr15_31228984_31229822","iPSvsNSC_P0","RP11-16E12.2","LncRNA",-0.375123832691826,0.0222203928107566,1.65324826789578,-0.620172826644187
"ENSG00000259772_P1","Enhancer","chr15_31228984_31229822","NSC_P0vsNSC_P2","RP11-16E12.2","LncRNA",-0.829453706843986,0.00454051668396188,2.34289472418568,-1.94332271372103
"ENSG00000259772_P1","Enhancer","chr15_31228984_31229822","NSC_P0vsNSC_P1","RP11-16E12.2","LncRNA",-0.157649811979774,0.0115240787129476,1.93839378401866,-0.305587415593304
"ENSG00000259772_P1","Enhancer","chr15_31228984_31229822","iPSvsNSC_P1","RP11-16E12.2","LncRNA",-0.317583774294745,0.145160562517301,0.838151357516904,-0.266183271550483
"ENSG00000259772_P1","Enhancer","chr15_31228984_31229822","NSC_P0vsNeuron","RP11-16E12.2","LncRNA",0.129659313325728,0.00329424471818409,2.48224414171475,0.321846070921546
"ENSG00000259772_P1","Enhancer","chr15_31228984_31229822","iPSvsNSC_P2","RP11-16E12.2","LncRNA",-1.0119337319522,0.0048574996175021,2.31358722492617,-2.34119695471647
"ENSG00000259772_P1","Enhancer","chr15_31228984_31229822","NSC_P1vsNSC_P2","RP11-16E12.2","LncRNA",-0.675150671426985,0.00555219771168274,2.25553507721387,-1.52282602180806
"ENSG00000259772_P1","Enhancer","chr15_31228984_31229822","NSC_P2vsNeuron","RP11-16E12.2","LncRNA",0.95006482790781,0.00443909636167739,2.35270542742552,2.23522267702479
"ENSG00000259772_P1","Enhancer","chr15_31228984_31229822","NSC_P1vsNeuron","RP11-16E12.2","LncRNA",0.344836174933489,0.00402101598525814,2.39566420038736,0.826111679286675
"ENSG00000259772_P1","Enhancer","chr15_31228984_31229822","iPSvsNeuron","RP11-16E12.2","LncRNA",-0.346586877541876,0.00879522678213863,2.0557529579164,-0.712496998681721
"ENSG00000260108_P1","Enhancer","chr16_69463573_69464421","iPSvsNSC_P0","RP11-140H17.1","Others",0.549111433676228,0.00408253116428562,2.3890704913615,1.31186592266509
"ENSG00000260108_P1","Enhancer","chr16_69463573_69464421","NSC_P1vsNeuron","RP11-140H17.1","Others",-0.147157841089143,0.0374941187974926,1.42603684891508,-0.209852503999908
"ENSG00000260108_P1","Enhancer","chr16_69463573_69464421","NSC_P2vsNeuron","RP11-140H17.1","Others",-0.411532740329096,0.0624410294407334,1.20452994550801,-0.495703509283368
"ENSG00000260108_P1","Enhancer","chr16_69463573_69464421","NSC_P0vsNSC_P2","RP11-140H17.1","Others",0.412314727054688,0.0662482398931267,1.17882565572862,0.486047178486809
"ENSG00000260108_P1","Enhancer","chr16_69463573_69464421","iPSvsNSC_P1","RP11-140H17.1","Others",0.572235455279541,0.003841427023303,2.41550741281504,1.38223898410332
"ENSG00000260108_P1","Enhancer","chr16_69463573_69464421","NSC_P1vsNSC_P2","RP11-140H17.1","Others",0.343924008168964,0.053559985142205,1.27115955213537,0.437182288192661
"ENSG00000260108_P1","Enhancer","chr16_69463573_69464421","NSC_P0vsNSC_P1","RP11-140H17.1","Others",0.118305040553297,0.0570552092914082,1.24370469720142,0.147136534638739
"ENSG00000260108_P1","Enhancer","chr16_69463573_69464421","NSC_P0vsNeuron","RP11-140H17.1","Others",-0.140133887872141,0.219064163574565,0.659428662305838,-0.0924083022232419
"ENSG00000260108_P1","Enhancer","chr16_69463573_69464421","iPSvsNSC_P2","RP11-140H17.1","Others",0.701786315694932,0.00324433440252424,2.48887438821977,1.74665798713623
"ENSG00000260108_P1","Enhancer","chr16_69463573_69464421","iPSvsNeuron","RP11-140H17.1","Others",0.576008041590598,0.00489051861466335,2.31064508370996,1.33095014947872
"ENSG00000260455_P1","Enhancer","chr6_22222292_22223152","iPSvsNSC_P1","NBAT1","LncRNA",0.110828907677444,0.0220806682681999,1.65598778688488,0.183531317547638
"ENSG00000260455_P1","Enhancer","chr6_22222292_22223152","iPSvsNeuron","NBAT1","LncRNA",-0.117463629855166,0.157457718626362,0.802836045254978,-0.0943040360542158
"ENSG00000260455_P1","Enhancer","chr6_22222292_22223152","iPSvsNSC_P2","NBAT1","LncRNA",0.46104502041926,0.0437150584738368,1.35936893635719,0.62673027902011
"ENSG00000260455_P1","Enhancer","chr6_22222292_22223152","NSC_P1vsNSC_P2","NBAT1","LncRNA",0.615305693450717,0.0185052860875785,1.73270419642154,1.06614275712413
"ENSG00000260455_P1","Enhancer","chr6_22222292_22223152","NSC_P1vsNeuron","NBAT1","LncRNA",-0.232467204789752,0.159581795750545,0.797016652183322,-0.185280233303943
"ENSG00000260455_P1","Enhancer","chr6_22222292_22223152","NSC_P2vsNeuron","NBAT1","LncRNA",-0.655717470561055,0.0121895012834112,1.9140140625763,-1.25505245973082
"ENSG00000260455_P1","Enhancer","chr6_22222292_22223152","NSC_P0vsNeuron","NBAT1","LncRNA",-0.433657379678584,0.0319456349265036,1.49558847574794,-0.64857297947034
"ENSG00000260455_P1","Enhancer","chr6_22222292_22223152","iPSvsNSC_P0","NBAT1","LncRNA",0.431184431979275,0.0212582649178993,1.6724721851247,0.721143969144132
"ENSG00000260455_P1","Enhancer","chr6_22222292_22223152","NSC_P0vsNSC_P1","NBAT1","LncRNA",-0.106346667967215,0.0277890708839891,1.55612597343501,-0.165488812212052
"ENSG00000260455_P1","Enhancer","chr6_22222292_22223152","NSC_P0vsNSC_P2","NBAT1","LncRNA",0.318942678262206,0.259127879846266,0.586485858291649,0.187055370406447
"ENSG00000260455_P2","Enhancer","chr6_22147752_22148710","iPSvsNSC_P2","NBAT1","LncRNA",0.368613152917743,0.0621041001473397,1.20687972651291,0.444871741182426
"ENSG00000260455_P2","Enhancer","chr6_22147752_22148710","NSC_P2vsNeuron","NBAT1","LncRNA",-0.132750373536633,0.0569144278157082,1.24477762593402,-0.165244694812784
"ENSG00000260455_P2","Enhancer","chr6_22147752_22148710","NSC_P0vsNSC_P2","NBAT1","LncRNA",0.320178550151962,0.207486141068702,0.683010906462234,0.218685441769055
"ENSG00000260455_P2","Enhancer","chr6_22147752_22148710","NSC_P0vsNSC_P1","NBAT1","LncRNA",0.088836892382026,0.0472087231856761,1.32597774540467,0.117795742269476
"ENSG00000260455_P2","Enhancer","chr6_22147752_22148710","NSC_P1vsNSC_P2","NBAT1","LncRNA",0.254989213969235,0.352798600260274,0.452473146614042,0.115375771997301
"ENSG00000260455_P2","Enhancer","chr6_22147752_22148710","NSC_P0vsNeuron","NBAT1","LncRNA",-0.153362589482746,0.0377145419864525,1.42349116208205,-0.218310290722706
"ENSG00000260455_P2","Enhancer","chr6_22147752_22148710","NSC_P1vsNeuron","NBAT1","LncRNA",-0.159444377344829,0.164622167881968,0.783511683458032,-0.124926532511364
"ENSG00000260455_P2","Enhancer","chr6_22147752_22148710","iPSvsNSC_P1","NBAT1","LncRNA",0.167105671546517,0.032916403036352,1.48258762870925,0.247748801322017
"ENSG00000260455_P2","Enhancer","chr6_22147752_22148710","iPSvsNeuron","NBAT1","LncRNA",-0.031679589901441,0.0773634929185694,1.11146393032869,-0.0352107215030566
"ENSG00000260455_P2","Enhancer","chr6_22147752_22148710","iPSvsNSC_P0","NBAT1","LncRNA",0.038474100739837,0.0488347811090401,1.31127075456851,0.0504499631084708
"ENSG00000260466_P1","Enhancer","chr16_87839018_87839863","NSC_P0vsNSC_P1","RP4-536B24.2","LncRNA",-0.00140784100901635,0.0531054003987629,1.27486131236248,-0.00179480203635231
"ENSG00000260466_P1","Enhancer","chr16_87839018_87839863","NSC_P1vsNSC_P2","RP4-536B24.2","LncRNA",0.476454469576231,0.0439662795868103,1.3568802826923,0.646491675368608
"ENSG00000260466_P1","Enhancer","chr16_87839018_87839863","iPSvsNSC_P2","RP4-536B24.2","LncRNA",-0.03836787958519,0.0328051319883763,1.48405821055999,-0.0569401667201782
"ENSG00000260466_P1","Enhancer","chr16_87839018_87839863","NSC_P1vsNeuron","RP4-536B24.2","LncRNA",0.0770373793121623,0.0125881863642135,1.90003683611547,0.146373858450908
"ENSG00000260466_P1","Enhancer","chr16_87839018_87839863","iPSvsNSC_P1","RP4-536B24.2","LncRNA",-0.560571747598158,0.0046063801298387,2.33664022584217,-1.3098544949085
"ENSG00000260466_P1","Enhancer","chr16_87839018_87839863","iPSvsNSC_P0","RP4-536B24.2","LncRNA",-0.746423976336758,0.00726031274887892,2.13904467100971,-1.59663422889702
"ENSG00000260466_P1","Enhancer","chr16_87839018_87839863","NSC_P2vsNeuron","RP4-536B24.2","LncRNA",-0.783463888016889,0.0123560779749024,1.9081193596808,-1.49494261233582
"ENSG00000260466_P1","Enhancer","chr16_87839018_87839863","iPSvsNeuron","RP4-536B24.2","LncRNA",-0.726836321823775,0.00904574601951598,2.04355561025263,-1.48533044319836
"ENSG00000260466_P1","Enhancer","chr16_87839018_87839863","NSC_P0vsNeuron","RP4-536B24.2","LncRNA",0.0705012613683537,0.00579783786359197,2.23673393384682,0.1576925636816
"ENSG00000260466_P1","Enhancer","chr16_87839018_87839863","NSC_P0vsNSC_P2","RP4-536B24.2","LncRNA",0.625054252435946,0.0080905498912676,2.09202195964518,1.3076272220656
"ENSG00000260517_P2","Enhancer","chr16_29139058_29139984",NA,NA,NA,NA,NA,NA,NA
"ENSG00000260719_P2","Enhancer","chr16_29745515_29746370","NSC_P1vsNeuron","AC009133.17","LncRNA",-0.173775974653214,0.0079665076048544,2.09873202494604,-0.364709203170912
"ENSG00000260719_P2","Enhancer","chr16_29745515_29746370","NSC_P0vsNSC_P2","AC009133.17","LncRNA",0.621377074983785,0.00671428460512266,2.1730002538216,1.35025254165869
"ENSG00000260719_P2","Enhancer","chr16_29745515_29746370","iPSvsNSC_P2","AC009133.17","LncRNA",0.592302106748846,0.0222705794484598,1.65226848310091,0.978642103455386
"ENSG00000260719_P2","Enhancer","chr16_29745515_29746370","NSC_P2vsNeuron","AC009133.17","LncRNA",-0.729584035537375,0.0371565291837175,1.42996486052228,-1.04327953361648
"ENSG00000260719_P2","Enhancer","chr16_29745515_29746370","iPSvsNeuron","AC009133.17","LncRNA",-0.0988366955237177,0.00768793174706124,2.11419048095947,-0.208959600845733
"ENSG00000260719_P2","Enhancer","chr16_29745515_29746370","NSC_P0vsNeuron","AC009133.17","LncRNA",-0.243104062456092,0.00457196900717686,2.33989672229637,-0.568838398917943
"ENSG00000260719_P2","Enhancer","chr16_29745515_29746370","iPSvsNSC_P1","AC009133.17","LncRNA",-0.168721245593204,0.00700402698404865,2.15465218940172,-0.363535601215983
"ENSG00000260719_P2","Enhancer","chr16_29745515_29746370","NSC_P0vsNSC_P1","AC009133.17","LncRNA",0.388661677551329,0.00891957030742623,2.04965606688045,0.796622765357014
"ENSG00000260719_P2","Enhancer","chr16_29745515_29746370","NSC_P1vsNSC_P2","AC009133.17","LncRNA",0.570729055530967,0.00886920180237408,2.05211546341773,1.1712019202769
"ENSG00000260719_P2","Enhancer","chr16_29745515_29746370","iPSvsNSC_P0","AC009133.17","LncRNA",-0.063608394627475,0.21996421705177,0.657647962818319,-0.0418319311449027
"ENSG00000260802_P1","Enhancer","chrX_111511142_111512145","NSC_P1vsNeuron","SERTM2","LncRNA",-0.50690821975912,0.0116031504713176,1.9354240757264,-0.981082372705409
"ENSG00000260802_P1","Enhancer","chrX_111511142_111512145","NSC_P0vsNeuron","SERTM2","LncRNA",-0.123513404884533,0.109970439256248,0.958724040234634,-0.118415270554035
"ENSG00000260802_P1","Enhancer","chrX_111511142_111512145","NSC_P1vsNSC_P2","SERTM2","LncRNA",0.0739270165164357,0.0961382466933976,1.01710380251449,0.0751914496074179
"ENSG00000260802_P1","Enhancer","chrX_111511142_111512145","NSC_P2vsNeuron","SERTM2","LncRNA",-0.62283261630338,0.00964668393020234,2.01562195073019,-1.25539509305181
"ENSG00000260802_P1","Enhancer","chrX_111511142_111512145","iPSvsNeuron","SERTM2","LncRNA",0.0111144344247136,0.0915925958564826,1.03813963232166,0.0115383348671355
"ENSG00000260802_P1","Enhancer","chrX_111511142_111512145","iPSvsNSC_P0","SERTM2","LncRNA",0.386793743600549,0.0166433459994307,1.77875935815299,0.688012991104505
"ENSG00000260802_P1","Enhancer","chrX_111511142_111512145","NSC_P0vsNSC_P1","SERTM2","LncRNA",0.25030805478447,0.0238086147592988,1.6232658721253,0.4063165228497
"ENSG00000260802_P1","Enhancer","chrX_111511142_111512145","NSC_P0vsNSC_P2","SERTM2","LncRNA",0.517704643252943,0.0138553481548344,1.85838255686668,0.962093278630159
"ENSG00000260802_P1","Enhancer","chrX_111511142_111512145","iPSvsNSC_P1","SERTM2","LncRNA",0.448949317512105,0.00791005383359744,2.1018205608064,0.943610906306943
"ENSG00000260802_P1","Enhancer","chrX_111511142_111512145","iPSvsNSC_P2","SERTM2","LncRNA",0.517623782953071,0.0100577581516668,1.99749881161223,1.03395289131098
"ENSG00000260899_P1","Enhancer","chr16_30740095_30740943","NSC_P1vsNeuron","RP11-2C24.4","LncRNA",-0.029673530665233,0.0219417638646368,1.65872846309278,-0.0492203299148784
"ENSG00000260899_P1","Enhancer","chr16_30740095_30740943","iPSvsNSC_P0","RP11-2C24.4","LncRNA",-0.147664806034705,0.035141642672883,1.45417794155744,-0.214730903680026
"ENSG00000260899_P1","Enhancer","chr16_30740095_30740943","NSC_P1vsNSC_P2","RP11-2C24.4","LncRNA",0.0720390951802847,0.300754285063775,0.521788176236514,0.0375891480918494
"ENSG00000260899_P1","Enhancer","chr16_30740095_30740943","NSC_P0vsNSC_P2","RP11-2C24.4","LncRNA",0.571152087105495,0.0126952914687367,1.89635732379295,1.08310844338213
"ENSG00000260899_P1","Enhancer","chr16_30740095_30740943","NSC_P0vsNeuron","RP11-2C24.4","LncRNA",0.414379204347675,0.0127594025176742,1.894169661771,0.784904517344171
"ENSG00000260899_P1","Enhancer","chr16_30740095_30740943","iPSvsNeuron","RP11-2C24.4","LncRNA",-0.168311807227464,0.134235420037324,0.872132873905492,-0.146790260149515
"ENSG00000260899_P1","Enhancer","chr16_30740095_30740943","iPSvsNSC_P2","RP11-2C24.4","LncRNA",0.349749623782469,0.0804805865617038,1.09430886703488,0.382734114547269
"ENSG00000260899_P1","Enhancer","chr16_30740095_30740943","NSC_P2vsNeuron","RP11-2C24.4","LncRNA",-0.321185862681526,0.05754272169665,1.24000960039004,-0.39827355323465
"ENSG00000260899_P1","Enhancer","chr16_30740095_30740943","NSC_P0vsNSC_P1","RP11-2C24.4","LncRNA",0.438660904896682,0.00554746077975645,2.25590575952328,0.989577661834117
"ENSG00000260899_P1","Enhancer","chr16_30740095_30740943","iPSvsNSC_P1","RP11-2C24.4","LncRNA",0.227232962593545,0.234733422639048,0.629425068755569,0.143026123103973
"ENSG00000260899_P2","Enhancer","chr16_30728797_30729681","NSC_P1vsNSC_P2","RP11-2C24.4","LncRNA",0.418996677507903,0.0405574808777445,1.39192902790724,0.583213638019938
"ENSG00000260899_P2","Enhancer","chr16_30728797_30729681","NSC_P0vsNeuron","RP11-2C24.4","LncRNA",-0.271037166377789,0.0146850217339741,1.83312540638067,-0.496845115760552
"ENSG00000260899_P2","Enhancer","chr16_30728797_30729681","iPSvsNSC_P2","RP11-2C24.4","LncRNA",0.471899944850069,0.0487016486959558,1.31245633637395,0.619348072752989
"ENSG00000260899_P2","Enhancer","chr16_30728797_30729681","NSC_P2vsNeuron","RP11-2C24.4","LncRNA",-0.354148073237249,0.017006742590986,1.76937886159215,-0.626622114659576
"ENSG00000260899_P2","Enhancer","chr16_30728797_30729681","NSC_P1vsNeuron","RP11-2C24.4","LncRNA",-0.14285585037419,0.0139231215582194,1.85626338516171,-0.265178084405748
"ENSG00000260899_P2","Enhancer","chr16_30728797_30729681","NSC_P0vsNSC_P1","RP11-2C24.4","LncRNA",0.066718613134018,0.0458889544188132,1.33829183760525,0.0892889753735989
"ENSG00000260899_P2","Enhancer","chr16_30728797_30729681","iPSvsNSC_P1","RP11-2C24.4","LncRNA",0.110856416857977,0.033711212880149,1.47222562191747,0.163205657252277
"ENSG00000260899_P2","Enhancer","chr16_30728797_30729681","iPSvsNeuron","RP11-2C24.4","LncRNA",-0.212559073922167,0.0256531723612852,1.590858920852,-0.338151498957119
"ENSG00000260899_P2","Enhancer","chr16_30728797_30729681","iPSvsNSC_P0","RP11-2C24.4","LncRNA",0.010911828801731,0.21996421705177,0.657647962818319,0.00717614198208065
"ENSG00000260899_P2","Enhancer","chr16_30728797_30729681","NSC_P0vsNSC_P2","RP11-2C24.4","LncRNA",0.439244183978019,0.0569144278157082,1.24477762593402,0.546761332537482
"ENSG00000260919_P1","Enhancer","chr15_74610062_74611071","NSC_P0vsNeuron","CTD-3154N5.1","LncRNA",0.419512260271408,0.0261331663527651,1.58280796699585,0.664007347810022
"ENSG00000260919_P1","Enhancer","chr15_74610062_74611071","NSC_P0vsNSC_P1","CTD-3154N5.1","LncRNA",0.0956072008324767,0.0218033134094209,1.6614775024467,0.158849213255064
"ENSG00000260919_P1","Enhancer","chr15_74610062_74611071","NSC_P0vsNSC_P2","CTD-3154N5.1","LncRNA",-0.537525453959939,0.0145179734693901,1.83809400157565,-0.988022312617991
"ENSG00000260919_P1","Enhancer","chr15_74610062_74611071","iPSvsNSC_P1","CTD-3154N5.1","LncRNA",0.0242381434220903,0.08663242421527,1.06231953266801,0.0257486531928953
"ENSG00000260919_P1","Enhancer","chr15_74610062_74611071","iPSvsNSC_P2","CTD-3154N5.1","LncRNA",-0.619032278162465,0.0102690846224126,1.98846826732316,-1.23092604157482
"ENSG00000260919_P1","Enhancer","chr15_74610062_74611071","iPSvsNeuron","CTD-3154N5.1","LncRNA",0.0704706133230773,0.305276731207233,0.515306297219256,0.036313950814285
"ENSG00000260919_P1","Enhancer","chr15_74610062_74611071","iPSvsNSC_P0","CTD-3154N5.1","LncRNA",-0.165032652984346,0.0176485388764747,1.75329124405243,-0.289350305460198
"ENSG00000260919_P1","Enhancer","chr15_74610062_74611071","NSC_P1vsNSC_P2","CTD-3154N5.1","LncRNA",-0.614409432698196,0.0118622975816051,1.92583118530792,-1.18324884603753
"ENSG00000260919_P1","Enhancer","chr15_74610062_74611071","NSC_P1vsNeuron","CTD-3154N5.1","LncRNA",0.118447820216153,0.040680735298523,1.39061120586716,0.164714866103121
"ENSG00000260919_P1","Enhancer","chr15_74610062_74611071","NSC_P2vsNeuron","CTD-3154N5.1","LncRNA",0.552950997016399,0.00850187139597769,2.07048546869843,1.14487700422476
"ENSG00000261040_P1","Enhancer","chr17_60087915_60088826",NA,NA,NA,NA,NA,NA,NA
"ENSG00000261040_P2","Enhancer","chr17_60090863_60091786",NA,NA,NA,NA,NA,NA,NA
"ENSG00000261040_P2","Enhancer","chr17_60091914_60092563",NA,NA,NA,NA,NA,NA,NA
"ENSG00000261067_P2","Enhancer","chr16_28981273_28982166","NSC_P1vsNSC_P2","RP11-264B17.3","LncRNA",0.539838576121559,0.00706242954598901,2.1510458716243,1.16121754050982
"ENSG00000261067_P2","Enhancer","chr16_28981273_28982166","NSC_P0vsNSC_P2","RP11-264B17.3","LncRNA",0.405706642752128,0.018745819080415,1.72709557875095,0.70069414896709
"ENSG00000261067_P2","Enhancer","chr16_28981273_28982166","iPSvsNSC_P1","RP11-264B17.3","LncRNA",0.130027192413611,0.00997345715048738,2.00115427387219,0.2602044718181
"ENSG00000261067_P2","Enhancer","chr16_28981273_28982166","NSC_P0vsNeuron","RP11-264B17.3","LncRNA",0.148306923296465,0.428029403166663,0.368526396420422,0.054655016006646
"ENSG00000261067_P2","Enhancer","chr16_28981273_28982166","iPSvsNeuron","RP11-264B17.3","LncRNA",0.17431362635314,0.0428482116289233,1.36806729966606,0.23847277209994
"ENSG00000261067_P2","Enhancer","chr16_28981273_28982166","iPSvsNSC_P0","RP11-264B17.3","LncRNA",0.411152293558785,0.0244103822825952,1.61242541919315,0.662952409293749
"ENSG00000261067_P2","Enhancer","chr16_28981273_28982166","NSC_P2vsNeuron","RP11-264B17.3","LncRNA",-0.416303054055975,0.023419958748067,1.63041387422961,-0.678746275217021
"ENSG00000261067_P2","Enhancer","chr16_28981273_28982166","NSC_P0vsNSC_P1","RP11-264B17.3","LncRNA",0.0638481437549923,0.266346051604951,0.574553736945201,0.0366841895914452
"ENSG00000261067_P2","Enhancer","chr16_28981273_28982166","iPSvsNSC_P2","RP11-264B17.3","LncRNA",0.591133352805898,0.00543052849893014,2.26515790282367,1.33901038573093
"ENSG00000261067_P2","Enhancer","chr16_28981273_28982166","NSC_P1vsNeuron","RP11-264B17.3","LncRNA",0.178963987702511,0.0233661925838295,1.63141204817877,0.291964005727994
"ENSG00000261121_P1","Enhancer","chr4_24659059_24660232",NA,NA,NA,NA,NA,NA,NA
"ENSG00000261175_P1","Enhancer","chr16_86734428_86735347",NA,NA,NA,NA,NA,NA,NA
"ENSG00000261490_P2","Enhancer","chr4_10074432_10075485","NSC_P0vsNSC_P1","RP11-448G15.3","LncRNA",-0.0762825138127473,0.00500100403167905,2.3009427953353,-0.175521700567507
"ENSG00000261490_P2","Enhancer","chr4_10074432_10075485","iPSvsNSC_P1","RP11-448G15.3","LncRNA",0.395835218828994,0.012335188767974,1.90885420002409,0.75559171997918
"ENSG00000261490_P2","Enhancer","chr4_10074432_10075485","NSC_P0vsNeuron","RP11-448G15.3","LncRNA",-0.255941732922939,0.00530709071678098,2.27514348869233,-0.582304167144256
"ENSG00000261490_P2","Enhancer","chr4_10074432_10075485","iPSvsNeuron","RP11-448G15.3","LncRNA",-0.217812344528766,0.0145877835611091,1.83601068893608,-0.399905792737043
"ENSG00000261490_P2","Enhancer","chr4_10074432_10075485","NSC_P0vsNSC_P2","RP11-448G15.3","LncRNA",-0.0387646834956237,0.780619156828381,0.107560795095802,-0.00416956017842638
"ENSG00000261490_P2","Enhancer","chr4_10074432_10075485","NSC_P2vsNeuron","RP11-448G15.3","LncRNA",-0.658621084504566,0.00732095044387177,2.13543253291243,-1.40644089071312
"ENSG00000261490_P2","Enhancer","chr4_10074432_10075485","iPSvsNSC_P0","RP11-448G15.3","LncRNA",0.401625093111932,0.0103963592831369,1.98311872032266,0.796470240701603
"ENSG00000261490_P2","Enhancer","chr4_10074432_10075485","NSC_P1vsNSC_P2","RP11-448G15.3","LncRNA",0.284582079026024,0.160150289600639,0.795472271662378,0.226377152877234
"ENSG00000261490_P2","Enhancer","chr4_10074432_10075485","NSC_P1vsNeuron","RP11-448G15.3","LncRNA",-0.51074619772528,0.00861142475731727,2.06492498872626,-1.05465258657985
"ENSG00000261490_P2","Enhancer","chr4_10074432_10075485","iPSvsNSC_P2","RP11-448G15.3","LncRNA",0.394717063874869,0.0500905956375009,1.30024380399542,0.513228416634562
"ENSG00000261504_P1","Enhancer","chr1_182614610_182615539","NSC_P1vsNSC_P2","LINC01686","LncRNA",-0.546847401665412,0.0122725298090699,1.91106590435754,-1.04506142420928
"ENSG00000261504_P1","Enhancer","chr1_182614610_182615539","NSC_P2vsNeuron","LINC01686","LncRNA",0.587633368961814,0.0210364304612763,1.67702795094832,0.985477584658889
"ENSG00000261504_P1","Enhancer","chr1_182614610_182615539","NSC_P0vsNSC_P2","LINC01686","LncRNA",-0.752980692749822,0.00706243574496986,2.15104549042659,-1.61969572351779
"ENSG00000261504_P1","Enhancer","chr1_182614610_182615539","NSC_P0vsNSC_P1","LINC01686","LncRNA",-0.237285434887373,0.0083125842127976,2.08026394193328,-0.49361633414216
"ENSG00000261504_P1","Enhancer","chr1_182614610_182615539","NSC_P1vsNeuron","LINC01686","LncRNA",-0.299083984923698,0.0734259775364742,1.13415026290703,-0.339206180132494
"ENSG00000261504_P1","Enhancer","chr1_182614610_182615539","iPSvsNSC_P0","LINC01686","LncRNA",-0.0391624723440753,0.316728787220636,0.49931246216361,-0.0195543104905345
"ENSG00000261504_P1","Enhancer","chr1_182614610_182615539","NSC_P0vsNeuron","LINC01686","LncRNA",-0.365543997815825,0.049387210234847,1.30638550540012,-0.477541380332607
"ENSG00000261504_P1","Enhancer","chr1_182614610_182615539","iPSvsNSC_P2","LINC01686","LncRNA",-0.940444701464708,0.00493060319882998,2.30709994686911,-2.16969992078256
"ENSG00000261504_P1","Enhancer","chr1_182614610_182615539","iPSvsNSC_P1","LINC01686","LncRNA",-0.290307747018092,0.0136465094742525,1.86497841894749,-0.54141768304201
"ENSG00000261504_P1","Enhancer","chr1_182614610_182615539","iPSvsNeuron","LINC01686","LncRNA",-0.490658336397296,0.0244104418332152,1.6124243597065,-0.791149453900067
"ENSG00000261550_P1","Enhancer","chr16_53043824_53044786","NSC_P0vsNeuron","RP11-467J12.4","LncRNA",0.1249449319548,0.114303647548806,0.941939910592966,0.117690618034548
"ENSG00000261550_P1","Enhancer","chr16_53043824_53044786","NSC_P1vsNeuron","RP11-467J12.4","LncRNA",0.265804915113886,0.12931931137786,0.888336616661717,0.236124238984324
"ENSG00000261550_P1","Enhancer","chr16_53043824_53044786","NSC_P0vsNSC_P2","RP11-467J12.4","LncRNA",0.322936730907715,0.0821578531249042,1.08535091785515,0.350499677299829
"ENSG00000261550_P1","Enhancer","chr16_53043824_53044786","iPSvsNSC_P1","RP11-467J12.4","LncRNA",-0.381930810260584,0.0353501601937305,1.45160861380214,-0.554414054050696
"ENSG00000261550_P1","Enhancer","chr16_53043824_53044786","iPSvsNeuron","RP11-467J12.4","LncRNA",0.112796159217508,0.0831632959570843,1.08006830688736,0.121827556709451
"ENSG00000261550_P1","Enhancer","chr16_53043824_53044786","NSC_P2vsNeuron","RP11-467J12.4","LncRNA",-0.120514323978637,0.206621874093141,0.684823703653376,-0.082531065690333
"ENSG00000261550_P1","Enhancer","chr16_53043824_53044786","NSC_P0vsNSC_P1","RP11-467J12.4","LncRNA",-0.249872729790879,0.110504067189124,0.956621737134645,-0.239033684835127
"ENSG00000261550_P1","Enhancer","chr16_53043824_53044786","iPSvsNSC_P2","RP11-467J12.4","LncRNA",0.121376963461249,0.0772094533279521,1.11232952250339,0.135011179809762
"ENSG00000261550_P1","Enhancer","chr16_53043824_53044786","iPSvsNSC_P0","RP11-467J12.4","LncRNA",-0.0850298371607933,0.411449220961767,0.385683755632476,-0.0327946269369927
"ENSG00000261550_P1","Enhancer","chr16_53043824_53044786","NSC_P1vsNSC_P2","RP11-467J12.4","LncRNA",0.415324515076467,0.0294300197203531,1.53120944688994,0.635948821010067
"ENSG00000261550_P2","Enhancer","chr16_53052502_53053281","iPSvsNSC_P2","RP11-467J12.4","LncRNA",0.183607072914667,0.0107036292369969,1.97046894284186,0.361792034864453
"ENSG00000261550_P2","Enhancer","chr16_53052502_53053281","iPSvsNSC_P0","RP11-467J12.4","LncRNA",-0.167466070911301,0.0284767212191548,1.54551001638356,-0.258820489997815
"ENSG00000261550_P2","Enhancer","chr16_53052502_53053281","iPSvsNeuron","RP11-467J12.4","LncRNA",0.167035894664099,0.0184668067128234,1.73360819643298,0.289574796088198
"ENSG00000261550_P2","Enhancer","chr16_53052502_53053281","NSC_P2vsNeuron","RP11-467J12.4","LncRNA",-0.433731168506029,0.221672619062191,0.65428794750157,-0.283785076009268
"ENSG00000261550_P2","Enhancer","chr16_53052502_53053281","NSC_P0vsNSC_P2","RP11-467J12.4","LncRNA",0.312964542945302,0.0975866686482495,1.01060950741479,0.316284942584246
"ENSG00000261550_P2","Enhancer","chr16_53052502_53053281","NSC_P1vsNSC_P2","RP11-467J12.4","LncRNA",0.406269286712679,0.0391666717728374,1.4070833314928,0.57165474143088
"ENSG00000261550_P2","Enhancer","chr16_53052502_53053281","NSC_P0vsNSC_P1","RP11-467J12.4","LncRNA",0.154963991789162,0.178905797515945,0.7473755857133,0.115816304127896
"ENSG00000261550_P2","Enhancer","chr16_53052502_53053281","NSC_P0vsNeuron","RP11-467J12.4","LncRNA",-0.196422477941074,0.0120868100045648,1.91768830461634,-0.376677088711359
"ENSG00000261550_P2","Enhancer","chr16_53052502_53053281","iPSvsNSC_P1","RP11-467J12.4","LncRNA",0.129920418861347,0.058000980150861,1.23656466729028,0.160654999523495
"ENSG00000261550_P2","Enhancer","chr16_53052502_53053281","NSC_P1vsNeuron","RP11-467J12.4","LncRNA",-0.06664953217549,0.0182297078467594,1.73922029138655,-0.115918218771033
"ENSG00000261582_P1","Enhancer","chr20_35291923_35292774","NSC_P2vsNeuron","RP4-614O4.11","LncRNA",-0.591435218000476,0.0244675653918492,1.61140924231507,-0.953044176516596
"ENSG00000261582_P1","Enhancer","chr20_35291923_35292774","NSC_P0vsNeuron","RP4-614O4.11","LncRNA",0.122131029110917,0.00819586495710523,2.08640520606235,0.254814814958769
"ENSG00000261582_P1","Enhancer","chr20_35291923_35292774","NSC_P0vsNSC_P2","RP4-614O4.11","LncRNA",0.536174834905033,0.0133985353480246,1.87294267365284,1.0042247288324
"ENSG00000261582_P1","Enhancer","chr20_35291923_35292774","iPSvsNSC_P2","RP4-614O4.11","LncRNA",0.260231235459356,0.639649671760262,0.194057818637846,0.0504999058946744
"ENSG00000261582_P1","Enhancer","chr20_35291923_35292774","iPSvsNSC_P0","RP4-614O4.11","LncRNA",-0.423686938474827,0.0220806682681999,1.65598778688488,-0.701620395576959
"ENSG00000261582_P1","Enhancer","chr20_35291923_35292774","NSC_P0vsNSC_P1","RP4-614O4.11","LncRNA",0.428158541148598,0.00715671916784895,2.14528602431833,0.918522534518612
"ENSG00000261582_P1","Enhancer","chr20_35291923_35292774","NSC_P1vsNeuron","RP4-614O4.11","LncRNA",-0.248686465730051,0.205015772186685,0.688212726699582,-0.171149190673361
"ENSG00000261582_P1","Enhancer","chr20_35291923_35292774","NSC_P1vsNSC_P2","RP4-614O4.11","LncRNA",0.152412033056352,0.288586362955761,0.539724195186367,0.0822604618780578
"ENSG00000261582_P1","Enhancer","chr20_35291923_35292774","iPSvsNSC_P1","RP4-614O4.11","LncRNA",-0.0769051378070897,0.38994592529507,0.408995613420169,-0.0314538640125733
"ENSG00000261582_P1","Enhancer","chr20_35291923_35292774","iPSvsNeuron","RP4-614O4.11","LncRNA",-0.157501583217616,0.126318487166973,0.898533084226567,-0.141520383339092
"ENSG00000261617_P1","Enhancer","chr16_9364990_9365969",NA,NA,NA,NA,NA,NA,NA
"ENSG00000261638_P2","Enhancer","chr16_58862393_58863308",NA,NA,NA,NA,NA,NA,NA
"ENSG00000261757_P1","Enhancer","chr5_142702679_142703780",NA,NA,NA,NA,NA,NA,NA
"ENSG00000262074_P1","Enhancer","chr17_19111892_19112768","NSC_P1vsNeuron","SNORD3B-2","LncRNA",0.07293174964775,0.379455612488912,0.420839019185056,0.0306925259892092
"ENSG00000262074_P1","Enhancer","chr17_19111892_19112768","NSC_P0vsNSC_P1","SNORD3B-2","LncRNA",-0.249420794996431,0.0761640134628012,1.11825017887223,-0.278914848619214
"ENSG00000262074_P1","Enhancer","chr17_19111892_19112768","NSC_P2vsNeuron","SNORD3B-2","LncRNA",-0.331858326003919,0.196453905726003,0.706739332500486,-0.234537331804738
"ENSG00000262074_P1","Enhancer","chr17_19111892_19112768","NSC_P0vsNSC_P2","SNORD3B-2","LncRNA",0.0534919915481757,0.799107310884228,0.0973948960358164,0.00520984695558333
"ENSG00000262074_P1","Enhancer","chr17_19111892_19112768","iPSvsNSC_P1","SNORD3B-2","LncRNA",-0.266285930155755,0.194092916272174,0.711990314586109,-0.189593003181451
"ENSG00000262074_P1","Enhancer","chr17_19111892_19112768","iPSvsNSC_P2","SNORD3B-2","LncRNA",0.458356239807772,0.0740474831980038,1.13048969813932,0.518167007180562
"ENSG00000262074_P1","Enhancer","chr17_19111892_19112768","NSC_P1vsNSC_P2","SNORD3B-2","LncRNA",0.399489363523422,0.0495310400891326,1.30512255228752,0.521382577733403
"ENSG00000262074_P1","Enhancer","chr17_19111892_19112768","NSC_P0vsNeuron","SNORD3B-2","LncRNA",-0.0625079451191783,0.721753582893252,0.141611051538816,-0.00885181583785744
"ENSG00000262074_P1","Enhancer","chr17_19111892_19112768","iPSvsNSC_P0","SNORD3B-2","LncRNA",0.340210592531461,0.0818915717712125,1.08676079325311,0.3697275334126
"ENSG00000262074_P1","Enhancer","chr17_19111892_19112768","iPSvsNeuron","SNORD3B-2","LncRNA",0.138853221550511,0.694993468525644,0.158019276843844,0.0219414856568498
"ENSG00000262074_P1","Enhancer","chr17_19108221_19109114","NSC_P1vsNeuron","SNORD3B-2","LncRNA",0.07293174964775,0.379455612488912,0.420839019185056,0.0306925259892092
"ENSG00000262074_P1","Enhancer","chr17_19108221_19109114","NSC_P0vsNSC_P1","SNORD3B-2","LncRNA",-0.249420794996431,0.0761640134628012,1.11825017887223,-0.278914848619214
"ENSG00000262074_P1","Enhancer","chr17_19108221_19109114","NSC_P2vsNeuron","SNORD3B-2","LncRNA",-0.331858326003919,0.196453905726003,0.706739332500486,-0.234537331804738
"ENSG00000262074_P1","Enhancer","chr17_19108221_19109114","NSC_P0vsNSC_P2","SNORD3B-2","LncRNA",0.0534919915481757,0.799107310884228,0.0973948960358164,0.00520984695558333
"ENSG00000262074_P1","Enhancer","chr17_19108221_19109114","iPSvsNSC_P1","SNORD3B-2","LncRNA",-0.266285930155755,0.194092916272174,0.711990314586109,-0.189593003181451
"ENSG00000262074_P1","Enhancer","chr17_19108221_19109114","iPSvsNSC_P2","SNORD3B-2","LncRNA",0.458356239807772,0.0740474831980038,1.13048969813932,0.518167007180562
"ENSG00000262074_P1","Enhancer","chr17_19108221_19109114","NSC_P1vsNSC_P2","SNORD3B-2","LncRNA",0.399489363523422,0.0495310400891326,1.30512255228752,0.521382577733403
"ENSG00000262074_P1","Enhancer","chr17_19108221_19109114","NSC_P0vsNeuron","SNORD3B-2","LncRNA",-0.0625079451191783,0.721753582893252,0.141611051538816,-0.00885181583785744
"ENSG00000262074_P1","Enhancer","chr17_19108221_19109114","iPSvsNSC_P0","SNORD3B-2","LncRNA",0.340210592531461,0.0818915717712125,1.08676079325311,0.3697275334126
"ENSG00000262074_P1","Enhancer","chr17_19108221_19109114","iPSvsNeuron","SNORD3B-2","LncRNA",0.138853221550511,0.694993468525644,0.158019276843844,0.0219414856568498
"ENSG00000262179_P1","Enhancer","chr6_44216556_44217803","NSC_P1vsNSC_P2","MYMX","LncRNA",0.0765792357715447,0.0224114923444093,1.64952922354691,0.126319687322052
"ENSG00000262179_P1","Enhancer","chr6_44216556_44217803","NSC_P2vsNeuron","MYMX","LncRNA",-0.788143171223946,0.00912191346531229,2.03991405199375,-1.60774432996264
"ENSG00000262179_P1","Enhancer","chr6_44216556_44217803","iPSvsNSC_P1","MYMX","LncRNA",-0.462695382604511,0.0377143891036755,1.42349292257753,-0.658643602446826
"ENSG00000262179_P1","Enhancer","chr6_44216556_44217803","iPSvsNeuron","MYMX","LncRNA",-0.597865983978968,0.0193180366611581,1.71403701407751,-1.02476442599782
"ENSG00000262179_P1","Enhancer","chr6_44216556_44217803","NSC_P0vsNSC_P1","MYMX","LncRNA",-0.111277721954732,0.0173075483288562,1.76176444700953,-0.196045134284058
"ENSG00000262179_P1","Enhancer","chr6_44216556_44217803","NSC_P0vsNeuron","MYMX","LncRNA",-0.748392940876909,0.00485417298828778,2.31388475076467,-1.731695013475
"ENSG00000262179_P1","Enhancer","chr6_44216556_44217803","iPSvsNSC_P0","MYMX","LncRNA",-0.170449447038627,0.0111367382153778,1.95324198891895,-0.332929016943863
"ENSG00000262179_P1","Enhancer","chr6_44216556_44217803","NSC_P0vsNSC_P2","MYMX","LncRNA",0.115488362385652,0.0492532800814156,1.30756484183999,0.151008522297155
"ENSG00000262179_P1","Enhancer","chr6_44216556_44217803","NSC_P1vsNeuron","MYMX","LncRNA",-0.60569880399796,0.0104684058749248,1.98011944749346,-1.19935598111989
"ENSG00000262179_P1","Enhancer","chr6_44216556_44217803","iPSvsNSC_P2","MYMX","LncRNA",-0.03774167744371,0.0186252284016312,1.72989839278317,-0.0652892671508146
"ENSG00000262202_P1","Enhancer","chr17_19111892_19112768","NSC_P2vsNeuron","SNORD3D","LncRNA",-0.077585064918661,0.0473451662081865,1.32472435449118,-0.10277882504253
"ENSG00000262202_P1","Enhancer","chr17_19111892_19112768","NSC_P1vsNeuron","SNORD3D","LncRNA",-0.175582139509392,0.644345083016882,0.190881481224678,-0.0335153788661509
"ENSG00000262202_P1","Enhancer","chr17_19111892_19112768","iPSvsNSC_P0","SNORD3D","LncRNA",-0.044713368055419,0.382061632408646,0.417866573067526,-0.0186842218796249
"ENSG00000262202_P1","Enhancer","chr17_19111892_19112768","NSC_P0vsNSC_P1","SNORD3D","LncRNA",0.0780578734963497,0.0884098943752754,1.05349912828871,0.0822339016844751
"ENSG00000262202_P1","Enhancer","chr17_19111892_19112768","iPSvsNSC_P2","SNORD3D","LncRNA",-0.0137482025403103,0.145673044042554,0.836620804487021,-0.011502032269525
"ENSG00000262202_P1","Enhancer","chr17_19111892_19112768","NSC_P0vsNeuron","SNORD3D","LncRNA",-0.13530895124014,0.505750198110235,0.296063938437207,-0.0400601010099639
"ENSG00000262202_P1","Enhancer","chr17_19111892_19112768","iPSvsNSC_P1","SNORD3D","LncRNA",-0.0283936733397294,0.962702306452841,0.0165079876960606,-0.000468722410138215
"ENSG00000262202_P1","Enhancer","chr17_19111892_19112768","NSC_P1vsNSC_P2","SNORD3D","LncRNA",-0.13604487401586,0.00938101800970957,2.02775003027661,-0.275864997404639
"ENSG00000262202_P1","Enhancer","chr17_19111892_19112768","iPSvsNeuron","SNORD3D","LncRNA",-0.214907815677964,0.38075735226434,0.419351701867156,-0.0901219582491069
"ENSG00000262202_P1","Enhancer","chr17_19111892_19112768","NSC_P0vsNSC_P2","SNORD3D","LncRNA",0.0431012502729147,0.174163149346874,0.75904373066194,0.0327157338033471
"ENSG00000262801_P1","Enhancer","chr16_13594574_13595634","NSC_P1vsNeuron","U91319.1","LncRNA",-0.348253314389478,0.0531058549559942,1.27485759502204,-0.443973382841025
"ENSG00000262801_P1","Enhancer","chr16_13594574_13595634","NSC_P2vsNeuron","U91319.1","LncRNA",-0.524224077415373,0.0149090307079717,1.82655059074305,-0.957521798284779
"ENSG00000262801_P1","Enhancer","chr16_13594574_13595634","iPSvsNSC_P2","U91319.1","LncRNA",0.561386228050174,0.00576047970716922,2.23954134895496,1.25724767045222
"ENSG00000262801_P1","Enhancer","chr16_13594574_13595634","NSC_P0vsNSC_P2","U91319.1","LncRNA",0.319468646834232,0.104065610912928,0.982692761922304,0.313939526905112
"ENSG00000262801_P1","Enhancer","chr16_13594574_13595634","iPSvsNeuron","U91319.1","LncRNA",0.132902857808004,0.0835906992854036,1.07784204162476,0.143248287597545
"ENSG00000262801_P1","Enhancer","chr16_13594574_13595634","iPSvsNSC_P0","U91319.1","LncRNA",0.346446851887097,0.028131203060065,1.55081169438385,0.537273829388979
"ENSG00000262801_P1","Enhancer","chr16_13594574_13595634","iPSvsNSC_P1","U91319.1","LncRNA",0.419126815693137,0.00623760728518751,2.20498197155465,0.924167072398475
"ENSG00000262801_P1","Enhancer","chr16_13594574_13595634","NSC_P1vsNSC_P2","U91319.1","LncRNA",0.335879510708982,0.066603606506754,1.1765022536589,0.395163001306966
"ENSG00000262801_P1","Enhancer","chr16_13594574_13595634","NSC_P0vsNeuron","U91319.1","LncRNA",-0.159832619140997,0.194093272419001,0.711989517687063,-0.113799149412858
"ENSG00000262801_P1","Enhancer","chr16_13594574_13595634","NSC_P0vsNSC_P1","U91319.1","LncRNA",0.123642477156193,0.0325247914083063,1.48778548002424,0.183953482227213
"ENSG00000263244_P1","Enhancer","chr16_9109443_9110223","NSC_P2vsNeuron","RP11-473I1.10","LncRNA",0.551216093019386,0.00601968684359263,2.22042610104071,1.22393460025393
"ENSG00000263244_P1","Enhancer","chr16_9109443_9110223","iPSvsNSC_P0","RP11-473I1.10","LncRNA",0.408853900788586,0.0150794752832069,1.82161377024161,0.744773895693486
"ENSG00000263244_P1","Enhancer","chr16_9109443_9110223","NSC_P0vsNSC_P2","RP11-473I1.10","LncRNA",-0.625376211496952,0.00535074913263732,2.27158541024146,-1.42059547794856
"ENSG00000263244_P1","Enhancer","chr16_9109443_9110223","NSC_P1vsNeuron","RP11-473I1.10","LncRNA",0.109418044959889,0.0972611924333197,1.01206041023529,0.110737671469248
"ENSG00000263244_P1","Enhancer","chr16_9109443_9110223","iPSvsNeuron","RP11-473I1.10","LncRNA",0.492244207311022,0.0155857923893036,1.8072711130821,0.889618736455207
"ENSG00000263244_P1","Enhancer","chr16_9109443_9110223","NSC_P0vsNeuron","RP11-473I1.10","LncRNA",-0.054595501595207,0.272586528638516,0.564495611019768,-0.0308189210319171
"ENSG00000263244_P1","Enhancer","chr16_9109443_9110223","NSC_P0vsNSC_P1","RP11-473I1.10","LncRNA",-0.230756300080072,0.128714027844076,0.89037411911516,-0.205459437414067
"ENSG00000263244_P1","Enhancer","chr16_9109443_9110223","NSC_P1vsNSC_P2","RP11-473I1.10","LncRNA",-0.570719185426438,0.00957964023092565,2.01865080080221,-1.15208274069427
"ENSG00000263244_P1","Enhancer","chr16_9109443_9110223","iPSvsNSC_P2","RP11-473I1.10","LncRNA",-0.406888598330454,0.142378456106378,0.846555720684844,-0.344453870598083
"ENSG00000263244_P1","Enhancer","chr16_9109443_9110223","iPSvsNSC_P1","RP11-473I1.10","LncRNA",0.39642727992884,0.00819581382641796,2.08640791545846,0.827109014747196
"ENSG00000263244_P1","Enhancer","chr16_9110598_9111512","NSC_P2vsNeuron","RP11-473I1.10","LncRNA",0.551216093019386,0.00601968684359263,2.22042610104071,1.22393460025393
"ENSG00000263244_P1","Enhancer","chr16_9110598_9111512","iPSvsNSC_P0","RP11-473I1.10","LncRNA",0.408853900788586,0.0150794752832069,1.82161377024161,0.744773895693486
"ENSG00000263244_P1","Enhancer","chr16_9110598_9111512","NSC_P0vsNSC_P2","RP11-473I1.10","LncRNA",-0.625376211496952,0.00535074913263732,2.27158541024146,-1.42059547794856
"ENSG00000263244_P1","Enhancer","chr16_9110598_9111512","NSC_P1vsNeuron","RP11-473I1.10","LncRNA",0.109418044959889,0.0972611924333197,1.01206041023529,0.110737671469248
"ENSG00000263244_P1","Enhancer","chr16_9110598_9111512","iPSvsNeuron","RP11-473I1.10","LncRNA",0.492244207311022,0.0155857923893036,1.8072711130821,0.889618736455207
"ENSG00000263244_P1","Enhancer","chr16_9110598_9111512","NSC_P0vsNeuron","RP11-473I1.10","LncRNA",-0.054595501595207,0.272586528638516,0.564495611019768,-0.0308189210319171
"ENSG00000263244_P1","Enhancer","chr16_9110598_9111512","NSC_P0vsNSC_P1","RP11-473I1.10","LncRNA",-0.230756300080072,0.128714027844076,0.89037411911516,-0.205459437414067
"ENSG00000263244_P1","Enhancer","chr16_9110598_9111512","NSC_P1vsNSC_P2","RP11-473I1.10","LncRNA",-0.570719185426438,0.00957964023092565,2.01865080080221,-1.15208274069427
"ENSG00000263244_P1","Enhancer","chr16_9110598_9111512","iPSvsNSC_P2","RP11-473I1.10","LncRNA",-0.406888598330454,0.142378456106378,0.846555720684844,-0.344453870598083
"ENSG00000263244_P1","Enhancer","chr16_9110598_9111512","iPSvsNSC_P1","RP11-473I1.10","LncRNA",0.39642727992884,0.00819581382641796,2.08640791545846,0.827109014747196
"ENSG00000263798_P2","Enhancer","chr17_47946662_47947617","NSC_P0vsNSC_P1","RP11-6N17.9","LncRNA",-0.343728519501812,0.0738116514371032,1.13187507780518,-0.389057744754973
"ENSG00000263798_P2","Enhancer","chr17_47946662_47947617","iPSvsNSC_P1","RP11-6N17.9","LncRNA",-0.337282594496927,0.0126734844256319,1.89710396453424,-0.639860147188513
"ENSG00000263798_P2","Enhancer","chr17_47946662_47947617","iPSvsNSC_P0","RP11-6N17.9","LncRNA",-0.047867162945302,0.037274785870321,1.42858484272688,-0.0683823034479963
"ENSG00000263798_P2","Enhancer","chr17_47946662_47947617","NSC_P0vsNeuron","RP11-6N17.9","LncRNA",-0.0548759397935137,0.0392880536534791,1.40573948578457,-0.0771412753872788
"ENSG00000263798_P2","Enhancer","chr17_47946662_47947617","NSC_P1vsNSC_P2","RP11-6N17.9","LncRNA",0.484533087572915,0.0792409032519689,1.10105058266517,0.53349543839271
"ENSG00000263798_P2","Enhancer","chr17_47946662_47947617","NSC_P1vsNeuron","RP11-6N17.9","LncRNA",-0.0345438751596547,0.0888595553417165,1.05129586432407,-0.0363158330930719
"ENSG00000263798_P2","Enhancer","chr17_47946662_47947617","NSC_P0vsNSC_P2","RP11-6N17.9","LncRNA",0.251626311167929,0.0638039825632605,1.19515221232481,0.300731742471481
"ENSG00000263798_P2","Enhancer","chr17_47946662_47947617","iPSvsNSC_P2","RP11-6N17.9","LncRNA",0.361844707315516,0.0706176189359038,1.15108692993961,0.416514713258713
"ENSG00000263798_P2","Enhancer","chr17_47946662_47947617","NSC_P2vsNeuron","RP11-6N17.9","LncRNA",-0.407081500511818,0.0584959669368724,1.23287407575441,-0.501880228700228
"ENSG00000263798_P2","Enhancer","chr17_47946662_47947617","iPSvsNeuron","RP11-6N17.9","LncRNA",-0.172503326611847,0.102700578664123,0.988427109373243,-0.170506964480217
"ENSG00000264112_P1","Enhancer","chr17_57995117_57996057","iPSvsNSC_P1","RP11-159D12.2","LncRNA",0.315568316812437,0.0203326275598942,1.69180649440544,0.533880527811875
"ENSG00000264112_P1","Enhancer","chr17_57995117_57996057","NSC_P1vsNeuron","RP11-159D12.2","LncRNA",-0.171978502468141,0.0364087322115462,1.4387944433708,-0.247441713730393
"ENSG00000264112_P1","Enhancer","chr17_57995117_57996057","NSC_P0vsNSC_P1","RP11-159D12.2","LncRNA",0.111470248416899,0.0125880171230132,1.90004267500373,0.211798228985375
"ENSG00000264112_P1","Enhancer","chr17_57995117_57996057","NSC_P0vsNeuron","RP11-159D12.2","LncRNA",0.387801941870347,0.0156888631177661,1.80440852611157,0.69975313035348
"ENSG00000264112_P1","Enhancer","chr17_57995117_57996057","NSC_P0vsNSC_P2","RP11-159D12.2","LncRNA",0.403972586815195,0.0307053083123321,1.51278653750434,0.61112429085483
"ENSG00000264112_P1","Enhancer","chr17_57995117_57996057","iPSvsNeuron","RP11-159D12.2","LncRNA",0.362518718767651,0.0286509134251496,1.54286152765197,0.559316184240293
"ENSG00000264112_P1","Enhancer","chr17_57995117_57996057","NSC_P2vsNeuron","RP11-159D12.2","LncRNA",-0.309618483745616,0.215382773192732,0.666789035515862,-0.206450210154623
"ENSG00000264112_P1","Enhancer","chr17_57995117_57996057","iPSvsNSC_P2","RP11-159D12.2","LncRNA",0.432066542316222,0.0115429306686257,1.93768391287659,0.837208388338356
"ENSG00000264112_P1","Enhancer","chr17_57995117_57996057","NSC_P1vsNSC_P2","RP11-159D12.2","LncRNA",0.273128103250132,0.120895614349209,0.917589453469127,0.250619466988348
"ENSG00000264112_P1","Enhancer","chr17_57995117_57996057","iPSvsNSC_P0","RP11-159D12.2","LncRNA",0.264203917659287,0.0934517281160704,1.02941266320613,0.27197485850714
"ENSG00000264345_P1","Enhancer","chr18_24987194_24988116","NSC_P1vsNSC_P2","LINC01894","LncRNA",-0.569692531172349,0.0118622975816051,1.92583118530792,-1.09713164256871
"ENSG00000264345_P1","Enhancer","chr18_24987194_24988116","NSC_P2vsNeuron","LINC01894","LncRNA",0.530023529825861,0.0106300826142664,1.97346336023864,1.04598201617569
"ENSG00000264345_P1","Enhancer","chr18_24987194_24988116","NSC_P0vsNeuron","LINC01894","LncRNA",0.170314067480202,0.0137382316301269,1.86206916558093,0.317136573519555
"ENSG00000264345_P1","Enhancer","chr18_24987194_24988116","NSC_P0vsNSC_P2","LINC01894","LncRNA",-0.62807540743127,0.00726857833026652,2.13855052500034,-1.34317099230194
"ENSG00000264345_P1","Enhancer","chr18_24987194_24988116","iPSvsNSC_P1","LINC01894","LncRNA",-0.0554443347221007,0.0472090534986033,1.32597470671669,-0.0735177854722393
"ENSG00000264345_P1","Enhancer","chr18_24987194_24988116","iPSvsNeuron","LINC01894","LncRNA",0.122255962536037,0.00575541348223727,2.23992347019172,0.273843999855349
"ENSG00000264345_P1","Enhancer","chr18_24987194_24988116","NSC_P0vsNSC_P1","LINC01894","LncRNA",0.0809963456484083,0.196574143989384,0.706473606855882,0.0572217804523768
"ENSG00000264345_P1","Enhancer","chr18_24987194_24988116","iPSvsNSC_P0","LINC01894","LncRNA",-0.082056129967827,0.0349341759486066,1.45674949672605,-0.119535226033919
"ENSG00000264345_P1","Enhancer","chr18_24987194_24988116","NSC_P1vsNeuron","LINC01894","LncRNA",0.232723682978022,0.00791007983523856,2.10181913321173,0.489143089634708
"ENSG00000264345_P1","Enhancer","chr18_24987194_24988116","iPSvsNSC_P2","LINC01894","LncRNA",-0.68104113169137,0.011078159615606,1.95553238177125,-1.33179798634062
"ENSG00000264345_P2","Enhancer","chr18_24989522_24991315","NSC_P0vsNeuron","LINC01894","LncRNA",0.153218735909138,0.0939215076184507,1.02723494478983,0.15739163972239
"ENSG00000264345_P2","Enhancer","chr18_24989522_24991315","NSC_P2vsNeuron","LINC01894","LncRNA",0.728406933795821,0.00424239086936764,2.37238932059332,1.72806483078333
"ENSG00000264345_P2","Enhancer","chr18_24989522_24991315","iPSvsNSC_P1","LINC01894","LncRNA",0.15661449985392,0.0174206762702016,1.75893498970057,0.275474723687515
"ENSG00000264345_P2","Enhancer","chr18_24989522_24991315","iPSvsNSC_P0","LINC01894","LncRNA",0.103502062692434,0.274687986938276,0.561160333373392,0.0580812520053201
"ENSG00000264345_P2","Enhancer","chr18_24989522_24991315","NSC_P0vsNSC_P1","LINC01894","LncRNA",0.0967211477318157,0.323732995280363,0.489813034493267,0.0473752788701921
"ENSG00000264345_P2","Enhancer","chr18_24989522_24991315","NSC_P1vsNeuron","LINC01894","LncRNA",-0.12759576491801,0.0548995176646386,1.26043147115111,-0.160825717688259
"ENSG00000264345_P2","Enhancer","chr18_24989522_24991315","NSC_P1vsNSC_P2","LINC01894","LncRNA",-0.699438263236823,0.00471421911811839,2.32659023522322,-1.62730623338828
"ENSG00000264345_P2","Enhancer","chr18_24989522_24991315","iPSvsNeuron","LINC01894","LncRNA",0.458742331624871,0.0722772084344312,1.14099862956067,0.523424371705445
"ENSG00000264345_P2","Enhancer","chr18_24989522_24991315","NSC_P0vsNSC_P2","LINC01894","LncRNA",-0.613527128890217,0.00638163830299056,2.19506781428648,-1.34673365381851
"ENSG00000264345_P2","Enhancer","chr18_24989522_24991315","iPSvsNSC_P2","LINC01894","LncRNA",-0.68829548841475,0.0101982073872101,1.99147616061671,-1.37072405663801
"ENSG00000264433_P1","Enhancer","chr18_319491_320366","NSC_P0vsNSC_P1","RP11-720L2.3","LncRNA",0.0693315985362407,0.0171952311448102,1.7645919818518,0.122341982866018
"ENSG00000264433_P1","Enhancer","chr18_319491_320366","NSC_P1vsNeuron","RP11-720L2.3","LncRNA",-0.249754490222408,0.027451058604746,1.5614409030414,-0.38997687675152
"ENSG00000264433_P1","Enhancer","chr18_319491_320366","iPSvsNSC_P1","RP11-720L2.3","LncRNA",0.384118065213635,0.028131203060065,1.55081169438385,0.595694787557403
"ENSG00000264433_P1","Enhancer","chr18_319491_320366","NSC_P2vsNeuron","RP11-720L2.3","LncRNA",0.482233484333918,0.0128679692178134,1.89048998666887,0.911657573369711
"ENSG00000264433_P1","Enhancer","chr18_319491_320366","NSC_P0vsNeuron","RP11-720L2.3","LncRNA",-0.142280438858281,0.121630443777599,0.914957708699631,-0.130180584330551
"ENSG00000264433_P1","Enhancer","chr18_319491_320366","iPSvsNSC_P0","RP11-720L2.3","LncRNA",0.313010717065671,0.040445660092809,1.39312807229307,0.436064016872769
"ENSG00000264433_P1","Enhancer","chr18_319491_320366","iPSvsNSC_P2","RP11-720L2.3","LncRNA",-0.467503559450653,0.0855974814781774,1.06753901331608,-0.499078288577707
"ENSG00000264433_P1","Enhancer","chr18_319491_320366","iPSvsNeuron","RP11-720L2.3","LncRNA",0.012967207201227,0.0386069196899903,1.41333484781926,0.0183270058163869
"ENSG00000264433_P1","Enhancer","chr18_319491_320366","NSC_P1vsNSC_P2","RP11-720L2.3","LncRNA",-0.686544562264375,0.00369877802920378,2.43194173075124,-1.66963637099108
"ENSG00000264433_P1","Enhancer","chr18_319491_320366","NSC_P0vsNSC_P2","RP11-720L2.3","LncRNA",-0.616119309946313,0.00580296636977683,2.23634994631685,-1.37785838572321
"ENSG00000264699_P2","Enhancer","chr18_68219821_68220768",NA,NA,NA,NA,NA,NA,NA
"ENSG00000264860_P2","Enhancer","chr17_73155963_73156871","NSC_P0vsNSC_P1","RP11-143K11.5","LncRNA",0.218175915992296,0.0149798262731845,1.82449322328774,0.398060480212539
"ENSG00000264860_P2","Enhancer","chr17_73155963_73156871","NSC_P0vsNSC_P2","RP11-143K11.5","LncRNA",0.449773281540013,0.0189890695014116,1.72149631595299,0.77428304718522
"ENSG00000264860_P2","Enhancer","chr17_73155963_73156871","NSC_P1vsNSC_P2","RP11-143K11.5","LncRNA",0.118981345435046,0.0523818599812741,1.28081908465721,0.152393577951399
"ENSG00000264860_P2","Enhancer","chr17_73155963_73156871","iPSvsNSC_P0","RP11-143K11.5","LncRNA",-0.0804553843386847,0.041873038189256,1.37806552678588,-0.11087279160145
"ENSG00000264860_P2","Enhancer","chr17_73155963_73156871","iPSvsNSC_P1","RP11-143K11.5","LncRNA",0.0618437834296263,0.0629252699636113,1.20117491255425,0.0742852011531053
"ENSG00000264860_P2","Enhancer","chr17_73155963_73156871","NSC_P2vsNeuron","RP11-143K11.5","LncRNA",-0.185072982550517,0.100535732413724,0.99767955384543,-0.184643530659843
"ENSG00000264860_P2","Enhancer","chr17_73155963_73156871","iPSvsNeuron","RP11-143K11.5","LncRNA",-0.131281055295226,0.222681600301812,0.652315666295632,-0.085636689056899
"ENSG00000264860_P2","Enhancer","chr17_73155963_73156871","NSC_P1vsNeuron","RP11-143K11.5","LncRNA",-0.149801172693609,0.0428482116289233,1.36806729966606,-0.204938085813755
"ENSG00000264860_P2","Enhancer","chr17_73155963_73156871","iPSvsNSC_P2","RP11-143K11.5","LncRNA",0.149750128755822,0.020638518540002,1.68532148015497,0.25237710864816
"ENSG00000264860_P2","Enhancer","chr17_73155963_73156871","NSC_P0vsNeuron","RP11-143K11.5","LncRNA",0.144662636424298,0.134235568497106,0.872132393590919,0.126164971367896
"ENSG00000265142_P1","Enhancer","chr18_21831078_21831981","NSC_P2vsNeuron","MIR133A1HG","LncRNA",0.700258112970606,0.00399241630854635,2.39876417903856,1.67975407747503
"ENSG00000265142_P1","Enhancer","chr18_21831078_21831981","iPSvsNSC_P1","MIR133A1HG","LncRNA",0.158170248039799,0.0264572990732262,1.57745449338606,0.249506368490368
"ENSG00000265142_P1","Enhancer","chr18_21831078_21831981","iPSvsNeuron","MIR133A1HG","LncRNA",0.189641860363986,0.0302597330756421,1.51913490725424,0.288091569955566
"ENSG00000265142_P1","Enhancer","chr18_21831078_21831981","NSC_P0vsNSC_P1","MIR133A1HG","LncRNA",-0.0519166347430773,0.0158964834903254,1.79869893666402,-0.0933823957075477
"ENSG00000265142_P1","Enhancer","chr18_21831078_21831981","iPSvsNSC_P2","MIR133A1HG","LncRNA",-0.561531500782187,0.0131308898489176,1.88170584181762,-1.05663710538646
"ENSG00000265142_P1","Enhancer","chr18_21831078_21831981","iPSvsNSC_P0","MIR133A1HG","LncRNA",-0.0498700020926813,0.0177634466870077,1.75047276311162,-0.0872960803595579
"ENSG00000265142_P1","Enhancer","chr18_21831078_21831981","NSC_P0vsNSC_P2","MIR133A1HG","LncRNA",-0.544163339112275,0.00886920918753101,2.05211510179201,-1.11668580603386
"ENSG00000265142_P1","Enhancer","chr18_21831078_21831981","NSC_P0vsNeuron","MIR133A1HG","LncRNA",0.173654312136712,0.0149800570672929,1.82448653216638,0.316829953746047
"ENSG00000265142_P1","Enhancer","chr18_21831078_21831981","NSC_P1vsNeuron","MIR133A1HG","LncRNA",0.0931140353353907,0.290804499205992,0.536398878537829,0.0499462641300353
"ENSG00000265142_P1","Enhancer","chr18_21831078_21831981","NSC_P1vsNSC_P2","MIR133A1HG","LncRNA",-0.518850905691696,0.0135796282053687,1.86711212037711,-0.968752814685605
"ENSG00000265174_P1","Enhancer","chr18_6556971_6557930","iPSvsNSC_P0","CTD-2124B20.3","LncRNA",0.314413774159116,0.0496651113305466,1.30394858666587,0.409979396443061
"ENSG00000265174_P1","Enhancer","chr18_6556971_6557930","NSC_P0vsNSC_P1","CTD-2124B20.3","LncRNA",-0.105444863661977,0.0823132150235758,1.08453043512686,-0.114358163869216
"ENSG00000265174_P1","Enhancer","chr18_6556971_6557930","NSC_P1vsNSC_P2","CTD-2124B20.3","LncRNA",0.297784001166927,0.149703147907247,0.824769067363206,0.24560303291813
"ENSG00000265174_P1","Enhancer","chr18_6556971_6557930","NSC_P2vsNeuron","CTD-2124B20.3","LncRNA",-0.323164123199196,0.198122623833989,0.703065929079057,-0.227205684522061
"ENSG00000265174_P1","Enhancer","chr18_6556971_6557930","iPSvsNSC_P1","CTD-2124B20.3","LncRNA",0.194908043260397,0.347806521478669,0.458662279102579,0.0893969673372378
"ENSG00000265174_P1","Enhancer","chr18_6556971_6557930","NSC_P0vsNSC_P2","CTD-2124B20.3","LncRNA",0.234176778460682,0.715150897465021,0.145602312014239,0.0340966803639215
"ENSG00000265174_P1","Enhancer","chr18_6556971_6557930","NSC_P0vsNeuron","CTD-2124B20.3","LncRNA",-0.110200012458471,0.27468837028494,0.561159727284911,-0.0618398089379894
"ENSG00000265174_P1","Enhancer","chr18_6556971_6557930","iPSvsNeuron","CTD-2124B20.3","LncRNA",-0.00975480732898966,0.796565418476678,0.0987785516685342,-0.000963565739763201
"ENSG00000265174_P1","Enhancer","chr18_6556971_6557930","NSC_P1vsNeuron","CTD-2124B20.3","LncRNA",-0.190879786812129,0.480040547774105,0.318722077351903,-0.06083760217725
"ENSG00000265174_P1","Enhancer","chr18_6556971_6557930","iPSvsNSC_P2","CTD-2124B20.3","LncRNA",0.319026600535632,0.0838634033811108,1.07642751684726,0.343409011422793
"ENSG00000265980_P2","Enhancer","chr18_29361571_29362492","NSC_P2vsNeuron","CTD-2515C13.2","LncRNA",0.577992919077258,0.0074267115038088,2.12920344625236,1.23066451520876
"ENSG00000265980_P2","Enhancer","chr18_29361571_29362492","iPSvsNSC_P2","CTD-2515C13.2","LncRNA",-0.718385973122737,0.0164593836856828,1.78358643078342,-1.28130347372686
"ENSG00000265980_P2","Enhancer","chr18_29361571_29362492","NSC_P0vsNeuron","CTD-2515C13.2","LncRNA",0.23127436544478,0.00861145011032454,2.06492371011613,0.477563920748988
"ENSG00000265980_P2","Enhancer","chr18_29361571_29362492","NSC_P0vsNSC_P2","CTD-2515C13.2","LncRNA",-0.738928301648575,0.00471422363483603,2.32658981912363,-1.71918306367789
"ENSG00000265980_P2","Enhancer","chr18_29361571_29362492","iPSvsNeuron","CTD-2515C13.2","LncRNA",0.158282419310195,0.00983596481300066,2.00718303356762,0.31770178655146
"ENSG00000265980_P2","Enhancer","chr18_29361571_29362492","iPSvsNSC_P0","CTD-2515C13.2","LncRNA",0.215056812412286,0.0236604594666488,1.62597682598481,0.349677393252539
"ENSG00000265980_P2","Enhancer","chr18_29361571_29362492","NSC_P1vsNeuron","CTD-2515C13.2","LncRNA",-0.113962695830497,0.0295353619344656,1.52965770280931,-0.174323915510035
"ENSG00000265980_P2","Enhancer","chr18_29361571_29362492","NSC_P0vsNSC_P1","CTD-2515C13.2","LncRNA",-0.116860877446688,0.0157922531595363,1.80155590261084,-0.210531403548362
"ENSG00000265980_P2","Enhancer","chr18_29361571_29362492","NSC_P1vsNSC_P2","CTD-2515C13.2","LncRNA",-0.697902536564011,0.00430705891533118,2.3658191875761,-1.65111121206117
"ENSG00000265980_P2","Enhancer","chr18_29361571_29362492","iPSvsNSC_P1","CTD-2515C13.2","LncRNA",0.345229091014762,0.0245628141266605,1.60972187817962,0.555722820790525
"ENSG00000266835_P1","Enhancer","chr18_3466639_3467531","iPSvsNSC_P2","GAPLINC","LncRNA",0.57657384620873,0.00369878441155045,2.43194098136441,1.40219356537791
"ENSG00000266835_P1","Enhancer","chr18_3466639_3467531","iPSvsNSC_P0","GAPLINC","LncRNA",0.387668270549958,0.00943344765733206,2.02532955594651,0.785156006247498
"ENSG00000266835_P1","Enhancer","chr18_3466639_3467531","NSC_P0vsNSC_P2","GAPLINC","LncRNA",0.160939654716259,0.0400893184958014,1.39697132653892,0.224828082941688
"ENSG00000266835_P1","Enhancer","chr18_3466639_3467531","NSC_P1vsNeuron","GAPLINC","LncRNA",0.299664876919131,0.0605859675504965,1.21762795208916,0.36488033039609
"ENSG00000266835_P1","Enhancer","chr18_3466639_3467531","NSC_P0vsNSC_P1","GAPLINC","LncRNA",-0.046452934533724,0.00808032468979785,2.09257118772116,-0.097206072390368
"ENSG00000266835_P1","Enhancer","chr18_3466639_3467531","iPSvsNeuron","GAPLINC","LncRNA",0.463346267379346,0.00898252601253062,2.04660151644648,0.948285173458386
"ENSG00000266835_P1","Enhancer","chr18_3466639_3467531","iPSvsNSC_P1","GAPLINC","LncRNA",0.431102596941472,0.014016365959178,1.85336457185117,0.798990280004359
"ENSG00000266835_P1","Enhancer","chr18_3466639_3467531","NSC_P0vsNeuron","GAPLINC","LncRNA",0.124391035979639,0.0168623584892323,1.77308168195182,0.220555467294508
"ENSG00000266835_P1","Enhancer","chr18_3466639_3467531","NSC_P2vsNeuron","GAPLINC","LncRNA",-0.132069215137627,0.0252404991372916,1.59790206105912,-0.211033671070874
"ENSG00000266835_P1","Enhancer","chr18_3466639_3467531","NSC_P1vsNSC_P2","GAPLINC","LncRNA",0.45113989958259,0.0111544327107215,1.9525525120559,0.880874344218633
"ENSG00000267048_P2","Enhancer","chr16_89891934_89892870","NSC_P1vsNSC_P2","RP11-566K11.7","Others",-0.451387493509077,0.0249288098587097,1.60329845491512,-0.723708870911113
"ENSG00000267048_P2","Enhancer","chr16_89891934_89892870","iPSvsNSC_P0","RP11-566K11.7","Others",0.012475833702678,0.279990912040857,0.552856064781211,0.00689734032572737
"ENSG00000267048_P2","Enhancer","chr16_89891934_89892870","iPSvsNSC_P1","RP11-566K11.7","Others",0.124648207982638,0.0160014761010424,1.79583995278356,0.223848231938095
"ENSG00000267048_P2","Enhancer","chr16_89891934_89892870","NSC_P0vsNeuron","RP11-566K11.7","Others",0.597307542858837,0.0045377587048026,2.34315860143453,1.39958630675141
"ENSG00000267048_P2","Enhancer","chr16_89891934_89892870","NSC_P1vsNeuron","RP11-566K11.7","Others",0.281834863405749,0.0451125237640569,1.34570287615779,0.379265986286656
"ENSG00000267048_P2","Enhancer","chr16_89891934_89892870","NSC_P0vsNSC_P2","RP11-566K11.7","Others",-0.538197250301591,0.0257143318077931,1.58982475642781,-0.855639312370842
"ENSG00000267048_P2","Enhancer","chr16_89891934_89892870","NSC_P0vsNSC_P1","RP11-566K11.7","Others",0.121893723423664,0.00492704435713235,2.30741352784665,0.281259226387361
"ENSG00000267048_P2","Enhancer","chr16_89891934_89892870","NSC_P2vsNeuron","RP11-566K11.7","Others",0.649070169608945,0.00656985881358129,2.18244396333845,1.41655927344611
"ENSG00000267048_P2","Enhancer","chr16_89891934_89892870","iPSvsNSC_P2","RP11-566K11.7","Others",-0.57941291900184,0.0238640792656958,1.62225531711343,-0.939955688654947
"ENSG00000267048_P2","Enhancer","chr16_89891934_89892870","iPSvsNeuron","RP11-566K11.7","Others",0.229011605888201,0.0152802627925563,1.8158691766258,0.415855116221959
"ENSG00000267128_P2","Enhancer","chr17_76152235_76152989","NSC_P1vsNeuron","RNF157-AS1","LncRNA",-0.349885657173252,0.0765625189246014,1.11598378660714,-0.390466720571735
"ENSG00000267128_P2","Enhancer","chr17_76152235_76152989","iPSvsNSC_P1","RNF157-AS1","LncRNA",0.367027724834605,0.0117623816725858,1.92950473246599,0.708181732014593
"ENSG00000267128_P2","Enhancer","chr17_76152235_76152989","iPSvsNeuron","RNF157-AS1","LncRNA",0.172621611195363,0.174299475208442,0.75870392048852,0.130968693174967
"ENSG00000267128_P2","Enhancer","chr17_76152235_76152989","NSC_P2vsNeuron","RNF157-AS1","LncRNA",-0.458913104972554,0.02037688796026,1.69086214245362,-0.775958795873936
"ENSG00000267128_P2","Enhancer","chr17_76152235_76152989","NSC_P1vsNSC_P2","RNF157-AS1","LncRNA",0.16763652826763,0.996168624128273,0.00166714116471297,0.000279473756984511
"ENSG00000267128_P2","Enhancer","chr17_76152235_76152989","NSC_P0vsNeuron","RNF157-AS1","LncRNA",-0.212336942699106,0.0619138863167536,1.20821193459235,-0.256548028323913
"ENSG00000267128_P2","Enhancer","chr17_76152235_76152989","iPSvsNSC_P2","RNF157-AS1","LncRNA",0.451903722739631,0.0125246747456967,1.90223354354321,0.859626419847378
"ENSG00000267128_P2","Enhancer","chr17_76152235_76152989","iPSvsNSC_P0","RNF157-AS1","LncRNA",0.327566639105237,0.0496651113305466,1.30394858666587,0.427130056100162
"ENSG00000267128_P2","Enhancer","chr17_76152235_76152989","NSC_P0vsNSC_P2","RNF157-AS1","LncRNA",0.36527728921787,0.0621040798831853,1.20687986822033,0.440845806675141
"ENSG00000267128_P2","Enhancer","chr17_76152235_76152989","NSC_P0vsNSC_P1","RNF157-AS1","LncRNA",0.316603675360625,0.0156886243954903,1.80441513440149,0.571284463427847
"ENSG00000267279_P1","Enhancer","chr18_61605776_61607239",NA,NA,NA,NA,NA,NA,NA
"ENSG00000267313_P2","Enhancer","chr18_41525057_41525956","iPSvsNSC_P2","RP11-142I20.1","LncRNA",-0.728235555129992,0.011078159615606,1.95553238177125,-1.42408820961387
"ENSG00000267313_P2","Enhancer","chr18_41525057_41525956","iPSvsNeuron","RP11-142I20.1","LncRNA",0.187699648562546,0.0516487814398053,1.28693992042144,0.241558170784216
"ENSG00000267313_P2","Enhancer","chr18_41525057_41525956","NSC_P1vsNeuron","RP11-142I20.1","LncRNA",0.128093971519975,0.414185945184844,0.382804642362483,0.0490349669564939
"ENSG00000267313_P2","Enhancer","chr18_41525057_41525956","NSC_P1vsNSC_P2","RP11-142I20.1","LncRNA",-0.712825186127818,0.00421038201713126,2.37567849789229,-1.69344346743993
"ENSG00000267313_P2","Enhancer","chr18_41525057_41525956","NSC_P2vsNeuron","RP11-142I20.1","LncRNA",0.686557204761675,0.00500469704502008,2.30062220702747,1.57950875166942
"ENSG00000267313_P2","Enhancer","chr18_41525057_41525956","NSC_P0vsNeuron","RP11-142I20.1","LncRNA",6.28433175666743e-05,0.185189750277249,0.732383053945745,4.60253808395632e-05
"ENSG00000267313_P2","Enhancer","chr18_41525057_41525956","iPSvsNSC_P1","RP11-142I20.1","LncRNA",0.128898707560045,0.00885724014256897,2.05270158032178,0.264590580709939
"ENSG00000267313_P2","Enhancer","chr18_41525057_41525956","NSC_P0vsNSC_P2","RP11-142I20.1","LncRNA",-0.721104527832552,0.00424239086936764,2.37238932059332,-1.71074068086144
"ENSG00000267313_P2","Enhancer","chr18_41525057_41525956","iPSvsNSC_P0","RP11-142I20.1","LncRNA",0.471855187693046,0.0086722790883867,2.06186675426095,0.972902524329851
"ENSG00000267313_P2","Enhancer","chr18_41525057_41525956","NSC_P0vsNSC_P1","RP11-142I20.1","LncRNA",-0.053778378274684,0.0335107226136284,1.47481620708781,-0.0793132238704027
"ENSG00000267325_P2","Enhancer","chr18_55781276_55782255",NA,NA,NA,NA,NA,NA,NA
"ENSG00000267374_P1","Enhancer","chr18_39799653_39800482","NSC_P1vsNeuron","LINC00669","LncRNA",-0.162155711244961,0.0423582942771279,1.3730615367833,-0.222649770080196
"ENSG00000267374_P1","Enhancer","chr18_39799653_39800482","NSC_P1vsNSC_P2","LINC00669","LncRNA",0.334738191186762,0.104065573326371,0.982692918781396,0.328944850124924
"ENSG00000267374_P1","Enhancer","chr18_39799653_39800482","iPSvsNSC_P0","LINC00669","LncRNA",0.0832213521767557,0.376860157737397,0.423819774435319,0.0352708547077549
"ENSG00000267374_P1","Enhancer","chr18_39799653_39800482","NSC_P0vsNeuron","LINC00669","LncRNA",-0.497097423225068,0.0222204995144003,1.65324618239293,-0.821824417224207
"ENSG00000267374_P1","Enhancer","chr18_39799653_39800482","iPSvsNSC_P1","LINC00669","LncRNA",-0.0599044554489367,0.263264217383098,0.579608165767174,-0.0347211115440396
"ENSG00000267374_P1","Enhancer","chr18_39799653_39800482","NSC_P0vsNSC_P1","LINC00669","LncRNA",-0.223924849748187,0.173539485962506,0.760601693296439,-0.170317619889622
"ENSG00000267374_P1","Enhancer","chr18_39799653_39800482","NSC_P0vsNSC_P2","LINC00669","LncRNA",0.221894601694582,0.74583912708618,0.127354837075689,0.0282593508467884
"ENSG00000267374_P1","Enhancer","chr18_39799653_39800482","NSC_P2vsNeuron","LINC00669","LncRNA",-0.592174871464061,0.0162447992083865,1.78928565232323,-1.05957000117699
"ENSG00000267374_P1","Enhancer","chr18_39799653_39800482","iPSvsNeuron","LINC00669","LncRNA",-0.114912369654765,0.038158475914347,1.4184089797543,-0.162992737003164
"ENSG00000267374_P1","Enhancer","chr18_39799653_39800482","iPSvsNSC_P2","LINC00669","LncRNA",0.350626940101534,0.146338910638029,0.834640182223589,0.292647333178844
"ENSG00000267506_P1","Enhancer","chr17_77546491_77547469","NSC_P1vsNSC_P2","RP11-13K12.1","LncRNA",-0.599441762284011,0.0151080062435382,1.82079284436784,-1.09145927138197
"ENSG00000267506_P1","Enhancer","chr17_77546491_77547469","NSC_P2vsNeuron","RP11-13K12.1","LncRNA",0.531675304403968,0.0265211552359848,1.57640756240579,0.838136970606817
"ENSG00000267506_P1","Enhancer","chr17_77546491_77547469","NSC_P1vsNeuron","RP11-13K12.1","LncRNA",-0.458569950746736,0.0219417638646368,1.65872846309278,-0.760643029622665
"ENSG00000267506_P1","Enhancer","chr17_77546491_77547469","iPSvsNSC_P0","RP11-13K12.1","LncRNA",-0.160790363047019,0.14782758979408,0.830244503849736,-0.133495315191791
"ENSG00000267506_P1","Enhancer","chr17_77546491_77547469","NSC_P0vsNSC_P1","RP11-13K12.1","LncRNA",-0.117213523843287,0.0416319173572271,1.38057358722784,-0.161821895083944
"ENSG00000267506_P1","Enhancer","chr17_77546491_77547469","iPSvsNSC_P1","RP11-13K12.1","LncRNA",-0.209274943558631,0.45072946627578,0.346084049156306,-0.0724267198537285
"ENSG00000267506_P1","Enhancer","chr17_77546491_77547469","NSC_P0vsNSC_P2","RP11-13K12.1","LncRNA",-0.693997327645027,0.00652234141591577,2.18559647152709,-1.5167981105502
"ENSG00000267506_P1","Enhancer","chr17_77546491_77547469","iPSvsNSC_P2","RP11-13K12.1","LncRNA",-0.825142055386815,0.0140418969761036,1.85257421766182,-1.5286368977181
"ENSG00000267506_P1","Enhancer","chr17_77546491_77547469","iPSvsNeuron","RP11-13K12.1","LncRNA",-0.503754456122082,0.0472091457585037,1.32597385798274,-0.667965239660193
"ENSG00000267506_P1","Enhancer","chr17_77546491_77547469","NSC_P0vsNeuron","RP11-13K12.1","LncRNA",-0.263606838243049,0.014110278335332,1.85046441939189,-0.487795074877156
"ENSG00000267506_P2","Enhancer","chr17_77548091_77548960","NSC_P1vsNeuron","RP11-13K12.1","LncRNA",0.0869212070442457,0.0266207878174148,1.57477909613057,0.136881699863715
"ENSG00000267506_P2","Enhancer","chr17_77548091_77548960","iPSvsNSC_P1","RP11-13K12.1","LncRNA",-0.343789076303694,0.0433428233971102,1.36308280169532,-0.468612977320286
"ENSG00000267506_P2","Enhancer","chr17_77548091_77548960","NSC_P1vsNSC_P2","RP11-13K12.1","LncRNA",-0.576507448740442,0.00874521022612445,2.05822974605398,-1.18658477981927
"ENSG00000267506_P2","Enhancer","chr17_77548091_77548960","iPSvsNSC_P0","RP11-13K12.1","LncRNA",0.0468335304754177,0.981824278325709,0.00796623296896658,0.000373086814526378
"ENSG00000267506_P2","Enhancer","chr17_77548091_77548960","NSC_P2vsNeuron","RP11-13K12.1","LncRNA",0.639437626653825,0.00527203318799774,2.27802186447647,1.45665289448635
"ENSG00000267506_P2","Enhancer","chr17_77548091_77548960","NSC_P0vsNSC_P2","RP11-13K12.1","LncRNA",-0.634683992776188,0.0117016489272728,1.93175293572755,-1.22605266630468
"ENSG00000267506_P2","Enhancer","chr17_77548091_77548960","NSC_P0vsNSC_P1","RP11-13K12.1","LncRNA",-0.0294904117811053,0.0118426130173566,1.92655246198695,-0.0568148254218974
"ENSG00000267506_P2","Enhancer","chr17_77548091_77548960","NSC_P0vsNeuron","RP11-13K12.1","LncRNA",-0.186086237493929,0.0104684352795682,1.98011822760797,-0.368472750768715
"ENSG00000267506_P2","Enhancer","chr17_77548091_77548960","iPSvsNSC_P2","RP11-13K12.1","LncRNA",-0.693726495972601,0.0282006083047518,1.54974152357611,-1.0750967568137
"ENSG00000267506_P2","Enhancer","chr17_77548091_77548960","iPSvsNeuron","RP11-13K12.1","LncRNA",-0.181340403744901,0.0123352251646114,1.90885291858156,-0.346152158945213
"ENSG00000267530_P1","Enhancer","chr19_782094_783114","iPSvsNSC_P0","LINC01836","LncRNA",0.0370520149337566,0.040445660092809,1.39312807229307,0.0516182021392383
"ENSG00000267530_P1","Enhancer","chr19_782094_783114","NSC_P1vsNeuron","LINC01836","LncRNA",0.032986784928764,0.0262948037616853,1.58013006598136,0.0521234106460007
"ENSG00000267530_P1","Enhancer","chr19_782094_783114","NSC_P0vsNeuron","LINC01836","LncRNA",-0.119278135807965,0.269454445869974,0.56951464635681,-0.0679306453327729
"ENSG00000267530_P1","Enhancer","chr19_782094_783114","iPSvsNeuron","LINC01836","LncRNA",-0.184297551485672,0.161727474553848,0.791216195099457,-0.14581920745264
"ENSG00000267530_P1","Enhancer","chr19_782094_783114","NSC_P2vsNeuron","LINC01836","LncRNA",-0.625666058627727,0.0103403940536368,1.9854629107528,-1.24223675392224
"ENSG00000267530_P1","Enhancer","chr19_782094_783114","NSC_P1vsNSC_P2","LINC01836","LncRNA",0.550825580561786,0.00666582271780586,2.17614624088588,1.19867701652331
"ENSG00000267530_P1","Enhancer","chr19_782094_783114","iPSvsNSC_P2","LINC01836","LncRNA",0.213813631580301,0.0102690846224126,1.98846826732316,0.425161621518554
"ENSG00000267530_P1","Enhancer","chr19_782094_783114","NSC_P0vsNSC_P2","LINC01836","LncRNA",0.470599520251823,0.0294300373402646,1.53120918687556,0.720586308748825
"ENSG00000267530_P1","Enhancer","chr19_782094_783114","NSC_P0vsNSC_P1","LINC01836","LncRNA",0.0932819396845557,0.0236602508470949,1.62598065527311,0.15167462941344
"ENSG00000267530_P1","Enhancer","chr19_782094_783114","iPSvsNSC_P1","LINC01836","LncRNA",-0.238170806741302,0.138016246632711,0.860069787456516,-0.204843515132338
"ENSG00000267785_P1","Enhancer","chr17_36721954_36722889",NA,NA,NA,NA,NA,NA,NA
"ENSG00000268027_P1","Enhancer","chr19_41548729_41549646","iPSvsNSC_P1","AC006129.2","LncRNA",0.274733534709559,0.0902176132328509,1.0447086666366,0.287016504726783
"ENSG00000268027_P1","Enhancer","chr19_41548729_41549646","NSC_P1vsNSC_P2","AC006129.2","LncRNA",-0.510825936594388,0.018267470962262,1.73832157433115,-0.887979746309938
"ENSG00000268027_P1","Enhancer","chr19_41548729_41549646","NSC_P1vsNeuron","AC006129.2","LncRNA",-0.292902337021937,0.376860356904071,0.423819544915263,-0.124137735181254
"ENSG00000268027_P1","Enhancer","chr19_41548729_41549646","NSC_P0vsNSC_P2","AC006129.2","LncRNA",-0.528895465482841,0.0147123569162335,1.83231774782174,-0.969104548146651
"ENSG00000268027_P1","Enhancer","chr19_41548729_41549646","NSC_P0vsNeuron","AC006129.2","LncRNA",-0.261114005960659,0.0173078046838549,1.7617580143979,-0.460019692672731
"ENSG00000268027_P1","Enhancer","chr19_41548729_41549646","iPSvsNSC_P2","AC006129.2","LncRNA",-0.532773477885815,0.0225532300527816,1.64679125007688,-0.877366701655389
"ENSG00000268027_P1","Enhancer","chr19_41548729_41549646","iPSvsNeuron","AC006129.2","LncRNA",-0.132091032729177,0.344124973929131,0.463283808500713,-0.0611956367115655
"ENSG00000268027_P1","Enhancer","chr19_41548729_41549646","NSC_P2vsNeuron","AC006129.2","LncRNA",0.477952744658145,0.0308913086321666,1.51016369352145,0.721786882201657
"ENSG00000268027_P1","Enhancer","chr19_41548729_41549646","NSC_P0vsNSC_P1","AC006129.2","LncRNA",-0.0679528161196463,0.00963270875028987,2.01625157062364,-0.137009972229536
"ENSG00000268027_P1","Enhancer","chr19_41548729_41549646","iPSvsNSC_P0","AC006129.2","LncRNA",0.277314572608571,0.169036942965211,0.772018370104732,0.214091944351559
"ENSG00000268318_P1","Enhancer","chr19_51293939_51294811",NA,NA,NA,NA,NA,NA,NA
"ENSG00000268318_P2","Enhancer","chr19_51292623_51293542",NA,NA,NA,NA,NA,NA,NA
"ENSG00000268518_P1","Enhancer","chr19_50499990_50501012","NSC_P0vsNSC_P2","CTD-2545M3.8","LncRNA",-0.220726094182389,0.0299708929235507,1.52330031791542,-0.336232129440261
"ENSG00000268518_P1","Enhancer","chr19_50499990_50501012","NSC_P1vsNSC_P2","CTD-2545M3.8","LncRNA",-0.491950698317629,0.0214410065526508,1.6687548304531,-0.820945104162321
"ENSG00000268518_P1","Enhancer","chr19_50499990_50501012","NSC_P2vsNeuron","CTD-2545M3.8","LncRNA",0.455718334555763,0.0760110344711242,1.1191233569026,0.510005032370108
"ENSG00000268518_P1","Enhancer","chr19_50499990_50501012","iPSvsNSC_P1","CTD-2545M3.8","LncRNA",-0.166112432812182,0.0164269209731379,1.7844438321638,-0.296418306177422
"ENSG00000268518_P1","Enhancer","chr19_50499990_50501012","NSC_P0vsNSC_P1","CTD-2545M3.8","LncRNA",0.113879516890941,0.00471106321562005,2.32688106812204,0.264984091900414
"ENSG00000268518_P1","Enhancer","chr19_50499990_50501012","NSC_P1vsNeuron","CTD-2545M3.8","LncRNA",0.17151578463259,0.0218035654261217,1.66147248262114,0.284968756502223
"ENSG00000268518_P1","Enhancer","chr19_50499990_50501012","iPSvsNeuron","CTD-2545M3.8","LncRNA",-0.0569771094110773,0.0681903236439737,1.16627724830799,-0.0664511063804948
"ENSG00000268518_P1","Enhancer","chr19_50499990_50501012","iPSvsNSC_P0","CTD-2545M3.8","LncRNA",-0.206837784292026,0.0364086541424965,1.43879537460328,-0.297597247332556
"ENSG00000268518_P1","Enhancer","chr19_50499990_50501012","iPSvsNSC_P2","CTD-2545M3.8","LncRNA",-0.64653185502284,0.0240137303328684,1.61954037067424,-1.04708444013639
"ENSG00000268518_P1","Enhancer","chr19_50499990_50501012","NSC_P0vsNeuron","CTD-2545M3.8","LncRNA",0.642411337289928,0.00825411370802308,2.08332955261067,1.33835452390825
"ENSG00000268658_P2","Enhancer","chr19_21482507_21483376","iPSvsNeuron","LINC00664","LncRNA",0.157505229272649,0.223592647688018,0.650542481291074,0.102463842667348
"ENSG00000268658_P2","Enhancer","chr19_21482507_21483376","iPSvsNSC_P0","LINC00664","LncRNA",-0.117730798399006,0.058000980150861,1.23656466729028,-0.145581745552086
"ENSG00000268658_P2","Enhancer","chr19_21482507_21483376","NSC_P1vsNSC_P2","LINC00664","LncRNA",0.494845793730439,0.0393956209444417,1.40455204988405,0.695036673960587
"ENSG00000268658_P2","Enhancer","chr19_21482507_21483376","NSC_P2vsNeuron","LINC00664","LncRNA",-0.420730873860956,0.0529682114031598,1.27598469179638,-0.536846154412692
"ENSG00000268658_P2","Enhancer","chr19_21482507_21483376","NSC_P1vsNeuron","LINC00664","LncRNA",0.0617877218589143,0.0649895714226891,1.18715632700238,0.0733516849358736
"ENSG00000268658_P2","Enhancer","chr19_21482507_21483376","iPSvsNSC_P2","LINC00664","LncRNA",0.473334651877776,0.0358657970534964,1.44531951329951,0.684119808679779
"ENSG00000268658_P2","Enhancer","chr19_21482507_21483376","iPSvsNSC_P1","LINC00664","LncRNA",-0.156041770353356,0.014016365959178,1.85336457185117,-0.289202288901846
"ENSG00000268658_P2","Enhancer","chr19_21482507_21483376","NSC_P0vsNeuron","LINC00664","LncRNA",0.409079756458359,0.0308130447532186,1.51126538528618,0.618228075756821
"ENSG00000268658_P2","Enhancer","chr19_21482507_21483376","NSC_P0vsNSC_P2","LINC00664","LncRNA",0.446129593220865,0.018745819080415,1.72709557875095,0.770508448001713
"ENSG00000268658_P2","Enhancer","chr19_21482507_21483376","NSC_P0vsNSC_P1","LINC00664","LncRNA",0.109196240395365,0.039059459853608,1.40827376678855,0.153778200780729
"ENSG00000268751_P1","Enhancer","chr19_34645388_34646325",NA,NA,NA,NA,NA,NA,NA
"ENSG00000268751_P1","Enhancer","chr19_34654520_34655423",NA,NA,NA,NA,NA,NA,NA
"ENSG00000268751_P1","Enhancer","chr19_34584545_34585457",NA,NA,NA,NA,NA,NA,NA
"ENSG00000268751_P1","Enhancer","chr19_34579596_34580566",NA,NA,NA,NA,NA,NA,NA
"ENSG00000268751_P1","Enhancer","chr19_34577311_34578191",NA,NA,NA,NA,NA,NA,NA
"ENSG00000268751_P1","Enhancer","chr19_34625167_34626073",NA,NA,NA,NA,NA,NA,NA
"ENSG00000268751_P1","Enhancer","chr19_34662657_34663585",NA,NA,NA,NA,NA,NA,NA
"ENSG00000268810_P1","Enhancer","chr19_46403622_46404603","iPSvsNSC_P2","AC007193.9","LncRNA",-0.0299729504590253,0.0324144481603417,1.48926136764302,-0.0446375571929044
"ENSG00000268810_P1","Enhancer","chr19_46403622_46404603","NSC_P0vsNeuron","AC007193.9","LncRNA",0.130619381434132,0.0238089362822989,1.62326000724306,0.212029218052854
"ENSG00000268810_P1","Enhancer","chr19_46403622_46404603","NSC_P1vsNeuron","AC007193.9","LncRNA",0.10466544794893,0.281059990449419,0.551200972833449,0.057691696731499
"ENSG00000268810_P1","Enhancer","chr19_46403622_46404603","NSC_P0vsNSC_P1","AC007193.9","LncRNA",0.0634429829688667,0.0119234565941018,1.92359782495412,0.122038784047513
"ENSG00000268810_P1","Enhancer","chr19_46403622_46404603","NSC_P1vsNSC_P2","AC007193.9","LncRNA",0.375737275908002,0.0287219550327017,1.54178600206842,0.579306472450278
"ENSG00000268810_P1","Enhancer","chr19_46403622_46404603","iPSvsNSC_P1","AC007193.9","LncRNA",-0.346572138339375,0.0175342830863452,1.75611198615597,-0.608619486205483
"ENSG00000268810_P1","Enhancer","chr19_46403622_46404603","NSC_P0vsNSC_P2","AC007193.9","LncRNA",0.305385681273457,0.0882527979994914,1.05427151668828,0.321959425371052
"ENSG00000268810_P1","Enhancer","chr19_46403622_46404603","NSC_P2vsNeuron","AC007193.9","LncRNA",-0.200752408287087,0.132837547146383,0.876679152274388,-0.175995451114165
"ENSG00000268810_P1","Enhancer","chr19_46403622_46404603","iPSvsNeuron","AC007193.9","LncRNA",-0.418621674269144,0.103206835477646,0.986291538058479,-0.412883014979531
"ENSG00000268810_P1","Enhancer","chr19_46403622_46404603","iPSvsNSC_P0","AC007193.9","LncRNA",-0.130514279999645,0.00943344765733206,2.02532955594651,-0.264334428756359
"ENSG00000268810_P2","Enhancer","chr19_46383220_46384013","NSC_P2vsNeuron","AC007193.9","LncRNA",-0.846703196916449,0.00504212193212794,2.29738665611891,-1.94520462628907
"ENSG00000268810_P2","Enhancer","chr19_46383220_46384013","NSC_P0vsNSC_P2","AC007193.9","LncRNA",0.680055485555553,0.0160326852385025,1.79499373362842,1.22069533509185
"ENSG00000268810_P2","Enhancer","chr19_46383220_46384013","iPSvsNSC_P1","AC007193.9","LncRNA",-0.211403849847461,0.0972610527917474,1.01206103376875,-0.213953598819314
"ENSG00000268810_P2","Enhancer","chr19_46383220_46384013","iPSvsNeuron","AC007193.9","LncRNA",-0.301607477385749,0.0418731236850663,1.37806464005011,-0.415634599760015
"ENSG00000268810_P2","Enhancer","chr19_46383220_46384013","NSC_P0vsNeuron","AC007193.9","LncRNA",-0.409976396962667,0.015585831896767,1.80727001221721,-0.740938047947489
"ENSG00000268810_P2","Enhancer","chr19_46383220_46384013","iPSvsNSC_P2","AC007193.9","LncRNA",0.594844178920319,0.0203768977082592,1.69086193469367,1.00579937921048
"ENSG00000268810_P2","Enhancer","chr19_46383220_46384013","NSC_P1vsNeuron","AC007193.9","LncRNA",-0.182745912042571,0.00747139154620754,2.12659850333098,-0.388627183039587
"ENSG00000268810_P2","Enhancer","chr19_46383220_46384013","NSC_P1vsNSC_P2","AC007193.9","LncRNA",0.612694417676723,0.0149090198152764,1.8265509080433,1.11911754496048
"ENSG00000268810_P2","Enhancer","chr19_46383220_46384013","iPSvsNSC_P0","AC007193.9","LncRNA",0.126673553256749,0.530593256043946,0.275238274296233,0.0348654101973595
"ENSG00000268810_P2","Enhancer","chr19_46383220_46384013","NSC_P0vsNSC_P1","AC007193.9","LncRNA",-0.18876792632136,0.0194421660538232,1.71125535191906,-0.323030124188089
"ENSG00000268889_P2","Enhancer","chr19_51417121_51418047","NSC_P0vsNSC_P1","CTD-2616J11.14","LncRNA",-0.200930196067737,0.24626120564619,0.60860399863915,-0.122286920774173
"ENSG00000268889_P2","Enhancer","chr19_51417121_51418047","iPSvsNSC_P2","CTD-2616J11.14","LncRNA",0.479593575667604,0.051512597063118,1.28808655414293,0.617758036270771
"ENSG00000268889_P2","Enhancer","chr19_51417121_51418047","iPSvsNSC_P1","CTD-2616J11.14","LncRNA",-0.0438533035038957,0.0390597525021582,1.40827051289884,-0.0617573142177398
"ENSG00000268889_P2","Enhancer","chr19_51417121_51418047","iPSvsNSC_P0","CTD-2616J11.14","LncRNA",0.0936419011289733,0.0925183439788507,1.03377214943453,0.0968043894072347
"ENSG00000268889_P2","Enhancer","chr19_51417121_51418047","NSC_P1vsNSC_P2","CTD-2616J11.14","LncRNA",0.558189012573063,0.0278575436702729,1.55505717999662,0.868015831796963
"ENSG00000268889_P2","Enhancer","chr19_51417121_51418047","NSC_P2vsNeuron","CTD-2616J11.14","LncRNA",-0.756100951058467,0.011078153373471,1.95553262648027,-1.47858007870759
"ENSG00000268889_P2","Enhancer","chr19_51417121_51418047","NSC_P1vsNeuron","CTD-2616J11.14","LncRNA",-0.12580883647212,0.0602577257148681,1.2199872637699,-0.153485178165696
"ENSG00000268889_P2","Enhancer","chr19_51417121_51418047","NSC_P0vsNeuron","CTD-2616J11.14","LncRNA",-0.352786785452231,0.158163509450083,0.800893707137125,-0.282544716429827
"ENSG00000268889_P2","Enhancer","chr19_51417121_51418047","NSC_P0vsNSC_P2","CTD-2616J11.14","LncRNA",0.484366310312863,0.0449835703257682,1.34694607777446,0.652415301882001
"ENSG00000268889_P2","Enhancer","chr19_51417121_51418047","iPSvsNeuron","CTD-2616J11.14","LncRNA",-0.253136796362319,0.0156888234200215,1.80440962501422,-0.456762471801433
"ENSG00000268947_P1","Enhancer","chr19_35261751_35262805","NSC_P1vsNeuron","AD000684.2","Others",0.167888384614897,0.0139231215582194,1.85626338516171,0.311645061154581
"ENSG00000268947_P1","Enhancer","chr19_35261751_35262805","NSC_P0vsNSC_P2","AD000684.2","Others",0.470729821248491,0.287496931861884,0.541366785696311,0.254837490260694
"ENSG00000268947_P1","Enhancer","chr19_35261751_35262805","NSC_P2vsNeuron","AD000684.2","Others",-0.157507144948667,0.0396257267862428,1.40202275918782,-0.220828601952725
"ENSG00000268947_P1","Enhancer","chr19_35261751_35262805","iPSvsNeuron","AD000684.2","Others",-0.231133780851615,0.0114458005142307,1.94135382756303,-0.448712450135397
"ENSG00000268947_P1","Enhancer","chr19_35261751_35262805","iPSvsNSC_P0","AD000684.2","Others",-0.600106172875945,0.00849077784756108,2.0710525218374,-1.24285140270492
"ENSG00000268947_P1","Enhancer","chr19_35261751_35262805","iPSvsNSC_P1","AD000684.2","Others",-0.381132018970124,0.0184667578213807,1.73360934624259,-0.660734030238914
"ENSG00000268947_P1","Enhancer","chr19_35261751_35262805","iPSvsNSC_P2","AD000684.2","Others",-0.426968007529373,0.0817359194711489,1.08758704750769,-0.464364874689114
"ENSG00000268947_P1","Enhancer","chr19_35261751_35262805","NSC_P1vsNSC_P2","AD000684.2","Others",0.156917217877023,0.0768082339230749,1.11459222064979,0.174898710331737
"ENSG00000268947_P1","Enhancer","chr19_35261751_35262805","NSC_P0vsNeuron","AD000684.2","Others",0.375861860893731,0.0793959388353723,1.10020171150862,0.413523862646096
"ENSG00000268947_P1","Enhancer","chr19_35261751_35262805","NSC_P0vsNSC_P1","AD000684.2","Others",0.181226236602022,0.0194421660538232,1.71125535191906,0.310124367293359
"ENSG00000269151_P1","Enhancer","chr19_46403622_46404603","iPSvsNSC_P2","AC007193.8","LncRNA",-0.0299729504590253,0.0324144481603417,1.48926136764302,-0.0446375571929044
"ENSG00000269151_P1","Enhancer","chr19_46403622_46404603","iPSvsNSC_P0","AC007193.8","LncRNA",-0.130514279999645,0.00943344765733206,2.02532955594651,-0.264334428756359
"ENSG00000269151_P1","Enhancer","chr19_46403622_46404603","NSC_P0vsNSC_P2","AC007193.8","LncRNA",0.305385681273457,0.0882527979994914,1.05427151668828,0.321959425371052
"ENSG00000269151_P1","Enhancer","chr19_46403622_46404603","iPSvsNSC_P1","AC007193.8","LncRNA",-0.346572138339375,0.0175342830863452,1.75611198615597,-0.608619486205483
"ENSG00000269151_P1","Enhancer","chr19_46403622_46404603","NSC_P1vsNeuron","AC007193.8","LncRNA",0.10466544794893,0.281059990449419,0.551200972833449,0.057691696731499
"ENSG00000269151_P1","Enhancer","chr19_46403622_46404603","iPSvsNeuron","AC007193.8","LncRNA",-0.418621674269144,0.103206835477646,0.986291538058479,-0.412883014979531
"ENSG00000269151_P1","Enhancer","chr19_46403622_46404603","NSC_P0vsNeuron","AC007193.8","LncRNA",0.130619381434132,0.0238089362822989,1.62326000724306,0.212029218052854
"ENSG00000269151_P1","Enhancer","chr19_46403622_46404603","NSC_P2vsNeuron","AC007193.8","LncRNA",-0.200752408287087,0.132837547146383,0.876679152274388,-0.175995451114165
"ENSG00000269151_P1","Enhancer","chr19_46403622_46404603","NSC_P1vsNSC_P2","AC007193.8","LncRNA",0.375737275908002,0.0287219550327017,1.54178600206842,0.579306472450278
"ENSG00000269151_P1","Enhancer","chr19_46403622_46404603","NSC_P0vsNSC_P1","AC007193.8","LncRNA",0.0634429829688667,0.0119234565941018,1.92359782495412,0.122038784047513
"ENSG00000269410_P1","Enhancer","chr19_39425926_39426782","NSC_P1vsNSC_P2","CTB-60E11.4","Others",0.331070951141006,0.0651913857820518,1.1858097870055,0.392587174056226
"ENSG00000269410_P1","Enhancer","chr19_39425926_39426782","iPSvsNeuron","CTB-60E11.4","Others",-0.169806746131639,0.0827376647946738,1.08229674088671,-0.18378128791885
"ENSG00000269410_P1","Enhancer","chr19_39425926_39426782","NSC_P0vsNeuron","CTB-60E11.4","Others",-0.192143319305415,0.10422543249768,0.982026294033604,-0.188689791780813
"ENSG00000269410_P1","Enhancer","chr19_39425926_39426782","NSC_P2vsNeuron","CTB-60E11.4","Others",-0.538978529929246,0.0121069615689876,1.91696483616267,-1.03320288932101
"ENSG00000269410_P1","Enhancer","chr19_39425926_39426782","NSC_P0vsNSC_P1","CTB-60E11.4","Others",0.102951974246142,0.0345221086076733,1.46190268547394,0.150505767625279
"ENSG00000269410_P1","Enhancer","chr19_39425926_39426782","NSC_P1vsNeuron","CTB-60E11.4","Others",-0.299290842955855,0.0967783437875407,1.01422181444569,-0.303547301789668
"ENSG00000269410_P1","Enhancer","chr19_39425926_39426782","iPSvsNSC_P2","CTB-60E11.4","Others",0.423714902346463,0.0144216412616942,1.84098531171535,0.780052911574742
"ENSG00000269410_P1","Enhancer","chr19_39425926_39426782","NSC_P0vsNSC_P2","CTB-60E11.4","Others",0.288494218658719,0.10457782085039,0.980560412061833,0.282886009925451
"ENSG00000269410_P1","Enhancer","chr19_39425926_39426782","iPSvsNSC_P1","CTB-60E11.4","Others",0.283095764154146,0.101193510425273,0.994847338058116,0.28163706738428
"ENSG00000269410_P1","Enhancer","chr19_39425926_39426782","iPSvsNSC_P0","CTB-60E11.4","Others",0.0489576934442467,0.190007663661563,0.721228882106084,0.0353097025132864
"ENSG00000270408_P2","Enhancer","chr20_10649386_10650656","iPSvsNSC_P1","JAG1","LncRNA",0.373174969678912,0.0071568053461953,2.14528079474957,0.800565095533425
"ENSG00000270408_P2","Enhancer","chr20_10649386_10650656","NSC_P0vsNeuron","JAG1","LncRNA",-0.18128346385358,0.034114878084855,1.46705617640428,-0.265953025326357
"ENSG00000270408_P2","Enhancer","chr20_10649386_10650656","iPSvsNSC_P2","JAG1","LncRNA",-0.857151283944433,0.0056346863862477,2.24913025078244,-1.92784488221643
"ENSG00000270408_P2","Enhancer","chr20_10649386_10650656","NSC_P1vsNSC_P2","JAG1","LncRNA",-0.732648726347983,0.005634677474591,2.24913093765055,-1.64782291685952
"ENSG00000270408_P2","Enhancer","chr20_10649386_10650656","iPSvsNSC_P0","JAG1","LncRNA",0.0384915470334857,0.422459681386485,0.374214732837143,0.0144041039896242
"ENSG00000270408_P2","Enhancer","chr20_10649386_10650656","NSC_P0vsNSC_P2","JAG1","LncRNA",-0.826575049368538,0.00584573918315919,2.23316056527718,-1.84587480449186
"ENSG00000270408_P2","Enhancer","chr20_10649386_10650656","NSC_P1vsNeuron","JAG1","LncRNA",-0.252974954580591,0.118204313921447,0.927366673386303,-0.234600542079453
"ENSG00000270408_P2","Enhancer","chr20_10649386_10650656","NSC_P2vsNeuron","JAG1","LncRNA",0.741728037861577,0.00571826624046095,2.24273562790926,1.66349989673139
"ENSG00000270408_P2","Enhancer","chr20_10649386_10650656","iPSvsNeuron","JAG1","LncRNA",0.00434834299554167,0.126318487166973,0.898533084226567,0.00390713004305905
"ENSG00000270408_P2","Enhancer","chr20_10649386_10650656","NSC_P0vsNSC_P1","JAG1","LncRNA",0.0774681387019627,0.0199466298182229,1.70013047215724,0.13170594322851
"ENSG00000270933_P2","Enhancer","chr7_25940008_25941538",NA,NA,NA,NA,NA,NA,NA
"ENSG00000271147_P2","Enhancer","chrX_102691028_102692027","NSC_P1vsNSC_P2","ARMCX5-GPRASP2","LncRNA",-0.123715013938005,0.161583898490707,0.79160191797377,-0.0979330423154768
"ENSG00000271147_P2","Enhancer","chrX_102691028_102692027","iPSvsNSC_P1","ARMCX5-GPRASP2","LncRNA",0.195963887191279,0.0152802201685428,1.815870388084,0.355845019884477
"ENSG00000271147_P2","Enhancer","chrX_102691028_102692027","iPSvsNSC_P0","ARMCX5-GPRASP2","LncRNA",0.161473431808692,0.0726583657238616,1.13871437477899,0.183872117945452
"ENSG00000271147_P2","Enhancer","chrX_102691028_102692027","iPSvsNSC_P2","ARMCX5-GPRASP2","LncRNA",-0.0835346490338847,0.01667644559991,1.77789650890455,-0.14851596088991
"ENSG00000271147_P2","Enhancer","chrX_102691028_102692027","NSC_P0vsNeuron","ARMCX5-GPRASP2","LncRNA",-0.286031386750634,0.0128457637789334,1.89124006850042,-0.540954019471539
"ENSG00000271147_P2","Enhancer","chrX_102691028_102692027","NSC_P1vsNeuron","ARMCX5-GPRASP2","LncRNA",-0.429607043940551,0.0313748910591159,1.50341777347925,-0.645878865472107
"ENSG00000271147_P2","Enhancer","chrX_102691028_102692027","NSC_P0vsNSC_P2","ARMCX5-GPRASP2","LncRNA",-0.055742812017016,0.0429685256701471,1.36684954751005,-0.0761920373823963
"ENSG00000271147_P2","Enhancer","chrX_102691028_102692027","iPSvsNeuron","ARMCX5-GPRASP2","LncRNA",-0.492724425780197,0.0418731236850663,1.37806464005011,-0.679006108456687
"ENSG00000271147_P2","Enhancer","chrX_102691028_102692027","NSC_P0vsNSC_P1","ARMCX5-GPRASP2","LncRNA",0.0997702849744543,0.00930248236947567,2.03140114440201,0.202673471074422
"ENSG00000271147_P2","Enhancer","chrX_102691028_102692027","NSC_P2vsNeuron","ARMCX5-GPRASP2","LncRNA",-0.487308925001309,0.0232735249637465,1.63313783431677,-0.795842642419869
"ENSG00000271430_P1","Enhancer","chrX_74249748_74250608","iPSvsNSC_P0","RP3-368A4.5","LncRNA",0.5370122585653,0.0046063801298387,2.33664022584217,1.25480444513404
"ENSG00000271430_P1","Enhancer","chrX_74249748_74250608","NSC_P0vsNSC_P2","RP3-368A4.5","LncRNA",0.224791557668029,0.163027221622092,0.787739872815695,0.177077273047455
"ENSG00000271430_P1","Enhancer","chrX_74249748_74250608","iPSvsNSC_P2","RP3-368A4.5","LncRNA",0.643260333445014,0.00515592303631959,2.28769357408651,1.47158253128691
"ENSG00000271430_P1","Enhancer","chrX_74249748_74250608","NSC_P1vsNeuron","RP3-368A4.5","LncRNA",-0.3232433309719,0.112120397821659,0.950315369960585,-0.307183105659853
"ENSG00000271430_P1","Enhancer","chrX_74249748_74250608","NSC_P0vsNeuron","RP3-368A4.5","LncRNA",-0.324861138086363,0.123957242742605,0.906728092605308,-0.294560720098638
"ENSG00000271430_P1","Enhancer","chrX_74249748_74250608","iPSvsNeuron","RP3-368A4.5","LncRNA",0.13883885126046,0.0139231215582194,1.85626338516171,0.257721476032704
"ENSG00000271430_P1","Enhancer","chrX_74249748_74250608","NSC_P2vsNeuron","RP3-368A4.5","LncRNA",-0.482808481430968,0.0398569507398408,1.39949593010911,-0.675688504784797
"ENSG00000271430_P1","Enhancer","chrX_74249748_74250608","NSC_P1vsNSC_P2","RP3-368A4.5","LncRNA",0.411828266854611,0.0362916963596665,1.44019273137442,0.593112076498535
"ENSG00000271430_P1","Enhancer","chrX_74249748_74250608","iPSvsNSC_P1","RP3-368A4.5","LncRNA",0.438884053219489,0.00879519857960365,2.0557543505155,0.902237801777843
"ENSG00000271430_P1","Enhancer","chrX_74249748_74250608","NSC_P0vsNSC_P1","RP3-368A4.5","LncRNA",0.117523544529156,0.0642948781194398,1.1918236226133,0.140067336583094
"ENSG00000271430_P1","Enhancer","chrX_74248582_74249402","iPSvsNSC_P0","RP3-368A4.5","LncRNA",0.5370122585653,0.0046063801298387,2.33664022584217,1.25480444513404
"ENSG00000271430_P1","Enhancer","chrX_74248582_74249402","NSC_P0vsNSC_P2","RP3-368A4.5","LncRNA",0.224791557668029,0.163027221622092,0.787739872815695,0.177077273047455
"ENSG00000271430_P1","Enhancer","chrX_74248582_74249402","iPSvsNSC_P2","RP3-368A4.5","LncRNA",0.643260333445014,0.00515592303631959,2.28769357408651,1.47158253128691
"ENSG00000271430_P1","Enhancer","chrX_74248582_74249402","NSC_P1vsNeuron","RP3-368A4.5","LncRNA",-0.3232433309719,0.112120397821659,0.950315369960585,-0.307183105659853
"ENSG00000271430_P1","Enhancer","chrX_74248582_74249402","NSC_P0vsNeuron","RP3-368A4.5","LncRNA",-0.324861138086363,0.123957242742605,0.906728092605308,-0.294560720098638
"ENSG00000271430_P1","Enhancer","chrX_74248582_74249402","iPSvsNeuron","RP3-368A4.5","LncRNA",0.13883885126046,0.0139231215582194,1.85626338516171,0.257721476032704
"ENSG00000271430_P1","Enhancer","chrX_74248582_74249402","NSC_P2vsNeuron","RP3-368A4.5","LncRNA",-0.482808481430968,0.0398569507398408,1.39949593010911,-0.675688504784797
"ENSG00000271430_P1","Enhancer","chrX_74248582_74249402","NSC_P1vsNSC_P2","RP3-368A4.5","LncRNA",0.411828266854611,0.0362916963596665,1.44019273137442,0.593112076498535
"ENSG00000271430_P1","Enhancer","chrX_74248582_74249402","iPSvsNSC_P1","RP3-368A4.5","LncRNA",0.438884053219489,0.00879519857960365,2.0557543505155,0.902237801777843
"ENSG00000271430_P1","Enhancer","chrX_74248582_74249402","NSC_P0vsNSC_P1","RP3-368A4.5","LncRNA",0.117523544529156,0.0642948781194398,1.1918236226133,0.140067336583094
"ENSG00000271758_P1","Enhancer","chr11_7905810_7906718",NA,NA,NA,NA,NA,NA,NA
"ENSG00000271860_P1","Enhancer","chr6_97305339_97306210","iPSvsNSC_P2","RP11-436D23.1","LncRNA",-0.196759239853016,0.0947071773694308,1.02361710680643,-0.201406123835776
"ENSG00000271860_P1","Enhancer","chr6_97305339_97306210","NSC_P0vsNSC_P2","RP11-436D23.1","LncRNA",-0.371363595371037,0.020903053374454,1.6797902705004,-0.623812954322314
"ENSG00000271860_P1","Enhancer","chr6_97305339_97306210","NSC_P0vsNeuron","RP11-436D23.1","LncRNA",-0.418398139711622,0.10680653745095,0.971402164049215,-0.406432858350035
"ENSG00000271860_P1","Enhancer","chr6_97305339_97306210","NSC_P0vsNSC_P1","RP11-436D23.1","LncRNA",-0.099037861042191,0.0259719903055858,1.58549476790583,-0.157024010506979
"ENSG00000271860_P1","Enhancer","chr6_97305339_97306210","iPSvsNeuron","RP11-436D23.1","LncRNA",-0.394670814257932,0.0233661925838295,1.63141204817877,-0.643870721444918
"ENSG00000271860_P1","Enhancer","chr6_97305339_97306210","NSC_P1vsNeuron","RP11-436D23.1","LncRNA",-0.252900696128693,0.113207807475595,0.946123620615565,-0.239275322277475
"ENSG00000271860_P1","Enhancer","chr6_97305339_97306210","NSC_P2vsNeuron","RP11-436D23.1","LncRNA",0.0240971092333927,0.0400893184958014,1.39697132653892,0.0336629706515257
"ENSG00000271860_P1","Enhancer","chr6_97305339_97306210","NSC_P1vsNSC_P2","RP11-436D23.1","LncRNA",-0.276712932441028,0.0914341698429227,1.03889147383948,-0.287474706214105
"ENSG00000271860_P1","Enhancer","chr6_97305339_97306210","iPSvsNSC_P0","RP11-436D23.1","LncRNA",0.192839064264282,0.319052632388484,0.496137667819284,0.0956747236085336
"ENSG00000271860_P1","Enhancer","chr6_97305339_97306210","iPSvsNSC_P1","RP11-436D23.1","LncRNA",0.0264875026641413,0.0915924604678808,1.0381402742793,0.0274977432807253
"ENSG00000271945_P2","Enhancer","chr6_76774513_76775493",NA,NA,NA,NA,NA,NA,NA
"ENSG00000272048_P1","Enhancer","chr2_25227329_25227921","NSC_P0vsNSC_P1","RP11-458N5.1","LncRNA",-0.360713662138681,0.00796638785890897,2.09873855295013,-0.757043669306276
"ENSG00000272048_P1","Enhancer","chr2_25227329_25227921","NSC_P1vsNSC_P2","RP11-458N5.1","LncRNA",0.504700723884643,0.00893178454612453,2.04906176159229,1.03416295435997
"ENSG00000272048_P1","Enhancer","chr2_25227329_25227921","NSC_P0vsNSC_P2","RP11-458N5.1","LncRNA",0.111947689948013,0.0226957104261867,1.64405621832568,0.184048295786226
"ENSG00000272048_P1","Enhancer","chr2_25227329_25227921","iPSvsNeuron","RP11-458N5.1","LncRNA",-0.0913867225816453,0.0510753938290699,1.29178827595088,-0.118052296808545
"ENSG00000272048_P1","Enhancer","chr2_25227329_25227921","NSC_P0vsNeuron","RP11-458N5.1","LncRNA",-0.466312607764526,0.00904577234260403,2.0435543464591,-0.952935156405874
"ENSG00000272048_P1","Enhancer","chr2_25227329_25227921","iPSvsNSC_P1","RP11-458N5.1","LncRNA",-0.0375179271065687,0.108907395369309,0.962942628425746,-0.0361276113410849
"ENSG00000272048_P1","Enhancer","chr2_25227329_25227921","iPSvsNSC_P0","RP11-458N5.1","LncRNA",0.302780775674208,0.0622493694272955,1.2058650435195,0.365112753235248
"ENSG00000272048_P1","Enhancer","chr2_25227329_25227921","NSC_P2vsNeuron","RP11-458N5.1","LncRNA",-0.620729513557771,0.00457478704898356,2.33962911703006,-1.45227684371967
"ENSG00000272048_P1","Enhancer","chr2_25227329_25227921","iPSvsNSC_P2","RP11-458N5.1","LncRNA",0.563111339259946,0.00791979509914002,2.10128605432767,1.1832580042207
"ENSG00000272048_P1","Enhancer","chr2_25227329_25227921","NSC_P1vsNeuron","RP11-458N5.1","LncRNA",-0.026018277178956,0.197407442351038,0.704636478256756,-0.0183334272016877
"ENSG00000272070_P1","Enhancer","chr5_141325815_141326773","iPSvsNeuron","AC005618.6","LncRNA",-0.211980833042761,0.0199468664375976,1.70012532031554,-0.360393981677578
"ENSG00000272070_P1","Enhancer","chr5_141325815_141326773","iPSvsNSC_P1","AC005618.6","LncRNA",0.169453250186462,0.168295012601106,0.773928754089018,0.131144742793143
"ENSG00000272070_P1","Enhancer","chr5_141325815_141326773","NSC_P1vsNeuron","AC005618.6","LncRNA",-0.19480104607268,0.0128457295103295,1.89124122706799,-0.368415769408623
"ENSG00000272070_P1","Enhancer","chr5_141325815_141326773","NSC_P1vsNSC_P2","AC005618.6","LncRNA",0.280578096723886,0.181896571317034,0.740175487149416,0.207677029426058
"ENSG00000272070_P1","Enhancer","chr5_141325815_141326773","NSC_P2vsNeuron","AC005618.6","LncRNA",-0.217137255615063,0.0444724822919592,1.35190862913857,-0.293549729573472
"ENSG00000272070_P1","Enhancer","chr5_141325815_141326773","NSC_P0vsNeuron","AC005618.6","LncRNA",-0.138993443221814,0.0203327277730877,1.69180435390837,-0.235149712407381
"ENSG00000272070_P1","Enhancer","chr5_141325815_141326773","iPSvsNSC_P0","AC005618.6","LncRNA",0.0842821718159053,0.326090957338917,0.486661244224588,0.041016866601879
"ENSG00000272070_P1","Enhancer","chr5_141325815_141326773","NSC_P0vsNSC_P1","AC005618.6","LncRNA",0.151725963406779,0.04883444372808,1.31127375495455,0.198954273760503
"ENSG00000272070_P1","Enhancer","chr5_141325815_141326773","NSC_P0vsNSC_P2","AC005618.6","LncRNA",0.127537864832794,0.0604418240403116,1.21866243780276,0.155425605269291
"ENSG00000272070_P1","Enhancer","chr5_141325815_141326773","iPSvsNSC_P2","AC005618.6","LncRNA",0.427336254268273,0.036078228200263,1.44275479878373,0.616541431539816
"ENSG00000272141_P2","Enhancer","chr1_1162284_1163205","iPSvsNSC_P1","RP11-465B22.8","LncRNA",-0.548014564088512,0.0103247860324503,1.98611893975766,-1.08842210499923
"ENSG00000272141_P2","Enhancer","chr1_1162284_1163205","iPSvsNSC_P2","RP11-465B22.8","LncRNA",-0.70479799078241,0.00964668955349049,2.01562169756938,-1.42060612262433
"ENSG00000272141_P2","Enhancer","chr1_1162284_1163205","NSC_P0vsNSC_P2","RP11-465B22.8","LncRNA",-0.57508626076767,0.0101277601547813,1.99448659214982,-1.14700183643069
"ENSG00000272141_P2","Enhancer","chr1_1162284_1163205","iPSvsNeuron","RP11-465B22.8","LncRNA",-0.52350759434885,0.00464107564635546,2.33338135282057,-1.22154285871356
"ENSG00000272141_P2","Enhancer","chr1_1162284_1163205","NSC_P2vsNeuron","RP11-465B22.8","LncRNA",0.693653364946141,0.00769713397088194,2.11367095435147,1.46615496987482
"ENSG00000272141_P2","Enhancer","chr1_1162284_1163205","NSC_P1vsNeuron","RP11-465B22.8","LncRNA",0.234352002567546,0.00538616568212604,2.26872029152488,0.531679143584484
"ENSG00000272141_P2","Enhancer","chr1_1162284_1163205","NSC_P0vsNSC_P1","RP11-465B22.8","LncRNA",-0.0702782668153593,0.287530467390123,0.541316129693145,-0.0380427593940325
"ENSG00000272141_P2","Enhancer","chr1_1162284_1163205","iPSvsNSC_P0","RP11-465B22.8","LncRNA",-0.175047055493873,0.0656898135299774,1.1825019709381,-0.206993488128416
"ENSG00000272141_P2","Enhancer","chr1_1162284_1163205","NSC_P1vsNSC_P2","RP11-465B22.8","LncRNA",-0.546365271914569,0.0177998558971179,1.74958351360908,-0.95591167215027
"ENSG00000272141_P2","Enhancer","chr1_1162284_1163205","NSC_P0vsNeuron","RP11-465B22.8","LncRNA",0.162626049620638,0.0045377587048026,2.34315860143453,0.381058626985917
"ENSG00000272168_P2","Enhancer","chr6_22145195_22146521","NSC_P1vsNSC_P2","CASC15","LncRNA",0.28165920773202,0.299634189142902,0.523408633866557,0.147422861134953
"ENSG00000272168_P2","Enhancer","chr6_22145195_22146521","iPSvsNSC_P2","CASC15","LncRNA",0.369073077353437,0.0541573406728363,1.26634266927616,0.467372985933719
"ENSG00000272168_P2","Enhancer","chr6_22145195_22146521","NSC_P0vsNSC_P1","CASC15","LncRNA",0.121761188056987,0.869519036144782,0.0607209056657103,0.00739344961375312
"ENSG00000272168_P2","Enhancer","chr6_22145195_22146521","NSC_P2vsNeuron","CASC15","LncRNA",-0.525232134734191,0.0218523698321125,1.66050145804367,-0.872148725537511
"ENSG00000272168_P2","Enhancer","chr6_22145195_22146521","iPSvsNSC_P1","CASC15","LncRNA",0.140382755801077,0.0402118207431825,1.39564626211681,0.19592466839943
"ENSG00000272168_P2","Enhancer","chr6_22145195_22146521","NSC_P0vsNeuron","CASC15","LncRNA",0.0259385993621986,0.044600891693593,1.35065645846867,0.0350341367521849
"ENSG00000272168_P2","Enhancer","chr6_22145195_22146521","iPSvsNeuron","CASC15","LncRNA",0.0513210619759997,0.014110241604703,1.85046554991036,0.0949678571714018
"ENSG00000272168_P2","Enhancer","chr6_22145195_22146521","NSC_P0vsNSC_P2","CASC15","LncRNA",0.319226674948581,0.165942909043427,0.78004130082758,0.249009990785755
"ENSG00000272168_P2","Enhancer","chr6_22145195_22146521","NSC_P1vsNeuron","CASC15","LncRNA",-0.173368494323588,0.0170837655746224,1.76741639664269,-0.306414319528763
"ENSG00000272168_P2","Enhancer","chr6_22145195_22146521","iPSvsNSC_P0","CASC15","LncRNA",0.0942419212069163,0.0392878966448189,1.4057412213791,0.132479753422523
"ENSG00000272180_P1","Enhancer","chr2_55779419_55780389",NA,NA,NA,NA,NA,NA,NA
"ENSG00000272180_P2","Enhancer","chr2_56117571_56119175",NA,NA,NA,NA,NA,NA,NA
"ENSG00000272368_P2","Enhancer","chr12_50103598_50104464","iPSvsNSC_P0","RP4-605O3.4","LncRNA",-0.028663897821049,0.00399055223571893,2.39896699996991,-0.068763744963206
"ENSG00000272368_P2","Enhancer","chr12_50103598_50104464","NSC_P1vsNSC_P2","RP4-605O3.4","LncRNA",0.448786101290921,0.0316449951611582,1.49969496639748,0.673042257095142
"ENSG00000272368_P2","Enhancer","chr12_50103598_50104464","iPSvsNeuron","RP4-605O3.4","LncRNA",-0.098947523936394,0.0129326074129906,1.88831390583012,-0.186843985396551
"ENSG00000272368_P2","Enhancer","chr12_50103598_50104464","NSC_P0vsNeuron","RP4-605O3.4","LncRNA",-0.093547985894309,0.00774296157959301,2.1110928956909,-0.197488488427668
"ENSG00000272368_P2","Enhancer","chr12_50103598_50104464","iPSvsNSC_P2","RP4-605O3.4","LncRNA",0.0389232932561433,0.00457479019935515,2.33962881795854,0.0910660585919243
"ENSG00000272368_P2","Enhancer","chr12_50103598_50104464","NSC_P1vsNeuron","RP4-605O3.4","LncRNA",0.350678920935752,0.0925184800777907,1.0337715105669,0.362521877819724
"ENSG00000272368_P2","Enhancer","chr12_50103598_50104464","iPSvsNSC_P1","RP4-605O3.4","LncRNA",-0.27401309443898,0.0187065507325998,1.72800628390013,-0.473496349061478
"ENSG00000272368_P2","Enhancer","chr12_50103598_50104464","NSC_P2vsNeuron","RP4-605O3.4","LncRNA",-0.396408998183108,0.121472087004377,0.915523506861324,-0.362921756167983
"ENSG00000272368_P2","Enhancer","chr12_50103598_50104464","NSC_P0vsNSC_P2","RP4-605O3.4","LncRNA",0.402870595523912,0.0860354748016616,1.06532244022263,0.429187085917479
"ENSG00000272368_P2","Enhancer","chr12_50103598_50104464","NSC_P0vsNSC_P1","RP4-605O3.4","LncRNA",-0.334753191400669,0.0204624822092734,1.68904168516914,-0.565412094519134
"ENSG00000272473_P1","Enhancer","chr19_782094_783114","iPSvsNSC_P0","AC006273.4","LncRNA",-0.230847133182886,0.00710555003243497,2.14840229820019,-0.495952511463037
"ENSG00000272473_P1","Enhancer","chr19_782094_783114","iPSvsNeuron","AC006273.4","LncRNA",0.191125524723077,0.0207249873590103,1.68350572567099,0.321760915193173
"ENSG00000272473_P1","Enhancer","chr19_782094_783114","NSC_P1vsNSC_P2","AC006273.4","LncRNA",0.304589780587338,0.299634189142902,0.523408633866557,0.159424920946933
"ENSG00000272473_P1","Enhancer","chr19_782094_783114","NSC_P1vsNeuron","AC006273.4","LncRNA",0.450469762506102,0.0115242371673336,1.93838781257451,0.873185097575162
"ENSG00000272473_P1","Enhancer","chr19_782094_783114","iPSvsNSC_P1","AC006273.4","LncRNA",-0.140781531809731,0.0256531107244804,1.59085996433138,-0.223963702673346
"ENSG00000272473_P1","Enhancer","chr19_782094_783114","iPSvsNSC_P2","AC006273.4","LncRNA",0.11696870948454,0.0928256146514858,1.03233216638013,0.120750561260862
"ENSG00000272473_P1","Enhancer","chr19_782094_783114","NSC_P0vsNSC_P2","AC006273.4","LncRNA",0.326453079406929,0.412940476998156,0.384112544891442,0.125394723118643
"ENSG00000272473_P1","Enhancer","chr19_782094_783114","NSC_P0vsNeuron","AC006273.4","LncRNA",0.526047093202289,0.00605824133708543,2.21765343003307,1.16659014059898
"ENSG00000272473_P1","Enhancer","chr19_782094_783114","NSC_P2vsNeuron","AC006273.4","LncRNA",0.0902922581908453,0.0951822864065399,1.02144386707438,0.0922284733733352
"ENSG00000272473_P1","Enhancer","chr19_782094_783114","NSC_P0vsNSC_P1","AC006273.4","LncRNA",0.128702811268883,0.0911318357622214,1.04032988119833,0.133893380357247
"ENSG00000272679_P2","Enhancer","chr9_136795707_136796399","iPSvsNSC_P2","RP11-216L13.18","Others",-0.58554302553015,0.0202471755245716,1.69363555218501,-0.991696485371834
"ENSG00000272679_P2","Enhancer","chr9_136795707_136796399","NSC_P1vsNSC_P2","RP11-216L13.18","Others",-0.489726482682232,0.0159275328027861,1.79785149181463,-0.880455487471384
"ENSG00000272679_P2","Enhancer","chr9_136795707_136796399","NSC_P0vsNeuron","RP11-216L13.18","Others",-0.0845580918954143,0.101694122676011,0.992704146026467,-0.0839411684046649
"ENSG00000272679_P2","Enhancer","chr9_136795707_136796399","iPSvsNSC_P1","RP11-216L13.18","Others",-0.127022784263779,0.0357703641016085,1.44647663920483,-0.183735490084312
"ENSG00000272679_P2","Enhancer","chr9_136795707_136796399","NSC_P0vsNSC_P1","RP11-216L13.18","Others",0.000181872313547678,0.0485602709427824,1.31371889877326,0.000238929095471201
"ENSG00000272679_P2","Enhancer","chr9_136795707_136796399","iPSvsNeuron","RP11-216L13.18","Others",-0.270621857812908,0.440715369753922,0.35584180339768,-0.0962985699229754
"ENSG00000272679_P2","Enhancer","chr9_136795707_136796399","iPSvsNSC_P0","RP11-216L13.18","Others",-0.080005013279946,0.0458892788905943,1.33828876680515,-0.107069810560649
"ENSG00000272679_P2","Enhancer","chr9_136795707_136796399","NSC_P2vsNeuron","RP11-216L13.18","Others",0.531309753457274,0.0211705484838799,1.67426789018858,0.889554859957525
"ENSG00000272679_P2","Enhancer","chr9_136795707_136796399","NSC_P1vsNeuron","RP11-216L13.18","Others",-0.02184569210799,0.145160730409491,0.838150855213742,-0.0183099855230479
"ENSG00000272679_P2","Enhancer","chr9_136795707_136796399","NSC_P0vsNSC_P2","RP11-216L13.18","Others",-0.599244760994253,0.0076423538727547,2.11677285654208,-1.26846504449768
"ENSG00000273102_P1","Enhancer","chr21_33967974_33968901",NA,NA,NA,NA,NA,NA,NA
"ENSG00000273432_P2","Enhancer","chr7_43989793_43990806","NSC_P1vsNeuron","RP5-1165K10.2","LncRNA",-0.090664737406539,0.225422733427275,0.647002288360154,-0.0586602925756033
"ENSG00000273432_P2","Enhancer","chr7_43989793_43990806","iPSvsNSC_P2","RP5-1165K10.2","LncRNA",0.0798581295414703,0.5293140322927,0.2762865925636,0.0220637304995154
"ENSG00000273432_P2","Enhancer","chr7_43989793_43990806","NSC_P0vsNSC_P2","RP5-1165K10.2","LncRNA",0.306784004738142,0.0776123004529323,1.11006944374833,0.340551549490555
"ENSG00000273432_P2","Enhancer","chr7_43989793_43990806","NSC_P0vsNSC_P1","RP5-1165K10.2","LncRNA",-0.0438703522078537,0.274687269707549,0.561161467350007,-0.0246183512181208
"ENSG00000273432_P2","Enhancer","chr7_43989793_43990806","iPSvsNeuron","RP5-1165K10.2","LncRNA",-0.27357738639277,0.188391604796108,0.724938454366713,-0.198326767641259
"ENSG00000273432_P2","Enhancer","chr7_43989793_43990806","NSC_P2vsNeuron","RP5-1165K10.2","LncRNA",-0.468882263360608,0.0110023291168063,1.95851536797787,-0.918313118563998
"ENSG00000273432_P2","Enhancer","chr7_43989793_43990806","iPSvsNSC_P1","RP5-1165K10.2","LncRNA",-0.269599177412675,0.11990757067411,0.921153395731902,-0.248342197760213
"ENSG00000273432_P2","Enhancer","chr7_43989793_43990806","NSC_P0vsNeuron","RP5-1165K10.2","LncRNA",-0.154231134567994,0.121054114114626,0.917020446148578,-0.141433103831543
"ENSG00000273432_P2","Enhancer","chr7_43989793_43990806","NSC_P1vsNSC_P2","RP5-1165K10.2","LncRNA",0.299017604490733,0.0834342998898802,1.07865537393593,0.322536945985378
"ENSG00000273432_P2","Enhancer","chr7_43989793_43990806","iPSvsNSC_P0","RP5-1165K10.2","LncRNA",-0.235042635830072,0.134235257534001,0.872133399655991,-0.204988533050586
"ENSG00000273451_P1","Enhancer","chr20_47348151_47349026","NSC_P1vsNSC_P2","RP4-569M23.4","LncRNA",0.171195127877124,0.0202471522352771,1.69363605173211,0.289942240453586
"ENSG00000273451_P1","Enhancer","chr20_47348151_47349026","NSC_P1vsNeuron","RP4-569M23.4","LncRNA",-0.350684512810594,0.0392879786944863,1.40574031439034,-0.492971357290187
"ENSG00000273451_P1","Enhancer","chr20_47348151_47349026","NSC_P0vsNSC_P1","RP4-569M23.4","LncRNA",0.257184093273554,0.0184665827783709,1.73361346285983,0.44585780653243
"ENSG00000273451_P1","Enhancer","chr20_47348151_47349026","NSC_P0vsNeuron","RP4-569M23.4","LncRNA",-0.10566916942512,0.0100429185377693,1.99814006003383,-0.211141800538834
"ENSG00000273451_P1","Enhancer","chr20_47348151_47349026","iPSvsNSC_P2","RP4-569M23.4","LncRNA",0.399470119039978,0.0415078027107585,1.38187025616256,0.552015875727063
"ENSG00000273451_P1","Enhancer","chr20_47348151_47349026","iPSvsNSC_P1","RP4-569M23.4","LncRNA",-0.177865061846627,0.00457193658608482,2.33989980200913,-0.416186422999264
"ENSG00000273451_P1","Enhancer","chr20_47348151_47349026","iPSvsNSC_P0","RP4-569M23.4","LncRNA",-0.210947672989226,0.0128456920001489,1.89124249523172,-0.39895320342747
"ENSG00000273451_P1","Enhancer","chr20_47348151_47349026","iPSvsNeuron","RP4-569M23.4","LncRNA",-0.231528840710362,0.0570556840859886,1.24370108316142,-0.287952669974586
"ENSG00000273451_P1","Enhancer","chr20_47348151_47349026","NSC_P2vsNeuron","RP4-569M23.4","LncRNA",-0.525015780575108,0.0161384359225709,1.79213855778692,-0.940901023815252
"ENSG00000273451_P1","Enhancer","chr20_47348151_47349026","NSC_P0vsNSC_P2","RP4-569M23.4","LncRNA",0.541931661107713,0.0171181130722709,1.76654410925376,0.957346183547935
