"enhancer","TF","promoter","promoter_measurement_type","tf_prom_id","new_route","gene"
"chr10_110005491_110006323","PRRX1","chr10_110007446_110008361","tCRE","PRRX1__chr10_110007446_110008361",TRUE,"ADD3"
"chr10_119526549_119527778","NEUROG1","chr10_119542446_119543316","tCRE","NEUROG1__chr10_119542446_119543316",TRUE,"ONTG10000001536.1"
"chr10_119526549_119527778","MEF2C","chr10_119542446_119543316","tCRE","MEF2C__chr10_119542446_119543316",TRUE,"ONTG10000001536.1"
"chr10_122486224_122488014","ZIC4","chr10_122461275_122462209","tCRE","ZIC4__chr10_122461275_122462209",TRUE,"HTRA1"
"chr10_122486224_122488014","ZIC1","chr10_122461275_122462209","tCRE","ZIC1__chr10_122461275_122462209",FALSE,"HTRA1"
"chr10_131751173_131752300","NR2F6","chr10_131981547_131982471","tCRE","NR2F6__chr10_131981547_131982471",TRUE,"BNIP3"
"chr10_131751173_131752300","SOX4","chr10_131981547_131982471","tCRE","SOX4__chr10_131981547_131982471",TRUE,"BNIP3"
"chr10_132407692_132408702","SP8","chr10_131981547_131982471","tCRE","SP8__chr10_131981547_131982471",FALSE,"BNIP3"
"chr10_132407692_132408702","ETV4","chr10_131981547_131982471","tCRE","ETV4__chr10_131981547_131982471",FALSE,"BNIP3"
"chr10_16386642_16387556","SIX3","chr10_16436479_16437422","tCRE","SIX3__chr10_16436479_16437422",TRUE,"PTER"
"chr10_16386642_16387556","SOX2","chr10_16436479_16437422","tCRE","SOX2__chr10_16436479_16437422",TRUE,"PTER"
"chr10_19728197_19729017","NEUROD1","chr10_19815491_19816630","aCRE","NEUROD1__chr10_19815491_19816630",TRUE,"PLXDC2"
"chr10_19728197_19729017","MEF2C","chr10_19815491_19816630","aCRE","MEF2C__chr10_19815491_19816630",TRUE,"PLXDC2"
"chr10_21806860_21807816","HOXB2","chr10_22003255_22004144","aCRE","HOXB2__chr10_22003255_22004144",TRUE,"DNAJC1"
"chr10_21806860_21807816","HOXB2","chr10_22003255_22004144","tCRE","HOXB2__chr10_22003255_22004144",TRUE,"DNAJC1"
"chr10_21806860_21807816","HOXB2","chr10_21517900_21519309","tCRE","HOXB2__chr10_21517900_21519309",TRUE,"SKIDA1"
"chr10_21806860_21807816","MEIS2","chr10_22003255_22004144","aCRE","MEIS2__chr10_22003255_22004144",TRUE,"DNAJC1"
"chr10_21806860_21807816","MEIS2","chr10_22003255_22004144","tCRE","MEIS2__chr10_22003255_22004144",TRUE,"DNAJC1"
"chr10_21806860_21807816","MEIS2","chr10_21517900_21519309","tCRE","MEIS2__chr10_21517900_21519309",TRUE,"SKIDA1"
"chr10_21806860_21807816","EBF1","chr10_22003255_22004144","aCRE","EBF1__chr10_22003255_22004144",TRUE,"DNAJC1"
"chr10_21806860_21807816","EBF1","chr10_22003255_22004144","tCRE","EBF1__chr10_22003255_22004144",TRUE,"DNAJC1"
"chr10_21806860_21807816","EBF1","chr10_21517900_21519309","tCRE","EBF1__chr10_21517900_21519309",TRUE,"SKIDA1"
"chr10_21806860_21807816","POU5F1","chr10_22003255_22004144","aCRE","POU5F1__chr10_22003255_22004144",TRUE,"DNAJC1"
"chr10_21806860_21807816","POU5F1","chr10_22003255_22004144","tCRE","POU5F1__chr10_22003255_22004144",TRUE,"DNAJC1"
"chr10_21806860_21807816","POU5F1","chr10_21517900_21519309","tCRE","POU5F1__chr10_21517900_21519309",TRUE,"SKIDA1"
"chr10_21928881_21929704","MSX1","chr10_21519863_21520680","tCRE","MSX1__chr10_21519863_21520680",TRUE,"ONTG10000000843.1"
"chr10_21928881_21929704","MSX1","chr10_21496748_21497827","tCRE","MSX1__chr10_21496748_21497827",TRUE,"MIR1915HG"
"chr10_21928881_21929704","MSX1","chr10_22003255_22004144","tCRE","MSX1__chr10_22003255_22004144",TRUE,"DNAJC1"
"chr10_24117826_24118836","NR4A2","chr10_24208601_24209828","tCRE","NR4A2__chr10_24208601_24209828",FALSE,"KIAA1217"
"chr10_24254873_24255759","ETV4","chr10_23826156_23827077","aCRE","ETV4__chr10_23826156_23827077",TRUE,NA
"chr10_29634475_29635380","XBP1","chr10_29632980_29634032","aCRE","XBP1__chr10_29632980_29634032",TRUE,NA
"chr10_29634475_29635380","XBP1","chr10_29735416_29736316","tCRE","XBP1__chr10_29735416_29736316",TRUE,"SVIL"
"chr10_29634475_29635380","HMGA1","chr10_29632980_29634032","aCRE","HMGA1__chr10_29632980_29634032",TRUE,NA
"chr10_29634475_29635380","HMGA1","chr10_29735416_29736316","tCRE","HMGA1__chr10_29735416_29736316",TRUE,"SVIL"
"chr10_29634475_29635380","THRA","chr10_29632980_29634032","aCRE","THRA__chr10_29632980_29634032",TRUE,NA
"chr10_29634475_29635380","THRA","chr10_29735416_29736316","tCRE","THRA__chr10_29735416_29736316",TRUE,"SVIL"
"chr10_29634475_29635380","MEF2C","chr10_29632980_29634032","aCRE","MEF2C__chr10_29632980_29634032",TRUE,NA
"chr10_29634475_29635380","MEF2C","chr10_29735416_29736316","tCRE","MEF2C__chr10_29735416_29736316",TRUE,"SVIL"
"chr10_29634475_29635380","SIX1","chr10_29632980_29634032","aCRE","SIX1__chr10_29632980_29634032",TRUE,NA
"chr10_29634475_29635380","SIX1","chr10_29735416_29736316","tCRE","SIX1__chr10_29735416_29736316",TRUE,"SVIL"
"chr10_29728295_29729368","SHOX2","chr10_29735416_29736316","tCRE","SHOX2__chr10_29735416_29736316",FALSE,"SVIL"
"chr10_29728295_29729368","NEUROD1","chr10_29735416_29736316","tCRE","NEUROD1__chr10_29735416_29736316",TRUE,"SVIL"
"chr10_3046841_3047622","ZIC1","chr10_3067064_3067826","tCRE","ZIC1__chr10_3067064_3067826",TRUE,"PFKP"
"chr10_3046841_3047622","RBPJ","chr10_3067064_3067826","tCRE","RBPJ__chr10_3067064_3067826",TRUE,"PFKP"
"chr10_44293175_44293858","NR2F6","chr10_44384577_44385588","tCRE","NR2F6__chr10_44384577_44385588",TRUE,"CXCL12"
"chr10_53492601_53493509","TEAD4","chr10_53504137_53505007","tCRE","TEAD4__chr10_53504137_53505007",TRUE,"ONTG10000001567.1"
"chr10_6797057_6797842","TEAD4","chr10_6579900_6580853","tCRE","TEAD4__chr10_6579900_6580853",TRUE,"PRKCQ-AS1"
"chr10_6797057_6797842","TEAD4","chr10_6802413_6803237","aCRE","TEAD4__chr10_6802413_6803237",TRUE,"ONTG10000001083.1"
"chr10_6797057_6797842","TEAD4","chr10_6802413_6803237","tCRE","TEAD4__chr10_6802413_6803237",TRUE,"ONTG10000001083.1"
"chr10_75106054_75106964","POU5F1","chr10_75233915_75234808","aCRE","POU5F1__chr10_75233915_75234808",TRUE,"ONTG10000001046.1"
"chr10_75106054_75106964","POU5F1","chr10_75043222_75044179","aCRE","POU5F1__chr10_75043222_75044179",TRUE,"ONTG10000000652.1"
"chr10_84424479_84425501","RBPJ","chr10_84194065_84195067","tCRE","RBPJ__chr10_84194065_84195067",TRUE,"CDHR1"
"chr10_84424479_84425501","RBPJ","chr10_84224380_84226102","aCRE","RBPJ__chr10_84224380_84226102",TRUE,"LRIT2"
"chr10_84424479_84425501","EBF2","chr10_84194065_84195067","tCRE","EBF2__chr10_84194065_84195067",TRUE,"CDHR1"
"chr10_84424479_84425501","EBF2","chr10_84224380_84226102","aCRE","EBF2__chr10_84224380_84226102",TRUE,"LRIT2"
"chr10_89327687_89328737","GLIS3","chr10_89392095_89392978","aCRE","GLIS3__chr10_89392095_89392978",TRUE,"IFIT1"
"chr11_103183860_103184852","EBF1","chr11_103108993_103109872","tCRE","EBF1__chr11_103108993_103109872",TRUE,"DYNC2H1"
"chr11_103183860_103184852","EBF1","chr11_103091731_103092584","tCRE","EBF1__chr11_103091731_103092584",TRUE,"DCUN1D5"
"chr11_103183860_103184852","HMGA1","chr11_103108993_103109872","tCRE","HMGA1__chr11_103108993_103109872",TRUE,"DYNC2H1"
"chr11_103183860_103184852","HMGA1","chr11_103091731_103092584","tCRE","HMGA1__chr11_103091731_103092584",TRUE,"DCUN1D5"
"chr11_103183860_103184852","EBF2","chr11_103108993_103109872","tCRE","EBF2__chr11_103108993_103109872",TRUE,"DYNC2H1"
"chr11_103183860_103184852","EBF2","chr11_103091731_103092584","tCRE","EBF2__chr11_103091731_103092584",TRUE,"DCUN1D5"
"chr11_103183860_103184852","TCF7L1","chr11_103108993_103109872","tCRE","TCF7L1__chr11_103108993_103109872",FALSE,"DYNC2H1"
"chr11_103183860_103184852","TCF7L1","chr11_103091731_103092584","tCRE","TCF7L1__chr11_103091731_103092584",FALSE,"DCUN1D5"
"chr11_110130374_110131297","SHOX2","chr11_110131612_110132400","tCRE","SHOX2__chr11_110131612_110132400",TRUE,"ONTG11000001445.1"
"chr11_111814226_111815139","POU2F2","chr11_111878723_111879686","tCRE","POU2F2__chr11_111878723_111879686",TRUE,"C11ORF1"
"chr11_111814226_111815139","NEUROG1","chr11_111878723_111879686","tCRE","NEUROG1__chr11_111878723_111879686",TRUE,"C11ORF1"
"chr11_111923159_111924084","SNAI2","chr11_111926628_111927577","tCRE","SNAI2__chr11_111926628_111927577",TRUE,"DIXDC1"
"chr11_113974732_113975647","NANOG","chr11_114078230_114078939","aCRE","NANOG__chr11_114078230_114078939",TRUE,NA
"chr11_113974732_113975647","NANOG","chr11_113875185_113876127","tCRE","NANOG__chr11_113875185_113876127",TRUE,"USP28"
"chr11_113974732_113975647","SP8","chr11_114078230_114078939","aCRE","SP8__chr11_114078230_114078939",TRUE,NA
"chr11_113974732_113975647","SP8","chr11_113875185_113876127","tCRE","SP8__chr11_113875185_113876127",FALSE,"USP28"
"chr11_114257479_114258536","INSM1","chr11_114059140_114060072","tCRE","INSM1__chr11_114059140_114060072",TRUE,"ZBTB16"
"chr11_116837338_116838379","TEAD1","chr11_117143797_117144761","tCRE","TEAD1__chr11_117143797_117144761",TRUE,"PAFAH1B2"
"chr11_116837338_116838379","TEAD1","chr11_117198831_117199795","tCRE","TEAD1__chr11_117198831_117199795",TRUE,"TAGLN"
"chr11_116837338_116838379","TEAD1","chr11_117198831_117199795","aCRE","TEAD1__chr11_117198831_117199795",TRUE,"TAGLN"
"chr11_116837338_116838379","NR2F1","chr11_117143797_117144761","tCRE","NR2F1__chr11_117143797_117144761",TRUE,"PAFAH1B2"
"chr11_116837338_116838379","NR2F1","chr11_117198831_117199795","tCRE","NR2F1__chr11_117198831_117199795",TRUE,"TAGLN"
"chr11_116837338_116838379","NR2F1","chr11_117198831_117199795","aCRE","NR2F1__chr11_117198831_117199795",TRUE,"TAGLN"
"chr11_116837338_116838379","NR2F6","chr11_117143797_117144761","tCRE","NR2F6__chr11_117143797_117144761",TRUE,"PAFAH1B2"
"chr11_116837338_116838379","NR2F6","chr11_117198831_117199795","tCRE","NR2F6__chr11_117198831_117199795",TRUE,"TAGLN"
"chr11_116837338_116838379","NR2F6","chr11_117198831_117199795","aCRE","NR2F6__chr11_117198831_117199795",TRUE,"TAGLN"
"chr11_116837338_116838379","TEAD4","chr11_117143797_117144761","tCRE","TEAD4__chr11_117143797_117144761",TRUE,"PAFAH1B2"
"chr11_116837338_116838379","TEAD4","chr11_117198831_117199795","tCRE","TEAD4__chr11_117198831_117199795",TRUE,"TAGLN"
"chr11_116837338_116838379","TEAD4","chr11_117198831_117199795","aCRE","TEAD4__chr11_117198831_117199795",TRUE,"TAGLN"
"chr11_119195438_119196297","SP8","chr11_119205665_119206605","tCRE","SP8__chr11_119205665_119206605",FALSE,"CBL"
"chr11_121198245_121199147","FOXH1","chr11_121451813_121452767","tCRE","FOXH1__chr11_121451813_121452767",TRUE,"SORL1"
"chr11_123509397_123510315","JUND","chr11_123194594_123195617","tCRE","JUND__chr11_123194594_123195617",TRUE,"CLMP"
"chr11_123509397_123510315","JUND","chr11_123061969_123062886","tCRE","JUND__chr11_123061969_123062886",TRUE,"HSPA8"
"chr11_123509397_123510315","JUND","chr11_123654238_123655120","tCRE","JUND__chr11_123654238_123655120",TRUE,"SCN3B"
"chr11_125452455_125453308","TCF7L1","chr11_125451084_125452032","tCRE","TCF7L1__chr11_125451084_125452032",TRUE,"FEZ1"
"chr11_125452455_125453308","TCF7L1","chr11_125451084_125452032","aCRE","TCF7L1__chr11_125451084_125452032",TRUE,"FEZ1"
"chr11_125452455_125453308","PRDM4","chr11_125451084_125452032","tCRE","PRDM4__chr11_125451084_125452032",TRUE,"FEZ1"
"chr11_125452455_125453308","PRDM4","chr11_125451084_125452032","aCRE","PRDM4__chr11_125451084_125452032",TRUE,"FEZ1"
"chr11_13439771_13440763","PBX3","chr11_13462771_13463675","tCRE","PBX3__chr11_13462771_13463675",TRUE,"BTBD10"
"chr11_13439771_13440763","PBX3","chr11_13668041_13668962","aCRE","PBX3__chr11_13668041_13668962",TRUE,"FAR1"
"chr11_1351305_1352191","SP8","chr11_1309244_1310167","tCRE","SP8__chr11_1309244_1310167",TRUE,"TOLLIP"
"chr11_1351305_1352191","SP8","chr11_1336176_1337191","aCRE","SP8__chr11_1336176_1337191",TRUE,"ENSG00000287935.1"
"chr11_1351305_1352191","NR2F6","chr11_1309244_1310167","tCRE","NR2F6__chr11_1309244_1310167",TRUE,"TOLLIP"
"chr11_1351305_1352191","NR2F6","chr11_1336176_1337191","aCRE","NR2F6__chr11_1336176_1337191",TRUE,"ENSG00000287935.1"
"chr11_14340470_14341407","POU5F1","chr11_14499349_14500259","tCRE","POU5F1__chr11_14499349_14500259",FALSE,"COPB1"
"chr11_14340470_14341407","POU5F1","chr11_14358273_14359430","tCRE","POU5F1__chr11_14358273_14359430",FALSE,"RRAS2"
"chr11_1441897_1442839","JUND","chr11_1570650_1571404","aCRE","JUND__chr11_1570650_1571404",TRUE,"ONTG11000000965.1"
"chr11_1441897_1442839","JUND","chr11_1571870_1572828","tCRE","JUND__chr11_1571870_1572828",TRUE,"DUSP8"
"chr11_1441897_1442839","JUND","chr11_1390747_1391668","aCRE","JUND__chr11_1390747_1391668",TRUE,"ONTG11000001681.1"
"chr11_1441897_1442839","JUND","chr11_1564219_1565169","aCRE","JUND__chr11_1564219_1565169",TRUE,"ONTG11000001799.1"
"chr11_1441897_1442839","MEIS1","chr11_1570650_1571404","aCRE","MEIS1__chr11_1570650_1571404",TRUE,"ONTG11000000965.1"
"chr11_1441897_1442839","MEIS1","chr11_1571870_1572828","tCRE","MEIS1__chr11_1571870_1572828",TRUE,"DUSP8"
"chr11_1441897_1442839","MEIS1","chr11_1390747_1391668","aCRE","MEIS1__chr11_1390747_1391668",TRUE,"ONTG11000001681.1"
"chr11_1441897_1442839","MEIS1","chr11_1564219_1565169","aCRE","MEIS1__chr11_1564219_1565169",TRUE,"ONTG11000001799.1"
"chr11_27628864_27629748","SP8","chr11_27506320_27507230","tCRE","SP8__chr11_27506320_27507230",FALSE,"LIN7C"
"chr11_27628864_27629748","TEAD4","chr11_27506320_27507230","tCRE","TEAD4__chr11_27506320_27507230",TRUE,"LIN7C"
"chr11_27634289_27635138","SP8","chr11_27506320_27507230","tCRE","SP8__chr11_27506320_27507230",FALSE,"LIN7C"
"chr11_27634289_27635138","SP8","chr11_27700343_27701322","tCRE","SP8__chr11_27700343_27701322",TRUE,"BDNF"
"chr11_27634289_27635138","SP8","chr11_27718257_27719113","aCRE","SP8__chr11_27718257_27719113",TRUE,"ONTG11000000183.1"
"chr11_27634289_27635138","SP8","chr11_27796040_27797089","aCRE","SP8__chr11_27796040_27797089",FALSE,NA
"chr11_27634289_27635138","MSX1","chr11_27506320_27507230","tCRE","MSX1__chr11_27506320_27507230",TRUE,"LIN7C"
"chr11_27634289_27635138","MSX1","chr11_27700343_27701322","tCRE","MSX1__chr11_27700343_27701322",TRUE,"BDNF"
"chr11_27634289_27635138","MSX1","chr11_27718257_27719113","aCRE","MSX1__chr11_27718257_27719113",TRUE,"ONTG11000000183.1"
"chr11_27634289_27635138","MSX1","chr11_27796040_27797089","aCRE","MSX1__chr11_27796040_27797089",TRUE,NA
"chr11_31321076_31321966","KLF7","chr11_31805720_31806496","aCRE","KLF7__chr11_31805720_31806496",TRUE,"PAX6"
"chr11_3188921_3189974","SP8","chr11_2868686_2870295","aCRE","SP8__chr11_2868686_2870295",FALSE,"KCNQ1DN"
"chr11_3188921_3189974","POU5F1","chr11_2868686_2870295","aCRE","POU5F1__chr11_2868686_2870295",TRUE,"KCNQ1DN"
"chr11_3580755_3581664","ZEB1","chr11_3807924_3808872","tCRE","ZEB1__chr11_3807924_3808872",TRUE,"PGAP2"
"chr11_3580755_3581664","ZEB1","chr11_3641781_3642715","aCRE","ZEB1__chr11_3641781_3642715",TRUE,"ART5"
"chr11_3580755_3581664","ZEB1","chr11_3641781_3642715","tCRE","ZEB1__chr11_3641781_3642715",TRUE,"ART5"
"chr11_3580755_3581664","NR2F1","chr11_3807924_3808872","tCRE","NR2F1__chr11_3807924_3808872",TRUE,"PGAP2"
"chr11_3580755_3581664","NR2F1","chr11_3641781_3642715","aCRE","NR2F1__chr11_3641781_3642715",TRUE,"ART5"
"chr11_3580755_3581664","NR2F1","chr11_3641781_3642715","tCRE","NR2F1__chr11_3641781_3642715",TRUE,"ART5"
"chr11_393764_394627","FOXO1","chr11_406825_407740","aCRE","FOXO1__chr11_406825_407740",TRUE,"SIGIRR"
"chr11_393764_394627","FOXO1","chr11_416567_417770","tCRE","FOXO1__chr11_416567_417770",TRUE,"SIGIRR"
"chr11_393764_394627","FOXO1","chr11_568089_569046","tCRE","FOXO1__chr11_568089_569046",TRUE,"MIR210HG"
"chr11_393764_394627","FOXO1","chr11_406825_407740","tCRE","FOXO1__chr11_406825_407740",TRUE,"SIGIRR"
"chr11_393764_394627","FOXO1","chr11_313432_314596","tCRE","FOXO1__chr11_313432_314596",TRUE,"IFITM1"
"chr11_393764_394627","FOXO1","chr11_506658_507565","tCRE","FOXO1__chr11_506658_507565",TRUE,"RNH1"
"chr11_393764_394627","FOXO1","chr11_208452_209252","tCRE","FOXO1__chr11_208452_209252",TRUE,"RIC8A"
"chr11_393764_394627","FOXO1","chr11_636708_637623","aCRE","FOXO1__chr11_636708_637623",TRUE,"DRD4"
"chr11_45511291_45512202","NEUROD1","chr11_45664561_45665884","tCRE","NEUROD1__chr11_45664561_45665884",TRUE,"CHST1"
"chr11_58927119_58928030","SP8","chr11_58578594_58579375","aCRE","SP8__chr11_58578594_58579375",FALSE,"ZFP91"
"chr11_58927119_58928030","SP8","chr11_59142337_59143382","tCRE","SP8__chr11_59142337_59143382",FALSE,"FAM111A-DT"
"chr11_58927119_58928030","SP8","chr11_59144304_59145317","aCRE","SP8__chr11_59144304_59145317",FALSE,"FAM111A"
"chr11_58927119_58928030","SP8","chr11_59144304_59145317","tCRE","SP8__chr11_59144304_59145317",FALSE,"FAM111A"
"chr11_59815482_59816460","SOX15","chr11_59615580_59616562","aCRE","SOX15__chr11_59615580_59616562",TRUE,"OSBP"
"chr11_59815482_59816460","SOX15","chr11_59810303_59811213","tCRE","SOX15__chr11_59810303_59811213",TRUE,"MRPL16"
"chr11_59815482_59816460","SOX15","chr11_59754951_59756001","tCRE","SOX15__chr11_59754951_59756001",TRUE,"STX3"
"chr11_59815482_59816460","SOX15","chr11_59668644_59669652","aCRE","SOX15__chr11_59668644_59669652",TRUE,"PATL1"
"chr11_59815482_59816460","POU5F1","chr11_59615580_59616562","aCRE","POU5F1__chr11_59615580_59616562",TRUE,"OSBP"
"chr11_59815482_59816460","POU5F1","chr11_59810303_59811213","tCRE","POU5F1__chr11_59810303_59811213",TRUE,"MRPL16"
"chr11_59815482_59816460","POU5F1","chr11_59754951_59756001","tCRE","POU5F1__chr11_59754951_59756001",TRUE,"STX3"
"chr11_59815482_59816460","POU5F1","chr11_59668644_59669652","aCRE","POU5F1__chr11_59668644_59669652",TRUE,"PATL1"
"chr11_59815482_59816460","SOX3","chr11_59615580_59616562","aCRE","SOX3__chr11_59615580_59616562",TRUE,"OSBP"
"chr11_59815482_59816460","SOX3","chr11_59810303_59811213","tCRE","SOX3__chr11_59810303_59811213",TRUE,"MRPL16"
"chr11_59815482_59816460","SOX3","chr11_59754951_59756001","tCRE","SOX3__chr11_59754951_59756001",TRUE,"STX3"
"chr11_59815482_59816460","SOX3","chr11_59668644_59669652","aCRE","SOX3__chr11_59668644_59669652",TRUE,"PATL1"
"chr11_61344852_61345774","NHLH1","chr11_61392132_61393072","tCRE","NHLH1__chr11_61392132_61393072",TRUE,"TMEM216"
"chr11_61344852_61345774","NEUROD2","chr11_61392132_61393072","tCRE","NEUROD2__chr11_61392132_61393072",TRUE,"TMEM216"
"chr11_61344852_61345774","HAND1","chr11_61392132_61393072","tCRE","HAND1__chr11_61392132_61393072",TRUE,"TMEM216"
"chr11_61344852_61345774","INSM1","chr11_61392132_61393072","tCRE","INSM1__chr11_61392132_61393072",TRUE,"TMEM216"
"chr11_62426276_62427238","FOSL2","chr11_62611390_62612104","tCRE","FOSL2__chr11_62611390_62612104",TRUE,"ROM1"
"chr11_62426276_62427238","MAF","chr11_62611390_62612104","tCRE","MAF__chr11_62611390_62612104",TRUE,"ROM1"
"chr11_62504912_62506027","NFYB","chr11_62888767_62890599","aCRE","NFYB__chr11_62888767_62890599",TRUE,"ONTG11000000759.1"
"chr11_62504912_62506027","NFYB","chr11_62727171_62727953","tCRE","NFYB__chr11_62727171_62727953",TRUE,"HNRNPUL2"
"chr11_62504912_62506027","NFYB","chr11_62646221_62647104","tCRE","NFYB__chr11_62646221_62647104",TRUE,"GANAB"
"chr11_62504912_62506027","NFYB","chr11_62552985_62553941","aCRE","NFYB__chr11_62552985_62553941",TRUE,NA
"chr11_62504912_62506027","NFYB","chr11_62508194_62509137","aCRE","NFYB__chr11_62508194_62509137",TRUE,"ONTG11000000751.1"
"chr11_62504912_62506027","NFYB","chr11_62560258_62561189","tCRE","NFYB__chr11_62560258_62561189",TRUE,NA
"chr11_62504912_62506027","NFYB","chr11_62546538_62547365","tCRE","NFYB__chr11_62546538_62547365",TRUE,"AHNAK"
"chr11_62504912_62506027","NFYB","chr11_62761061_62761972","tCRE","NFYB__chr11_62761061_62761972",TRUE,"POLR2G"
"chr11_62504912_62506027","INSM1","chr11_62888767_62890599","aCRE","INSM1__chr11_62888767_62890599",TRUE,"ONTG11000000759.1"
"chr11_62504912_62506027","INSM1","chr11_62727171_62727953","tCRE","INSM1__chr11_62727171_62727953",TRUE,"HNRNPUL2"
"chr11_62504912_62506027","INSM1","chr11_62646221_62647104","tCRE","INSM1__chr11_62646221_62647104",TRUE,"GANAB"
"chr11_62504912_62506027","INSM1","chr11_62552985_62553941","aCRE","INSM1__chr11_62552985_62553941",TRUE,NA
"chr11_62504912_62506027","INSM1","chr11_62508194_62509137","aCRE","INSM1__chr11_62508194_62509137",TRUE,"ONTG11000000751.1"
"chr11_62504912_62506027","INSM1","chr11_62560258_62561189","tCRE","INSM1__chr11_62560258_62561189",TRUE,NA
"chr11_62504912_62506027","INSM1","chr11_62546538_62547365","tCRE","INSM1__chr11_62546538_62547365",TRUE,"AHNAK"
"chr11_62504912_62506027","INSM1","chr11_62761061_62761972","tCRE","INSM1__chr11_62761061_62761972",TRUE,"POLR2G"
"chr11_62504912_62506027","NR2F1","chr11_62888767_62890599","aCRE","NR2F1__chr11_62888767_62890599",TRUE,"ONTG11000000759.1"
"chr11_62504912_62506027","NR2F1","chr11_62727171_62727953","tCRE","NR2F1__chr11_62727171_62727953",TRUE,"HNRNPUL2"
"chr11_62504912_62506027","NR2F1","chr11_62646221_62647104","tCRE","NR2F1__chr11_62646221_62647104",TRUE,"GANAB"
"chr11_62504912_62506027","NR2F1","chr11_62552985_62553941","aCRE","NR2F1__chr11_62552985_62553941",TRUE,NA
"chr11_62504912_62506027","NR2F1","chr11_62508194_62509137","aCRE","NR2F1__chr11_62508194_62509137",TRUE,"ONTG11000000751.1"
"chr11_62504912_62506027","NR2F1","chr11_62560258_62561189","tCRE","NR2F1__chr11_62560258_62561189",TRUE,NA
"chr11_62504912_62506027","NR2F1","chr11_62546538_62547365","tCRE","NR2F1__chr11_62546538_62547365",TRUE,"AHNAK"
"chr11_62504912_62506027","NR2F1","chr11_62761061_62761972","tCRE","NR2F1__chr11_62761061_62761972",TRUE,"POLR2G"
"chr11_62504912_62506027","MEIS3","chr11_62888767_62890599","aCRE","MEIS3__chr11_62888767_62890599",TRUE,"ONTG11000000759.1"
"chr11_62504912_62506027","MEIS3","chr11_62727171_62727953","tCRE","MEIS3__chr11_62727171_62727953",TRUE,"HNRNPUL2"
"chr11_62504912_62506027","MEIS3","chr11_62646221_62647104","tCRE","MEIS3__chr11_62646221_62647104",TRUE,"GANAB"
"chr11_62504912_62506027","MEIS3","chr11_62552985_62553941","aCRE","MEIS3__chr11_62552985_62553941",TRUE,NA
"chr11_62504912_62506027","MEIS3","chr11_62508194_62509137","aCRE","MEIS3__chr11_62508194_62509137",TRUE,"ONTG11000000751.1"
"chr11_62504912_62506027","MEIS3","chr11_62560258_62561189","tCRE","MEIS3__chr11_62560258_62561189",TRUE,NA
"chr11_62504912_62506027","MEIS3","chr11_62546538_62547365","tCRE","MEIS3__chr11_62546538_62547365",TRUE,"AHNAK"
"chr11_62504912_62506027","MEIS3","chr11_62761061_62761972","tCRE","MEIS3__chr11_62761061_62761972",TRUE,"POLR2G"
"chr11_626571_627533","NR6A1","chr11_746881_747788","tCRE","NR6A1__chr11_746881_747788",TRUE,"TALDO1"
"chr11_626571_627533","NR6A1","chr11_720412_721342","aCRE","NR6A1__chr11_720412_721342",TRUE,"EPS8L2"
"chr11_626571_627533","NR6A1","chr11_636708_637623","tCRE","NR6A1__chr11_636708_637623",TRUE,"DRD4"
"chr11_626571_627533","NR6A1","chr11_777001_777902","tCRE","NR6A1__chr11_777001_777902",TRUE,"GATD1"
"chr11_626571_627533","NR6A1","chr11_506658_507565","tCRE","NR6A1__chr11_506658_507565",TRUE,"RNH1"
"chr11_626571_627533","NR6A1","chr11_568089_569046","tCRE","NR6A1__chr11_568089_569046",TRUE,"MIR210HG"
"chr11_626571_627533","NR6A1","chr11_829876_830850","tCRE","NR6A1__chr11_829876_830850",TRUE,"CRACR2B"
"chr11_626571_627533","NR6A1","chr11_636708_637623","aCRE","NR6A1__chr11_636708_637623",TRUE,"DRD4"
"chr11_626571_627533","NR6A1","chr11_725710_726786","tCRE","NR6A1__chr11_725710_726786",TRUE,"EPS8L2"
"chr11_626571_627533","NR6A1","chr11_809216_810199","tCRE","NR6A1__chr11_809216_810199",TRUE,"RPLP2"
"chr11_626571_627533","ESRRG","chr11_746881_747788","tCRE","ESRRG__chr11_746881_747788",TRUE,"TALDO1"
"chr11_626571_627533","ESRRG","chr11_720412_721342","aCRE","ESRRG__chr11_720412_721342",TRUE,"EPS8L2"
"chr11_626571_627533","ESRRG","chr11_636708_637623","tCRE","ESRRG__chr11_636708_637623",TRUE,"DRD4"
"chr11_626571_627533","ESRRG","chr11_777001_777902","tCRE","ESRRG__chr11_777001_777902",TRUE,"GATD1"
"chr11_626571_627533","ESRRG","chr11_506658_507565","tCRE","ESRRG__chr11_506658_507565",TRUE,"RNH1"
"chr11_626571_627533","ESRRG","chr11_568089_569046","tCRE","ESRRG__chr11_568089_569046",TRUE,"MIR210HG"
"chr11_626571_627533","ESRRG","chr11_829876_830850","tCRE","ESRRG__chr11_829876_830850",TRUE,"CRACR2B"
"chr11_626571_627533","ESRRG","chr11_636708_637623","aCRE","ESRRG__chr11_636708_637623",TRUE,"DRD4"
"chr11_626571_627533","ESRRG","chr11_725710_726786","tCRE","ESRRG__chr11_725710_726786",TRUE,"EPS8L2"
"chr11_626571_627533","ESRRG","chr11_809216_810199","tCRE","ESRRG__chr11_809216_810199",TRUE,"RPLP2"
"chr11_62908712_62909909","NFYB","chr11_62925268_62926027","aCRE","NFYB__chr11_62925268_62926027",TRUE,NA
"chr11_62908712_62909909","NFYB","chr11_62851084_62852009","aCRE","NFYB__chr11_62851084_62852009",TRUE,NA
"chr11_62908712_62909909","NFYB","chr11_62791559_62792478","tCRE","NFYB__chr11_62791559_62792478",TRUE,"TMEM223"
"chr11_62908712_62909909","NFYB","chr11_62705859_62706715","tCRE","NFYB__chr11_62705859_62706715",TRUE,"BSCL2"
"chr11_62908712_62909909","NFYB","chr11_62707130_62707995","tCRE","NFYB__chr11_62707130_62707995",TRUE,"GNG3"
"chr11_62908712_62909909","NFYB","chr11_62707130_62707995","aCRE","NFYB__chr11_62707130_62707995",TRUE,"GNG3"
"chr11_62908712_62909909","NFYB","chr11_62923047_62923456","aCRE","NFYB__chr11_62923047_62923456",TRUE,NA
"chr11_62908712_62909909","NFYB","chr11_62858353_62859281","aCRE","NFYB__chr11_62858353_62859281",TRUE,"ONTG11000000757.1"
"chr11_62908712_62909909","NFYB","chr11_62839074_62840001","tCRE","NFYB__chr11_62839074_62840001",TRUE,"WDR74"
"chr11_62908712_62909909","NFYB","chr11_62855566_62856492","tCRE","NFYB__chr11_62855566_62856492",TRUE,"SNHG1"
"chr11_62908712_62909909","NFYB","chr11_62761061_62761972","tCRE","NFYB__chr11_62761061_62761972",TRUE,"POLR2G"
"chr11_62908712_62909909","NFYB","chr11_62757654_62758562","tCRE","NFYB__chr11_62757654_62758562",TRUE,NA
"chr11_62908712_62909909","NFYB","chr11_62770976_62771944","tCRE","NFYB__chr11_62770976_62771944",TRUE,"TAF6L"
"chr11_6323086_6324348","POU5F1","chr11_6319049_6320699","tCRE","POU5F1__chr11_6319049_6320699",FALSE,"CAVIN3"
"chr11_6323086_6324348","POU5F1","chr11_6259050_6260159","tCRE","POU5F1__chr11_6259050_6260159",FALSE,"CCKBR"
"chr11_63888081_63889104","SP8","chr11_64225744_64226685","tCRE","SP8__chr11_64225744_64226685",FALSE,"NUDT22"
"chr11_63888081_63889104","ETV4","chr11_64225744_64226685","tCRE","ETV4__chr11_64225744_64226685",TRUE,"NUDT22"
"chr11_6404994_6405846","PBX3","chr11_6418629_6419596","tCRE","PBX3__chr11_6418629_6419596",TRUE,"APBB1"
"chr11_6404994_6405846","PBX3","chr11_6611891_6612808","tCRE","PBX3__chr11_6611891_6612808",TRUE,"TAF10"
"chr11_6404994_6405846","PBX3","chr11_6473492_6474496","tCRE","PBX3__chr11_6473492_6474496",TRUE,"TRIM3"
"chr11_6404994_6405846","PBX3","chr11_6682969_6683860","tCRE","PBX3__chr11_6682969_6683860",TRUE,"MRPL17"
"chr11_64620426_64621334","MAFB","chr11_64165754_64166869","tCRE","MAFB__chr11_64165754_64166869",TRUE,"MACROD1"
"chr11_64620426_64621334","MAFB","chr11_64284257_64285170","tCRE","MAFB__chr11_64284257_64285170",TRUE,"BAD"
"chr11_64620426_64621334","MAFB","chr11_64358726_64359631","tCRE","MAFB__chr11_64358726_64359631",TRUE,"RPS6KA4"
"chr11_64620426_64621334","MAFB","chr11_64340498_64341419","aCRE","MAFB__chr11_64340498_64341419",TRUE,"ONTG11000001723.1"
"chr11_64620426_64621334","HOXA3","chr11_64165754_64166869","tCRE","HOXA3__chr11_64165754_64166869",TRUE,"MACROD1"
"chr11_64620426_64621334","HOXA3","chr11_64284257_64285170","tCRE","HOXA3__chr11_64284257_64285170",TRUE,"BAD"
"chr11_64620426_64621334","HOXA3","chr11_64358726_64359631","tCRE","HOXA3__chr11_64358726_64359631",TRUE,"RPS6KA4"
"chr11_64620426_64621334","HOXA3","chr11_64340498_64341419","aCRE","HOXA3__chr11_64340498_64341419",TRUE,"ONTG11000001723.1"
"chr11_64729601_64730521","SP8","chr11_64284257_64285170","tCRE","SP8__chr11_64284257_64285170",FALSE,"BAD"
"chr11_64729601_64730521","SP8","chr11_64246772_64247613","tCRE","SP8__chr11_64246772_64247613",FALSE,"PPP1R14B-AS1"
"chr11_64729601_64730521","SP8","chr11_64250980_64251943","tCRE","SP8__chr11_64250980_64251943",FALSE,"PLCB3"
"chr11_64729601_64730521","SP8","chr11_64340498_64341419","aCRE","SP8__chr11_64340498_64341419",FALSE,"ONTG11000001723.1"
"chr11_64729601_64730521","SP8","chr11_64743448_64743983","aCRE","SP8__chr11_64743448_64743983",FALSE,"RASGRP2"
"chr11_64729601_64730521","SP8","chr11_64710975_64711873","aCRE","SP8__chr11_64710975_64711873",FALSE,NA
"chr11_64729601_64730521","SP8","chr11_64742439_64743364","tCRE","SP8__chr11_64742439_64743364",FALSE,"RASGRP2"
"chr11_64729601_64730521","SP8","chr11_64778403_64779354","tCRE","SP8__chr11_64778403_64779354",FALSE,"SF1"
"chr11_64729601_64730521","SP8","chr11_64249280_64250123","tCRE","SP8__chr11_64249280_64250123",FALSE,"ENSG00000257086.1"
"chr11_64759598_64760503","MEF2C","chr11_64358726_64359631","tCRE","MEF2C__chr11_64358726_64359631",TRUE,"RPS6KA4"
"chr11_64759598_64760503","MEF2C","chr11_64876643_64877522","aCRE","MEF2C__chr11_64876643_64877522",TRUE,"ONTG11000001562.1"
"chr11_64759598_64760503","MEF2C","chr11_65121796_65122705","tCRE","MEF2C__chr11_65121796_65122705",TRUE,"FAU"
"chr11_64759598_64760503","MEF2C","chr11_64878247_64879167","tCRE","MEF2C__chr11_64878247_64879167",TRUE,"EHD1"
"chr11_64759598_64760503","MEF2C","chr11_64629838_64630734","aCRE","MEF2C__chr11_64629838_64630734",TRUE,NA
"chr11_64759598_64760503","MEF2C","chr11_64802989_64803865","tCRE","MEF2C__chr11_64802989_64803865",TRUE,"MAP4K2"
"chr11_64759598_64760503","GLIS3","chr11_64358726_64359631","tCRE","GLIS3__chr11_64358726_64359631",TRUE,"RPS6KA4"
"chr11_64759598_64760503","GLIS3","chr11_64876643_64877522","aCRE","GLIS3__chr11_64876643_64877522",TRUE,"ONTG11000001562.1"
"chr11_64759598_64760503","GLIS3","chr11_65121796_65122705","tCRE","GLIS3__chr11_65121796_65122705",FALSE,"FAU"
"chr11_64759598_64760503","GLIS3","chr11_64878247_64879167","tCRE","GLIS3__chr11_64878247_64879167",TRUE,"EHD1"
"chr11_64759598_64760503","GLIS3","chr11_64629838_64630734","aCRE","GLIS3__chr11_64629838_64630734",TRUE,NA
"chr11_64759598_64760503","GLIS3","chr11_64802989_64803865","tCRE","GLIS3__chr11_64802989_64803865",TRUE,"MAP4K2"
"chr11_64935301_64936436","SP8","chr11_64629838_64630734","aCRE","SP8__chr11_64629838_64630734",FALSE,NA
"chr11_64935301_64936436","SP8","chr11_64878247_64879167","tCRE","SP8__chr11_64878247_64879167",FALSE,"EHD1"
"chr11_64935301_64936436","SP8","chr11_65027126_65028067","tCRE","SP8__chr11_65027126_65028067",TRUE,"SNX15"
"chr11_64935301_64936436","SP8","chr11_64778403_64779354","tCRE","SP8__chr11_64778403_64779354",FALSE,"SF1"
"chr11_64935301_64936436","SP8","chr11_65013517_65014499","tCRE","SP8__chr11_65013517_65014499",TRUE,"ARL2"
"chr11_64935301_64936436","SP8","chr11_64743448_64743983","aCRE","SP8__chr11_64743448_64743983",FALSE,"RASGRP2"
"chr11_64935301_64936436","SP8","chr11_64742439_64743364","tCRE","SP8__chr11_64742439_64743364",FALSE,"RASGRP2"
"chr11_65066566_65067544","SP8","chr11_65524659_65525578","tCRE","SP8__chr11_65524659_65525578",FALSE,"SCYL1"
"chr11_65066566_65067544","SP8","chr11_64844059_64845220","aCRE","SP8__chr11_64844059_64845220",FALSE,"ONTG11000001559.1"
"chr11_65066566_65067544","SP8","chr11_65013517_65014499","tCRE","SP8__chr11_65013517_65014499",TRUE,"ARL2"
"chr11_65169081_65170611","SP8","chr11_65422011_65422863","tCRE","SP8__chr11_65422011_65422863",FALSE,"NEAT1"
"chr11_65169081_65170611","SP8","chr11_65497122_65498053","tCRE","SP8__chr11_65497122_65498053",FALSE,"MALAT1"
"chr11_65169081_65170611","SP8","chr11_65553129_65554163","aCRE","SP8__chr11_65553129_65554163",FALSE,"LTBP3"
"chr11_65169081_65170611","SP8","chr11_65524659_65525578","tCRE","SP8__chr11_65524659_65525578",FALSE,"SCYL1"
"chr11_65169081_65170611","SP8","chr11_65459243_65460157","aCRE","SP8__chr11_65459243_65460157",FALSE,NA
"chr11_65169081_65170611","SP8","chr11_65027126_65028067","tCRE","SP8__chr11_65027126_65028067",TRUE,"SNX15"
"chr11_65169081_65170611","SP8","chr11_65183929_65184781","aCRE","SP8__chr11_65183929_65184781",FALSE,"ONTG11000001568.1"
"chr11_65169081_65170611","SP8","chr11_65538762_65539463","aCRE","SP8__chr11_65538762_65539463",FALSE,NA
"chr11_65641723_65642638","NR2F6","chr11_66001925_66002823","tCRE","NR2F6__chr11_66001925_66002823",TRUE,"BANF1"
"chr11_65641723_65642638","NR2F6","chr11_65569855_65570770","tCRE","NR2F6__chr11_65569855_65570770",TRUE,"ZNRD2"
"chr11_65641723_65642638","NR2F6","chr11_65787825_65788794","aCRE","NR2F6__chr11_65787825_65788794",TRUE,"ONTG11000000818.1"
"chr11_65641723_65642638","NR2F6","chr11_65550626_65551491","aCRE","NR2F6__chr11_65550626_65551491",TRUE,NA
"chr11_65641723_65642638","NR2F6","chr11_65646767_65647691","tCRE","NR2F6__chr11_65646767_65647691",TRUE,"SIPA1"
"chr11_65641723_65642638","NR2F6","chr11_65857795_65858644","tCRE","NR2F6__chr11_65857795_65858644",TRUE,"CFL1"
"chr11_65641723_65642638","NR2F6","chr11_65571954_65573011","tCRE","NR2F6__chr11_65571954_65573011",TRUE,"FAM89B"
"chr11_65641723_65642638","NR2F6","chr11_65860192_65860969","tCRE","NR2F6__chr11_65860192_65860969",TRUE,"MUS81"
"chr11_65641723_65642638","NR2F6","chr11_65662658_65663550","tCRE","NR2F6__chr11_65662658_65663550",TRUE,"RELA-DT"
"chr11_65641723_65642638","NR2F6","chr11_65606728_65607675","aCRE","NR2F6__chr11_65606728_65607675",TRUE,"MAP3K11"
"chr11_65641723_65642638","NR2F6","chr11_65786018_65787178","aCRE","NR2F6__chr11_65786018_65787178",TRUE,"OVOL1"
"chr11_65641723_65642638","NR2F6","chr11_65711960_65712787","tCRE","NR2F6__chr11_65711960_65712787",TRUE,"KAT5"
"chr11_65641723_65642638","NR2F6","chr11_65487258_65488252","aCRE","NR2F6__chr11_65487258_65488252",TRUE,"LINC02736"
"chr11_65641723_65642638","NR2F6","chr11_65856650_65857429","tCRE","NR2F6__chr11_65856650_65857429",TRUE,"CFL1"
"chr11_65641723_65642638","NR2F6","chr11_65646767_65647691","aCRE","NR2F6__chr11_65646767_65647691",TRUE,"SIPA1"
"chr11_66316576_66317577","GLIS3","chr11_66311789_66313303","aCRE","GLIS3__chr11_66311789_66313303",TRUE,"ONTG11000001595.1"
"chr11_66316576_66317577","GLIS3","chr11_66268111_66268983","tCRE","GLIS3__chr11_66268111_66268983",TRUE,"RAB1B"
"chr11_66316576_66317577","GLIS3","chr11_66744348_66745220","tCRE","GLIS3__chr11_66744348_66745220",TRUE,"SPTBN2"
"chr11_66316576_66317577","GLIS3","chr11_66291505_66292326","tCRE","GLIS3__chr11_66291505_66292326",TRUE,"TMEM151A"
"chr11_66316576_66317577","GLIS3","chr11_66277649_66278569","tCRE","GLIS3__chr11_66277649_66278569",TRUE,"CNIH2"
"chr11_66316576_66317577","GLIS3","chr11_66336267_66337160","aCRE","GLIS3__chr11_66336267_66337160",TRUE,"RIN1"
"chr11_66316576_66317577","GLIS3","chr11_65890223_65891092","tCRE","GLIS3__chr11_65890223_65891092",TRUE,"CCDC85B"
"chr11_66316576_66317577","GLIS3","chr11_66257472_66258347","tCRE","GLIS3__chr11_66257472_66258347",TRUE,"KLC2"
"chr11_66316576_66317577","GLIS3","chr11_66336267_66337160","tCRE","GLIS3__chr11_66336267_66337160",TRUE,"RIN1"
"chr11_66316576_66317577","GLIS3","chr11_66371291_66372267","aCRE","GLIS3__chr11_66371291_66372267",TRUE,"SLC29A2"
"chr11_66316576_66317577","GLIS3","chr11_66048695_66049611","tCRE","GLIS3__chr11_66048695_66049611",TRUE,"GAL3ST3"
"chr11_66316576_66317577","NFIB","chr11_66311789_66313303","aCRE","NFIB__chr11_66311789_66313303",TRUE,"ONTG11000001595.1"
"chr11_66316576_66317577","NFIB","chr11_66268111_66268983","tCRE","NFIB__chr11_66268111_66268983",TRUE,"RAB1B"
"chr11_66316576_66317577","NFIB","chr11_66744348_66745220","tCRE","NFIB__chr11_66744348_66745220",TRUE,"SPTBN2"
"chr11_66316576_66317577","NFIB","chr11_66291505_66292326","tCRE","NFIB__chr11_66291505_66292326",TRUE,"TMEM151A"
"chr11_66316576_66317577","NFIB","chr11_66277649_66278569","tCRE","NFIB__chr11_66277649_66278569",TRUE,"CNIH2"
"chr11_66316576_66317577","NFIB","chr11_66336267_66337160","aCRE","NFIB__chr11_66336267_66337160",TRUE,"RIN1"
"chr11_66316576_66317577","NFIB","chr11_65890223_65891092","tCRE","NFIB__chr11_65890223_65891092",TRUE,"CCDC85B"
"chr11_66316576_66317577","NFIB","chr11_66257472_66258347","tCRE","NFIB__chr11_66257472_66258347",TRUE,"KLC2"
"chr11_66316576_66317577","NFIB","chr11_66336267_66337160","tCRE","NFIB__chr11_66336267_66337160",TRUE,"RIN1"
"chr11_66316576_66317577","NFIB","chr11_66371291_66372267","aCRE","NFIB__chr11_66371291_66372267",TRUE,"SLC29A2"
"chr11_66316576_66317577","NFIB","chr11_66048695_66049611","tCRE","NFIB__chr11_66048695_66049611",TRUE,"GAL3ST3"
"chr11_72069621_72070555","MAFB","chr11_72112088_72113017","tCRE","MAFB__chr11_72112088_72113017",TRUE,"ANAPC15"
"chr11_72069621_72070555","ATF3","chr11_72112088_72113017","tCRE","ATF3__chr11_72112088_72113017",TRUE,"ANAPC15"
"chr11_72191709_72192603","ZNF281","chr11_72102918_72103834","tCRE","ZNF281__chr11_72102918_72103834",TRUE,"LAMTOR1"
"chr11_72191709_72192603","ZNF281","chr11_72040526_72042429","tCRE","ZNF281__chr11_72040526_72042429",TRUE,"NUMA1"
"chr11_72191709_72192603","ZNF281","chr11_72223012_72223899","aCRE","ZNF281__chr11_72223012_72223899",TRUE,"ONTG11000001140.1"
"chr11_72191709_72192603","ZNF281","chr11_72112088_72113017","tCRE","ZNF281__chr11_72112088_72113017",TRUE,"ANAPC15"
"chr11_72191709_72192603","RBPJ","chr11_72102918_72103834","tCRE","RBPJ__chr11_72102918_72103834",TRUE,"LAMTOR1"
"chr11_72191709_72192603","RBPJ","chr11_72040526_72042429","tCRE","RBPJ__chr11_72040526_72042429",TRUE,"NUMA1"
"chr11_72191709_72192603","RBPJ","chr11_72223012_72223899","aCRE","RBPJ__chr11_72223012_72223899",TRUE,"ONTG11000001140.1"
"chr11_72191709_72192603","RBPJ","chr11_72112088_72113017","tCRE","RBPJ__chr11_72112088_72113017",TRUE,"ANAPC15"
"chr11_72191709_72192603","PRDM14","chr11_72102918_72103834","tCRE","PRDM14__chr11_72102918_72103834",TRUE,"LAMTOR1"
"chr11_72191709_72192603","PRDM14","chr11_72040526_72042429","tCRE","PRDM14__chr11_72040526_72042429",TRUE,"NUMA1"
"chr11_72191709_72192603","PRDM14","chr11_72223012_72223899","aCRE","PRDM14__chr11_72223012_72223899",TRUE,"ONTG11000001140.1"
"chr11_72191709_72192603","PRDM14","chr11_72112088_72113017","tCRE","PRDM14__chr11_72112088_72113017",TRUE,"ANAPC15"
"chr11_72191709_72192603","PLAGL1","chr11_72102918_72103834","tCRE","PLAGL1__chr11_72102918_72103834",TRUE,"LAMTOR1"
"chr11_72191709_72192603","PLAGL1","chr11_72040526_72042429","tCRE","PLAGL1__chr11_72040526_72042429",TRUE,"NUMA1"
"chr11_72191709_72192603","PLAGL1","chr11_72223012_72223899","aCRE","PLAGL1__chr11_72223012_72223899",TRUE,"ONTG11000001140.1"
"chr11_72191709_72192603","PLAGL1","chr11_72112088_72113017","tCRE","PLAGL1__chr11_72112088_72113017",TRUE,"ANAPC15"
"chr11_7484325_7486007","GATA5","chr11_7251539_7252494","tCRE","GATA5__chr11_7251539_7252494",TRUE,"SYT9"
"chr11_7484325_7486007","TRPS1","chr11_7251539_7252494","tCRE","TRPS1__chr11_7251539_7252494",TRUE,"SYT9"
"chr11_7484325_7486007","NFIA","chr11_7251539_7252494","tCRE","NFIA__chr11_7251539_7252494",TRUE,"SYT9"
"chr11_7484325_7486007","GATA6","chr11_7251539_7252494","tCRE","GATA6__chr11_7251539_7252494",TRUE,"SYT9"
"chr11_75490312_75491346","MSX1","chr11_75534075_75535134","aCRE","MSX1__chr11_75534075_75535134",TRUE,"ONTG11000001047.1"
"chr11_83723966_83725502","SP8","chr11_83285750_83286678","tCRE","SP8__chr11_83285750_83286678",TRUE,"CCDC90B"
"chr11_8698768_8699392","NR2F2","chr11_8593703_8594694","tCRE","NR2F2__chr11_8593703_8594694",TRUE,"STK33"
"chr11_8698768_8699392","NR2F2","chr11_8810296_8811228","tCRE","NR2F2__chr11_8810296_8811228",TRUE,"DENND2B"
"chr11_8698768_8699392","NR2F2","chr11_8963948_8965018","aCRE","NR2F2__chr11_8963948_8965018",TRUE,"TMEM9B"
"chr11_8698768_8699392","NR2F2","chr11_8910801_8911674","tCRE","NR2F2__chr11_8910801_8911674",TRUE,"AKIP1"
"chr11_8698768_8699392","NR2F2","chr11_8963948_8965018","tCRE","NR2F2__chr11_8963948_8965018",TRUE,"TMEM9B"
"chr11_8698768_8699392","NR2F2","chr11_8682219_8683157","tCRE","NR2F2__chr11_8682219_8683157",TRUE,"RPL27A"
"chr11_8698768_8699392","NR6A1","chr11_8593703_8594694","tCRE","NR6A1__chr11_8593703_8594694",TRUE,"STK33"
"chr11_8698768_8699392","NR6A1","chr11_8810296_8811228","tCRE","NR6A1__chr11_8810296_8811228",TRUE,"DENND2B"
"chr11_8698768_8699392","NR6A1","chr11_8963948_8965018","aCRE","NR6A1__chr11_8963948_8965018",TRUE,"TMEM9B"
"chr11_8698768_8699392","NR6A1","chr11_8910801_8911674","tCRE","NR6A1__chr11_8910801_8911674",TRUE,"AKIP1"
"chr11_8698768_8699392","NR6A1","chr11_8963948_8965018","tCRE","NR6A1__chr11_8963948_8965018",TRUE,"TMEM9B"
"chr11_8698768_8699392","NR6A1","chr11_8682219_8683157","tCRE","NR6A1__chr11_8682219_8683157",TRUE,"RPL27A"
"chr11_8698768_8699392","BCL11A","chr11_8593703_8594694","tCRE","BCL11A__chr11_8593703_8594694",TRUE,"STK33"
"chr11_8698768_8699392","BCL11A","chr11_8810296_8811228","tCRE","BCL11A__chr11_8810296_8811228",TRUE,"DENND2B"
"chr11_8698768_8699392","BCL11A","chr11_8963948_8965018","aCRE","BCL11A__chr11_8963948_8965018",TRUE,"TMEM9B"
"chr11_8698768_8699392","BCL11A","chr11_8910801_8911674","tCRE","BCL11A__chr11_8910801_8911674",TRUE,"AKIP1"
"chr11_8698768_8699392","BCL11A","chr11_8963948_8965018","tCRE","BCL11A__chr11_8963948_8965018",TRUE,"TMEM9B"
"chr11_8698768_8699392","BCL11A","chr11_8682219_8683157","tCRE","BCL11A__chr11_8682219_8683157",TRUE,"RPL27A"
"chr11_9765272_9766222","INSM1","chr11_9575010_9575863","tCRE","INSM1__chr11_9575010_9575863",TRUE,"WEE1"
"chr11_9765272_9766222","ETV1","chr11_9575010_9575863","tCRE","ETV1__chr11_9575010_9575863",TRUE,"WEE1"
"chr12_101594404_101595364","TWIST1","chr12_101830518_101831421","tCRE","TWIST1__chr12_101830518_101831421",TRUE,"GNPTAB"
"chr12_101594404_101595364","TWIST1","chr12_101407341_101408292","tCRE","TWIST1__chr12_101407341_101408292",TRUE,"ARL1"
"chr12_101594404_101595364","MEIS2","chr12_101830518_101831421","tCRE","MEIS2__chr12_101830518_101831421",TRUE,"GNPTAB"
"chr12_101594404_101595364","MEIS2","chr12_101407341_101408292","tCRE","MEIS2__chr12_101407341_101408292",TRUE,"ARL1"
"chr12_101594404_101595364","ZKSCAN1","chr12_101830518_101831421","tCRE","ZKSCAN1__chr12_101830518_101831421",TRUE,"GNPTAB"
"chr12_101594404_101595364","ZKSCAN1","chr12_101407341_101408292","tCRE","ZKSCAN1__chr12_101407341_101408292",TRUE,"ARL1"
"chr12_108996823_108997726","FOXO1","chr12_109069341_109070429","aCRE","FOXO1__chr12_109069341_109070429",TRUE,NA
"chr12_108996823_108997726","NR2F6","chr12_109069341_109070429","aCRE","NR2F6__chr12_109069341_109070429",TRUE,NA
"chr12_112621192_112622082","NANOG","chr12_112590033_112590933","aCRE","NANOG__chr12_112590033_112590933",TRUE,NA
"chr12_113773259_113774257","MSX1","chr12_113609518_113610674","tCRE","MSX1__chr12_113609518_113610674",TRUE,"ONTG12000001144.1"
"chr12_121949124_121950771","ATF4","chr12_121888327_121889385","tCRE","ATF4__chr12_121888327_121889385",TRUE,"PSMD9"
"chr12_121949124_121950771","HAND1","chr12_121888327_121889385","tCRE","HAND1__chr12_121888327_121889385",TRUE,"PSMD9"
"chr12_131795593_131796491","POU5F1","chr12_131827924_131828853","tCRE","POU5F1__chr12_131827924_131828853",TRUE,"MMP17"
"chr12_131795593_131796491","POU5F1","chr12_131928679_131929609","tCRE","POU5F1__chr12_131928679_131929609",TRUE,"PUS1"
"chr12_14394171_14395073","JUND","chr12_14773834_14774760","tCRE","JUND__chr12_14773834_14774760",TRUE,"H2AJ"
"chr12_14394171_14395073","JUND","chr12_14384715_14385683","tCRE","JUND__chr12_14384715_14385683",TRUE,"ATF7IP"
"chr12_14394171_14395073","POU3F1","chr12_14773834_14774760","tCRE","POU3F1__chr12_14773834_14774760",TRUE,"H2AJ"
"chr12_14394171_14395073","POU3F1","chr12_14384715_14385683","tCRE","POU3F1__chr12_14384715_14385683",TRUE,"ATF7IP"
"chr12_14394171_14395073","TEAD2","chr12_14773834_14774760","tCRE","TEAD2__chr12_14773834_14774760",TRUE,"H2AJ"
"chr12_14394171_14395073","TEAD2","chr12_14384715_14385683","tCRE","TEAD2__chr12_14384715_14385683",TRUE,"ATF7IP"
"chr12_14813260_14814645","MAFB","chr12_14803133_14804027","tCRE","MAFB__chr12_14803133_14804027",TRUE,"WBP11"
"chr12_14813260_14814645","TEAD1","chr12_14803133_14804027","tCRE","TEAD1__chr12_14803133_14804027",TRUE,"WBP11"
"chr12_14813260_14814645","FOXN3","chr12_14803133_14804027","tCRE","FOXN3__chr12_14803133_14804027",TRUE,"WBP11"
"chr12_21638215_21639114","NFE2L2","chr12_21525787_21526589","tCRE","NFE2L2__chr12_21525787_21526589",TRUE,"SPX"
"chr12_21638215_21639114","NR2F1","chr12_21525787_21526589","tCRE","NR2F1__chr12_21525787_21526589",FALSE,"SPX"
"chr12_23555484_23556292","SOX6","chr12_23950536_23951452","tCRE","SOX6__chr12_23950536_23951452",TRUE,"SOX5"
"chr12_23555484_23556292","SOX6","chr12_23949360_23950268","tCRE","SOX6__chr12_23949360_23950268",TRUE,"SOX5"
"chr12_23555484_23556292","ATF2","chr12_23950536_23951452","tCRE","ATF2__chr12_23950536_23951452",TRUE,"SOX5"
"chr12_23555484_23556292","ATF2","chr12_23949360_23950268","tCRE","ATF2__chr12_23949360_23950268",TRUE,"SOX5"
"chr12_23555484_23556292","JUN","chr12_23950536_23951452","tCRE","JUN__chr12_23950536_23951452",TRUE,"SOX5"
"chr12_23555484_23556292","JUN","chr12_23949360_23950268","tCRE","JUN__chr12_23949360_23950268",TRUE,"SOX5"
"chr12_23555484_23556292","JUND","chr12_23950536_23951452","tCRE","JUND__chr12_23950536_23951452",TRUE,"SOX5"
"chr12_23555484_23556292","JUND","chr12_23949360_23950268","tCRE","JUND__chr12_23949360_23950268",TRUE,"SOX5"
"chr12_23555484_23556292","ZNF148","chr12_23950536_23951452","tCRE","ZNF148__chr12_23950536_23951452",TRUE,"SOX5"
"chr12_23555484_23556292","ZNF148","chr12_23949360_23950268","tCRE","ZNF148__chr12_23949360_23950268",TRUE,"SOX5"
"chr12_23617531_23618420","NEUROD1","chr12_23950536_23951452","tCRE","NEUROD1__chr12_23950536_23951452",TRUE,"SOX5"
"chr12_23617531_23618420","NEUROD1","chr12_23949360_23950268","tCRE","NEUROD1__chr12_23949360_23950268",TRUE,"SOX5"
"chr12_31009288_31010107","NR4A2","chr12_31073614_31074559","tCRE","NR4A2__chr12_31073614_31074559",FALSE,"DDX11-AS1"
"chr12_31009288_31010107","NR4A2","chr12_31118643_31119498","tCRE","NR4A2__chr12_31118643_31119498",TRUE,"ENSG00000177359.21"
"chr12_31009288_31010107","NEUROG2","chr12_31073614_31074559","tCRE","NEUROG2__chr12_31073614_31074559",TRUE,"DDX11-AS1"
"chr12_31009288_31010107","NEUROG2","chr12_31118643_31119498","tCRE","NEUROG2__chr12_31118643_31119498",FALSE,"ENSG00000177359.21"
"chr12_31009288_31010107","NEUROD1","chr12_31073614_31074559","tCRE","NEUROD1__chr12_31073614_31074559",TRUE,"DDX11-AS1"
"chr12_31009288_31010107","NEUROD1","chr12_31118643_31119498","tCRE","NEUROD1__chr12_31118643_31119498",FALSE,"ENSG00000177359.21"
"chr12_31368484_31369465","SOX5","chr12_31325828_31326759","tCRE","SOX5__chr12_31325828_31326759",TRUE,"SINHCAF"
"chr12_4018353_4019234","MAFB","chr12_4030894_4031862","tCRE","MAFB__chr12_4030894_4031862",TRUE,"ONTG12000001808.1"
"chr12_4018353_4019234","TEAD4","chr12_4030894_4031862","tCRE","TEAD4__chr12_4030894_4031862",TRUE,"ONTG12000001808.1"
"chr12_42485615_42486503","SOX15","chr12_42483681_42484792","tCRE","SOX15__chr12_42483681_42484792",TRUE,"PRICKLE1"
"chr12_49227447_49228291","MEIS2","chr12_49131064_49131964","tCRE","MEIS2__chr12_49131064_49131964",TRUE,"TUBA1B"
"chr12_49227447_49228291","MEIS2","chr12_49366766_49367632","tCRE","MEIS2__chr12_49366766_49367632",TRUE,"SPATS2"
"chr12_49227447_49228291","MEIS2","chr12_49264498_49265470","aCRE","MEIS2__chr12_49264498_49265470",TRUE,"TUBA1C"
"chr12_49227447_49228291","MEIS2","chr12_49264498_49265470","tCRE","MEIS2__chr12_49264498_49265470",TRUE,"TUBA1C"
"chr12_49227447_49228291","MEIS2","chr12_49186949_49187691","aCRE","MEIS2__chr12_49186949_49187691",TRUE,"ONTG12000000932.1"
"chr12_49227447_49228291","MEIS2","chr12_49336739_49337675","tCRE","MEIS2__chr12_49336739_49337675",TRUE,"C1QL4"
"chr12_49227447_49228291","MEIS2","chr12_49342161_49343108","aCRE","MEIS2__chr12_49342161_49343108",TRUE,NA
"chr12_49227447_49228291","MEIS2","chr12_49069545_49070419","tCRE","MEIS2__chr12_49069545_49070419",TRUE,"RHEBL1"
"chr12_49227447_49228291","MEIS2","chr12_49344721_49345814","aCRE","MEIS2__chr12_49344721_49345814",TRUE,"ONTG12000000943.1"
"chr12_49227447_49228291","MEIS2","chr12_49232593_49233518","aCRE","MEIS2__chr12_49232593_49233518",TRUE,"ONTG12000000939.1"
"chr12_49227447_49228291","MEIS2","chr12_49110416_49111313","tCRE","MEIS2__chr12_49110416_49111313",TRUE,"LMBR1L"
"chr12_49227447_49228291","MEIS2","chr12_49322634_49323561","tCRE","MEIS2__chr12_49322634_49323561",TRUE,"TROAP"
"chr12_49227447_49228291","MEIS2","chr12_49188673_49189619","tCRE","MEIS2__chr12_49188673_49189619",TRUE,"TUBA1A"
"chr12_49227447_49228291","MEIS1","chr12_49131064_49131964","tCRE","MEIS1__chr12_49131064_49131964",TRUE,"TUBA1B"
"chr12_49227447_49228291","MEIS1","chr12_49366766_49367632","tCRE","MEIS1__chr12_49366766_49367632",TRUE,"SPATS2"
"chr12_49227447_49228291","MEIS1","chr12_49264498_49265470","aCRE","MEIS1__chr12_49264498_49265470",TRUE,"TUBA1C"
"chr12_49227447_49228291","MEIS1","chr12_49264498_49265470","tCRE","MEIS1__chr12_49264498_49265470",TRUE,"TUBA1C"
"chr12_49227447_49228291","MEIS1","chr12_49186949_49187691","aCRE","MEIS1__chr12_49186949_49187691",TRUE,"ONTG12000000932.1"
"chr12_49227447_49228291","MEIS1","chr12_49336739_49337675","tCRE","MEIS1__chr12_49336739_49337675",TRUE,"C1QL4"
"chr12_49227447_49228291","MEIS1","chr12_49342161_49343108","aCRE","MEIS1__chr12_49342161_49343108",TRUE,NA
"chr12_49227447_49228291","MEIS1","chr12_49069545_49070419","tCRE","MEIS1__chr12_49069545_49070419",TRUE,"RHEBL1"
"chr12_49227447_49228291","MEIS1","chr12_49344721_49345814","aCRE","MEIS1__chr12_49344721_49345814",TRUE,"ONTG12000000943.1"
"chr12_49227447_49228291","MEIS1","chr12_49232593_49233518","aCRE","MEIS1__chr12_49232593_49233518",TRUE,"ONTG12000000939.1"
"chr12_49227447_49228291","MEIS1","chr12_49110416_49111313","tCRE","MEIS1__chr12_49110416_49111313",TRUE,"LMBR1L"
"chr12_49227447_49228291","MEIS1","chr12_49322634_49323561","tCRE","MEIS1__chr12_49322634_49323561",TRUE,"TROAP"
"chr12_49227447_49228291","MEIS1","chr12_49188673_49189619","tCRE","MEIS1__chr12_49188673_49189619",TRUE,"TUBA1A"
"chr12_51247372_51248268","TCF12","chr12_51390996_51392042","tCRE","TCF12__chr12_51390996_51392042",TRUE,"GALNT6"
"chr12_51247372_51248268","TCF12","chr12_51390996_51392042","aCRE","TCF12__chr12_51390996_51392042",TRUE,"GALNT6"
"chr12_51247372_51248268","TCF12","chr12_51238512_51239474","tCRE","TCF12__chr12_51238512_51239474",TRUE,"DAZAP2"
"chr12_51247372_51248268","TCF12","chr12_51269616_51270581","aCRE","TCF12__chr12_51269616_51270581",TRUE,"SMAGP"
"chr12_51247372_51248268","TCF12","chr12_51047635_51048582","tCRE","TCF12__chr12_51047635_51048582",TRUE,"LETMD1"
"chr12_51247372_51248268","TCF12","chr12_51269616_51270581","tCRE","TCF12__chr12_51269616_51270581",TRUE,"SMAGP"
"chr12_51247372_51248268","TCF7L2","chr12_51390996_51392042","tCRE","TCF7L2__chr12_51390996_51392042",TRUE,"GALNT6"
"chr12_51247372_51248268","TCF7L2","chr12_51390996_51392042","aCRE","TCF7L2__chr12_51390996_51392042",TRUE,"GALNT6"
"chr12_51247372_51248268","TCF7L2","chr12_51238512_51239474","tCRE","TCF7L2__chr12_51238512_51239474",TRUE,"DAZAP2"
"chr12_51247372_51248268","TCF7L2","chr12_51269616_51270581","aCRE","TCF7L2__chr12_51269616_51270581",TRUE,"SMAGP"
"chr12_51247372_51248268","TCF7L2","chr12_51047635_51048582","tCRE","TCF7L2__chr12_51047635_51048582",TRUE,"LETMD1"
"chr12_51247372_51248268","TCF7L2","chr12_51269616_51270581","tCRE","TCF7L2__chr12_51269616_51270581",TRUE,"SMAGP"
"chr12_51247372_51248268","TFAP4","chr12_51390996_51392042","tCRE","TFAP4__chr12_51390996_51392042",TRUE,"GALNT6"
"chr12_51247372_51248268","TFAP4","chr12_51390996_51392042","aCRE","TFAP4__chr12_51390996_51392042",TRUE,"GALNT6"
"chr12_51247372_51248268","TFAP4","chr12_51238512_51239474","tCRE","TFAP4__chr12_51238512_51239474",TRUE,"DAZAP2"
"chr12_51247372_51248268","TFAP4","chr12_51269616_51270581","aCRE","TFAP4__chr12_51269616_51270581",TRUE,"SMAGP"
"chr12_51247372_51248268","TFAP4","chr12_51047635_51048582","tCRE","TFAP4__chr12_51047635_51048582",TRUE,"LETMD1"
"chr12_51247372_51248268","TFAP4","chr12_51269616_51270581","tCRE","TFAP4__chr12_51269616_51270581",TRUE,"SMAGP"
"chr12_51247372_51248268","ZNF410","chr12_51390996_51392042","tCRE","ZNF410__chr12_51390996_51392042",TRUE,"GALNT6"
"chr12_51247372_51248268","ZNF410","chr12_51390996_51392042","aCRE","ZNF410__chr12_51390996_51392042",TRUE,"GALNT6"
"chr12_51247372_51248268","ZNF410","chr12_51238512_51239474","tCRE","ZNF410__chr12_51238512_51239474",TRUE,"DAZAP2"
"chr12_51247372_51248268","ZNF410","chr12_51269616_51270581","aCRE","ZNF410__chr12_51269616_51270581",TRUE,"SMAGP"
"chr12_51247372_51248268","ZNF410","chr12_51047635_51048582","tCRE","ZNF410__chr12_51047635_51048582",TRUE,"LETMD1"
"chr12_51247372_51248268","ZNF410","chr12_51269616_51270581","tCRE","ZNF410__chr12_51269616_51270581",TRUE,"SMAGP"
"chr12_52906998_52907729","BCL11A","chr12_52904705_52905601","aCRE","BCL11A__chr12_52904705_52905601",TRUE,"KRT8"
"chr12_52906998_52907729","BCL11A","chr12_52949646_52950435","tCRE","BCL11A__chr12_52949646_52950435",TRUE,"KRT8"
"chr12_52906998_52907729","BCL11A","chr12_52946688_52948104","tCRE","BCL11A__chr12_52946688_52948104",TRUE,"ONTG12000001578.1"
"chr12_52906998_52907729","BCL11A","chr12_52948521_52949485","aCRE","BCL11A__chr12_52948521_52949485",TRUE,"KRT18"
"chr12_52906998_52907729","BCL11A","chr12_52948521_52949485","tCRE","BCL11A__chr12_52948521_52949485",TRUE,"KRT18"
"chr12_52906998_52907729","BCL11A","chr12_52901850_52902497","tCRE","BCL11A__chr12_52901850_52902497",TRUE,"KRT8"
"chr12_52906998_52907729","BCL11A","chr12_53097316_53098352","tCRE","BCL11A__chr12_53097316_53098352",TRUE,"IGFBP6"
"chr12_52906998_52907729","TCF7L1","chr12_52904705_52905601","aCRE","TCF7L1__chr12_52904705_52905601",TRUE,"KRT8"
"chr12_52906998_52907729","TCF7L1","chr12_52949646_52950435","tCRE","TCF7L1__chr12_52949646_52950435",TRUE,"KRT8"
"chr12_52906998_52907729","TCF7L1","chr12_52946688_52948104","tCRE","TCF7L1__chr12_52946688_52948104",TRUE,"ONTG12000001578.1"
"chr12_52906998_52907729","TCF7L1","chr12_52948521_52949485","aCRE","TCF7L1__chr12_52948521_52949485",TRUE,"KRT18"
"chr12_52906998_52907729","TCF7L1","chr12_52948521_52949485","tCRE","TCF7L1__chr12_52948521_52949485",TRUE,"KRT18"
"chr12_52906998_52907729","TCF7L1","chr12_52901850_52902497","tCRE","TCF7L1__chr12_52901850_52902497",TRUE,"KRT8"
"chr12_52906998_52907729","TCF7L1","chr12_53097316_53098352","tCRE","TCF7L1__chr12_53097316_53098352",TRUE,"IGFBP6"
"chr12_53049669_53050549","TCF12","chr12_53048550_53049398","tCRE","TCF12__chr12_53048550_53049398",TRUE,"TNS2"
"chr12_53049669_53050549","TCF12","chr12_52949646_52950435","tCRE","TCF12__chr12_52949646_52950435",TRUE,"KRT8"
"chr12_53049669_53050549","SMAD4","chr12_53048550_53049398","tCRE","SMAD4__chr12_53048550_53049398",TRUE,"TNS2"
"chr12_53049669_53050549","SMAD4","chr12_52949646_52950435","tCRE","SMAD4__chr12_52949646_52950435",TRUE,"KRT8"
"chr12_53049669_53050549","HAND1","chr12_53048550_53049398","tCRE","HAND1__chr12_53048550_53049398",TRUE,"TNS2"
"chr12_53049669_53050549","HAND1","chr12_52949646_52950435","tCRE","HAND1__chr12_52949646_52950435",FALSE,"KRT8"
"chr12_53507045_53507801","SCRT2","chr12_53739246_53740478","aCRE","SCRT2__chr12_53739246_53740478",TRUE,"ENSG00000286069.2"
"chr12_53507045_53507801","EBF3","chr12_53739246_53740478","aCRE","EBF3__chr12_53739246_53740478",TRUE,"ENSG00000286069.2"
"chr12_53507045_53507801","MEIS2","chr12_53739246_53740478","aCRE","MEIS2__chr12_53739246_53740478",TRUE,"ENSG00000286069.2"
"chr12_53507045_53507801","HOXB4","chr12_53739246_53740478","aCRE","HOXB4__chr12_53739246_53740478",TRUE,"ENSG00000286069.2"
"chr12_53678502_53679427","HOXA4","chr12_53370904_53371844","aCRE","HOXA4__chr12_53370904_53371844",TRUE,"ONTG12000001597.1"
"chr12_53678502_53679427","HOXA4","chr12_53675700_53676619","tCRE","HOXA4__chr12_53675700_53676619",TRUE,"ATP5MC2"
"chr12_53678502_53679427","HOXA4","chr12_53344647_53345590","aCRE","HOXA4__chr12_53344647_53345590",TRUE,"ONTG12000001596.1"
"chr12_53678502_53679427","HOXA4","chr12_53500573_53501478","tCRE","HOXA4__chr12_53500573_53501478",TRUE,"TARBP2"
"chr12_53678502_53679427","GBX2","chr12_53370904_53371844","aCRE","GBX2__chr12_53370904_53371844",TRUE,"ONTG12000001597.1"
"chr12_53678502_53679427","GBX2","chr12_53675700_53676619","tCRE","GBX2__chr12_53675700_53676619",TRUE,"ATP5MC2"
"chr12_53678502_53679427","GBX2","chr12_53344647_53345590","aCRE","GBX2__chr12_53344647_53345590",TRUE,"ONTG12000001596.1"
"chr12_53678502_53679427","GBX2","chr12_53500573_53501478","tCRE","GBX2__chr12_53500573_53501478",TRUE,"TARBP2"
"chr12_53678502_53679427","HOXB9","chr12_53370904_53371844","aCRE","HOXB9__chr12_53370904_53371844",FALSE,"ONTG12000001597.1"
"chr12_53678502_53679427","HOXB9","chr12_53675700_53676619","tCRE","HOXB9__chr12_53675700_53676619",FALSE,"ATP5MC2"
"chr12_53678502_53679427","HOXB9","chr12_53344647_53345590","aCRE","HOXB9__chr12_53344647_53345590",FALSE,"ONTG12000001596.1"
"chr12_53678502_53679427","HOXB9","chr12_53500573_53501478","tCRE","HOXB9__chr12_53500573_53501478",FALSE,"TARBP2"
"chr12_53678502_53679427","PBX3","chr12_53370904_53371844","aCRE","PBX3__chr12_53370904_53371844",TRUE,"ONTG12000001597.1"
"chr12_53678502_53679427","PBX3","chr12_53675700_53676619","tCRE","PBX3__chr12_53675700_53676619",TRUE,"ATP5MC2"
"chr12_53678502_53679427","PBX3","chr12_53344647_53345590","aCRE","PBX3__chr12_53344647_53345590",TRUE,"ONTG12000001596.1"
"chr12_53678502_53679427","PBX3","chr12_53500573_53501478","tCRE","PBX3__chr12_53500573_53501478",TRUE,"TARBP2"
"chr12_53755340_53756165","ZEB1","chr12_53973214_53974135","aCRE","ZEB1__chr12_53973214_53974135",TRUE,NA
"chr12_53755340_53756165","ZEB1","chr12_53938087_53939099","aCRE","ZEB1__chr12_53938087_53939099",TRUE,"HOXC13"
"chr12_53755340_53756165","PLAGL1","chr12_53973214_53974135","aCRE","PLAGL1__chr12_53973214_53974135",TRUE,NA
"chr12_53755340_53756165","PLAGL1","chr12_53938087_53939099","aCRE","PLAGL1__chr12_53938087_53939099",TRUE,"HOXC13"
"chr12_54080803_54082167","MEIS2","chr12_54028089_54029017","tCRE","MEIS2__chr12_54028089_54029017",TRUE,"HOXC6"
"chr12_54080803_54082167","MEIS2","chr12_54019107_54019861","tCRE","MEIS2__chr12_54019107_54019861",TRUE,"ONTG12000001611.1"
"chr12_54080803_54082167","MEIS2","chr12_54358814_54359764","aCRE","MEIS2__chr12_54358814_54359764",TRUE,"ONTG12000001615.1"
"chr12_54080803_54082167","MEIS2","chr12_54008700_54009668","tCRE","MEIS2__chr12_54008700_54009668",TRUE,"HOXC8"
"chr12_54080803_54082167","HOXA7","chr12_54028089_54029017","tCRE","HOXA7__chr12_54028089_54029017",FALSE,"HOXC6"
"chr12_54080803_54082167","HOXA7","chr12_54019107_54019861","tCRE","HOXA7__chr12_54019107_54019861",FALSE,"ONTG12000001611.1"
"chr12_54080803_54082167","HOXA7","chr12_54358814_54359764","aCRE","HOXA7__chr12_54358814_54359764",TRUE,"ONTG12000001615.1"
"chr12_54080803_54082167","HOXA7","chr12_54008700_54009668","tCRE","HOXA7__chr12_54008700_54009668",FALSE,"HOXC8"
"chr12_54262153_54263235","ATF3","chr12_54324519_54325443","tCRE","ATF3__chr12_54324519_54325443",TRUE,"COPZ1"
"chr12_54262153_54263235","ATF3","chr12_54279427_54280138","tCRE","ATF3__chr12_54279427_54280138",TRUE,"CBX5"
"chr12_54262153_54263235","FOS","chr12_54324519_54325443","tCRE","FOS__chr12_54324519_54325443",TRUE,"COPZ1"
"chr12_54262153_54263235","FOS","chr12_54279427_54280138","tCRE","FOS__chr12_54279427_54280138",TRUE,"CBX5"
"chr12_54385312_54386252","ZBTB18","chr12_54390867_54391802","tCRE","ZBTB18__chr12_54390867_54391802",TRUE,"ZNF385A"
"chr12_54385312_54386252","RXRG","chr12_54390867_54391802","tCRE","RXRG__chr12_54390867_54391802",TRUE,"ZNF385A"
"chr12_54385312_54386252","MEIS2","chr12_54390867_54391802","tCRE","MEIS2__chr12_54390867_54391802",TRUE,"ZNF385A"
"chr12_55008878_55009883","NEUROD1","chr12_55019512_55020426","tCRE","NEUROD1__chr12_55019512_55020426",FALSE,"NEUROD4"
"chr12_55681119_55682061","ZIC4","chr12_55830526_55831324","tCRE","ZIC4__chr12_55830526_55831324",TRUE,"DNAJC14"
"chr12_55681119_55682061","ZIC4","chr12_55729225_55730104","aCRE","ZIC4__chr12_55729225_55730104",TRUE,"CD63"
"chr12_55681119_55682061","ZIC4","chr12_55730201_55730546","aCRE","ZIC4__chr12_55730201_55730546",TRUE,NA
"chr12_55681119_55682061","ZIC4","chr12_55966326_55967247","tCRE","ZIC4__chr12_55966326_55967247",TRUE,"CDK2"
"chr12_55681119_55682061","ZIC4","chr12_55817426_55818351","tCRE","ZIC4__chr12_55817426_55818351",TRUE,"SARNP"
"chr12_55681119_55682061","ZIC4","chr12_55729225_55730104","tCRE","ZIC4__chr12_55729225_55730104",TRUE,"CD63"
"chr12_55681119_55682061","ZIC1","chr12_55830526_55831324","tCRE","ZIC1__chr12_55830526_55831324",TRUE,"DNAJC14"
"chr12_55681119_55682061","ZIC1","chr12_55729225_55730104","aCRE","ZIC1__chr12_55729225_55730104",TRUE,"CD63"
"chr12_55681119_55682061","ZIC1","chr12_55730201_55730546","aCRE","ZIC1__chr12_55730201_55730546",TRUE,NA
"chr12_55681119_55682061","ZIC1","chr12_55966326_55967247","tCRE","ZIC1__chr12_55966326_55967247",TRUE,"CDK2"
"chr12_55681119_55682061","ZIC1","chr12_55817426_55818351","tCRE","ZIC1__chr12_55817426_55818351",TRUE,"SARNP"
"chr12_55681119_55682061","ZIC1","chr12_55729225_55730104","tCRE","ZIC1__chr12_55729225_55730104",TRUE,"CD63"
"chr12_55842510_55843417","FOS","chr12_55817426_55818351","tCRE","FOS__chr12_55817426_55818351",TRUE,"SARNP"
"chr12_55842510_55843417","FOS","chr12_55715864_55716749","tCRE","FOS__chr12_55715864_55716749",TRUE,"BLOC1S1"
"chr12_55842510_55843417","FOS","chr12_56041309_56042267","tCRE","FOS__chr12_56041309_56042267",TRUE,"RPS26"
"chr12_55842510_55843417","FOS","chr12_55727984_55728710","tCRE","FOS__chr12_55727984_55728710",TRUE,"CD63"
"chr12_55842510_55843417","FOS","chr12_55996767_55997659","tCRE","FOS__chr12_55996767_55997659",TRUE,"SUOX"
"chr12_55842510_55843417","FOS","chr12_55926596_55927584","tCRE","FOS__chr12_55926596_55927584",TRUE,"DGKA"
"chr12_55842510_55843417","FOS","chr12_56103954_56104877","tCRE","FOS__chr12_56103954_56104877",TRUE,"PA2G4"
"chr12_55842510_55843417","ATF3","chr12_55817426_55818351","tCRE","ATF3__chr12_55817426_55818351",TRUE,"SARNP"
"chr12_55842510_55843417","ATF3","chr12_55715864_55716749","tCRE","ATF3__chr12_55715864_55716749",TRUE,"BLOC1S1"
"chr12_55842510_55843417","ATF3","chr12_56041309_56042267","tCRE","ATF3__chr12_56041309_56042267",TRUE,"RPS26"
"chr12_55842510_55843417","ATF3","chr12_55727984_55728710","tCRE","ATF3__chr12_55727984_55728710",TRUE,"CD63"
"chr12_55842510_55843417","ATF3","chr12_55996767_55997659","tCRE","ATF3__chr12_55996767_55997659",TRUE,"SUOX"
"chr12_55842510_55843417","ATF3","chr12_55926596_55927584","tCRE","ATF3__chr12_55926596_55927584",TRUE,"DGKA"
"chr12_55842510_55843417","ATF3","chr12_56103954_56104877","tCRE","ATF3__chr12_56103954_56104877",TRUE,"PA2G4"
"chr12_55842510_55843417","CEBPG","chr12_55817426_55818351","tCRE","CEBPG__chr12_55817426_55818351",TRUE,"SARNP"
"chr12_55842510_55843417","CEBPG","chr12_55715864_55716749","tCRE","CEBPG__chr12_55715864_55716749",TRUE,"BLOC1S1"
"chr12_55842510_55843417","CEBPG","chr12_56041309_56042267","tCRE","CEBPG__chr12_56041309_56042267",TRUE,"RPS26"
"chr12_55842510_55843417","CEBPG","chr12_55727984_55728710","tCRE","CEBPG__chr12_55727984_55728710",TRUE,"CD63"
"chr12_55842510_55843417","CEBPG","chr12_55996767_55997659","tCRE","CEBPG__chr12_55996767_55997659",TRUE,"SUOX"
"chr12_55842510_55843417","CEBPG","chr12_55926596_55927584","tCRE","CEBPG__chr12_55926596_55927584",TRUE,"DGKA"
"chr12_55842510_55843417","CEBPG","chr12_56103954_56104877","tCRE","CEBPG__chr12_56103954_56104877",TRUE,"PA2G4"
"chr12_56338348_56339262","TCF3","chr12_56103954_56104877","tCRE","TCF3__chr12_56103954_56104877",TRUE,"PA2G4"
"chr12_56338348_56339262","TCF3","chr12_56157768_56158636","tCRE","TCF3__chr12_56157768_56158636",TRUE,"MYL6"
"chr12_56338348_56339262","TCF3","chr12_56687932_56688879","tCRE","TCF3__chr12_56687932_56688879",TRUE,"PTGES3"
"chr12_56338348_56339262","TCF3","chr12_56257995_56258906","tCRE","TCF3__chr12_56257995_56258906",TRUE,"ANKRD52"
"chr12_56338348_56339262","TCF3","chr12_56152056_56152903","tCRE","TCF3__chr12_56152056_56152903",TRUE,"MYL6B"
"chr12_56338348_56339262","TCF3","chr12_56189189_56190039","tCRE","TCF3__chr12_56189189_56190039",TRUE,"SMARCC2"
"chr12_57250639_57251680","NEUROD2","chr12_57546781_57547663","tCRE","NEUROD2__chr12_57546781_57547663",TRUE,"DCTN2"
"chr12_57250639_57251680","NEUROD2","chr12_57224564_57225444","aCRE","NEUROD2__chr12_57224564_57225444",TRUE,NA
"chr12_57250639_57251680","NEUROD2","chr12_57242563_57243441","aCRE","NEUROD2__chr12_57242563_57243441",TRUE,"ONTG12000001021.1"
"chr12_57250639_57251680","NEUROD2","chr12_57089742_57090518","aCRE","NEUROD2__chr12_57089742_57090518",TRUE,"ONTG12000001917.1"
"chr12_57250639_57251680","NEUROD2","chr12_57454654_57455575","aCRE","NEUROD2__chr12_57454654_57455575",TRUE,"INHBE"
"chr12_57250639_57251680","NEUROD2","chr12_57487504_57488443","tCRE","NEUROD2__chr12_57487504_57488443",TRUE,"MARS1"
"chr12_57250639_57251680","MEF2C","chr12_57546781_57547663","tCRE","MEF2C__chr12_57546781_57547663",TRUE,"DCTN2"
"chr12_57250639_57251680","MEF2C","chr12_57224564_57225444","aCRE","MEF2C__chr12_57224564_57225444",TRUE,NA
"chr12_57250639_57251680","MEF2C","chr12_57242563_57243441","aCRE","MEF2C__chr12_57242563_57243441",TRUE,"ONTG12000001021.1"
"chr12_57250639_57251680","MEF2C","chr12_57089742_57090518","aCRE","MEF2C__chr12_57089742_57090518",TRUE,"ONTG12000001917.1"
"chr12_57250639_57251680","MEF2C","chr12_57454654_57455575","aCRE","MEF2C__chr12_57454654_57455575",TRUE,"INHBE"
"chr12_57250639_57251680","MEF2C","chr12_57487504_57488443","tCRE","MEF2C__chr12_57487504_57488443",TRUE,"MARS1"
"chr12_58916580_58917520","HOXD8","chr12_58919885_58920903","tCRE","HOXD8__chr12_58919885_58920903",TRUE,"LRIG3"
"chr12_6383611_6384536","REST","chr12_6493581_6494256","tCRE","REST__chr12_6493581_6494256",FALSE,"MRPL51"
"chr12_6602783_6603803","NEUROD1","chr12_6605889_6606671","tCRE","NEUROD1__chr12_6605889_6606671",TRUE,"CHD4"
"chr12_6602783_6603803","NEUROD1","chr12_6827081_6827970","aCRE","NEUROD1__chr12_6827081_6827970",TRUE,"ONTG12000001421.1"
"chr12_6602783_6603803","NEUROD1","chr12_6493581_6494256","tCRE","NEUROD1__chr12_6493581_6494256",TRUE,"MRPL51"
"chr12_66678615_66679536","RFX3","chr12_66803744_66805338","tCRE","RFX3__chr12_66803744_66805338",TRUE,"ONTG12000001803.1"
"chr12_66678615_66679536","RFX3","chr12_66803744_66805338","aCRE","RFX3__chr12_66803744_66805338",TRUE,"ONTG12000001803.1"
"chr12_7060235_7061132","CTCF","chr12_7107919_7109685","tCRE","CTCF__chr12_7107919_7109685",TRUE,"C1RL"
"chr12_7060235_7061132","CTCF","chr12_6943443_6944994","tCRE","CTCF__chr12_6943443_6944994",TRUE,"C12ORF57"
"chr12_7060235_7061132","CTCF","chr12_6970305_6971229","tCRE","CTCF__chr12_6970305_6971229",TRUE,"PHB2"
"chr12_7060235_7061132","CTCF","chr12_6914077_6915025","tCRE","CTCF__chr12_6914077_6915025",TRUE,"ENO2"
"chr12_7060235_7061132","RELA","chr12_7107919_7109685","tCRE","RELA__chr12_7107919_7109685",TRUE,"C1RL"
"chr12_7060235_7061132","RELA","chr12_6943443_6944994","tCRE","RELA__chr12_6943443_6944994",TRUE,"C12ORF57"
"chr12_7060235_7061132","RELA","chr12_6970305_6971229","tCRE","RELA__chr12_6970305_6971229",TRUE,"PHB2"
"chr12_7060235_7061132","RELA","chr12_6914077_6915025","tCRE","RELA__chr12_6914077_6915025",TRUE,"ENO2"
"chr12_7060235_7061132","REST","chr12_7107919_7109685","tCRE","REST__chr12_7107919_7109685",TRUE,"C1RL"
"chr12_7060235_7061132","REST","chr12_6943443_6944994","tCRE","REST__chr12_6943443_6944994",TRUE,"C12ORF57"
"chr12_7060235_7061132","REST","chr12_6970305_6971229","tCRE","REST__chr12_6970305_6971229",TRUE,"PHB2"
"chr12_7060235_7061132","REST","chr12_6914077_6915025","tCRE","REST__chr12_6914077_6915025",TRUE,"ENO2"
"chr12_7090197_7091294","POU5F1","chr12_6925539_6926432","aCRE","POU5F1__chr12_6925539_6926432",FALSE,"ONTG12000000837.1"
"chr12_7090197_7091294","POU5F1","chr12_6945990_6946967","tCRE","POU5F1__chr12_6945990_6946967",FALSE,"PTPN6"
"chr12_7090197_7091294","POU5F1","chr12_6867083_6867942","tCRE","POU5F1__chr12_6867083_6867942",FALSE,"TPI1"
"chr12_7090197_7091294","POU5F1","chr12_6873053_6873945","tCRE","POU5F1__chr12_6873053_6873945",TRUE,"SPSB2"
"chr12_7090197_7091294","POU5F1","chr12_6936376_6937063","aCRE","POU5F1__chr12_6936376_6937063",TRUE,NA
"chr12_7090197_7091294","POU5F1","chr12_7092094_7093034","tCRE","POU5F1__chr12_7092094_7093034",TRUE,"C1R"
"chr12_7090197_7091294","SOX2","chr12_6925539_6926432","aCRE","SOX2__chr12_6925539_6926432",TRUE,"ONTG12000000837.1"
"chr12_7090197_7091294","SOX2","chr12_6945990_6946967","tCRE","SOX2__chr12_6945990_6946967",TRUE,"PTPN6"
"chr12_7090197_7091294","SOX2","chr12_6867083_6867942","tCRE","SOX2__chr12_6867083_6867942",TRUE,"TPI1"
"chr12_7090197_7091294","SOX2","chr12_6873053_6873945","tCRE","SOX2__chr12_6873053_6873945",TRUE,"SPSB2"
"chr12_7090197_7091294","SOX2","chr12_6936376_6937063","aCRE","SOX2__chr12_6936376_6937063",TRUE,NA
"chr12_7090197_7091294","SOX2","chr12_7092094_7093034","tCRE","SOX2__chr12_7092094_7093034",TRUE,"C1R"
"chr12_7369043_7369941","NEUROD1","chr12_7129838_7130758","tCRE","NEUROD1__chr12_7129838_7130758",FALSE,"CLSTN3"
"chr12_7369043_7369941","NHLH1","chr12_7129838_7130758","tCRE","NHLH1__chr12_7129838_7130758",FALSE,"CLSTN3"
"chr12_7369043_7369941","HOXB2","chr12_7129838_7130758","tCRE","HOXB2__chr12_7129838_7130758",TRUE,"CLSTN3"
"chr12_7372947_7373849","MEIS2","chr12_7129838_7130758","tCRE","MEIS2__chr12_7129838_7130758",TRUE,"CLSTN3"
"chr12_7374253_7375199","NEUROD1","chr12_7129838_7130758","tCRE","NEUROD1__chr12_7129838_7130758",FALSE,"CLSTN3"
"chr12_75694447_75695569","ONECUT1","chr12_76029801_76030600","tCRE","ONECUT1__chr12_76029801_76030600",TRUE,"PHLDA1-AS1"
"chr12_75694447_75695569","ONECUT3","chr12_76029801_76030600","tCRE","ONECUT3__chr12_76029801_76030600",TRUE,"PHLDA1-AS1"
"chr12_81597935_81598816","NEUROD1","chr12_81759052_81759833","tCRE","NEUROD1__chr12_81759052_81759833",TRUE,"PPFIA2"
"chr12_81597935_81598816","NEUROD1","chr12_81759052_81759833","aCRE","NEUROD1__chr12_81759052_81759833",TRUE,"PPFIA2"
"chr12_81597935_81598816","NEUROG2","chr12_81759052_81759833","tCRE","NEUROG2__chr12_81759052_81759833",TRUE,"PPFIA2"
"chr12_81597935_81598816","NEUROG2","chr12_81759052_81759833","aCRE","NEUROG2__chr12_81759052_81759833",TRUE,"PPFIA2"
"chr12_8179862_8180809","ZNF148","chr12_8081771_8082696","tCRE","ZNF148__chr12_8081771_8082696",TRUE,"NECAP1"
"chr12_8179862_8180809","PATZ1","chr12_8081771_8082696","tCRE","PATZ1__chr12_8081771_8082696",TRUE,"NECAP1"
"chr12_85003879_85005723","SHOX2","chr12_84912388_84913340","tCRE","SHOX2__chr12_84912388_84913340",TRUE,"SLC6A15"
"chr12_85003879_85005723","SHOX2","chr12_84912388_84913340","aCRE","SHOX2__chr12_84912388_84913340",TRUE,"SLC6A15"
"chr12_85003879_85005723","NEUROD1","chr12_84912388_84913340","tCRE","NEUROD1__chr12_84912388_84913340",TRUE,"SLC6A15"
"chr12_85003879_85005723","NEUROD1","chr12_84912388_84913340","aCRE","NEUROD1__chr12_84912388_84913340",TRUE,"SLC6A15"
"chr12_85003879_85005723","INSM1","chr12_84912388_84913340","tCRE","INSM1__chr12_84912388_84913340",TRUE,"SLC6A15"
"chr12_85003879_85005723","INSM1","chr12_84912388_84913340","aCRE","INSM1__chr12_84912388_84913340",TRUE,"SLC6A15"
"chr12_85003879_85005723","MSX1","chr12_84912388_84913340","tCRE","MSX1__chr12_84912388_84913340",FALSE,"SLC6A15"
"chr12_85003879_85005723","MSX1","chr12_84912388_84913340","aCRE","MSX1__chr12_84912388_84913340",FALSE,"SLC6A15"
"chr12_86255799_86256820","FOS","chr12_86333812_86334693","tCRE","FOS__chr12_86333812_86334693",TRUE,"ONTG12000001775.1"
"chr12_86255799_86256820","FOS","chr12_86333812_86334693","aCRE","FOS__chr12_86333812_86334693",TRUE,"ONTG12000001775.1"
"chr12_86255799_86256820","HOXA7","chr12_86333812_86334693","tCRE","HOXA7__chr12_86333812_86334693",TRUE,"ONTG12000001775.1"
"chr12_86255799_86256820","HOXA7","chr12_86333812_86334693","aCRE","HOXA7__chr12_86333812_86334693",TRUE,"ONTG12000001775.1"
"chr12_86255799_86256820","ATF2","chr12_86333812_86334693","tCRE","ATF2__chr12_86333812_86334693",TRUE,"ONTG12000001775.1"
"chr12_86255799_86256820","ATF2","chr12_86333812_86334693","aCRE","ATF2__chr12_86333812_86334693",TRUE,"ONTG12000001775.1"
"chr12_91177148_91178710","HAND1","chr12_91180515_91181498","tCRE","HAND1__chr12_91180515_91181498",TRUE,"DCN"
"chr12_91177148_91178710","HAND1","chr12_91111123_91112070","tCRE","HAND1__chr12_91111123_91112070",FALSE,"LUM"
"chr12_91177148_91178710","HAND1","chr12_91180515_91181498","aCRE","HAND1__chr12_91180515_91181498",TRUE,"DCN"
"chr12_91177148_91178710","PRRX1","chr12_91180515_91181498","tCRE","PRRX1__chr12_91180515_91181498",TRUE,"DCN"
"chr12_91177148_91178710","PRRX1","chr12_91111123_91112070","tCRE","PRRX1__chr12_91111123_91112070",TRUE,"LUM"
"chr12_91177148_91178710","PRRX1","chr12_91180515_91181498","aCRE","PRRX1__chr12_91180515_91181498",TRUE,"DCN"
"chr13_100291352_100292384","NEUROG2","chr13_99980533_99981813","tCRE","NEUROG2__chr13_99980533_99981813",TRUE,"ZIC2"
"chr13_100291352_100292384","PBX3","chr13_99980533_99981813","tCRE","PBX3__chr13_99980533_99981813",TRUE,"ZIC2"
"chr13_100291352_100292384","NEUROD1","chr13_99980533_99981813","tCRE","NEUROD1__chr13_99980533_99981813",TRUE,"ZIC2"
"chr13_100300523_100301278","FOS","chr13_100588247_100589198","tCRE","FOS__chr13_100588247_100589198",FALSE,"GGACT"
"chr13_100300523_100301278","FOS","chr13_100303913_100304884","aCRE","FOS__chr13_100303913_100304884",TRUE,"ONTG13000001001.1"
"chr13_100300523_100301278","FOS","chr13_100303913_100304884","tCRE","FOS__chr13_100303913_100304884",TRUE,"ONTG13000001001.1"
"chr13_100300523_100301278","MAF","chr13_100588247_100589198","tCRE","MAF__chr13_100588247_100589198",TRUE,"GGACT"
"chr13_100300523_100301278","MAF","chr13_100303913_100304884","aCRE","MAF__chr13_100303913_100304884",TRUE,"ONTG13000001001.1"
"chr13_100300523_100301278","MAF","chr13_100303913_100304884","tCRE","MAF__chr13_100303913_100304884",TRUE,"ONTG13000001001.1"
"chr13_100300523_100301278","MAFB","chr13_100588247_100589198","tCRE","MAFB__chr13_100588247_100589198",TRUE,"GGACT"
"chr13_100300523_100301278","MAFB","chr13_100303913_100304884","aCRE","MAFB__chr13_100303913_100304884",TRUE,"ONTG13000001001.1"
"chr13_100300523_100301278","MAFB","chr13_100303913_100304884","tCRE","MAFB__chr13_100303913_100304884",TRUE,"ONTG13000001001.1"
"chr13_23467296_23468128","TFAP2B","chr13_23466147_23467149","aCRE","TFAP2B__chr13_23466147_23467149",TRUE,"ONTG13000000941.1"
"chr13_23467296_23468128","TFAP2B","chr13_23569899_23570957","tCRE","TFAP2B__chr13_23569899_23570957",TRUE,"TNFRSF19"
"chr13_23467296_23468128","SHOX2","chr13_23466147_23467149","aCRE","SHOX2__chr13_23466147_23467149",TRUE,"ONTG13000000941.1"
"chr13_23467296_23468128","SHOX2","chr13_23569899_23570957","tCRE","SHOX2__chr13_23569899_23570957",FALSE,"TNFRSF19"
"chr13_24968055_24968944","SREBF2","chr13_24922457_24923381","aCRE","SREBF2__chr13_24922457_24923381",TRUE,"CENPJ"
"chr13_30862372_30863800","POU5F1","chr13_30445458_30446442","tCRE","POU5F1__chr13_30445458_30446442",TRUE,"ONTG13000000482.1"
"chr13_30862372_30863800","POU5F1","chr13_30617253_30618128","aCRE","POU5F1__chr13_30617253_30618128",TRUE,"USPL1"
"chr13_30862372_30863800","POU5F1","chr13_30617253_30618128","tCRE","POU5F1__chr13_30617253_30618128",TRUE,"USPL1"
"chr13_30862372_30863800","POU5F1","chr13_30465595_30466470","tCRE","POU5F1__chr13_30465595_30466470",TRUE,"HMGB1"
"chr13_30862372_30863800","POU5F1","chr13_30464335_30465249","tCRE","POU5F1__chr13_30464335_30465249",TRUE,"HMGB1"
"chr13_30862372_30863800","POU5F1","chr13_30464335_30465249","aCRE","POU5F1__chr13_30464335_30465249",TRUE,"HMGB1"
"chr13_37598373_37599249","POU5F1","chr13_37869340_37870741","tCRE","POU5F1__chr13_37869340_37870741",FALSE,"TRPC4"
"chr13_37598373_37599249","SOX2","chr13_37869340_37870741","tCRE","SOX2__chr13_37869340_37870741",TRUE,"TRPC4"
"chr13_37598373_37599249","STAT1","chr13_37869340_37870741","tCRE","STAT1__chr13_37869340_37870741",TRUE,"TRPC4"
"chr13_37598373_37599249","MEIS1","chr13_37869340_37870741","tCRE","MEIS1__chr13_37869340_37870741",TRUE,"TRPC4"
"chr13_37598373_37599249","ETV1","chr13_37869340_37870741","tCRE","ETV1__chr13_37869340_37870741",TRUE,"TRPC4"
"chr13_37598373_37599249","STAT3","chr13_37869340_37870741","tCRE","STAT3__chr13_37869340_37870741",TRUE,"TRPC4"
"chr13_37598373_37599249","E2F6","chr13_37869340_37870741","tCRE","E2F6__chr13_37869340_37870741",TRUE,"TRPC4"
"chr13_37598373_37599249","SP1","chr13_37869340_37870741","tCRE","SP1__chr13_37869340_37870741",TRUE,"TRPC4"
"chr13_37745840_37746716","FOXH1","chr13_37869340_37870741","tCRE","FOXH1__chr13_37869340_37870741",FALSE,"TRPC4"
"chr13_37745840_37746716","VAX2","chr13_37869340_37870741","tCRE","VAX2__chr13_37869340_37870741",TRUE,"TRPC4"
"chr13_42872489_42873296","NR2F6","chr13_43023103_43024099","tCRE","NR2F6__chr13_43023103_43024099",TRUE,"DNAJC15"
"chr13_42872489_42873296","MAFB","chr13_43023103_43024099","tCRE","MAFB__chr13_43023103_43024099",TRUE,"DNAJC15"
"chr13_42872489_42873296","ZEB1","chr13_43023103_43024099","tCRE","ZEB1__chr13_43023103_43024099",TRUE,"DNAJC15"
"chr13_43241758_43242674","NFIA","chr13_43023103_43024099","tCRE","NFIA__chr13_43023103_43024099",TRUE,"DNAJC15"
"chr13_43241758_43242674","TBX3","chr13_43023103_43024099","tCRE","TBX3__chr13_43023103_43024099",TRUE,"DNAJC15"
"chr13_43241758_43242674","ETV1","chr13_43023103_43024099","tCRE","ETV1__chr13_43023103_43024099",TRUE,"DNAJC15"
"chr13_43241758_43242674","NEUROD1","chr13_43023103_43024099","tCRE","NEUROD1__chr13_43023103_43024099",TRUE,"DNAJC15"
"chr13_43241758_43242674","TWIST1","chr13_43023103_43024099","tCRE","TWIST1__chr13_43023103_43024099",TRUE,"DNAJC15"
"chr13_43241758_43242674","NR6A1","chr13_43023103_43024099","tCRE","NR6A1__chr13_43023103_43024099",TRUE,"DNAJC15"
"chr13_43241758_43242674","ELK3","chr13_43023103_43024099","tCRE","ELK3__chr13_43023103_43024099",TRUE,"DNAJC15"
"chr13_43241758_43242674","HAND2","chr13_43023103_43024099","tCRE","HAND2__chr13_43023103_43024099",TRUE,"DNAJC15"
"chr13_43241758_43242674","FOXN3","chr13_43023103_43024099","tCRE","FOXN3__chr13_43023103_43024099",TRUE,"DNAJC15"
"chr13_43241758_43242674","HOXB5","chr13_43023103_43024099","tCRE","HOXB5__chr13_43023103_43024099",TRUE,"DNAJC15"
"chr13_43241758_43242674","HOXB2","chr13_43023103_43024099","tCRE","HOXB2__chr13_43023103_43024099",TRUE,"DNAJC15"
"chr13_48412788_48413707","RBPJ","chr13_48037345_48038360","tCRE","RBPJ__chr13_48037345_48038360",TRUE,"NUDT15"
"chr13_48412788_48413707","RBPJ","chr13_48411508_48412519","aCRE","RBPJ__chr13_48411508_48412519",TRUE,"LPAR6"
"chr13_48412788_48413707","RBPJ","chr13_48532382_48533328","tCRE","RBPJ__chr13_48532382_48533328",TRUE,"RCBTB2"
"chr13_48412788_48413707","RBPJ","chr13_48000879_48001798","tCRE","RBPJ__chr13_48000879_48001798",TRUE,"SUCLA2"
"chr13_48412788_48413707","RBPJ","chr13_48232750_48233821","tCRE","RBPJ__chr13_48232750_48233821",TRUE,"ITM2B"
"chr13_48412788_48413707","PRRX1","chr13_48037345_48038360","tCRE","PRRX1__chr13_48037345_48038360",TRUE,"NUDT15"
"chr13_48412788_48413707","PRRX1","chr13_48411508_48412519","aCRE","PRRX1__chr13_48411508_48412519",TRUE,"LPAR6"
"chr13_48412788_48413707","PRRX1","chr13_48532382_48533328","tCRE","PRRX1__chr13_48532382_48533328",TRUE,"RCBTB2"
"chr13_48412788_48413707","PRRX1","chr13_48000879_48001798","tCRE","PRRX1__chr13_48000879_48001798",TRUE,"SUCLA2"
"chr13_48412788_48413707","PRRX1","chr13_48232750_48233821","tCRE","PRRX1__chr13_48232750_48233821",TRUE,"ITM2B"
"chr13_49627942_49628923","SP8","chr13_49247487_49248413","tCRE","SP8__chr13_49247487_49248413",TRUE,"CDADC1"
"chr13_49627942_49628923","SP8","chr13_49998744_49999651","aCRE","SP8__chr13_49998744_49999651",TRUE,"ONTG13000000353.1"
"chr13_49627942_49628923","SP8","chr13_49443678_49444621","tCRE","SP8__chr13_49443678_49444621",FALSE,"CAB39L"
"chr13_49627942_49628923","SP8","chr13_49690959_49691868","tCRE","SP8__chr13_49690959_49691868",TRUE,"EBPL"
"chr13_49627942_49628923","SP8","chr13_49495462_49496516","tCRE","SP8__chr13_49495462_49496516",FALSE,"PHF11"
"chr13_54132460_54133505","NFAT5","chr13_54268227_54268937","tCRE","NFAT5__chr13_54268227_54268937",TRUE,"ONTG13000000694.1"
"chr13_54132460_54133505","RARG","chr13_54268227_54268937","tCRE","RARG__chr13_54268227_54268937",TRUE,"ONTG13000000694.1"
"chr13_59974180_59975050","ESRRG","chr13_59970580_59971504","tCRE","ESRRG__chr13_59970580_59971504",TRUE,"DIAPH3"
"chr13_59974180_59975050","LEF1","chr13_59970580_59971504","tCRE","LEF1__chr13_59970580_59971504",TRUE,"DIAPH3"
"chr13_59974180_59975050","NR2F2","chr13_59970580_59971504","tCRE","NR2F2__chr13_59970580_59971504",TRUE,"DIAPH3"
"chr13_93215890_93216852","POU5F1","chr13_93224221_93225130","aCRE","POU5F1__chr13_93224221_93225130",TRUE,NA
"chr13_98199435_98200911","SP8","chr13_97975943_97976878","tCRE","SP8__chr13_97975943_97976878",TRUE,"IPO5"
"chr13_99724745_99725661","NR6A1","chr13_100088540_100089472","tCRE","NR6A1__chr13_100088540_100089472",TRUE,"PCCA-DT"
"chr13_99724745_99725661","HSF1","chr13_100088540_100089472","tCRE","HSF1__chr13_100088540_100089472",TRUE,"PCCA-DT"
"chr13_99724745_99725661","MXI1","chr13_100088540_100089472","tCRE","MXI1__chr13_100088540_100089472",TRUE,"PCCA-DT"
"chr13_99724745_99725661","MEIS1","chr13_100088540_100089472","tCRE","MEIS1__chr13_100088540_100089472",TRUE,"PCCA-DT"
"chr14_100018990_100019961","KLF7","chr14_99971060_99971976","tCRE","KLF7__chr14_99971060_99971976",TRUE,"EVL"
"chr14_100018990_100019961","MEIS1","chr14_99971060_99971976","tCRE","MEIS1__chr14_99971060_99971976",FALSE,"EVL"
"chr14_100018990_100019961","MEIS2","chr14_99971060_99971976","tCRE","MEIS2__chr14_99971060_99971976",TRUE,"EVL"
"chr14_22996794_22997689","NEUROG1","chr14_22836066_22836957","tCRE","NEUROG1__chr14_22836066_22836957",FALSE,"MMP14"
"chr14_22996794_22997689","NEUROG1","chr14_23301296_23302261","aCRE","NEUROG1__chr14_23301296_23302261",TRUE,"ONTG14000001043.1"
"chr14_22996794_22997689","NEUROG1","chr14_23034572_23035514","tCRE","NEUROG1__chr14_23034572_23035514",TRUE,"PSMB5"
"chr14_22996794_22997689","NEUROG1","chr14_22829458_22830435","tCRE","NEUROG1__chr14_22829458_22830435",FALSE,"MRPL52"
"chr14_22996794_22997689","NEUROG1","chr14_23057426_23058379","tCRE","NEUROG1__chr14_23057426_23058379",TRUE,"CDH24"
"chr14_22996794_22997689","NEUROD1","chr14_22836066_22836957","tCRE","NEUROD1__chr14_22836066_22836957",TRUE,"MMP14"
"chr14_22996794_22997689","NEUROD1","chr14_23301296_23302261","aCRE","NEUROD1__chr14_23301296_23302261",TRUE,"ONTG14000001043.1"
"chr14_22996794_22997689","NEUROD1","chr14_23034572_23035514","tCRE","NEUROD1__chr14_23034572_23035514",TRUE,"PSMB5"
"chr14_22996794_22997689","NEUROD1","chr14_22829458_22830435","tCRE","NEUROD1__chr14_22829458_22830435",TRUE,"MRPL52"
"chr14_22996794_22997689","NEUROD1","chr14_23057426_23058379","tCRE","NEUROD1__chr14_23057426_23058379",TRUE,"CDH24"
"chr14_23153987_23154842","SP8","chr14_23034572_23035514","tCRE","SP8__chr14_23034572_23035514",FALSE,"PSMB5"
"chr14_23153987_23154842","SP8","chr14_22956501_22957526","tCRE","SP8__chr14_22956501_22957526",TRUE,"HAUS4"
"chr14_23154942_23155875","MAFB","chr14_22982170_22983113","tCRE","MAFB__chr14_22982170_22983113",TRUE,"AJUBA"
"chr14_23583995_23584931","FOXO1","chr14_23953383_23954325","tCRE","FOXO1__chr14_23953383_23954325",TRUE,"DHRS4"
"chr14_23583995_23584931","FOXO1","chr14_23555549_23556526","tCRE","FOXO1__chr14_23555549_23556526",TRUE,"THTPA"
"chr14_23583995_23584931","FOXO1","chr14_23910304_23911293","aCRE","FOXO1__chr14_23910304_23911293",TRUE,NA
"chr14_23583995_23584931","FOXO1","chr14_23320761_23321692","aCRE","FOXO1__chr14_23320761_23321692",TRUE,"PABPN1"
"chr14_23583995_23584931","FOXO1","chr14_23352401_23353242","tCRE","FOXO1__chr14_23352401_23353242",TRUE,"SLC22A17"
"chr14_23583995_23584931","FOXO1","chr14_23320761_23321692","tCRE","FOXO1__chr14_23320761_23321692",TRUE,"PABPN1"
"chr14_23583995_23584931","FOXO1","chr14_24079379_24080279","aCRE","FOXO1__chr14_24079379_24080279",TRUE,"ONTG14000000768.1"
"chr14_23583995_23584931","FOXO1","chr14_23537131_23537999","aCRE","FOXO1__chr14_23537131_23537999",TRUE,"ONTG14000000226.1"
"chr14_23583995_23584931","FOXO1","chr14_23567152_23568051","tCRE","FOXO1__chr14_23567152_23568051",TRUE,"AP1G2"
"chr14_23583995_23584931","FOXO1","chr14_23578429_23579248","tCRE","FOXO1__chr14_23578429_23579248",TRUE,"JPH4"
"chr14_23583995_23584931","ETV5","chr14_23953383_23954325","tCRE","ETV5__chr14_23953383_23954325",TRUE,"DHRS4"
"chr14_23583995_23584931","ETV5","chr14_23555549_23556526","tCRE","ETV5__chr14_23555549_23556526",TRUE,"THTPA"
"chr14_23583995_23584931","ETV5","chr14_23910304_23911293","aCRE","ETV5__chr14_23910304_23911293",TRUE,NA
"chr14_23583995_23584931","ETV5","chr14_23320761_23321692","aCRE","ETV5__chr14_23320761_23321692",TRUE,"PABPN1"
"chr14_23583995_23584931","ETV5","chr14_23352401_23353242","tCRE","ETV5__chr14_23352401_23353242",TRUE,"SLC22A17"
"chr14_23583995_23584931","ETV5","chr14_23320761_23321692","tCRE","ETV5__chr14_23320761_23321692",TRUE,"PABPN1"
"chr14_23583995_23584931","ETV5","chr14_24079379_24080279","aCRE","ETV5__chr14_24079379_24080279",TRUE,"ONTG14000000768.1"
"chr14_23583995_23584931","ETV5","chr14_23537131_23537999","aCRE","ETV5__chr14_23537131_23537999",TRUE,"ONTG14000000226.1"
"chr14_23583995_23584931","ETV5","chr14_23567152_23568051","tCRE","ETV5__chr14_23567152_23568051",TRUE,"AP1G2"
"chr14_23583995_23584931","ETV5","chr14_23578429_23579248","tCRE","ETV5__chr14_23578429_23579248",TRUE,"JPH4"
"chr14_23988343_23989268","ZNF148","chr14_23953383_23954325","tCRE","ZNF148__chr14_23953383_23954325",TRUE,"DHRS4"
"chr14_23988343_23989268","ZNF148","chr14_24006667_24007610","tCRE","ZNF148__chr14_24006667_24007610",TRUE,"ENSG00000286931.2"
"chr14_23988343_23989268","ZNF148","chr14_24093688_24094744","tCRE","ZNF148__chr14_24093688_24094744",TRUE,"PCK2"
"chr14_23988343_23989268","TCF7L1","chr14_23953383_23954325","tCRE","TCF7L1__chr14_23953383_23954325",TRUE,"DHRS4"
"chr14_23988343_23989268","TCF7L1","chr14_24006667_24007610","tCRE","TCF7L1__chr14_24006667_24007610",TRUE,"ENSG00000286931.2"
"chr14_23988343_23989268","TCF7L1","chr14_24093688_24094744","tCRE","TCF7L1__chr14_24093688_24094744",TRUE,"PCK2"
"chr14_24376197_24377079","SP8","chr14_24270993_24271898","tCRE","SP8__chr14_24270993_24271898",FALSE,"ENSG00000288044.2"
"chr14_24376197_24377079","SP8","chr14_24135597_24136544","tCRE","SP8__chr14_24135597_24136544",TRUE,"PSME1"
"chr14_24376197_24377079","SP8","chr14_24195134_24196142","tCRE","SP8__chr14_24195134_24196142",FALSE,"TM9SF1"
"chr14_24376197_24377079","SP8","chr14_24171410_24172383","aCRE","SP8__chr14_24171410_24172383",FALSE,"REC8"
"chr14_24376197_24377079","SP8","chr14_24315899_24316801","aCRE","SP8__chr14_24315899_24316801",TRUE,NA
"chr14_24376197_24377079","SP8","chr14_24160731_24161655","tCRE","SP8__chr14_24160731_24161655",FALSE,"IRF9"
"chr14_24376197_24377079","SP8","chr14_24114349_24115363","aCRE","SP8__chr14_24114349_24115363",TRUE,"DCAF11"
"chr14_24376197_24377079","SP8","chr14_24242158_24243088","tCRE","SP8__chr14_24242158_24243088",FALSE,"TINF2"
"chr14_24376197_24377079","SP8","chr14_24146530_24147138","tCRE","SP8__chr14_24146530_24147138",TRUE,"PSME2"
"chr14_24376197_24377079","SP8","chr14_24442180_24443104","tCRE","SP8__chr14_24442180_24443104",FALSE,"SDR39U1"
"chr14_24376197_24377079","SP8","chr14_24171410_24172383","tCRE","SP8__chr14_24171410_24172383",FALSE,"REC8"
"chr14_24376197_24377079","SP8","chr14_24442180_24443104","aCRE","SP8__chr14_24442180_24443104",FALSE,"SDR39U1"
"chr14_24376197_24377079","SP8","chr14_24299324_24300265","tCRE","SP8__chr14_24299324_24300265",TRUE,"DHRS1"
"chr14_24376197_24377079","SP8","chr14_24242158_24243088","aCRE","SP8__chr14_24242158_24243088",FALSE,"TINF2"
"chr14_24376197_24377079","ZEB1","chr14_24270993_24271898","tCRE","ZEB1__chr14_24270993_24271898",TRUE,"ENSG00000288044.2"
"chr14_24376197_24377079","ZEB1","chr14_24135597_24136544","tCRE","ZEB1__chr14_24135597_24136544",TRUE,"PSME1"
"chr14_24376197_24377079","ZEB1","chr14_24195134_24196142","tCRE","ZEB1__chr14_24195134_24196142",TRUE,"TM9SF1"
"chr14_24376197_24377079","ZEB1","chr14_24171410_24172383","aCRE","ZEB1__chr14_24171410_24172383",TRUE,"REC8"
"chr14_24376197_24377079","ZEB1","chr14_24315899_24316801","aCRE","ZEB1__chr14_24315899_24316801",TRUE,NA
"chr14_24376197_24377079","ZEB1","chr14_24160731_24161655","tCRE","ZEB1__chr14_24160731_24161655",TRUE,"IRF9"
"chr14_24376197_24377079","ZEB1","chr14_24114349_24115363","aCRE","ZEB1__chr14_24114349_24115363",TRUE,"DCAF11"
"chr14_24376197_24377079","ZEB1","chr14_24242158_24243088","tCRE","ZEB1__chr14_24242158_24243088",TRUE,"TINF2"
"chr14_24376197_24377079","ZEB1","chr14_24146530_24147138","tCRE","ZEB1__chr14_24146530_24147138",TRUE,"PSME2"
"chr14_24376197_24377079","ZEB1","chr14_24442180_24443104","tCRE","ZEB1__chr14_24442180_24443104",TRUE,"SDR39U1"
"chr14_24376197_24377079","ZEB1","chr14_24171410_24172383","tCRE","ZEB1__chr14_24171410_24172383",TRUE,"REC8"
"chr14_24376197_24377079","ZEB1","chr14_24442180_24443104","aCRE","ZEB1__chr14_24442180_24443104",TRUE,"SDR39U1"
"chr14_24376197_24377079","ZEB1","chr14_24299324_24300265","tCRE","ZEB1__chr14_24299324_24300265",TRUE,"DHRS1"
"chr14_24376197_24377079","ZEB1","chr14_24242158_24243088","aCRE","ZEB1__chr14_24242158_24243088",TRUE,"TINF2"
"chr14_26634448_26635454","RBPJ","chr14_26597908_26598812","aCRE","RBPJ__chr14_26597908_26598812",TRUE,"NOVA1"
"chr14_35397348_35398275","POU5F1","chr14_35534987_35535881","aCRE","POU5F1__chr14_35534987_35535881",FALSE,NA
"chr14_35397348_35398275","POU5F1","chr14_35291899_35292792","tCRE","POU5F1__chr14_35291899_35292792",TRUE,"PSMA6"
"chr14_67728892_67729800","ZEB1","chr14_67819333_67820250","tCRE","ZEB1__chr14_67819333_67820250",TRUE,"RAD51B"
"chr14_67728892_67729800","ZEB1","chr14_67599746_67600651","tCRE","ZEB1__chr14_67599746_67600651",TRUE,"PIGH"
"chr14_67728892_67729800","ZEB1","chr14_67607388_67608300","aCRE","ZEB1__chr14_67607388_67608300",TRUE,NA
"chr14_67728892_67729800","ZIC1","chr14_67819333_67820250","tCRE","ZIC1__chr14_67819333_67820250",TRUE,"RAD51B"
"chr14_67728892_67729800","ZIC1","chr14_67599746_67600651","tCRE","ZIC1__chr14_67599746_67600651",TRUE,"PIGH"
"chr14_67728892_67729800","ZIC1","chr14_67607388_67608300","aCRE","ZIC1__chr14_67607388_67608300",TRUE,NA
"chr14_75630891_75632132","POU5F1","chr14_75800553_75801472","aCRE","POU5F1__chr14_75800553_75801472",FALSE,"ONTG14000000930.1"
"chr14_75630891_75632132","POU5F1","chr14_75479705_75480639","aCRE","POU5F1__chr14_75479705_75480639",FALSE,NA
"chr14_75630891_75632132","SOX2","chr14_75800553_75801472","aCRE","SOX2__chr14_75800553_75801472",TRUE,"ONTG14000000930.1"
"chr14_75630891_75632132","SOX2","chr14_75479705_75480639","aCRE","SOX2__chr14_75479705_75480639",TRUE,NA
"chr14_76948495_76949161","NFAT5","chr14_77028310_77029247","tCRE","NFAT5__chr14_77028310_77029247",TRUE,"IRF2BPL"
"chr14_76948495_76949161","NFAT5","chr14_77139338_77140279","aCRE","NFAT5__chr14_77139338_77140279",TRUE,"ONTG14000000715.1"
"chr14_76948495_76949161","NR2F6","chr14_77028310_77029247","tCRE","NR2F6__chr14_77028310_77029247",TRUE,"IRF2BPL"
"chr14_76948495_76949161","NR2F6","chr14_77139338_77140279","aCRE","NR2F6__chr14_77139338_77140279",FALSE,"ONTG14000000715.1"
"chr14_77075837_77076865","EBF1","chr14_77032802_77034391","tCRE","EBF1__chr14_77032802_77034391",TRUE,"ENSG00000289347.1"
"chr14_77075837_77076865","NR6A1","chr14_77032802_77034391","tCRE","NR6A1__chr14_77032802_77034391",TRUE,"ENSG00000289347.1"
"chr14_81449680_81450710","NHLH1","chr14_81436089_81436947","tCRE","NHLH1__chr14_81436089_81436947",TRUE,"STON2"
"chr14_81449680_81450710","NEUROD1","chr14_81436089_81436947","tCRE","NEUROD1__chr14_81436089_81436947",TRUE,"STON2"
"chr14_81449680_81450710","INSM1","chr14_81436089_81436947","tCRE","INSM1__chr14_81436089_81436947",TRUE,"STON2"
"chr14_95095733_95096744","MAFB","chr14_95534375_95535317","tCRE","MAFB__chr14_95534375_95535317",TRUE,"GLRX5"
"chr14_95095733_95096744","MAFB","chr14_95514673_95515711","aCRE","MAFB__chr14_95514673_95515711",TRUE,"ONTG14000001081.1"
"chr14_95095733_95096744","MAFB","chr14_94769555_94770508","tCRE","MAFB__chr14_94769555_94770508",TRUE,"GSC"
"chr14_95095733_95096744","MAFB","chr14_95516562_95516920","tCRE","MAFB__chr14_95516562_95516920",TRUE,"SYNE3"
"chr14_95685885_95686799","NR2F1","chr14_95575771_95576686","aCRE","NR2F1__chr14_95575771_95576686",TRUE,NA
"chr15_101062561_101063445","POU5F1","chr15_100879051_100880078","tCRE","POU5F1__chr15_100879051_100880078",FALSE,"ALDH1A3"
"chr15_101062561_101063445","PRDM14","chr15_100879051_100880078","tCRE","PRDM14__chr15_100879051_100880078",TRUE,"ALDH1A3"
"chr15_101062561_101063445","SOX2","chr15_100879051_100880078","tCRE","SOX2__chr15_100879051_100880078",TRUE,"ALDH1A3"
"chr15_101162357_101163266","HES6","chr15_100891431_100892446","aCRE","HES6__chr15_100891431_100892446",TRUE,NA
"chr15_101162357_101163266","SNAI2","chr15_100891431_100892446","aCRE","SNAI2__chr15_100891431_100892446",TRUE,NA
"chr15_101162357_101163266","ZIC1","chr15_100891431_100892446","aCRE","ZIC1__chr15_100891431_100892446",TRUE,NA
"chr15_101162357_101163266","SOX6","chr15_100891431_100892446","aCRE","SOX6__chr15_100891431_100892446",TRUE,NA
"chr15_101162357_101163266","NEUROG2","chr15_100891431_100892446","aCRE","NEUROG2__chr15_100891431_100892446",TRUE,NA
"chr15_101162357_101163266","NEUROD2","chr15_100891431_100892446","aCRE","NEUROD2__chr15_100891431_100892446",TRUE,NA
"chr15_101162357_101163266","PATZ1","chr15_100891431_100892446","aCRE","PATZ1__chr15_100891431_100892446",TRUE,NA
"chr15_24919056_24919968","FOXH1","chr15_24954470_24955406","tCRE","FOXH1__chr15_24954470_24955406",TRUE,"SNRPN"
"chr15_31080326_31081203","SP8","chr15_31079218_31080029","aCRE","SP8__chr15_31079218_31080029",FALSE,"ONTG15000001008.1"
"chr15_35061535_35062205","MYBL2","chr15_34987883_34988848","aCRE","MYBL2__chr15_34987883_34988848",TRUE,"ZNF770"
"chr15_35061535_35062205","MYBL2","chr15_35545626_35546575","tCRE","MYBL2__chr15_35545626_35546575",TRUE,"DPH6"
"chr15_35061535_35062205","MYBL2","chr15_34969364_34970277","aCRE","MYBL2__chr15_34969364_34970277",TRUE,"AQR"
"chr15_35061535_35062205","PRDM4","chr15_34987883_34988848","aCRE","PRDM4__chr15_34987883_34988848",TRUE,"ZNF770"
"chr15_35061535_35062205","PRDM4","chr15_35545626_35546575","tCRE","PRDM4__chr15_35545626_35546575",TRUE,"DPH6"
"chr15_35061535_35062205","PRDM4","chr15_34969364_34970277","aCRE","PRDM4__chr15_34969364_34970277",TRUE,"AQR"
"chr15_46786484_46787560","HOXA7","chr15_47183978_47185134","tCRE","HOXA7__chr15_47183978_47185134",TRUE,"ONTG15000000368.1"
"chr15_46786484_46787560","MEIS2","chr15_47183978_47185134","tCRE","MEIS2__chr15_47183978_47185134",TRUE,"ONTG15000000368.1"
"chr15_51734198_51734994","ZIC1","chr15_51829311_51830188","tCRE","ZIC1__chr15_51829311_51830188",TRUE,"TMOD3"
"chr15_51734198_51734994","ZIC1","chr15_51737169_51738157","tCRE","ZIC1__chr15_51737169_51738157",TRUE,"LYSMD2"
"chr15_52651622_52652533","MEIS1","chr15_52528503_52529477","tCRE","MEIS1__chr15_52528503_52529477",TRUE,"MYO5A"
"chr15_74173937_74174786","HAND1","chr15_73925972_73926946","tCRE","HAND1__chr15_73925972_73926946",FALSE,"LOXL1"
"chr15_74173937_74174786","HAND1","chr15_74202470_74203357","tCRE","HAND1__chr15_74202470_74203357",FALSE,"CCDC33"
"chr15_74173937_74174786","HAND1","chr15_74202470_74203357","aCRE","HAND1__chr15_74202470_74203357",FALSE,"CCDC33"
"chr15_74173937_74174786","GLI3","chr15_73925972_73926946","tCRE","GLI3__chr15_73925972_73926946",TRUE,"LOXL1"
"chr15_74173937_74174786","GLI3","chr15_74202470_74203357","tCRE","GLI3__chr15_74202470_74203357",TRUE,"CCDC33"
"chr15_74173937_74174786","GLI3","chr15_74202470_74203357","aCRE","GLI3__chr15_74202470_74203357",TRUE,"CCDC33"
"chr15_74267754_74268657","LHX4","chr15_74128896_74129655","tCRE","LHX4__chr15_74128896_74129655",TRUE,"ENSG00000248540.3"
"chr15_74267754_74268657","LHX4","chr15_74129831_74130738","tCRE","LHX4__chr15_74129831_74130738",TRUE,"ISLR2"
"chr15_74267754_74268657","LHX4","chr15_73991884_73992783","tCRE","LHX4__chr15_73991884_73992783",TRUE,"STOML1"
"chr15_74267754_74268657","LMX1B","chr15_74128896_74129655","tCRE","LMX1B__chr15_74128896_74129655",TRUE,"ENSG00000248540.3"
"chr15_74267754_74268657","LMX1B","chr15_74129831_74130738","tCRE","LMX1B__chr15_74129831_74130738",TRUE,"ISLR2"
"chr15_74267754_74268657","LMX1B","chr15_73991884_73992783","tCRE","LMX1B__chr15_73991884_73992783",TRUE,"STOML1"
"chr15_74319361_74320261","SOX3","chr15_74134058_74134974","aCRE","SOX3__chr15_74134058_74134974",FALSE,NA
"chr15_74319361_74320261","SOX3","chr15_74365416_74366406","aCRE","SOX3__chr15_74365416_74366406",TRUE,"CYP11A1"
"chr15_74319361_74320261","NR2F1","chr15_74134058_74134974","aCRE","NR2F1__chr15_74134058_74134974",TRUE,NA
"chr15_74319361_74320261","NR2F1","chr15_74365416_74366406","aCRE","NR2F1__chr15_74365416_74366406",TRUE,"CYP11A1"
"chr15_76648557_76649446","PRDM14","chr15_76336156_76337065","aCRE","PRDM14__chr15_76336156_76337065",TRUE,"ONTG15000000730.1"
"chr15_76648557_76649446","PRDM14","chr15_76345852_76346698","aCRE","PRDM14__chr15_76345852_76346698",TRUE,NA
"chr15_76648557_76649446","POU5F1","chr15_76336156_76337065","aCRE","POU5F1__chr15_76336156_76337065",TRUE,"ONTG15000000730.1"
"chr15_76648557_76649446","POU5F1","chr15_76345852_76346698","aCRE","POU5F1__chr15_76345852_76346698",TRUE,NA
"chr15_98670964_98672055","NANOG","chr15_98646978_98647931","tCRE","NANOG__chr15_98646978_98647931",FALSE,"IRAIN"
"chr16_28609463_28610616","MSX1","chr16_28491612_28492563","tCRE","MSX1__chr16_28491612_28492563",TRUE,"CLN3"
"chr16_28609463_28610616","TEAD1","chr16_28491612_28492563","tCRE","TEAD1__chr16_28491612_28492563",TRUE,"CLN3"
"chr16_46748079_46748997","PLAGL1","chr16_46688855_46689798","aCRE","PLAGL1__chr16_46688855_46689798",TRUE,"VPS35"
"chr16_46748079_46748997","ZIC1","chr16_46688855_46689798","aCRE","ZIC1__chr16_46688855_46689798",TRUE,"VPS35"
"chr16_46748079_46748997","PLAG1","chr16_46688855_46689798","aCRE","PLAG1__chr16_46688855_46689798",TRUE,"VPS35"
"chr16_46959955_46960795","SOX2","chr16_46688855_46689798","aCRE","SOX2__chr16_46688855_46689798",TRUE,"VPS35"
"chr16_46959955_46960795","SOX2","chr16_46789595_46790542","aCRE","SOX2__chr16_46789595_46790542",TRUE,"ENSG00000260782.1"
"chr16_46959955_46960795","HMGA1","chr16_46688855_46689798","aCRE","HMGA1__chr16_46688855_46689798",TRUE,"VPS35"
"chr16_46959955_46960795","HMGA1","chr16_46789595_46790542","aCRE","HMGA1__chr16_46789595_46790542",TRUE,"ENSG00000260782.1"
"chr16_46959955_46960795","OTX2","chr16_46688855_46689798","aCRE","OTX2__chr16_46688855_46689798",TRUE,"VPS35"
"chr16_46959955_46960795","OTX2","chr16_46789595_46790542","aCRE","OTX2__chr16_46789595_46790542",TRUE,"ENSG00000260782.1"
"chr16_53043824_53044786","GLIS3","chr16_53041155_53042313","aCRE","GLIS3__chr16_53041155_53042313",TRUE,"ONTG16000001064.1"
"chr16_56356105_56357042","NR2F1","chr16_56190895_56191880","tCRE","NR2F1__chr16_56190895_56191880",TRUE,"GNAO1"
"chr16_56356105_56357042","NR2F1","chr16_56729642_56730554","tCRE","NR2F1__chr16_56729642_56730554",TRUE,"NUP93"
"chr16_56356105_56357042","NR2F1","chr16_56190895_56191880","aCRE","NR2F1__chr16_56190895_56191880",TRUE,"GNAO1"
"chr16_56356105_56357042","ZEB1","chr16_56190895_56191880","tCRE","ZEB1__chr16_56190895_56191880",TRUE,"GNAO1"
"chr16_56356105_56357042","ZEB1","chr16_56729642_56730554","tCRE","ZEB1__chr16_56729642_56730554",TRUE,"NUP93"
"chr16_56356105_56357042","ZEB1","chr16_56190895_56191880","aCRE","ZEB1__chr16_56190895_56191880",TRUE,"GNAO1"
"chr16_57846062_57846987","ZIC1","chr16_57802112_57804113","tCRE","ZIC1__chr16_57802112_57804113",TRUE,"KIFC3"
"chr16_57846062_57846987","ZIC1","chr16_57535705_57536583","tCRE","ZIC1__chr16_57535705_57536583",TRUE,"ONTG16000001134.1"
"chr16_57846062_57846987","ZIC1","chr16_58027322_58028220","aCRE","ZIC1__chr16_58027322_58028220",TRUE,"ONTG16000000455.1"
"chr16_57846062_57846987","ZIC1","chr16_57797669_57798614","tCRE","ZIC1__chr16_57797669_57798614",TRUE,"ENSG00000187185.4"
"chr16_57846062_57846987","ZIC1","chr16_57628103_57629000","tCRE","ZIC1__chr16_57628103_57629000",FALSE,"ADGRG1"
"chr16_57846062_57846987","SNAI2","chr16_57802112_57804113","tCRE","SNAI2__chr16_57802112_57804113",TRUE,"KIFC3"
"chr16_57846062_57846987","SNAI2","chr16_57535705_57536583","tCRE","SNAI2__chr16_57535705_57536583",TRUE,"ONTG16000001134.1"
"chr16_57846062_57846987","SNAI2","chr16_58027322_58028220","aCRE","SNAI2__chr16_58027322_58028220",TRUE,"ONTG16000000455.1"
"chr16_57846062_57846987","SNAI2","chr16_57797669_57798614","tCRE","SNAI2__chr16_57797669_57798614",TRUE,"ENSG00000187185.4"
"chr16_57846062_57846987","SNAI2","chr16_57628103_57629000","tCRE","SNAI2__chr16_57628103_57629000",TRUE,"ADGRG1"
"chr16_57846062_57846987","NHLH1","chr16_57802112_57804113","tCRE","NHLH1__chr16_57802112_57804113",TRUE,"KIFC3"
"chr16_57846062_57846987","NHLH1","chr16_57535705_57536583","tCRE","NHLH1__chr16_57535705_57536583",TRUE,"ONTG16000001134.1"
"chr16_57846062_57846987","NHLH1","chr16_58027322_58028220","aCRE","NHLH1__chr16_58027322_58028220",TRUE,"ONTG16000000455.1"
"chr16_57846062_57846987","NHLH1","chr16_57797669_57798614","tCRE","NHLH1__chr16_57797669_57798614",TRUE,"ENSG00000187185.4"
"chr16_57846062_57846987","NHLH1","chr16_57628103_57629000","tCRE","NHLH1__chr16_57628103_57629000",TRUE,"ADGRG1"
"chr16_57945752_57947105","MEIS1","chr16_57628103_57629000","tCRE","MEIS1__chr16_57628103_57629000",TRUE,"ADGRG1"
"chr16_57945752_57947105","MEIS1","chr16_58025163_58026291","tCRE","MEIS1__chr16_58025163_58026291",TRUE,"MMP15"
"chr16_57945752_57947105","MEIS1","chr16_58129053_58129965","tCRE","MEIS1__chr16_58129053_58129965",TRUE,"CFAP20"
"chr16_57945752_57947105","MEIS1","chr16_57535705_57536583","tCRE","MEIS1__chr16_57535705_57536583",TRUE,"ONTG16000001134.1"
"chr16_57945752_57947105","MEIS1","chr16_57736648_57737398","tCRE","MEIS1__chr16_57736648_57737398",TRUE,"KATNB1"
"chr16_57945752_57947105","MEIS1","chr16_57735091_57736001","tCRE","MEIS1__chr16_57735091_57736001",TRUE,"KATNB1"
"chr16_57945752_57947105","MEIS1","chr16_58000899_58001682","tCRE","MEIS1__chr16_58000899_58001682",TRUE,"USB1"
"chr16_57945752_57947105","MEIS1","chr16_57638950_57639861","aCRE","MEIS1__chr16_57638950_57639861",TRUE,"ADGRG1"
"chr16_57945752_57947105","MEIS1","chr16_57984605_57985533","aCRE","MEIS1__chr16_57984605_57985533",TRUE,"TEPP"
"chr16_57945752_57947105","MEIS1","chr16_57638950_57639861","tCRE","MEIS1__chr16_57638950_57639861",TRUE,"ADGRG1"
"chr16_57945752_57947105","MEIS2","chr16_57628103_57629000","tCRE","MEIS2__chr16_57628103_57629000",TRUE,"ADGRG1"
"chr16_57945752_57947105","MEIS2","chr16_58025163_58026291","tCRE","MEIS2__chr16_58025163_58026291",TRUE,"MMP15"
"chr16_57945752_57947105","MEIS2","chr16_58129053_58129965","tCRE","MEIS2__chr16_58129053_58129965",TRUE,"CFAP20"
"chr16_57945752_57947105","MEIS2","chr16_57535705_57536583","tCRE","MEIS2__chr16_57535705_57536583",TRUE,"ONTG16000001134.1"
"chr16_57945752_57947105","MEIS2","chr16_57736648_57737398","tCRE","MEIS2__chr16_57736648_57737398",TRUE,"KATNB1"
"chr16_57945752_57947105","MEIS2","chr16_57735091_57736001","tCRE","MEIS2__chr16_57735091_57736001",TRUE,"KATNB1"
"chr16_57945752_57947105","MEIS2","chr16_58000899_58001682","tCRE","MEIS2__chr16_58000899_58001682",TRUE,"USB1"
"chr16_57945752_57947105","MEIS2","chr16_57638950_57639861","aCRE","MEIS2__chr16_57638950_57639861",TRUE,"ADGRG1"
"chr16_57945752_57947105","MEIS2","chr16_57984605_57985533","aCRE","MEIS2__chr16_57984605_57985533",TRUE,"TEPP"
"chr16_57945752_57947105","MEIS2","chr16_57638950_57639861","tCRE","MEIS2__chr16_57638950_57639861",TRUE,"ADGRG1"
"chr16_57945752_57947105","EBF2","chr16_57628103_57629000","tCRE","EBF2__chr16_57628103_57629000",TRUE,"ADGRG1"
"chr16_57945752_57947105","EBF2","chr16_58025163_58026291","tCRE","EBF2__chr16_58025163_58026291",TRUE,"MMP15"
"chr16_57945752_57947105","EBF2","chr16_58129053_58129965","tCRE","EBF2__chr16_58129053_58129965",TRUE,"CFAP20"
"chr16_57945752_57947105","EBF2","chr16_57535705_57536583","tCRE","EBF2__chr16_57535705_57536583",TRUE,"ONTG16000001134.1"
"chr16_57945752_57947105","EBF2","chr16_57736648_57737398","tCRE","EBF2__chr16_57736648_57737398",TRUE,"KATNB1"
"chr16_57945752_57947105","EBF2","chr16_57735091_57736001","tCRE","EBF2__chr16_57735091_57736001",TRUE,"KATNB1"
"chr16_57945752_57947105","EBF2","chr16_58000899_58001682","tCRE","EBF2__chr16_58000899_58001682",TRUE,"USB1"
"chr16_57945752_57947105","EBF2","chr16_57638950_57639861","aCRE","EBF2__chr16_57638950_57639861",TRUE,"ADGRG1"
"chr16_57945752_57947105","EBF2","chr16_57984605_57985533","aCRE","EBF2__chr16_57984605_57985533",TRUE,"TEPP"
"chr16_57945752_57947105","EBF2","chr16_57638950_57639861","tCRE","EBF2__chr16_57638950_57639861",TRUE,"ADGRG1"
"chr16_65125530_65126389","BNC2","chr16_65123042_65124148","tCRE","BNC2__chr16_65123042_65124148",TRUE,"ONTG16000001209.1"
"chr16_65125530_65126389","BNC2","chr16_65121719_65122644","tCRE","BNC2__chr16_65121719_65122644",TRUE,"CDH11"
"chr16_65125530_65126389","BNC2","chr16_65123042_65124148","aCRE","BNC2__chr16_65123042_65124148",TRUE,"ONTG16000001209.1"
"chr16_65125530_65126389","HAND1","chr16_65123042_65124148","tCRE","HAND1__chr16_65123042_65124148",TRUE,"ONTG16000001209.1"
"chr16_65125530_65126389","HAND1","chr16_65121719_65122644","tCRE","HAND1__chr16_65121719_65122644",TRUE,"CDH11"
"chr16_65125530_65126389","HAND1","chr16_65123042_65124148","aCRE","HAND1__chr16_65123042_65124148",TRUE,"ONTG16000001209.1"
"chr16_65228858_65230474","MAFB","chr16_65234730_65236374","aCRE","MAFB__chr16_65234730_65236374",TRUE,"ENSG00000260834.2"
"chr16_65228858_65230474","TEAD4","chr16_65234730_65236374","aCRE","TEAD4__chr16_65234730_65236374",TRUE,"ENSG00000260834.2"
"chr16_65228858_65230474","TCF7L1","chr16_65234730_65236374","aCRE","TCF7L1__chr16_65234730_65236374",TRUE,"ENSG00000260834.2"
"chr16_66408218_66409149","MAF","chr16_66604056_66605041","tCRE","MAF__chr16_66604056_66605041",TRUE,"CMTM3"
"chr16_67036125_67037115","NEUROD2","chr16_67183410_67184312","tCRE","NEUROD2__chr16_67183410_67184312",TRUE,"KIAA0895L"
"chr16_67036125_67037115","NEUROD2","chr16_67226533_67227462","tCRE","NEUROD2__chr16_67226533_67227462",TRUE,"TMEM208"
"chr16_67036125_67037115","NEUROD2","chr16_66933977_66934912","tCRE","NEUROD2__chr16_66933977_66934912",TRUE,"CIAO2B"
"chr16_67036125_67037115","NEUROD2","chr16_67109349_67110309","tCRE","NEUROD2__chr16_67109349_67110309",TRUE,"PHAF1"
"chr16_67036125_67037115","NEUROD2","chr16_67191709_67192606","tCRE","NEUROD2__chr16_67191709_67192606",TRUE,"E2F4"
"chr16_67036125_67037115","NEUROD2","chr16_67028643_67029543","tCRE","NEUROD2__chr16_67028643_67029543",TRUE,"CBFB"
"chr16_67036125_67037115","NEUROD2","chr16_67173793_67174811","tCRE","NEUROD2__chr16_67173793_67174811",TRUE,"NOL3"
"chr16_67036125_67037115","POU4F2","chr16_67183410_67184312","tCRE","POU4F2__chr16_67183410_67184312",TRUE,"KIAA0895L"
"chr16_67036125_67037115","POU4F2","chr16_67226533_67227462","tCRE","POU4F2__chr16_67226533_67227462",TRUE,"TMEM208"
"chr16_67036125_67037115","POU4F2","chr16_66933977_66934912","tCRE","POU4F2__chr16_66933977_66934912",TRUE,"CIAO2B"
"chr16_67036125_67037115","POU4F2","chr16_67109349_67110309","tCRE","POU4F2__chr16_67109349_67110309",TRUE,"PHAF1"
"chr16_67036125_67037115","POU4F2","chr16_67191709_67192606","tCRE","POU4F2__chr16_67191709_67192606",TRUE,"E2F4"
"chr16_67036125_67037115","POU4F2","chr16_67028643_67029543","tCRE","POU4F2__chr16_67028643_67029543",TRUE,"CBFB"
"chr16_67036125_67037115","POU4F2","chr16_67173793_67174811","tCRE","POU4F2__chr16_67173793_67174811",TRUE,"NOL3"
"chr16_67036125_67037115","ONECUT3","chr16_67183410_67184312","tCRE","ONECUT3__chr16_67183410_67184312",TRUE,"KIAA0895L"
"chr16_67036125_67037115","ONECUT3","chr16_67226533_67227462","tCRE","ONECUT3__chr16_67226533_67227462",TRUE,"TMEM208"
"chr16_67036125_67037115","ONECUT3","chr16_66933977_66934912","tCRE","ONECUT3__chr16_66933977_66934912",TRUE,"CIAO2B"
"chr16_67036125_67037115","ONECUT3","chr16_67109349_67110309","tCRE","ONECUT3__chr16_67109349_67110309",TRUE,"PHAF1"
"chr16_67036125_67037115","ONECUT3","chr16_67191709_67192606","tCRE","ONECUT3__chr16_67191709_67192606",TRUE,"E2F4"
"chr16_67036125_67037115","ONECUT3","chr16_67028643_67029543","tCRE","ONECUT3__chr16_67028643_67029543",TRUE,"CBFB"
"chr16_67036125_67037115","ONECUT3","chr16_67173793_67174811","tCRE","ONECUT3__chr16_67173793_67174811",TRUE,"NOL3"
"chr16_67395979_67396964","ZIC1","chr16_67393026_67393998","tCRE","ZIC1__chr16_67393026_67393998",TRUE,"TPPP3"
"chr16_67395979_67396964","ZIC1","chr16_67278986_67279914","aCRE","ZIC1__chr16_67278986_67279914",TRUE,"ONTG16000000267.1"
"chr16_67395979_67396964","ZIC1","chr16_67326359_67327326","aCRE","ZIC1__chr16_67326359_67327326",TRUE,"LRRC36"
"chr16_67395979_67396964","ZIC1","chr16_67247142_67248025","tCRE","ZIC1__chr16_67247142_67248025",TRUE,"FHOD1"
"chr16_67395979_67396964","ZIC1","chr16_67488724_67490262","aCRE","ZIC1__chr16_67488724_67490262",TRUE,NA
"chr16_67395979_67396964","ZIC1","chr16_67415971_67416903","tCRE","ZIC1__chr16_67415971_67416903",TRUE,"ZDHHC1"
"chr16_67395979_67396964","ZIC1","chr16_67430738_67431747","tCRE","ZIC1__chr16_67430738_67431747",TRUE,"HSD11B2"
"chr16_67395979_67396964","ZIC1","chr16_67480795_67481686","tCRE","ZIC1__chr16_67480795_67481686",TRUE,"ATP6V0D1"
"chr16_67980061_67980958","SP8","chr16_67833452_67834342","tCRE","SP8__chr16_67833452_67834342",TRUE,"CENPT"
"chr16_67980061_67980958","SP8","chr16_67992964_67993873","aCRE","SP8__chr16_67992964_67993873",TRUE,"DPEP2"
"chr16_67980061_67980958","SP8","chr16_67935340_67936289","tCRE","SP8__chr16_67935340_67936289",TRUE,"PSMB10"
"chr16_67980061_67980958","SP8","chr16_68235762_68236546","aCRE","SP8__chr16_68235762_68236546",TRUE,"ESRP2"
"chr16_67980061_67980958","SP8","chr16_67963495_67965293","aCRE","SP8__chr16_67963495_67965293",TRUE,"SLC12A4"
"chr16_67980061_67980958","SP8","chr16_68235762_68236546","tCRE","SP8__chr16_68235762_68236546",TRUE,"ESRP2"
"chr16_72285072_72286116","ONECUT1","chr16_72093241_72094180","aCRE","ONECUT1__chr16_72093241_72094180",TRUE,"TXNL4B"
"chr16_72285072_72286116","HOXB6","chr16_72093241_72094180","aCRE","HOXB6__chr16_72093241_72094180",TRUE,"TXNL4B"
"chr16_72285072_72286116","ONECUT2","chr16_72093241_72094180","aCRE","ONECUT2__chr16_72093241_72094180",TRUE,"TXNL4B"
"chr16_75376255_75377261","MAFB","chr16_75251271_75252219","tCRE","MAFB__chr16_75251271_75252219",TRUE,"BCAR1"
"chr16_75376255_75377261","MAFB","chr16_75464314_75465184","tCRE","MAFB__chr16_75464314_75465184",TRUE,"TMEM170A"
"chr16_75376255_75377261","LMX1A","chr16_75251271_75252219","tCRE","LMX1A__chr16_75251271_75252219",TRUE,"BCAR1"
"chr16_75376255_75377261","LMX1A","chr16_75464314_75465184","tCRE","LMX1A__chr16_75464314_75465184",TRUE,"TMEM170A"
"chr16_8712471_8713497","MEIS1","chr16_8797259_8798186","tCRE","MEIS1__chr16_8797259_8798186",TRUE,"TMEM186"
"chr16_87778827_87779769","ZIC1","chr16_87487135_87488169","aCRE","ZIC1__chr16_87487135_87488169",TRUE,NA
"chr16_89597945_89598843","KLF7","chr16_89490297_89491198","tCRE","KLF7__chr16_89490297_89491198",TRUE,"SPG7"
"chr16_89597945_89598843","KLF7","chr16_89828003_89829021","tCRE","KLF7__chr16_89828003_89829021",TRUE,"SPIRE2"
"chr16_89597945_89598843","KLF7","chr16_89560184_89561123","tCRE","KLF7__chr16_89560184_89561123",TRUE,"RPL13"
"chr16_89597945_89598843","KLF7","chr16_89217266_89218156","tCRE","KLF7__chr16_89217266_89218156",FALSE,"ZNF778"
"chr16_89597945_89598843","RFX3","chr16_89490297_89491198","tCRE","RFX3__chr16_89490297_89491198",TRUE,"SPG7"
"chr16_89597945_89598843","RFX3","chr16_89828003_89829021","tCRE","RFX3__chr16_89828003_89829021",TRUE,"SPIRE2"
"chr16_89597945_89598843","RFX3","chr16_89560184_89561123","tCRE","RFX3__chr16_89560184_89561123",TRUE,"RPL13"
"chr16_89597945_89598843","RFX3","chr16_89217266_89218156","tCRE","RFX3__chr16_89217266_89218156",TRUE,"ZNF778"
"chr16_90035552_90036485","SNAI2","chr16_90105996_90106911","tCRE","SNAI2__chr16_90105996_90106911",TRUE,"FAM157C"
"chr16_90035552_90036485","SNAI2","chr16_89957751_89958660","tCRE","SNAI2__chr16_89957751_89958660",TRUE,"DEF8"
"chr16_90035552_90036485","SNAI2","chr16_90019257_90020208","aCRE","SNAI2__chr16_90019257_90020208",TRUE,"DBNDD1"
"chr16_90035552_90036485","SNAI2","chr16_90019257_90020208","tCRE","SNAI2__chr16_90019257_90020208",TRUE,"DBNDD1"
"chr16_90035552_90036485","SNAI2","chr16_90105996_90106911","aCRE","SNAI2__chr16_90105996_90106911",TRUE,"FAM157C"
"chr16_90035552_90036485","SNAI2","chr16_89816280_89817212","tCRE","SNAI2__chr16_89816280_89817212",TRUE,"FANCA"
"chr16_90035552_90036485","PITX1","chr16_90105996_90106911","tCRE","PITX1__chr16_90105996_90106911",TRUE,"FAM157C"
"chr16_90035552_90036485","PITX1","chr16_89957751_89958660","tCRE","PITX1__chr16_89957751_89958660",TRUE,"DEF8"
"chr16_90035552_90036485","PITX1","chr16_90019257_90020208","aCRE","PITX1__chr16_90019257_90020208",TRUE,"DBNDD1"
"chr16_90035552_90036485","PITX1","chr16_90019257_90020208","tCRE","PITX1__chr16_90019257_90020208",TRUE,"DBNDD1"
"chr16_90035552_90036485","PITX1","chr16_90105996_90106911","aCRE","PITX1__chr16_90105996_90106911",TRUE,"FAM157C"
"chr16_90035552_90036485","PITX1","chr16_89816280_89817212","tCRE","PITX1__chr16_89816280_89817212",TRUE,"FANCA"
"chr16_90035552_90036485","ZEB1","chr16_90105996_90106911","tCRE","ZEB1__chr16_90105996_90106911",TRUE,"FAM157C"
"chr16_90035552_90036485","ZEB1","chr16_89957751_89958660","tCRE","ZEB1__chr16_89957751_89958660",TRUE,"DEF8"
"chr16_90035552_90036485","ZEB1","chr16_90019257_90020208","aCRE","ZEB1__chr16_90019257_90020208",TRUE,"DBNDD1"
"chr16_90035552_90036485","ZEB1","chr16_90019257_90020208","tCRE","ZEB1__chr16_90019257_90020208",TRUE,"DBNDD1"
"chr16_90035552_90036485","ZEB1","chr16_90105996_90106911","aCRE","ZEB1__chr16_90105996_90106911",TRUE,"FAM157C"
"chr16_90035552_90036485","ZEB1","chr16_89816280_89817212","tCRE","ZEB1__chr16_89816280_89817212",TRUE,"FANCA"
"chr16_90035552_90036485","NFIA","chr16_90105996_90106911","tCRE","NFIA__chr16_90105996_90106911",TRUE,"FAM157C"
"chr16_90035552_90036485","NFIA","chr16_89957751_89958660","tCRE","NFIA__chr16_89957751_89958660",TRUE,"DEF8"
"chr16_90035552_90036485","NFIA","chr16_90019257_90020208","aCRE","NFIA__chr16_90019257_90020208",TRUE,"DBNDD1"
"chr16_90035552_90036485","NFIA","chr16_90019257_90020208","tCRE","NFIA__chr16_90019257_90020208",TRUE,"DBNDD1"
"chr16_90035552_90036485","NFIA","chr16_90105996_90106911","aCRE","NFIA__chr16_90105996_90106911",TRUE,"FAM157C"
"chr16_90035552_90036485","NFIA","chr16_89816280_89817212","tCRE","NFIA__chr16_89816280_89817212",TRUE,"FANCA"
"chr17_1585273_1586163","SP8","chr17_1486661_1487441","aCRE","SP8__chr17_1486661_1487441",TRUE,"MYO1C"
"chr17_1761559_1762453","CEBPG","chr17_1399814_1400664","tCRE","CEBPG__chr17_1399814_1400664",TRUE,"YWHAE"
"chr17_1761559_1762453","CEBPG","chr17_1997581_1998638","aCRE","CEBPG__chr17_1997581_1998638",TRUE,"ONTG17000000565.1"
"chr17_1761559_1762453","CEBPG","chr17_1709923_1710889","tCRE","CEBPG__chr17_1709923_1710889",TRUE,"TLCD2"
"chr17_1761559_1762453","ATF4","chr17_1399814_1400664","tCRE","ATF4__chr17_1399814_1400664",TRUE,"YWHAE"
"chr17_1761559_1762453","ATF4","chr17_1997581_1998638","aCRE","ATF4__chr17_1997581_1998638",TRUE,"ONTG17000000565.1"
"chr17_1761559_1762453","ATF4","chr17_1709923_1710889","tCRE","ATF4__chr17_1709923_1710889",TRUE,"TLCD2"
"chr17_1761559_1762453","PITX1","chr17_1399814_1400664","tCRE","PITX1__chr17_1399814_1400664",TRUE,"YWHAE"
"chr17_1761559_1762453","PITX1","chr17_1997581_1998638","aCRE","PITX1__chr17_1997581_1998638",TRUE,"ONTG17000000565.1"
"chr17_1761559_1762453","PITX1","chr17_1709923_1710889","tCRE","PITX1__chr17_1709923_1710889",TRUE,"TLCD2"
"chr17_1761559_1762453","SIX1","chr17_1399814_1400664","tCRE","SIX1__chr17_1399814_1400664",TRUE,"YWHAE"
"chr17_1761559_1762453","SIX1","chr17_1997581_1998638","aCRE","SIX1__chr17_1997581_1998638",TRUE,"ONTG17000000565.1"
"chr17_1761559_1762453","SIX1","chr17_1709923_1710889","tCRE","SIX1__chr17_1709923_1710889",TRUE,"TLCD2"
"chr17_18246885_18247749","SP8","chr17_18157749_18158660","aCRE","SP8__chr17_18157749_18158660",TRUE,"MYO15A"
"chr17_19386883_19387893","NEUROD1","chr17_19377781_19378686","tCRE","NEUROD1__chr17_19377781_19378686",FALSE,"MAPK7"
"chr17_19386883_19387893","HAND2","chr17_19377781_19378686","tCRE","HAND2__chr17_19377781_19378686",TRUE,"MAPK7"
"chr17_28369839_28370623","GATA6","chr17_28371122_28372004","tCRE","GATA6__chr17_28371122_28372004",TRUE,"SARM1"
"chr17_28369839_28370623","GATA6","chr17_28576522_28577436","tCRE","GATA6__chr17_28576522_28577436",TRUE,"ALDOC"
"chr17_28369839_28370623","GATA6","chr17_27892843_27893776","tCRE","GATA6__chr17_27892843_27893776",TRUE,"LYRM9"
"chr17_28369839_28370623","GLIS3","chr17_28371122_28372004","tCRE","GLIS3__chr17_28371122_28372004",TRUE,"SARM1"
"chr17_28369839_28370623","GLIS3","chr17_28576522_28577436","tCRE","GLIS3__chr17_28576522_28577436",TRUE,"ALDOC"
"chr17_28369839_28370623","GLIS3","chr17_27892843_27893776","tCRE","GLIS3__chr17_27892843_27893776",TRUE,"LYRM9"
"chr17_28529300_28530179","ZBTB18","chr17_28552173_28553088","tCRE","ZBTB18__chr17_28552173_28553088",FALSE,"UNC119"
"chr17_29042324_29043352","POU5F1","chr17_28725608_28726455","tCRE","POU5F1__chr17_28725608_28726455",FALSE,"TLCD1"
"chr17_29042324_29043352","POU5F1","chr17_28727828_28728448","tCRE","POU5F1__chr17_28727828_28728448",FALSE,"TLCD1"
"chr17_29042324_29043352","POU5F1","chr17_28808456_28809579","aCRE","POU5F1__chr17_28808456_28809579",FALSE,NA
"chr17_29042324_29043352","POU5F1","chr17_28727828_28728448","aCRE","POU5F1__chr17_28727828_28728448",FALSE,"TLCD1"
"chr17_29042324_29043352","POU5F1","chr17_28743551_28744504","tCRE","POU5F1__chr17_28743551_28744504",FALSE,"TRAF4"
"chr17_29042324_29043352","POU5F1","chr17_28985732_28986683","aCRE","POU5F1__chr17_28985732_28986683",FALSE,NA
"chr17_29042324_29043352","POU5F1","chr17_28854481_28855402","tCRE","POU5F1__chr17_28854481_28855402",FALSE,"ERAL1"
"chr17_29042324_29043352","POU5F1","chr17_28726531_28727410","tCRE","POU5F1__chr17_28726531_28727410",FALSE,"TLCD1"
"chr17_29054614_29055518","PBX1","chr17_28717429_28718385","aCRE","PBX1__chr17_28717429_28718385",FALSE,"RAB34"
"chr17_29054614_29055518","PBX1","chr17_28717429_28718385","tCRE","PBX1__chr17_28717429_28718385",FALSE,"RAB34"
"chr17_29140049_29141398","MEF2C","chr17_29005592_29006497","tCRE","MEF2C__chr17_29005592_29006497",TRUE,"SEZ6"
"chr17_29140049_29141398","SHOX2","chr17_29005592_29006497","tCRE","SHOX2__chr17_29005592_29006497",TRUE,"SEZ6"
"chr17_29246405_29247317","SOX4","chr17_29240827_29241848","aCRE","SOX4__chr17_29240827_29241848",TRUE,"ONTG17000000430.1"
"chr17_29246405_29247317","NR2F6","chr17_29240827_29241848","aCRE","NR2F6__chr17_29240827_29241848",TRUE,"ONTG17000000430.1"
"chr17_30699978_30700844","POU5F1","chr17_30697592_30698558","aCRE","POU5F1__chr17_30697592_30698558",FALSE,NA
"chr17_30699978_30700844","POU5F1","chr17_30644415_30645290","aCRE","POU5F1__chr17_30644415_30645290",FALSE,"ONTG17000001394.1"
"chr17_30699978_30700844","POU5F1","chr17_30705784_30706635","aCRE","POU5F1__chr17_30705784_30706635",FALSE,NA
"chr17_3176488_3177417","SP8","chr17_3386071_3386921","aCRE","SP8__chr17_3386071_3386921",TRUE,"OR3A2"
"chr17_34177785_34178751","BCL11A","chr17_34499269_34500175","aCRE","BCL11A__chr17_34499269_34500175",TRUE,NA
"chr17_36468632_36469623","NEUROD2","chr17_36544579_36545887","tCRE","NEUROD2__chr17_36544579_36545887",TRUE,"GGNBP2"
"chr17_36468632_36469623","NEUROD1","chr17_36544579_36545887","tCRE","NEUROD1__chr17_36544579_36545887",FALSE,"GGNBP2"
"chr17_39652416_39653434","PLAGL1","chr17_39636709_39637630","tCRE","PLAGL1__chr17_39636709_39637630",TRUE,"STARD3"
"chr17_39652416_39653434","SOX4","chr17_39636709_39637630","tCRE","SOX4__chr17_39636709_39637630",TRUE,"STARD3"
"chr17_42028074_42029089","MEF2C","chr17_41918704_41919642","tCRE","MEF2C__chr17_41918704_41919642",TRUE,"ACLY"
"chr17_42028074_42029089","ZBTB18","chr17_41918704_41919642","tCRE","ZBTB18__chr17_41918704_41919642",TRUE,"ACLY"
"chr17_42028074_42029089","NEUROG2","chr17_41918704_41919642","tCRE","NEUROG2__chr17_41918704_41919642",TRUE,"ACLY"
"chr17_42028074_42029089","TCF7L1","chr17_41918704_41919642","tCRE","TCF7L1__chr17_41918704_41919642",TRUE,"ACLY"
"chr17_42519573_42520631","RFX4","chr17_42459775_42460551","aCRE","RFX4__chr17_42459775_42460551",TRUE,"ATP6V0A1"
"chr17_42681078_42681978","NR2F6","chr17_42658882_42659784","tCRE","NR2F6__chr17_42658882_42659784",TRUE,"TUBG2"
"chr17_42681078_42681978","NR2F6","chr17_42547969_42549016","aCRE","NR2F6__chr17_42547969_42549016",TRUE,NA
"chr17_42681078_42681978","NR2F6","chr17_42760627_42761592","tCRE","NR2F6__chr17_42760627_42761592",TRUE,"RAMP2"
"chr17_42681078_42681978","NR2F6","chr17_42669610_42670933","aCRE","NR2F6__chr17_42669610_42670933",TRUE,"ONTG17000000999.1"
"chr17_42681078_42681978","NR2F6","chr17_42997864_42998757","tCRE","NR2F6__chr17_42997864_42998757",TRUE,"RPL27"
"chr17_42681078_42681978","NR2F6","chr17_42669610_42670933","tCRE","NR2F6__chr17_42669610_42670933",TRUE,"ONTG17000000999.1"
"chr17_43026796_43028101","POU5F1","chr17_43024355_43025278","tCRE","POU5F1__chr17_43024355_43025278",TRUE,"RND2"
"chr17_43026796_43028101","POU5F1","chr17_43035968_43036908","aCRE","POU5F1__chr17_43035968_43036908",TRUE,"ONTG17000001009.1"
"chr17_43026796_43028101","POU5F1","chr17_42997864_42998757","tCRE","POU5F1__chr17_42997864_42998757",TRUE,"RPL27"
"chr17_43760034_43760969","ZIC4","chr17_43778169_43779253","tCRE","ZIC4__chr17_43778169_43779253",TRUE,"DUSP3"
"chr17_43760034_43760969","ZIC4","chr17_43758541_43759262","tCRE","ZIC4__chr17_43758541_43759262",TRUE,"SOST"
"chr17_43760034_43760969","ZIC4","chr17_43722486_43723541","aCRE","ZIC4__chr17_43722486_43723541",TRUE,"ONTG17000001347.1"
"chr17_43760034_43760969","ZIC1","chr17_43778169_43779253","tCRE","ZIC1__chr17_43778169_43779253",TRUE,"DUSP3"
"chr17_43760034_43760969","ZIC1","chr17_43758541_43759262","tCRE","ZIC1__chr17_43758541_43759262",TRUE,"SOST"
"chr17_43760034_43760969","ZIC1","chr17_43722486_43723541","aCRE","ZIC1__chr17_43722486_43723541",TRUE,"ONTG17000001347.1"
"chr17_4396007_4397454","OTX2","chr17_4366298_4367210","tCRE","OTX2__chr17_4366298_4367210",TRUE,"UBE2G1"
"chr17_4396007_4397454","OTX2","chr17_4795744_4796575","tCRE","OTX2__chr17_4795744_4796575",TRUE,"PSMB6"
"chr17_4396007_4397454","POU5F1","chr17_4366298_4367210","tCRE","POU5F1__chr17_4366298_4367210",FALSE,"UBE2G1"
"chr17_4396007_4397454","POU5F1","chr17_4795744_4796575","tCRE","POU5F1__chr17_4795744_4796575",FALSE,"PSMB6"
"chr17_44375695_44376681","NR2F6","chr17_44384968_44385857","aCRE","NR2F6__chr17_44384968_44385857",TRUE,"ITGA2B"
"chr17_44375695_44376681","NR2F6","chr17_44220843_44221811","tCRE","NR2F6__chr17_44220843_44221811",TRUE,"UBTF"
"chr17_44375695_44376681","NR2F6","chr17_44324429_44325344","tCRE","NR2F6__chr17_44324429_44325344",TRUE,"SLC25A39"
"chr17_44375695_44376681","NR2F6","chr17_44689324_44690289","tCRE","NR2F6__chr17_44689324_44690289",TRUE,"CCDC43"
"chr17_44375695_44376681","NR2F6","chr17_44503056_44503955","tCRE","NR2F6__chr17_44503056_44503955",TRUE,"GPATCH8"
"chr17_44375695_44376681","NR2F6","chr17_44141469_44142334","tCRE","NR2F6__chr17_44141469_44142334",TRUE,"HROB"
"chr17_44375695_44376681","NR2F6","chr17_44186375_44187289","tCRE","NR2F6__chr17_44186375_44187289",TRUE,"TMUB2"
"chr17_44375695_44376681","NR2F6","chr17_44655848_44656817","tCRE","NR2F6__chr17_44655848_44656817",TRUE,"MEIOC"
"chr17_44375695_44376681","NR2F6","chr17_44307958_44308913","tCRE","NR2F6__chr17_44307958_44308913",TRUE,"RUNDC3A"
"chr17_44375695_44376681","NR2F6","chr17_44354339_44355229","aCRE","NR2F6__chr17_44354339_44355229",TRUE,NA
"chr17_44375695_44376681","NR2F6","chr17_44655848_44656817","aCRE","NR2F6__chr17_44655848_44656817",TRUE,"MEIOC"
"chr17_47208463_47209422","ZBTB18","chr17_47209927_47210983","aCRE","ZBTB18__chr17_47209927_47210983",TRUE,"ONTG17000001438.1"
"chr17_47208463_47209422","YY1","chr17_47209927_47210983","aCRE","YY1__chr17_47209927_47210983",TRUE,"ONTG17000001438.1"
"chr17_47208463_47209422","NEUROD1","chr17_47209927_47210983","aCRE","NEUROD1__chr17_47209927_47210983",TRUE,"ONTG17000001438.1"
"chr17_47208463_47209422","TFAP4","chr17_47209927_47210983","aCRE","TFAP4__chr17_47209927_47210983",TRUE,"ONTG17000001438.1"
"chr17_47208463_47209422","RREB1","chr17_47209927_47210983","aCRE","RREB1__chr17_47209927_47210983",TRUE,"ONTG17000001438.1"
"chr17_47208463_47209422","NEUROD2","chr17_47209927_47210983","aCRE","NEUROD2__chr17_47209927_47210983",TRUE,"ONTG17000001438.1"
"chr17_47978090_47979117","ZIC1","chr17_48037286_48038230","tCRE","ZIC1__chr17_48037286_48038230",TRUE,"COPZ2"
"chr17_47995913_47996825","INSM1","chr17_47895618_47896496","tCRE","INSM1__chr17_47895618_47896496",TRUE,"SP2"
"chr17_49485851_49487964","SP8","chr17_49677645_49678486","tCRE","SP8__chr17_49677645_49678486",TRUE,"SPOP"
"chr17_49485851_49487964","SP8","chr17_49980468_49981408","aCRE","SP8__chr17_49980468_49981408",FALSE,NA
"chr17_49485851_49487964","SP8","chr17_49880211_49881127","aCRE","SP8__chr17_49880211_49881127",TRUE,NA
"chr17_49485851_49487964","SP8","chr17_49414537_49415462","tCRE","SP8__chr17_49414537_49415462",TRUE,"PHB"
"chr17_50274059_50274884","SP8","chr17_50094805_50095683","tCRE","SP8__chr17_50094805_50095683",FALSE,"PDK2"
"chr17_50274059_50274884","SP8","chr17_50397090_50398003","aCRE","SP8__chr17_50397090_50398003",TRUE,"LRRC59"
"chr17_50274059_50274884","SP8","chr17_50161172_50162084","aCRE","SP8__chr17_50161172_50162084",TRUE,"ENSG00000253730.1"
"chr17_50274059_50274884","SP8","chr17_50372648_50373597","tCRE","SP8__chr17_50372648_50373597",TRUE,"MRPL27"
"chr17_50274059_50274884","SP8","chr17_50508027_50508985","tCRE","SP8__chr17_50508027_50508985",FALSE,"MYCBPAP"
"chr17_50274059_50274884","SP8","chr17_50508027_50508985","aCRE","SP8__chr17_50508027_50508985",FALSE,"MYCBPAP"
"chr17_50274059_50274884","SP8","chr17_50129369_50130444","aCRE","SP8__chr17_50129369_50130444",FALSE,"SAMD14"
"chr17_50274059_50274884","SP8","chr17_50559943_50561034","aCRE","SP8__chr17_50559943_50561034",FALSE,"CACNA1G"
"chr17_50274059_50274884","SP8","chr17_50116976_50117896","aCRE","SP8__chr17_50116976_50117896",TRUE,"ONTG17000000304.1"
"chr17_50274059_50274884","SP8","chr17_50593061_50593974","aCRE","SP8__chr17_50593061_50593974",FALSE,NA
"chr17_50274059_50274884","SP8","chr17_50129369_50130444","tCRE","SP8__chr17_50129369_50130444",FALSE,"SAMD14"
"chr17_50274059_50274884","NR2F6","chr17_50094805_50095683","tCRE","NR2F6__chr17_50094805_50095683",FALSE,"PDK2"
"chr17_50274059_50274884","NR2F6","chr17_50397090_50398003","aCRE","NR2F6__chr17_50397090_50398003",TRUE,"LRRC59"
"chr17_50274059_50274884","NR2F6","chr17_50161172_50162084","aCRE","NR2F6__chr17_50161172_50162084",TRUE,"ENSG00000253730.1"
"chr17_50274059_50274884","NR2F6","chr17_50372648_50373597","tCRE","NR2F6__chr17_50372648_50373597",TRUE,"MRPL27"
"chr17_50274059_50274884","NR2F6","chr17_50508027_50508985","tCRE","NR2F6__chr17_50508027_50508985",FALSE,"MYCBPAP"
"chr17_50274059_50274884","NR2F6","chr17_50508027_50508985","aCRE","NR2F6__chr17_50508027_50508985",FALSE,"MYCBPAP"
"chr17_50274059_50274884","NR2F6","chr17_50129369_50130444","aCRE","NR2F6__chr17_50129369_50130444",FALSE,"SAMD14"
"chr17_50274059_50274884","NR2F6","chr17_50559943_50561034","aCRE","NR2F6__chr17_50559943_50561034",FALSE,"CACNA1G"
"chr17_50274059_50274884","NR2F6","chr17_50116976_50117896","aCRE","NR2F6__chr17_50116976_50117896",TRUE,"ONTG17000000304.1"
"chr17_50274059_50274884","NR2F6","chr17_50593061_50593974","aCRE","NR2F6__chr17_50593061_50593974",FALSE,NA
"chr17_50274059_50274884","NR2F6","chr17_50129369_50130444","tCRE","NR2F6__chr17_50129369_50130444",FALSE,"SAMD14"
"chr17_5695400_5696178","ZEB1","chr17_5438690_5439619","tCRE","ZEB1__chr17_5438690_5439619",TRUE,"C1QBP"
"chr17_5695400_5696178","OTX2","chr17_5438690_5439619","tCRE","OTX2__chr17_5438690_5439619",TRUE,"C1QBP"
"chr17_58658619_58659733","NANOG","chr17_58755330_58756276","aCRE","NANOG__chr17_58755330_58756276",TRUE,"PPM1E"
"chr17_58658619_58659733","NANOG","chr17_58417219_58418169","aCRE","NANOG__chr17_58417219_58418169",TRUE,"ENSG00000285897.1"
"chr17_58658619_58659733","NANOG","chr17_58328361_58329219","aCRE","NANOG__chr17_58328361_58329219",TRUE,"TSPOAP1-AS1"
"chr17_58658619_58659733","NANOG","chr17_58351826_58352769","tCRE","NANOG__chr17_58351826_58352769",TRUE,"SUPT4H1"
"chr17_58658619_58659733","NANOG","chr17_58513246_58513996","aCRE","NANOG__chr17_58513246_58513996",TRUE,NA
"chr17_58658619_58659733","NANOG","chr17_58755330_58756276","tCRE","NANOG__chr17_58755330_58756276",TRUE,"PPM1E"
"chr17_58658619_58659733","NANOG","chr17_58531550_58532524","tCRE","NANOG__chr17_58531550_58532524",TRUE,"SEPTIN4"
"chr17_58658619_58659733","NANOG","chr17_59154977_59155884","aCRE","NANOG__chr17_59154977_59155884",TRUE,"SKA2"
"chr17_58658619_58659733","NANOG","chr17_58328361_58329219","tCRE","NANOG__chr17_58328361_58329219",TRUE,"TSPOAP1-AS1"
"chr17_59761419_59762363","NR2F6","chr17_59837272_59838239","tCRE","NR2F6__chr17_59837272_59838239",FALSE,"VMP1"
"chr17_59761419_59762363","SOX4","chr17_59837272_59838239","tCRE","SOX4__chr17_59837272_59838239",FALSE,"VMP1"
"chr17_65220399_65221382","GLIS3","chr17_65293912_65294895","tCRE","GLIS3__chr17_65293912_65294895",TRUE,"ONTG17000000744.1"
"chr17_65220399_65221382","GLIS3","chr17_65524022_65524932","aCRE","GLIS3__chr17_65524022_65524932",TRUE,NA
"chr17_65220399_65221382","GLIS3","chr17_65558444_65559321","tCRE","GLIS3__chr17_65558444_65559321",TRUE,"ONTG17000000365.1"
"chr17_65286689_65287640","MAFB","chr17_65530832_65532053","aCRE","MAFB__chr17_65530832_65532053",TRUE,"ONTG17000000362.1"
"chr17_65286689_65287640","MAFB","chr17_65560972_65562054","tCRE","MAFB__chr17_65560972_65562054",FALSE,"AXIN2"
"chr17_65286689_65287640","RBPJ","chr17_65530832_65532053","aCRE","RBPJ__chr17_65530832_65532053",TRUE,"ONTG17000000362.1"
"chr17_65286689_65287640","RBPJ","chr17_65560972_65562054","tCRE","RBPJ__chr17_65560972_65562054",FALSE,"AXIN2"
"chr17_65494983_65495911","LMX1A","chr17_65560972_65562054","tCRE","LMX1A__chr17_65560972_65562054",TRUE,"AXIN2"
"chr17_65494983_65495911","LMX1A","chr17_65558444_65559321","tCRE","LMX1A__chr17_65558444_65559321",TRUE,"ONTG17000000365.1"
"chr17_65494983_65495911","LMX1A","chr17_65556057_65557053","tCRE","LMX1A__chr17_65556057_65557053",TRUE,"ONTG17000000757.1"
"chr17_65494983_65495911","LMX1A","chr17_65277494_65279016","tCRE","LMX1A__chr17_65277494_65279016",TRUE,"ONTG17000000352.1"
"chr17_65494983_65495911","LMX1A","chr17_65559856_65560729","tCRE","LMX1A__chr17_65559856_65560729",TRUE,"AXIN2"
"chr17_65494983_65495911","SNAI2","chr17_65560972_65562054","tCRE","SNAI2__chr17_65560972_65562054",TRUE,"AXIN2"
"chr17_65494983_65495911","SNAI2","chr17_65558444_65559321","tCRE","SNAI2__chr17_65558444_65559321",TRUE,"ONTG17000000365.1"
"chr17_65494983_65495911","SNAI2","chr17_65556057_65557053","tCRE","SNAI2__chr17_65556057_65557053",TRUE,"ONTG17000000757.1"
"chr17_65494983_65495911","SNAI2","chr17_65277494_65279016","tCRE","SNAI2__chr17_65277494_65279016",TRUE,"ONTG17000000352.1"
"chr17_65494983_65495911","SNAI2","chr17_65559856_65560729","tCRE","SNAI2__chr17_65559856_65560729",TRUE,"AXIN2"
"chr17_71080677_71081579","POU5F1","chr17_71032478_71033982","aCRE","POU5F1__chr17_71032478_71033982",FALSE,NA
"chr17_71080677_71081579","OTX2","chr17_71032478_71033982","aCRE","OTX2__chr17_71032478_71033982",TRUE,NA
"chr17_71080677_71081579","SOX2","chr17_71032478_71033982","aCRE","SOX2__chr17_71032478_71033982",TRUE,NA
"chr17_7173914_7174883","ZIC1","chr17_7023410_7024316","aCRE","ZIC1__chr17_7023410_7024316",TRUE,"ONTG17000000071.1"
"chr17_7173914_7174883","ZIC1","chr17_7392834_7393557","aCRE","ZIC1__chr17_7392834_7393557",TRUE,"PLSCR3"
"chr17_7173914_7174883","ZIC1","chr17_7262219_7263000","aCRE","ZIC1__chr17_7262219_7263000",TRUE,"CLDN7"
"chr17_7173914_7174883","ZIC1","chr17_7262219_7263000","tCRE","ZIC1__chr17_7262219_7263000",TRUE,"CLDN7"
"chr17_7173914_7174883","ZIC1","chr17_7260758_7261809","aCRE","ZIC1__chr17_7260758_7261809",TRUE,"CLDN7"
"chr17_7173914_7174883","ZIC1","chr17_7294280_7295191","tCRE","ZIC1__chr17_7294280_7295191",TRUE,"YBX2"
"chr17_7192187_7192986","NEUROD1","chr17_7219487_7220346","tCRE","NEUROD1__chr17_7219487_7220346",FALSE,"ACADVL"
"chr17_7192187_7192986","RXRG","chr17_7219487_7220346","tCRE","RXRG__chr17_7219487_7220346",TRUE,"ACADVL"
"chr17_74442319_74443564","ONECUT3","chr17_74361138_74362171","tCRE","ONECUT3__chr17_74361138_74362171",TRUE,"BTBD17"
"chr17_74442319_74443564","ONECUT3","chr17_74325715_74326693","tCRE","ONECUT3__chr17_74325715_74326693",TRUE,"KIF19"
"chr17_74442319_74443564","ONECUT3","chr17_74213009_74213948","tCRE","ONECUT3__chr17_74213009_74213948",TRUE,"TTYH2"
"chr17_74442319_74443564","SP8","chr17_74361138_74362171","tCRE","SP8__chr17_74361138_74362171",TRUE,"BTBD17"
"chr17_74442319_74443564","SP8","chr17_74325715_74326693","tCRE","SP8__chr17_74325715_74326693",TRUE,"KIF19"
"chr17_74442319_74443564","SP8","chr17_74213009_74213948","tCRE","SP8__chr17_74213009_74213948",TRUE,"TTYH2"
"chr17_74442319_74443564","ETV1","chr17_74361138_74362171","tCRE","ETV1__chr17_74361138_74362171",FALSE,"BTBD17"
"chr17_74442319_74443564","ETV1","chr17_74325715_74326693","tCRE","ETV1__chr17_74325715_74326693",TRUE,"KIF19"
"chr17_74442319_74443564","ETV1","chr17_74213009_74213948","tCRE","ETV1__chr17_74213009_74213948",TRUE,"TTYH2"
"chr17_74531853_74532755","POU5F1","chr17_74356623_74357394","aCRE","POU5F1__chr17_74356623_74357394",FALSE,NA
"chr17_76467224_76468170","ZIC1","chr17_76710632_76711557","tCRE","ZIC1__chr17_76710632_76711557",TRUE,"MXRA7"
"chr17_76467224_76468170","EBF2","chr17_76710632_76711557","tCRE","EBF2__chr17_76710632_76711557",TRUE,"MXRA7"
"chr17_76467224_76468170","KLF12","chr17_76710632_76711557","tCRE","KLF12__chr17_76710632_76711557",TRUE,"MXRA7"
"chr17_76467224_76468170","INSM1","chr17_76710632_76711557","tCRE","INSM1__chr17_76710632_76711557",TRUE,"MXRA7"
"chr17_76467224_76468170","PITX1","chr17_76710632_76711557","tCRE","PITX1__chr17_76710632_76711557",TRUE,"MXRA7"
"chr17_76467224_76468170","ZIC2","chr17_76710632_76711557","tCRE","ZIC2__chr17_76710632_76711557",TRUE,"MXRA7"
"chr17_7676220_7677155","FOXO1","chr17_7548516_7549449","tCRE","FOXO1__chr17_7548516_7549449",TRUE,"TNFSF12"
"chr17_7676220_7677155","FOXO1","chr17_7677172_7678041","tCRE","FOXO1__chr17_7677172_7678041",TRUE,"TP53"
"chr17_7676220_7677155","FOXO1","chr17_7588996_7589894","tCRE","FOXO1__chr17_7588996_7589894",TRUE,"SOX15"
"chr17_7676220_7677155","FOXO1","chr17_7838137_7839013","aCRE","FOXO1__chr17_7838137_7839013",TRUE,"ONTG17000001835.1"
"chr17_7676220_7677155","FOXO1","chr17_7251699_7252600","tCRE","FOXO1__chr17_7251699_7252600",TRUE,"ELP5"
"chr17_7676220_7677155","FOXO1","chr17_7885108_7886376","tCRE","FOXO1__chr17_7885108_7886376",TRUE,"NAA38"
"chr17_7676220_7677155","FOXO1","chr17_7383744_7384665","aCRE","FOXO1__chr17_7383744_7384665",TRUE,"ONTG17000000079.1"
"chr17_7676220_7677155","FOXO1","chr17_7589911_7590383","tCRE","FOXO1__chr17_7589911_7590383",TRUE,"SOX15"
"chr17_7676220_7677155","FOXO1","chr17_7572165_7573064","tCRE","FOXO1__chr17_7572165_7573064",TRUE,"EIF4A1"
"chr17_7676220_7677155","ZEB1","chr17_7548516_7549449","tCRE","ZEB1__chr17_7548516_7549449",TRUE,"TNFSF12"
"chr17_7676220_7677155","ZEB1","chr17_7677172_7678041","tCRE","ZEB1__chr17_7677172_7678041",TRUE,"TP53"
"chr17_7676220_7677155","ZEB1","chr17_7588996_7589894","tCRE","ZEB1__chr17_7588996_7589894",TRUE,"SOX15"
"chr17_7676220_7677155","ZEB1","chr17_7838137_7839013","aCRE","ZEB1__chr17_7838137_7839013",TRUE,"ONTG17000001835.1"
"chr17_7676220_7677155","ZEB1","chr17_7251699_7252600","tCRE","ZEB1__chr17_7251699_7252600",TRUE,"ELP5"
"chr17_7676220_7677155","ZEB1","chr17_7885108_7886376","tCRE","ZEB1__chr17_7885108_7886376",TRUE,"NAA38"
"chr17_7676220_7677155","ZEB1","chr17_7383744_7384665","aCRE","ZEB1__chr17_7383744_7384665",TRUE,"ONTG17000000079.1"
"chr17_7676220_7677155","ZEB1","chr17_7589911_7590383","tCRE","ZEB1__chr17_7589911_7590383",TRUE,"SOX15"
"chr17_7676220_7677155","ZEB1","chr17_7572165_7573064","tCRE","ZEB1__chr17_7572165_7573064",TRUE,"EIF4A1"
"chr17_77465921_77466838","POU5F1","chr17_77372622_77373540","aCRE","POU5F1__chr17_77372622_77373540",TRUE,"SEPTIN9"
"chr17_77465921_77466838","POU5F1","chr17_77450027_77450899","aCRE","POU5F1__chr17_77450027_77450899",TRUE,"SEPTIN9"
"chr17_77465921_77466838","POU5F1","chr17_77451910_77452702","aCRE","POU5F1__chr17_77451910_77452702",TRUE,"ONTG17000001609.1"
"chr17_77465921_77466838","POU5F1","chr17_77280883_77281805","aCRE","POU5F1__chr17_77280883_77281805",FALSE,"SEPTIN9"
"chr17_77465921_77466838","POU5F1","chr17_77280883_77281805","tCRE","POU5F1__chr17_77280883_77281805",FALSE,"SEPTIN9"
"chr17_78365407_78366803","SOX4","chr17_78359835_78360681","tCRE","SOX4__chr17_78359835_78360681",TRUE,"SOCS3"
"chr17_78365407_78366803","SOX4","chr17_78268837_78271404","aCRE","SOX4__chr17_78268837_78271404",TRUE,"ONTG17000001523.1"
"chr17_78365407_78366803","SOX4","chr17_78359835_78360681","aCRE","SOX4__chr17_78359835_78360681",TRUE,"SOCS3"
"chr17_78979574_78980496","MEIS1","chr17_78723073_78723978","aCRE","MEIS1__chr17_78723073_78723978",TRUE,"CYTH1"
"chr17_78979574_78980496","MEIS1","chr17_78723073_78723978","tCRE","MEIS1__chr17_78723073_78723978",TRUE,"CYTH1"
"chr17_78979574_78980496","MEIS1","chr17_79183160_79184125","tCRE","MEIS1__chr17_79183160_79184125",TRUE,"ONTG17000001711.1"
"chr17_78979574_78980496","MEIS1","chr17_78782010_78782938","tCRE","MEIS1__chr17_78782010_78782938",TRUE,"CYTH1"
"chr17_78979574_78980496","HAND1","chr17_78723073_78723978","aCRE","HAND1__chr17_78723073_78723978",TRUE,"CYTH1"
"chr17_78979574_78980496","HAND1","chr17_78723073_78723978","tCRE","HAND1__chr17_78723073_78723978",TRUE,"CYTH1"
"chr17_78979574_78980496","HAND1","chr17_79183160_79184125","tCRE","HAND1__chr17_79183160_79184125",TRUE,"ONTG17000001711.1"
"chr17_78979574_78980496","HAND1","chr17_78782010_78782938","tCRE","HAND1__chr17_78782010_78782938",TRUE,"CYTH1"
"chr17_78979574_78980496","HOXB2","chr17_78723073_78723978","aCRE","HOXB2__chr17_78723073_78723978",TRUE,"CYTH1"
"chr17_78979574_78980496","HOXB2","chr17_78723073_78723978","tCRE","HOXB2__chr17_78723073_78723978",TRUE,"CYTH1"
"chr17_78979574_78980496","HOXB2","chr17_79183160_79184125","tCRE","HOXB2__chr17_79183160_79184125",TRUE,"ONTG17000001711.1"
"chr17_78979574_78980496","HOXB2","chr17_78782010_78782938","tCRE","HOXB2__chr17_78782010_78782938",TRUE,"CYTH1"
"chr17_78979574_78980496","IRF9","chr17_78723073_78723978","aCRE","IRF9__chr17_78723073_78723978",TRUE,"CYTH1"
"chr17_78979574_78980496","IRF9","chr17_78723073_78723978","tCRE","IRF9__chr17_78723073_78723978",TRUE,"CYTH1"
"chr17_78979574_78980496","IRF9","chr17_79183160_79184125","tCRE","IRF9__chr17_79183160_79184125",TRUE,"ONTG17000001711.1"
"chr17_78979574_78980496","IRF9","chr17_78782010_78782938","tCRE","IRF9__chr17_78782010_78782938",TRUE,"CYTH1"
"chr17_79706510_79707600","NEUROD1","chr17_79610543_79611495","tCRE","NEUROD1__chr17_79610543_79611495",TRUE,"RBFOX3"
"chr17_80096560_80097995","SHOX2","chr17_80101043_80101970","tCRE","SHOX2__chr17_80101043_80101970",TRUE,"GAA"
"chr17_80096560_80097995","SHOX2","chr17_80146835_80147724","tCRE","SHOX2__chr17_80146835_80147724",TRUE,"EIF4A3"
"chr17_80096560_80097995","NEUROD2","chr17_80101043_80101970","tCRE","NEUROD2__chr17_80101043_80101970",TRUE,"GAA"
"chr17_80096560_80097995","NEUROD2","chr17_80146835_80147724","tCRE","NEUROD2__chr17_80146835_80147724",TRUE,"EIF4A3"
"chr17_81097071_81097998","JUN","chr17_81034544_81035473","tCRE","JUN__chr17_81034544_81035473",TRUE,"BAIAP2"
"chr17_81097071_81097998","PLAGL1","chr17_81034544_81035473","tCRE","PLAGL1__chr17_81034544_81035473",TRUE,"BAIAP2"
"chr17_81923142_81924078","MAFB","chr17_81960891_81961901","tCRE","MAFB__chr17_81960891_81961901",TRUE,"NOTUM"
"chr17_81923142_81924078","MAFB","chr17_82031311_82032424","tCRE","MAFB__chr17_82031311_82032424",TRUE,"RAC3"
"chr17_81923142_81924078","MAFB","chr17_81977200_81978155","tCRE","MAFB__chr17_81977200_81978155",TRUE,"ASPSCR1"
"chr17_81923142_81924078","MAFB","chr17_81917669_81918582","tCRE","MAFB__chr17_81917669_81918582",TRUE,"SIRT7"
"chr17_81923142_81924078","MAFB","chr17_81927465_81928374","tCRE","MAFB__chr17_81927465_81928374",TRUE,"MAFG-DT"
"chr17_81923142_81924078","MAFB","chr17_82022612_82023554","tCRE","MAFB__chr17_82022612_82023554",TRUE,"CENPX"
"chr17_81923142_81924078","MAFB","chr17_81911050_81912034","tCRE","MAFB__chr17_81911050_81912034",TRUE,"PCYT2"
"chr17_81923142_81924078","MAFB","chr17_81683407_81684362","tCRE","MAFB__chr17_81683407_81684362",TRUE,"HGS"
"chr17_81923142_81924078","MAFB","chr17_81860374_81861337","tCRE","MAFB__chr17_81860374_81861337",TRUE,"P4HB"
"chr17_81923142_81924078","MAFB","chr17_81891279_81892246","tCRE","MAFB__chr17_81891279_81892246",TRUE,"ANAPC11"
"chr18_31819155_31820249","POU5F1","chr18_31497579_31498679","aCRE","POU5F1__chr18_31497579_31498679",FALSE,"DSG2"
"chr18_31819155_31820249","POU5F1","chr18_32018203_32019224","tCRE","POU5F1__chr18_32018203_32019224",FALSE,"RNF125"
"chr18_31819155_31820249","SOX2","chr18_31497579_31498679","aCRE","SOX2__chr18_31497579_31498679",TRUE,"DSG2"
"chr18_31819155_31820249","SOX2","chr18_32018203_32019224","tCRE","SOX2__chr18_32018203_32019224",TRUE,"RNF125"
"chr18_34592707_34593665","ETV4","chr18_34709837_34710762","aCRE","ETV4__chr18_34709837_34710762",TRUE,"DTNA"
"chr18_34592707_34593665","ETV4","chr18_34709837_34710762","tCRE","ETV4__chr18_34709837_34710762",TRUE,"DTNA"
"chr18_34592707_34593665","ETV4","chr18_34978859_34979772","aCRE","ETV4__chr18_34978859_34979772",TRUE,NA
"chr18_35488149_35489038","SOX3","chr18_35343910_35344737","tCRE","SOX3__chr18_35343910_35344737",TRUE,"ZNF24"
"chr18_379390_380387","ETV1","chr18_712198_713171","aCRE","ETV1__chr18_712198_713171",TRUE,"ENOSF1"
"chr18_379390_380387","ETV1","chr18_712198_713171","tCRE","ETV1__chr18_712198_713171",TRUE,"ENOSF1"
"chr18_379390_380387","ETV1","chr18_657930_658683","tCRE","ETV1__chr18_657930_658683",TRUE,"TYMSOS"
"chr18_379390_380387","ETV1","chr18_657149_657910","tCRE","ETV1__chr18_657149_657910",TRUE,"TYMS"
"chr18_379390_380387","MEIS1","chr18_712198_713171","aCRE","MEIS1__chr18_712198_713171",TRUE,"ENOSF1"
"chr18_379390_380387","MEIS1","chr18_712198_713171","tCRE","MEIS1__chr18_712198_713171",TRUE,"ENOSF1"
"chr18_379390_380387","MEIS1","chr18_657930_658683","tCRE","MEIS1__chr18_657930_658683",TRUE,"TYMSOS"
"chr18_379390_380387","MEIS1","chr18_657149_657910","tCRE","MEIS1__chr18_657149_657910",TRUE,"TYMS"
"chr18_49849469_49850437","ATF3","chr18_49492014_49492874","tCRE","ATF3__chr18_49492014_49492874",TRUE,"RPL17"
"chr18_49849469_49850437","ATF3","chr18_49460196_49461132","tCRE","ATF3__chr18_49460196_49461132",TRUE,"DYM"
"chr18_49849469_49850437","JUN","chr18_49492014_49492874","tCRE","JUN__chr18_49492014_49492874",TRUE,"RPL17"
"chr18_49849469_49850437","JUN","chr18_49460196_49461132","tCRE","JUN__chr18_49460196_49461132",TRUE,"DYM"
"chr18_49849469_49850437","ZNF263","chr18_49492014_49492874","tCRE","ZNF263__chr18_49492014_49492874",TRUE,"RPL17"
"chr18_49849469_49850437","ZNF263","chr18_49460196_49461132","tCRE","ZNF263__chr18_49460196_49461132",TRUE,"DYM"
"chr18_49849469_49850437","RBPJ","chr18_49492014_49492874","tCRE","RBPJ__chr18_49492014_49492874",TRUE,"RPL17"
"chr18_49849469_49850437","RBPJ","chr18_49460196_49461132","tCRE","RBPJ__chr18_49460196_49461132",TRUE,"DYM"
"chr18_5540088_5541131","MEIS1","chr18_5630350_5631231","tCRE","MEIS1__chr18_5630350_5631231",TRUE,"EPB41L3"
"chr18_5540088_5541131","MEIS1","chr18_5237505_5238433","tCRE","MEIS1__chr18_5237505_5238433",TRUE,"LINC00667"
"chr18_5540088_5541131","MEIS1","chr18_5542565_5544380","tCRE","MEIS1__chr18_5542565_5544380",TRUE,"EPB41L3"
"chr18_5540088_5541131","NEUROG2","chr18_5630350_5631231","tCRE","NEUROG2__chr18_5630350_5631231",TRUE,"EPB41L3"
"chr18_5540088_5541131","NEUROG2","chr18_5237505_5238433","tCRE","NEUROG2__chr18_5237505_5238433",TRUE,"LINC00667"
"chr18_5540088_5541131","NEUROG2","chr18_5542565_5544380","tCRE","NEUROG2__chr18_5542565_5544380",TRUE,"EPB41L3"
"chr18_5540088_5541131","TFAP2A","chr18_5630350_5631231","tCRE","TFAP2A__chr18_5630350_5631231",TRUE,"EPB41L3"
"chr18_5540088_5541131","TFAP2A","chr18_5237505_5238433","tCRE","TFAP2A__chr18_5237505_5238433",TRUE,"LINC00667"
"chr18_5540088_5541131","TFAP2A","chr18_5542565_5544380","tCRE","TFAP2A__chr18_5542565_5544380",TRUE,"EPB41L3"
"chr18_5540088_5541131","CREB5","chr18_5630350_5631231","tCRE","CREB5__chr18_5630350_5631231",TRUE,"EPB41L3"
"chr18_5540088_5541131","CREB5","chr18_5237505_5238433","tCRE","CREB5__chr18_5237505_5238433",TRUE,"LINC00667"
"chr18_5540088_5541131","CREB5","chr18_5542565_5544380","tCRE","CREB5__chr18_5542565_5544380",TRUE,"EPB41L3"
"chr18_5540088_5541131","JUND","chr18_5630350_5631231","tCRE","JUND__chr18_5630350_5631231",TRUE,"EPB41L3"
"chr18_5540088_5541131","JUND","chr18_5237505_5238433","tCRE","JUND__chr18_5237505_5238433",TRUE,"LINC00667"
"chr18_5540088_5541131","JUND","chr18_5542565_5544380","tCRE","JUND__chr18_5542565_5544380",TRUE,"EPB41L3"
"chr18_5540088_5541131","KLF7","chr18_5630350_5631231","tCRE","KLF7__chr18_5630350_5631231",TRUE,"EPB41L3"
"chr18_5540088_5541131","KLF7","chr18_5237505_5238433","tCRE","KLF7__chr18_5237505_5238433",TRUE,"LINC00667"
"chr18_5540088_5541131","KLF7","chr18_5542565_5544380","tCRE","KLF7__chr18_5542565_5544380",TRUE,"EPB41L3"
"chr18_5540088_5541131","JUN","chr18_5630350_5631231","tCRE","JUN__chr18_5630350_5631231",FALSE,"EPB41L3"
"chr18_5540088_5541131","JUN","chr18_5237505_5238433","tCRE","JUN__chr18_5237505_5238433",TRUE,"LINC00667"
"chr18_5540088_5541131","JUN","chr18_5542565_5544380","tCRE","JUN__chr18_5542565_5544380",FALSE,"EPB41L3"
"chr18_59409262_59410198","NR2F6","chr18_59273017_59273918","aCRE","NR2F6__chr18_59273017_59273918",TRUE,"RAX"
"chr18_59409262_59410198","NR2F6","chr18_59265196_59266056","aCRE","NR2F6__chr18_59265196_59266056",TRUE,NA
"chr18_59897163_59898130","SOX2","chr18_59899410_59900378","tCRE","SOX2__chr18_59899410_59900378",TRUE,"PMAIP1"
"chr18_59897163_59898130","SOX2","chr18_59899410_59900378","aCRE","SOX2__chr18_59899410_59900378",TRUE,"PMAIP1"
"chr18_59897163_59898130","POU5F1","chr18_59899410_59900378","tCRE","POU5F1__chr18_59899410_59900378",FALSE,"PMAIP1"
"chr18_59897163_59898130","POU5F1","chr18_59899410_59900378","aCRE","POU5F1__chr18_59899410_59900378",FALSE,"PMAIP1"
"chr18_9985634_9986824","MSX1","chr18_10454158_10455079","tCRE","MSX1__chr18_10454158_10455079",FALSE,"APCDD1"
"chr18_9985634_9986824","MSX1","chr18_10131619_10132634","aCRE","MSX1__chr18_10131619_10132634",FALSE,"ONTG18000000061.1"
"chr19_10576947_10577881","ZNF708","chr19_10270715_10271600","tCRE","ZNF708__chr19_10270715_10271600",TRUE,"ICAM1"
"chr19_10576947_10577881","ZNF708","chr19_10603801_10604662","aCRE","ZNF708__chr19_10603801_10604662",TRUE,NA
"chr19_10576947_10577881","ZNF708","chr19_10586337_10587711","tCRE","ZNF708__chr19_10586337_10587711",TRUE,"AP1M2"
"chr19_10576947_10577881","ZNF708","chr19_10625014_10625958","tCRE","ZNF708__chr19_10625014_10625958",TRUE,"SLC44A2"
"chr19_10576947_10577881","ZNF708","chr19_10602012_10602953","tCRE","ZNF708__chr19_10602012_10602953",TRUE,"SLC44A2"
"chr19_10576947_10577881","ZNF708","chr19_10380222_10381146","tCRE","ZNF708__chr19_10380222_10381146",TRUE,"TYK2"
"chr19_10576947_10577881","ZNF708","chr19_10960431_10961332","tCRE","ZNF708__chr19_10960431_10961332",TRUE,"SMARCA4"
"chr19_10576947_10577881","ZNF708","chr19_10653648_10654583","tCRE","ZNF708__chr19_10653648_10654583",TRUE,"ILF3"
"chr19_10576947_10577881","ZNF708","chr19_10568581_10569518","tCRE","ZNF708__chr19_10568581_10569518",TRUE,"CDKN2D"
"chr19_10576947_10577881","ZNF708","chr19_10403280_10404126","tCRE","ZNF708__chr19_10403280_10404126",TRUE,"CDC37"
"chr19_10576947_10577881","NR2F6","chr19_10270715_10271600","tCRE","NR2F6__chr19_10270715_10271600",TRUE,"ICAM1"
"chr19_10576947_10577881","NR2F6","chr19_10603801_10604662","aCRE","NR2F6__chr19_10603801_10604662",TRUE,NA
"chr19_10576947_10577881","NR2F6","chr19_10586337_10587711","tCRE","NR2F6__chr19_10586337_10587711",TRUE,"AP1M2"
"chr19_10576947_10577881","NR2F6","chr19_10625014_10625958","tCRE","NR2F6__chr19_10625014_10625958",TRUE,"SLC44A2"
"chr19_10576947_10577881","NR2F6","chr19_10602012_10602953","tCRE","NR2F6__chr19_10602012_10602953",TRUE,"SLC44A2"
"chr19_10576947_10577881","NR2F6","chr19_10380222_10381146","tCRE","NR2F6__chr19_10380222_10381146",TRUE,"TYK2"
"chr19_10576947_10577881","NR2F6","chr19_10960431_10961332","tCRE","NR2F6__chr19_10960431_10961332",TRUE,"SMARCA4"
"chr19_10576947_10577881","NR2F6","chr19_10653648_10654583","tCRE","NR2F6__chr19_10653648_10654583",TRUE,"ILF3"
"chr19_10576947_10577881","NR2F6","chr19_10568581_10569518","tCRE","NR2F6__chr19_10568581_10569518",TRUE,"CDKN2D"
"chr19_10576947_10577881","NR2F6","chr19_10403280_10404126","tCRE","NR2F6__chr19_10403280_10404126",TRUE,"CDC37"
"chr19_10576947_10577881","NR2F1","chr19_10270715_10271600","tCRE","NR2F1__chr19_10270715_10271600",TRUE,"ICAM1"
"chr19_10576947_10577881","NR2F1","chr19_10603801_10604662","aCRE","NR2F1__chr19_10603801_10604662",TRUE,NA
"chr19_10576947_10577881","NR2F1","chr19_10586337_10587711","tCRE","NR2F1__chr19_10586337_10587711",TRUE,"AP1M2"
"chr19_10576947_10577881","NR2F1","chr19_10625014_10625958","tCRE","NR2F1__chr19_10625014_10625958",TRUE,"SLC44A2"
"chr19_10576947_10577881","NR2F1","chr19_10602012_10602953","tCRE","NR2F1__chr19_10602012_10602953",TRUE,"SLC44A2"
"chr19_10576947_10577881","NR2F1","chr19_10380222_10381146","tCRE","NR2F1__chr19_10380222_10381146",TRUE,"TYK2"
"chr19_10576947_10577881","NR2F1","chr19_10960431_10961332","tCRE","NR2F1__chr19_10960431_10961332",TRUE,"SMARCA4"
"chr19_10576947_10577881","NR2F1","chr19_10653648_10654583","tCRE","NR2F1__chr19_10653648_10654583",TRUE,"ILF3"
"chr19_10576947_10577881","NR2F1","chr19_10568581_10569518","tCRE","NR2F1__chr19_10568581_10569518",TRUE,"CDKN2D"
"chr19_10576947_10577881","NR2F1","chr19_10403280_10404126","tCRE","NR2F1__chr19_10403280_10404126",TRUE,"CDC37"
"chr19_10576947_10577881","HIC2","chr19_10270715_10271600","tCRE","HIC2__chr19_10270715_10271600",TRUE,"ICAM1"
"chr19_10576947_10577881","HIC2","chr19_10603801_10604662","aCRE","HIC2__chr19_10603801_10604662",TRUE,NA
"chr19_10576947_10577881","HIC2","chr19_10586337_10587711","tCRE","HIC2__chr19_10586337_10587711",TRUE,"AP1M2"
"chr19_10576947_10577881","HIC2","chr19_10625014_10625958","tCRE","HIC2__chr19_10625014_10625958",TRUE,"SLC44A2"
"chr19_10576947_10577881","HIC2","chr19_10602012_10602953","tCRE","HIC2__chr19_10602012_10602953",TRUE,"SLC44A2"
"chr19_10576947_10577881","HIC2","chr19_10380222_10381146","tCRE","HIC2__chr19_10380222_10381146",TRUE,"TYK2"
"chr19_10576947_10577881","HIC2","chr19_10960431_10961332","tCRE","HIC2__chr19_10960431_10961332",TRUE,"SMARCA4"
"chr19_10576947_10577881","HIC2","chr19_10653648_10654583","tCRE","HIC2__chr19_10653648_10654583",TRUE,"ILF3"
"chr19_10576947_10577881","HIC2","chr19_10568581_10569518","tCRE","HIC2__chr19_10568581_10569518",TRUE,"CDKN2D"
"chr19_10576947_10577881","HIC2","chr19_10403280_10404126","tCRE","HIC2__chr19_10403280_10404126",TRUE,"CDC37"
"chr19_13623780_13624816","NHLH1","chr19_13163810_13165136","aCRE","NHLH1__chr19_13163810_13165136",TRUE,"ONTG19000001161.1"
"chr19_13623780_13624816","NEUROD2","chr19_13163810_13165136","aCRE","NEUROD2__chr19_13163810_13165136",FALSE,"ONTG19000001161.1"
"chr19_15899527_15900469","ETV5","chr19_16197471_16198359","tCRE","ETV5__chr19_16197471_16198359",FALSE,"AP1M1"
"chr19_15899527_15900469","FOXO1","chr19_16197471_16198359","tCRE","FOXO1__chr19_16197471_16198359",TRUE,"AP1M1"
"chr19_17264368_17265269","ETV5","chr19_17245758_17246590","tCRE","ETV5__chr19_17245758_17246590",TRUE,"NR2F6"
"chr19_17264368_17265269","ETV5","chr19_17235318_17236272","tCRE","ETV5__chr19_17235318_17236272",TRUE,"NR2F6"
"chr19_17264368_17265269","ETV5","chr19_17338871_17339675","aCRE","ETV5__chr19_17338871_17339675",TRUE,"GTPBP3"
"chr19_17264368_17265269","ETV5","chr19_17327414_17328408","tCRE","ETV5__chr19_17327414_17328408",TRUE,"ONTG19000000634.1"
"chr19_17264368_17265269","ETV5","chr19_17497248_17498020","aCRE","ETV5__chr19_17497248_17498020",TRUE,"ONTG19000001414.1"
"chr19_17264368_17265269","ETV5","chr19_17762210_17763144","aCRE","ETV5__chr19_17762210_17763144",TRUE,"FCHO1"
"chr19_17264368_17265269","ETV5","chr19_17405185_17406148","tCRE","ETV5__chr19_17405185_17406148",TRUE,"BST2"
"chr19_17264368_17265269","ETV5","chr19_17248206_17248989","aCRE","ETV5__chr19_17248206_17248989",TRUE,"ONTG19000001406.1"
"chr19_17264368_17265269","ETV5","chr19_17309019_17309928","tCRE","ETV5__chr19_17309019_17309928",TRUE,"DDA1"
"chr19_17264368_17265269","ETV5","chr19_17332301_17333210","aCRE","ETV5__chr19_17332301_17333210",TRUE,NA
"chr19_17264368_17265269","ETV5","chr19_17209376_17210282","aCRE","ETV5__chr19_17209376_17210282",TRUE,NA
"chr19_17264368_17265269","ETV5","chr19_17214994_17215952","tCRE","ETV5__chr19_17214994_17215952",TRUE,"USE1"
"chr19_17264368_17265269","ETV5","chr19_17403077_17404012","tCRE","ETV5__chr19_17403077_17404012",TRUE,"ONTG19000000635.1"
"chr19_18596397_18597327","SP8","chr19_18593834_18594926","tCRE","SP8__chr19_18593834_18594926",FALSE,"CRLF1"
"chr19_18596397_18597327","SP8","chr19_18610302_18611031","aCRE","SP8__chr19_18610302_18611031",TRUE,NA
"chr19_18596397_18597327","SP8","chr19_18287554_18288491","aCRE","SP8__chr19_18287554_18288491",FALSE,"ONTG19000001435.1"
"chr19_2324101_2324846","INSM1","chr19_2049458_2050292","aCRE","INSM1__chr19_2049458_2050292",TRUE,NA
"chr19_2324101_2324846","NHLH1","chr19_2049458_2050292","aCRE","NHLH1__chr19_2049458_2050292",TRUE,NA
"chr19_2324101_2324846","NEUROG2","chr19_2049458_2050292","aCRE","NEUROG2__chr19_2049458_2050292",TRUE,NA
"chr19_2324101_2324846","ETV1","chr19_2049458_2050292","aCRE","ETV1__chr19_2049458_2050292",TRUE,NA
"chr19_2324101_2324846","PAX6","chr19_2049458_2050292","aCRE","PAX6__chr19_2049458_2050292",TRUE,NA
"chr19_2324101_2324846","NEUROD1","chr19_2049458_2050292","aCRE","NEUROD1__chr19_2049458_2050292",TRUE,NA
"chr19_30003615_30004537","NR2F6","chr19_30224662_30225763","aCRE","NR2F6__chr19_30224662_30225763",TRUE,"ONTG19000001710.1"
"chr19_30003615_30004537","ZIC1","chr19_30224662_30225763","aCRE","ZIC1__chr19_30224662_30225763",TRUE,"ONTG19000001710.1"
"chr19_32787119_32788170","SP8","chr19_32971645_32972572","tCRE","SP8__chr19_32971645_32972572",TRUE,"CEP89"
"chr19_35090252_35091212","HEY2","chr19_35040756_35041939","tCRE","HEY2__chr19_35040756_35041939",TRUE,"HPN"
"chr19_35090252_35091212","HEY2","chr19_35247732_35249113","tCRE","HEY2__chr19_35247732_35249113",TRUE,"LSR"
"chr19_35090252_35091212","HEY2","chr19_35545142_35546076","tCRE","HEY2__chr19_35545142_35546076",TRUE,"TMEM147"
"chr19_35090252_35091212","HEY2","chr19_34859978_34860973","tCRE","HEY2__chr19_34859978_34860973",TRUE,"ENSG00000271109.2"
"chr19_35090252_35091212","HEY2","chr19_35153424_35154308","aCRE","HEY2__chr19_35153424_35154308",TRUE,NA
"chr19_35090252_35091212","HEY2","chr19_35140866_35141825","tCRE","HEY2__chr19_35140866_35141825",TRUE,"FXYD1"
"chr19_35090252_35091212","HEY2","chr19_35154588_35155679","tCRE","HEY2__chr19_35154588_35155679",TRUE,"FXYD5"
"chr19_35090252_35091212","HEY2","chr19_34677161_34678083","tCRE","HEY2__chr19_34677161_34678083",TRUE,"ZNF302"
"chr19_35090252_35091212","HEY2","chr19_35142487_35143853","tCRE","HEY2__chr19_35142487_35143853",TRUE,"FXYD7"
"chr19_35138446_35139885","ZIC1","chr19_35142487_35143853","tCRE","ZIC1__chr19_35142487_35143853",TRUE,"FXYD7"
"chr19_35138446_35139885","ZIC1","chr19_35135002_35136005","aCRE","ZIC1__chr19_35135002_35136005",TRUE,"LGI4"
"chr19_35138446_35139885","ZIC1","chr19_34999761_35000624","tCRE","ZIC1__chr19_34999761_35000624",TRUE,"GRAMD1A"
"chr19_35138446_35139885","ZIC1","chr19_34677161_34678083","tCRE","ZIC1__chr19_34677161_34678083",TRUE,"ZNF302"
"chr19_35138446_35139885","ZIC1","chr19_35510050_35510936","tCRE","ZIC1__chr19_35510050_35510936",TRUE,"DMKN"
"chr19_35138446_35139885","ZIC1","chr19_35140866_35141825","tCRE","ZIC1__chr19_35140866_35141825",TRUE,"FXYD1"
"chr19_35852191_35853007","MAFB","chr19_36139477_36140354","tCRE","MAFB__chr19_36139477_36140354",TRUE,"CAPNS1"
"chr19_35852191_35853007","MAFB","chr19_36114863_36115781","tCRE","MAFB__chr19_36114863_36115781",TRUE,"POLR2I"
"chr19_35852191_35853007","MAFB","chr19_35647804_35648701","tCRE","MAFB__chr19_35647804_35648701",TRUE,"COX6B1"
"chr19_35852191_35853007","MAFB","chr19_35855902_35857217","tCRE","MAFB__chr19_35855902_35857217",TRUE,"KIRREL2"
"chr19_35852191_35853007","MAFB","chr19_36182511_36183476","aCRE","MAFB__chr19_36182511_36183476",TRUE,NA
"chr19_38727905_38728818","FOS","chr19_38792319_38793189","aCRE","FOS__chr19_38792319_38793189",TRUE,NA
"chr19_38727905_38728818","FOS","chr19_38851650_38852483","tCRE","FOS__chr19_38851650_38852483",FALSE,"HNRNPL"
"chr19_38727905_38728818","FOS","chr19_38974837_38976070","tCRE","FOS__chr19_38974837_38976070",FALSE,"FBXO17"
"chr19_38911674_38912741","SHOX2","chr19_39406311_39407257","aCRE","SHOX2__chr19_39406311_39407257",TRUE,"ZFP36"
"chr19_38911674_38912741","SHOX2","chr19_39319943_39321318","tCRE","SHOX2__chr19_39319943_39321318",TRUE,"LRFN1"
"chr19_40980530_40981382","POU5F1","chr19_41135266_41136286","aCRE","POU5F1__chr19_41135266_41136286",FALSE,"ONTG19000000476.1"
"chr19_40980530_40981382","POU5F1","chr19_41297992_41299029","aCRE","POU5F1__chr19_41297992_41299029",FALSE,"ONTG19000000481.1"
"chr19_40980530_40981382","POU5F1","chr19_41089736_41090649","aCRE","POU5F1__chr19_41089736_41090649",TRUE,NA
"chr19_40980530_40981382","POU5F1","chr19_41192727_41193694","tCRE","POU5F1__chr19_41192727_41193694",FALSE,"CYP2S1"
"chr19_40980530_40981382","POU5F1","chr19_40875221_40876102","aCRE","POU5F1__chr19_40875221_40876102",FALSE,NA
"chr19_40980530_40981382","POU5F1","chr19_41261994_41262860","tCRE","POU5F1__chr19_41261994_41262860",FALSE,"HNRNPUL1"
"chr19_42152064_42152889","MEIS1","chr19_41996861_41998302","tCRE","MEIS1__chr19_41996861_41998302",TRUE,"ONTG19000000205.1"
"chr19_42152064_42152889","MEIS1","chr19_42217261_42218139","tCRE","MEIS1__chr19_42217261_42218139",TRUE,"DEDD2"
"chr19_42152064_42152889","MEIS1","chr19_42176712_42177625","tCRE","MEIS1__chr19_42176712_42177625",TRUE,"ONTG19000000490.1"
"chr19_42152064_42152889","MEIS1","chr19_42316446_42317478","aCRE","MEIS1__chr19_42316446_42317478",TRUE,NA
"chr19_42152064_42152889","INSM1","chr19_41996861_41998302","tCRE","INSM1__chr19_41996861_41998302",TRUE,"ONTG19000000205.1"
"chr19_42152064_42152889","INSM1","chr19_42217261_42218139","tCRE","INSM1__chr19_42217261_42218139",TRUE,"DEDD2"
"chr19_42152064_42152889","INSM1","chr19_42176712_42177625","tCRE","INSM1__chr19_42176712_42177625",TRUE,"ONTG19000000490.1"
"chr19_42152064_42152889","INSM1","chr19_42316446_42317478","aCRE","INSM1__chr19_42316446_42317478",TRUE,NA
"chr19_42152064_42152889","ONECUT2","chr19_41996861_41998302","tCRE","ONECUT2__chr19_41996861_41998302",TRUE,"ONTG19000000205.1"
"chr19_42152064_42152889","ONECUT2","chr19_42217261_42218139","tCRE","ONECUT2__chr19_42217261_42218139",TRUE,"DEDD2"
"chr19_42152064_42152889","ONECUT2","chr19_42176712_42177625","tCRE","ONECUT2__chr19_42176712_42177625",TRUE,"ONTG19000000490.1"
"chr19_42152064_42152889","ONECUT2","chr19_42316446_42317478","aCRE","ONECUT2__chr19_42316446_42317478",TRUE,NA
"chr19_44718303_44719252","TEAD4","chr19_44954799_44955716","tCRE","TEAD4__chr19_44954799_44955716",TRUE,"CLPTM1"
"chr19_44718303_44719252","TEAD4","chr19_44914717_44915623","tCRE","TEAD4__chr19_44914717_44915623",TRUE,"APOC1"
"chr19_44718303_44719252","TEAD4","chr19_45074543_45075807","tCRE","TEAD4__chr19_45074543_45075807",TRUE,"GEMIN7"
"chr19_44718303_44719252","TEAD4","chr19_45038708_45039602","aCRE","TEAD4__chr19_45038708_45039602",TRUE,"CLASRP"
"chr19_44718303_44719252","TEAD4","chr19_44890397_44891358","tCRE","TEAD4__chr19_44890397_44891358",TRUE,"TOMM40"
"chr19_44718303_44719252","TEAD4","chr19_44807653_44809520","aCRE","TEAD4__chr19_44807653_44809520",TRUE,"BCAM"
"chr19_44718303_44719252","TEAD4","chr19_45074543_45075807","aCRE","TEAD4__chr19_45074543_45075807",TRUE,"GEMIN7"
"chr19_44718303_44719252","TEAD4","chr19_44906194_44907081","aCRE","TEAD4__chr19_44906194_44907081",TRUE,"ONTG19000000530.1"
"chr19_44718303_44719252","TEAD4","chr19_45075990_45076930","aCRE","TEAD4__chr19_45075990_45076930",TRUE,"ZNF296"
"chr19_44718303_44719252","TEAD4","chr19_44845592_44846531","tCRE","TEAD4__chr19_44845592_44846531",TRUE,"NECTIN2"
"chr19_44718303_44719252","TEAD4","chr19_44807653_44809520","tCRE","TEAD4__chr19_44807653_44809520",TRUE,"BCAM"
"chr19_44718303_44719252","TEAD4","chr19_44747111_44748040","aCRE","TEAD4__chr19_44747111_44748040",TRUE,"BCL3"
"chr19_44718303_44719252","TEAD4","chr19_44777443_44778400","tCRE","TEAD4__chr19_44777443_44778400",TRUE,"CBLC"
"chr19_44718303_44719252","TEAD4","chr19_44905217_44906085","aCRE","TEAD4__chr19_44905217_44906085",TRUE,"APOE"
"chr19_44718303_44719252","TEAD4","chr19_45077284_45078082","aCRE","TEAD4__chr19_45077284_45078082",TRUE,"ONTG19000000535.1"
"chr19_44718303_44719252","TEAD4","chr19_45075990_45076930","tCRE","TEAD4__chr19_45075990_45076930",TRUE,"ZNF296"
"chr19_44718303_44719252","TEAD4","chr19_44777443_44778400","aCRE","TEAD4__chr19_44777443_44778400",TRUE,"CBLC"
"chr19_44718303_44719252","FOXH1","chr19_44954799_44955716","tCRE","FOXH1__chr19_44954799_44955716",FALSE,"CLPTM1"
"chr19_44718303_44719252","FOXH1","chr19_44914717_44915623","tCRE","FOXH1__chr19_44914717_44915623",TRUE,"APOC1"
"chr19_44718303_44719252","FOXH1","chr19_45074543_45075807","tCRE","FOXH1__chr19_45074543_45075807",TRUE,"GEMIN7"
"chr19_44718303_44719252","FOXH1","chr19_45038708_45039602","aCRE","FOXH1__chr19_45038708_45039602",TRUE,"CLASRP"
"chr19_44718303_44719252","FOXH1","chr19_44890397_44891358","tCRE","FOXH1__chr19_44890397_44891358",FALSE,"TOMM40"
"chr19_44718303_44719252","FOXH1","chr19_44807653_44809520","aCRE","FOXH1__chr19_44807653_44809520",FALSE,"BCAM"
"chr19_44718303_44719252","FOXH1","chr19_45074543_45075807","aCRE","FOXH1__chr19_45074543_45075807",TRUE,"GEMIN7"
"chr19_44718303_44719252","FOXH1","chr19_44906194_44907081","aCRE","FOXH1__chr19_44906194_44907081",FALSE,"ONTG19000000530.1"
"chr19_44718303_44719252","FOXH1","chr19_45075990_45076930","aCRE","FOXH1__chr19_45075990_45076930",FALSE,"ZNF296"
"chr19_44718303_44719252","FOXH1","chr19_44845592_44846531","tCRE","FOXH1__chr19_44845592_44846531",TRUE,"NECTIN2"
"chr19_44718303_44719252","FOXH1","chr19_44807653_44809520","tCRE","FOXH1__chr19_44807653_44809520",FALSE,"BCAM"
"chr19_44718303_44719252","FOXH1","chr19_44747111_44748040","aCRE","FOXH1__chr19_44747111_44748040",TRUE,"BCL3"
"chr19_44718303_44719252","FOXH1","chr19_44777443_44778400","tCRE","FOXH1__chr19_44777443_44778400",FALSE,"CBLC"
"chr19_44718303_44719252","FOXH1","chr19_44905217_44906085","aCRE","FOXH1__chr19_44905217_44906085",FALSE,"APOE"
"chr19_44718303_44719252","FOXH1","chr19_45077284_45078082","aCRE","FOXH1__chr19_45077284_45078082",TRUE,"ONTG19000000535.1"
"chr19_44718303_44719252","FOXH1","chr19_45075990_45076930","tCRE","FOXH1__chr19_45075990_45076930",FALSE,"ZNF296"
"chr19_44718303_44719252","FOXH1","chr19_44777443_44778400","aCRE","FOXH1__chr19_44777443_44778400",FALSE,"CBLC"
"chr19_45322126_45323038","SNAI2","chr19_44954799_44955716","tCRE","SNAI2__chr19_44954799_44955716",TRUE,"CLPTM1"
"chr19_45322126_45323038","SNAI2","chr19_45496641_45497519","tCRE","SNAI2__chr19_45496641_45497519",TRUE,"RTN2"
"chr19_45322126_45323038","SNAI2","chr19_45423284_45424213","tCRE","SNAI2__chr19_45423284_45424213",TRUE,"ERCC1"
"chr19_45322126_45323038","SNAI2","chr19_44914717_44915623","tCRE","SNAI2__chr19_44914717_44915623",TRUE,"APOC1"
"chr19_45322126_45323038","SNAI2","chr19_45450443_45451358","tCRE","SNAI2__chr19_45450443_45451358",TRUE,"ONTG19000000923.1"
"chr19_45322126_45323038","SNAI2","chr19_45472410_45473303","aCRE","SNAI2__chr19_45472410_45473303",TRUE,"ONTG19000000546.1"
"chr19_45322126_45323038","SNAI2","chr19_45038708_45039602","aCRE","SNAI2__chr19_45038708_45039602",TRUE,"CLASRP"
"chr19_45322126_45323038","SNAI2","chr19_45166382_45167401","aCRE","SNAI2__chr19_45166382_45167401",TRUE,"ONTG19000000537.1"
"chr19_45322126_45323038","SNAI2","chr19_45492448_45493952","tCRE","SNAI2__chr19_45492448_45493952",TRUE,"RTN2"
"chr19_45322126_45323038","GLIS3","chr19_44954799_44955716","tCRE","GLIS3__chr19_44954799_44955716",TRUE,"CLPTM1"
"chr19_45322126_45323038","GLIS3","chr19_45496641_45497519","tCRE","GLIS3__chr19_45496641_45497519",TRUE,"RTN2"
"chr19_45322126_45323038","GLIS3","chr19_45423284_45424213","tCRE","GLIS3__chr19_45423284_45424213",TRUE,"ERCC1"
"chr19_45322126_45323038","GLIS3","chr19_44914717_44915623","tCRE","GLIS3__chr19_44914717_44915623",TRUE,"APOC1"
"chr19_45322126_45323038","GLIS3","chr19_45450443_45451358","tCRE","GLIS3__chr19_45450443_45451358",TRUE,"ONTG19000000923.1"
"chr19_45322126_45323038","GLIS3","chr19_45472410_45473303","aCRE","GLIS3__chr19_45472410_45473303",TRUE,"ONTG19000000546.1"
"chr19_45322126_45323038","GLIS3","chr19_45038708_45039602","aCRE","GLIS3__chr19_45038708_45039602",TRUE,"CLASRP"
"chr19_45322126_45323038","GLIS3","chr19_45166382_45167401","aCRE","GLIS3__chr19_45166382_45167401",TRUE,"ONTG19000000537.1"
"chr19_45322126_45323038","GLIS3","chr19_45492448_45493952","tCRE","GLIS3__chr19_45492448_45493952",TRUE,"RTN2"
"chr19_45322126_45323038","MAF","chr19_44954799_44955716","tCRE","MAF__chr19_44954799_44955716",TRUE,"CLPTM1"
"chr19_45322126_45323038","MAF","chr19_45496641_45497519","tCRE","MAF__chr19_45496641_45497519",TRUE,"RTN2"
"chr19_45322126_45323038","MAF","chr19_45423284_45424213","tCRE","MAF__chr19_45423284_45424213",TRUE,"ERCC1"
"chr19_45322126_45323038","MAF","chr19_44914717_44915623","tCRE","MAF__chr19_44914717_44915623",TRUE,"APOC1"
"chr19_45322126_45323038","MAF","chr19_45450443_45451358","tCRE","MAF__chr19_45450443_45451358",TRUE,"ONTG19000000923.1"
"chr19_45322126_45323038","MAF","chr19_45472410_45473303","aCRE","MAF__chr19_45472410_45473303",TRUE,"ONTG19000000546.1"
"chr19_45322126_45323038","MAF","chr19_45038708_45039602","aCRE","MAF__chr19_45038708_45039602",TRUE,"CLASRP"
"chr19_45322126_45323038","MAF","chr19_45166382_45167401","aCRE","MAF__chr19_45166382_45167401",TRUE,"ONTG19000000537.1"
"chr19_45322126_45323038","MAF","chr19_45492448_45493952","tCRE","MAF__chr19_45492448_45493952",TRUE,"RTN2"
"chr19_45322126_45323038","ZIC1","chr19_44954799_44955716","tCRE","ZIC1__chr19_44954799_44955716",TRUE,"CLPTM1"
"chr19_45322126_45323038","ZIC1","chr19_45496641_45497519","tCRE","ZIC1__chr19_45496641_45497519",TRUE,"RTN2"
"chr19_45322126_45323038","ZIC1","chr19_45423284_45424213","tCRE","ZIC1__chr19_45423284_45424213",TRUE,"ERCC1"
"chr19_45322126_45323038","ZIC1","chr19_44914717_44915623","tCRE","ZIC1__chr19_44914717_44915623",TRUE,"APOC1"
"chr19_45322126_45323038","ZIC1","chr19_45450443_45451358","tCRE","ZIC1__chr19_45450443_45451358",TRUE,"ONTG19000000923.1"
"chr19_45322126_45323038","ZIC1","chr19_45472410_45473303","aCRE","ZIC1__chr19_45472410_45473303",TRUE,"ONTG19000000546.1"
"chr19_45322126_45323038","ZIC1","chr19_45038708_45039602","aCRE","ZIC1__chr19_45038708_45039602",TRUE,"CLASRP"
"chr19_45322126_45323038","ZIC1","chr19_45166382_45167401","aCRE","ZIC1__chr19_45166382_45167401",TRUE,"ONTG19000000537.1"
"chr19_45322126_45323038","ZIC1","chr19_45492448_45493952","tCRE","ZIC1__chr19_45492448_45493952",TRUE,"RTN2"
"chr19_45322126_45323038","HAND1","chr19_44954799_44955716","tCRE","HAND1__chr19_44954799_44955716",TRUE,"CLPTM1"
"chr19_45322126_45323038","HAND1","chr19_45496641_45497519","tCRE","HAND1__chr19_45496641_45497519",TRUE,"RTN2"
"chr19_45322126_45323038","HAND1","chr19_45423284_45424213","tCRE","HAND1__chr19_45423284_45424213",TRUE,"ERCC1"
"chr19_45322126_45323038","HAND1","chr19_44914717_44915623","tCRE","HAND1__chr19_44914717_44915623",TRUE,"APOC1"
"chr19_45322126_45323038","HAND1","chr19_45450443_45451358","tCRE","HAND1__chr19_45450443_45451358",TRUE,"ONTG19000000923.1"
"chr19_45322126_45323038","HAND1","chr19_45472410_45473303","aCRE","HAND1__chr19_45472410_45473303",TRUE,"ONTG19000000546.1"
"chr19_45322126_45323038","HAND1","chr19_45038708_45039602","aCRE","HAND1__chr19_45038708_45039602",TRUE,"CLASRP"
"chr19_45322126_45323038","HAND1","chr19_45166382_45167401","aCRE","HAND1__chr19_45166382_45167401",TRUE,"ONTG19000000537.1"
"chr19_45322126_45323038","HAND1","chr19_45492448_45493952","tCRE","HAND1__chr19_45492448_45493952",TRUE,"RTN2"
"chr19_46944654_46945581","SIX1","chr19_46635889_46636708","tCRE","SIX1__chr19_46635889_46636708",TRUE,"GNG8"
"chr19_46944654_46945581","SIX1","chr19_46850459_46851301","tCRE","SIX1__chr19_46850459_46851301",TRUE,"AP2S1"
"chr19_48859770_48860788","SP8","chr19_48695785_48696984","tCRE","SP8__chr19_48695785_48696984",FALSE,"FUT2"
"chr19_48859770_48860788","SP8","chr19_49084880_49085778","tCRE","SP8__chr19_49084880_49085778",FALSE,"SNRNP70"
"chr19_48859770_48860788","SP8","chr19_48752441_48753404","tCRE","SP8__chr19_48752441_48753404",FALSE,"FUT1"
"chr19_48859770_48860788","SP8","chr19_48695785_48696984","aCRE","SP8__chr19_48695785_48696984",FALSE,"FUT2"
"chr19_48859770_48860788","SP8","chr19_48637250_48638078","tCRE","SP8__chr19_48637250_48638078",FALSE,"DBP"
"chr19_48859770_48860788","SP8","chr19_48810558_48811489","tCRE","SP8__chr19_48810558_48811489",FALSE,"BCAT2"
"chr19_48868360_48869290","IRF9","chr19_48899671_48900705","tCRE","IRF9__chr19_48899671_48900705",TRUE,"NUCB1"
"chr19_48868360_48869290","IRF9","chr19_49118609_49119569","tCRE","IRF9__chr19_49118609_49119569",TRUE,"C19ORF73"
"chr19_48868360_48869290","IRF9","chr19_48964926_48965659","tCRE","IRF9__chr19_48964926_48965659",TRUE,"FTL"
"chr19_48868360_48869290","IRF9","chr19_49064687_49065686","tCRE","IRF9__chr19_49064687_49065686",TRUE,"NTF4"
"chr19_48868360_48869290","IRF9","chr19_48810558_48811489","aCRE","IRF9__chr19_48810558_48811489",TRUE,"BCAT2"
"chr19_48868360_48869290","IRF9","chr19_48836702_48837693","aCRE","IRF9__chr19_48836702_48837693",TRUE,"ONTG19000001002.1"
"chr19_48868360_48869290","IRF9","chr19_48618895_48619813","tCRE","IRF9__chr19_48618895_48619813",TRUE,"RPL18"
"chr19_48868360_48869290","NHLH1","chr19_48899671_48900705","tCRE","NHLH1__chr19_48899671_48900705",TRUE,"NUCB1"
"chr19_48868360_48869290","NHLH1","chr19_49118609_49119569","tCRE","NHLH1__chr19_49118609_49119569",TRUE,"C19ORF73"
"chr19_48868360_48869290","NHLH1","chr19_48964926_48965659","tCRE","NHLH1__chr19_48964926_48965659",TRUE,"FTL"
"chr19_48868360_48869290","NHLH1","chr19_49064687_49065686","tCRE","NHLH1__chr19_49064687_49065686",TRUE,"NTF4"
"chr19_48868360_48869290","NHLH1","chr19_48810558_48811489","aCRE","NHLH1__chr19_48810558_48811489",TRUE,"BCAT2"
"chr19_48868360_48869290","NHLH1","chr19_48836702_48837693","aCRE","NHLH1__chr19_48836702_48837693",TRUE,"ONTG19000001002.1"
"chr19_48868360_48869290","NHLH1","chr19_48618895_48619813","tCRE","NHLH1__chr19_48618895_48619813",TRUE,"RPL18"
"chr19_49104147_49105427","NEUROD1","chr19_48871935_48872799","tCRE","NEUROD1__chr19_48871935_48872799",TRUE,"PPP1R15A"
"chr19_49104147_49105427","NEUROD1","chr19_49118609_49119569","tCRE","NEUROD1__chr19_49118609_49119569",TRUE,"C19ORF73"
"chr19_49104147_49105427","NEUROD1","chr19_49441077_49441936","tCRE","NEUROD1__chr19_49441077_49441936",TRUE,"SLC17A7"
"chr19_49104147_49105427","NEUROD1","chr19_49113719_49114781","tCRE","NEUROD1__chr19_49113719_49114781",TRUE,"LIN7B"
"chr19_49104147_49105427","NEUROD1","chr19_49362082_49362587","tCRE","NEUROD1__chr19_49362082_49362587",TRUE,"TEAD2"
"chr19_49104147_49105427","NEUROD1","chr19_49580137_49581052","tCRE","NEUROD1__chr19_49580137_49581052",TRUE,"NOSIP"
"chr19_49104147_49105427","NEUROD1","chr19_49495759_49496689","tCRE","NEUROD1__chr19_49495759_49496689",TRUE,"RPS11"
"chr19_49104147_49105427","NEUROD1","chr19_49064687_49065686","tCRE","NEUROD1__chr19_49064687_49065686",TRUE,"NTF4"
"chr19_49104147_49105427","NEUROD1","chr19_49361211_49362034","tCRE","NEUROD1__chr19_49361211_49362034",TRUE,"DKKL1"
"chr19_49104147_49105427","NEUROD1","chr19_49148997_49149890","aCRE","NEUROD1__chr19_49148997_49149890",TRUE,"PPFIA3"
"chr19_49155178_49156296","SIX1","chr19_49473697_49474626","tCRE","SIX1__chr19_49473697_49474626",TRUE,"FLT3LG"
"chr19_49155178_49156296","SIX1","chr19_49362082_49362587","tCRE","SIX1__chr19_49362082_49362587",TRUE,"TEAD2"
"chr19_49155178_49156296","SIX1","chr19_49441077_49441936","tCRE","SIX1__chr19_49441077_49441936",FALSE,"SLC17A7"
"chr19_49155178_49156296","SIX1","chr19_49113719_49114781","tCRE","SIX1__chr19_49113719_49114781",TRUE,"LIN7B"
"chr19_49155178_49156296","SIX1","chr19_49495759_49496689","tCRE","SIX1__chr19_49495759_49496689",TRUE,"RPS11"
"chr19_49155178_49156296","SIX1","chr19_49118609_49119569","tCRE","SIX1__chr19_49118609_49119569",TRUE,"C19ORF73"
"chr19_49155178_49156296","HES6","chr19_49473697_49474626","tCRE","HES6__chr19_49473697_49474626",TRUE,"FLT3LG"
"chr19_49155178_49156296","HES6","chr19_49362082_49362587","tCRE","HES6__chr19_49362082_49362587",TRUE,"TEAD2"
"chr19_49155178_49156296","HES6","chr19_49441077_49441936","tCRE","HES6__chr19_49441077_49441936",TRUE,"SLC17A7"
"chr19_49155178_49156296","HES6","chr19_49113719_49114781","tCRE","HES6__chr19_49113719_49114781",TRUE,"LIN7B"
"chr19_49155178_49156296","HES6","chr19_49495759_49496689","tCRE","HES6__chr19_49495759_49496689",TRUE,"RPS11"
"chr19_49155178_49156296","HES6","chr19_49118609_49119569","tCRE","HES6__chr19_49118609_49119569",TRUE,"C19ORF73"
"chr19_49155178_49156296","NHLH1","chr19_49473697_49474626","tCRE","NHLH1__chr19_49473697_49474626",TRUE,"FLT3LG"
"chr19_49155178_49156296","NHLH1","chr19_49362082_49362587","tCRE","NHLH1__chr19_49362082_49362587",TRUE,"TEAD2"
"chr19_49155178_49156296","NHLH1","chr19_49441077_49441936","tCRE","NHLH1__chr19_49441077_49441936",FALSE,"SLC17A7"
"chr19_49155178_49156296","NHLH1","chr19_49113719_49114781","tCRE","NHLH1__chr19_49113719_49114781",TRUE,"LIN7B"
"chr19_49155178_49156296","NHLH1","chr19_49495759_49496689","tCRE","NHLH1__chr19_49495759_49496689",TRUE,"RPS11"
"chr19_49155178_49156296","NHLH1","chr19_49118609_49119569","tCRE","NHLH1__chr19_49118609_49119569",TRUE,"C19ORF73"
"chr19_50292065_50292965","SP8","chr19_50419234_50420099","tCRE","SP8__chr19_50419234_50420099",TRUE,"SPIB"
"chr19_50292065_50292965","SP8","chr19_50266661_50267589","aCRE","SP8__chr19_50266661_50267589",FALSE,NA
"chr19_50292065_50292965","SP8","chr19_50313793_50314662","aCRE","SP8__chr19_50313793_50314662",FALSE,"ONTG19000000007.1"
"chr19_51354313_51355250","MEIS1","chr19_51393912_51394874","tCRE","MEIS1__chr19_51393912_51394874",TRUE,"ENSG00000268889.2"
"chr19_51354313_51355250","MEIS1","chr19_51421658_51422586","aCRE","MEIS1__chr19_51421658_51422586",TRUE,NA
"chr19_51354313_51355250","MEIS1","chr19_51593970_51594947","aCRE","MEIS1__chr19_51593970_51594947",TRUE,"ENSG00000269388.1"
"chr19_51354313_51355250","MEIS1","chr19_51593970_51594947","tCRE","MEIS1__chr19_51593970_51594947",TRUE,"ENSG00000269388.1"
"chr19_51354313_51355250","MEIS1","chr19_51367305_51368184","tCRE","MEIS1__chr19_51367305_51368184",TRUE,"CLDND2"
"chr19_51354313_51355250","MEIS1","chr19_51311068_51312046","tCRE","MEIS1__chr19_51311068_51312046",TRUE,"IGLON5"
"chr19_51354313_51355250","MEIS1","chr19_51607676_51608603","aCRE","MEIS1__chr19_51607676_51608603",TRUE,NA
"chr19_51354313_51355250","MEIS1","chr19_51390208_51391206","tCRE","MEIS1__chr19_51390208_51391206",TRUE,"C19ORF84"
"chr19_51354313_51355250","MEIS1","chr19_51552906_51553834","aCRE","MEIS1__chr19_51552906_51553834",TRUE,NA
"chr19_51354313_51355250","REST","chr19_51393912_51394874","tCRE","REST__chr19_51393912_51394874",TRUE,"ENSG00000268889.2"
"chr19_51354313_51355250","REST","chr19_51421658_51422586","aCRE","REST__chr19_51421658_51422586",TRUE,NA
"chr19_51354313_51355250","REST","chr19_51593970_51594947","aCRE","REST__chr19_51593970_51594947",TRUE,"ENSG00000269388.1"
"chr19_51354313_51355250","REST","chr19_51593970_51594947","tCRE","REST__chr19_51593970_51594947",TRUE,"ENSG00000269388.1"
"chr19_51354313_51355250","REST","chr19_51367305_51368184","tCRE","REST__chr19_51367305_51368184",TRUE,"CLDND2"
"chr19_51354313_51355250","REST","chr19_51311068_51312046","tCRE","REST__chr19_51311068_51312046",TRUE,"IGLON5"
"chr19_51354313_51355250","REST","chr19_51607676_51608603","aCRE","REST__chr19_51607676_51608603",TRUE,NA
"chr19_51354313_51355250","REST","chr19_51390208_51391206","tCRE","REST__chr19_51390208_51391206",TRUE,"C19ORF84"
"chr19_51354313_51355250","REST","chr19_51552906_51553834","aCRE","REST__chr19_51552906_51553834",TRUE,NA
"chr19_54011462_54012318","STAT2","chr19_53980877_53981309","aCRE","STAT2__chr19_53980877_53981309",TRUE,NA
"chr19_54011462_54012318","STAT2","chr19_54189440_54190341","tCRE","STAT2__chr19_54189440_54190341",TRUE,"MBOAT7"
"chr19_54011462_54012318","STAT2","chr19_54159426_54160349","tCRE","STAT2__chr19_54159426_54160349",TRUE,"LENG1"
"chr19_54011462_54012318","STAT2","chr19_54115038_54115998","tCRE","STAT2__chr19_54115038_54115998",TRUE,"TFPT"
"chr19_54011462_54012318","STAT2","chr19_53830534_53831808","aCRE","STAT2__chr19_53830534_53831808",TRUE,"ONTG19000000056.1"
"chr19_54011462_54012318","STAT2","chr19_54095680_54096538","tCRE","STAT2__chr19_54095680_54096538",TRUE,"ONTG19000000064.1"
"chr19_54011462_54012318","STAT2","chr19_53942018_53943002","aCRE","STAT2__chr19_53942018_53943002",TRUE,"ONTG19000001385.1"
"chr19_54011462_54012318","STAT2","chr19_53867192_53868130","aCRE","STAT2__chr19_53867192_53868130",TRUE,"MYADM"
"chr19_54011462_54012318","STAT2","chr19_54161980_54162884","aCRE","STAT2__chr19_54161980_54162884",TRUE,"TMC4"
"chr19_54011462_54012318","STAT2","chr19_53830534_53831808","tCRE","STAT2__chr19_53830534_53831808",TRUE,"ONTG19000000056.1"
"chr19_54011462_54012318","STAT2","chr19_53898412_53899473","aCRE","STAT2__chr19_53898412_53899473",TRUE,NA
"chr19_54011462_54012318","STAT2","chr19_54190472_54191305","tCRE","STAT2__chr19_54190472_54191305",TRUE,"TSEN34"
"chr19_54011462_54012318","PRDM14","chr19_53980877_53981309","aCRE","PRDM14__chr19_53980877_53981309",TRUE,NA
"chr19_54011462_54012318","PRDM14","chr19_54189440_54190341","tCRE","PRDM14__chr19_54189440_54190341",TRUE,"MBOAT7"
"chr19_54011462_54012318","PRDM14","chr19_54159426_54160349","tCRE","PRDM14__chr19_54159426_54160349",TRUE,"LENG1"
"chr19_54011462_54012318","PRDM14","chr19_54115038_54115998","tCRE","PRDM14__chr19_54115038_54115998",TRUE,"TFPT"
"chr19_54011462_54012318","PRDM14","chr19_53830534_53831808","aCRE","PRDM14__chr19_53830534_53831808",TRUE,"ONTG19000000056.1"
"chr19_54011462_54012318","PRDM14","chr19_54095680_54096538","tCRE","PRDM14__chr19_54095680_54096538",TRUE,"ONTG19000000064.1"
"chr19_54011462_54012318","PRDM14","chr19_53942018_53943002","aCRE","PRDM14__chr19_53942018_53943002",TRUE,"ONTG19000001385.1"
"chr19_54011462_54012318","PRDM14","chr19_53867192_53868130","aCRE","PRDM14__chr19_53867192_53868130",TRUE,"MYADM"
"chr19_54011462_54012318","PRDM14","chr19_54161980_54162884","aCRE","PRDM14__chr19_54161980_54162884",TRUE,"TMC4"
"chr19_54011462_54012318","PRDM14","chr19_53830534_53831808","tCRE","PRDM14__chr19_53830534_53831808",TRUE,"ONTG19000000056.1"
"chr19_54011462_54012318","PRDM14","chr19_53898412_53899473","aCRE","PRDM14__chr19_53898412_53899473",TRUE,NA
"chr19_54011462_54012318","PRDM14","chr19_54190472_54191305","tCRE","PRDM14__chr19_54190472_54191305",TRUE,"TSEN34"
"chr19_55300580_55301399","ONECUT3","chr19_55385244_55386171","tCRE","ONECUT3__chr19_55385244_55386171",TRUE,"RPL28"
"chr19_55300580_55301399","ONECUT3","chr19_55086688_55087620","tCRE","ONECUT3__chr19_55086688_55087620",TRUE,"EPS8L1"
"chr19_55300580_55301399","ONECUT3","chr19_55178650_55179689","tCRE","ONECUT3__chr19_55178650_55179689",TRUE,"SYT5"
"chr19_55300580_55301399","ONECUT3","chr19_55452642_55453571","aCRE","ONECUT3__chr19_55452642_55453571",TRUE,"ONTG19000000088.1"
"chr19_55300580_55301399","ONECUT3","chr19_55179934_55180755","tCRE","ONECUT3__chr19_55179934_55180755",TRUE,"SYT5"
"chr19_55300580_55301399","ONECUT3","chr19_55339085_55340026","aCRE","ONECUT3__chr19_55339085_55340026",TRUE,"KMT5C"
"chr19_55300580_55301399","ONECUT3","chr19_55643053_55643998","tCRE","ONECUT3__chr19_55643053_55643998",TRUE,"ZNF581"
"chr19_55300580_55301399","ONECUT3","chr19_55437120_55438058","aCRE","ONECUT3__chr19_55437120_55438058",TRUE,NA
"chr19_55300580_55301399","ONECUT3","chr19_55086688_55087620","aCRE","ONECUT3__chr19_55086688_55087620",TRUE,"EPS8L1"
"chr19_55300580_55301399","ONECUT3","chr19_55140930_55141854","tCRE","ONECUT3__chr19_55140930_55141854",TRUE,"TNNT1"
"chr19_55464402_55465308","NFYB","chr19_55647604_55648549","tCRE","NFYB__chr19_55647604_55648549",TRUE,"CCDC106"
"chr19_55464402_55465308","NFYB","chr19_55075344_55076282","tCRE","NFYB__chr19_55075344_55076282",TRUE,"EPS8L1"
"chr19_55464402_55465308","NFYB","chr19_55075344_55076282","aCRE","NFYB__chr19_55075344_55076282",TRUE,"EPS8L1"
"chr19_55464402_55465308","NFYB","chr19_55145993_55147327","tCRE","NFYB__chr19_55145993_55147327",TRUE,"TNNT1"
"chr19_55464402_55465308","NFYB","chr19_55079885_55080738","tCRE","NFYB__chr19_55079885_55080738",TRUE,"EPS8L1"
"chr19_55464402_55465308","NFYB","chr19_55348062_55349641","aCRE","NFYB__chr19_55348062_55349641",TRUE,"ONTG19000000083.1"
"chr19_55464402_55465308","NFYB","chr19_55452642_55453571","aCRE","NFYB__chr19_55452642_55453571",TRUE,"ONTG19000000088.1"
"chr19_55464402_55465308","NFYB","chr19_55651998_55652812","tCRE","NFYB__chr19_55651998_55652812",TRUE,"CCDC106"
"chr19_55464402_55465308","NFYB","chr19_55156266_55157147","aCRE","NFYB__chr19_55156266_55157147",TRUE,"TNNI3"
"chr19_55464402_55465308","NFYB","chr19_55148808_55149767","tCRE","NFYB__chr19_55148808_55149767",TRUE,"TNNT1"
"chr19_55464402_55465308","NFYB","chr19_55653674_55654198","aCRE","NFYB__chr19_55653674_55654198",TRUE,"U2AF2"
"chr19_55464402_55465308","NFYB","chr19_55339085_55340026","aCRE","NFYB__chr19_55339085_55340026",TRUE,"KMT5C"
"chr19_55464402_55465308","NFYB","chr19_55160298_55161268","aCRE","NFYB__chr19_55160298_55161268",TRUE,"DNAAF3"
"chr19_55464402_55465308","NFYB","chr19_55407624_55408545","tCRE","NFYB__chr19_55407624_55408545",TRUE,"UBE2S"
"chr19_55464402_55465308","NFYB","chr19_55440215_55441137","aCRE","NFYB__chr19_55440215_55441137",TRUE,NA
"chr19_55464402_55465308","NFYB","chr19_55156266_55157147","tCRE","NFYB__chr19_55156266_55157147",TRUE,"TNNI3"
"chr19_55464402_55465308","NFYB","chr19_55654212_55655074","tCRE","NFYB__chr19_55654212_55655074",TRUE,"U2AF2"
"chr19_55464402_55465308","NFYB","chr19_55145993_55147327","aCRE","NFYB__chr19_55145993_55147327",TRUE,"TNNT1"
"chr19_55464402_55465308","NFYB","chr19_55082307_55083148","aCRE","NFYB__chr19_55082307_55083148",TRUE,NA
"chr19_55464402_55465308","NFYB","chr19_55081041_55081996","aCRE","NFYB__chr19_55081041_55081996",TRUE,"ONTG19000001213.1"
"chr19_55464402_55465308","NFYB","chr19_55603336_55604057","aCRE","NFYB__chr19_55603336_55604057",TRUE,"ONTG19000001234.1"
"chr19_55464402_55465308","NFYB","chr19_55113329_55114250","aCRE","NFYB__chr19_55113329_55114250",TRUE,"PPP1R12C"
"chr19_55464402_55465308","NFYB","chr19_55091621_55092660","tCRE","NFYB__chr19_55091621_55092660",TRUE,"PPP1R12C"
"chr19_55464402_55465308","NFYB","chr19_55091621_55092660","aCRE","NFYB__chr19_55091621_55092660",TRUE,"PPP1R12C"
"chr19_55464402_55465308","NFYB","chr19_55674689_55675627","tCRE","NFYB__chr19_55674689_55675627",TRUE,"EPN1"
"chr19_55464402_55465308","NFYB","chr19_55640540_55641470","tCRE","NFYB__chr19_55640540_55641470",TRUE,"ZNF580"
"chr19_55464402_55465308","NFYB","chr19_55079885_55080738","aCRE","NFYB__chr19_55079885_55080738",TRUE,"EPS8L1"
"chr19_55464402_55465308","NFYB","chr19_55385244_55386171","tCRE","NFYB__chr19_55385244_55386171",TRUE,"RPL28"
"chr19_55464402_55465308","NFYB","chr19_55461355_55462259","tCRE","NFYB__chr19_55461355_55462259",TRUE,"ISOC2"
"chr19_55464402_55465308","NFYB","chr19_55173537_55174582","aCRE","NFYB__chr19_55173537_55174582",TRUE,"SYT5"
"chr19_55464402_55465308","SOX11","chr19_55647604_55648549","tCRE","SOX11__chr19_55647604_55648549",TRUE,"CCDC106"
"chr19_55464402_55465308","SOX11","chr19_55075344_55076282","tCRE","SOX11__chr19_55075344_55076282",TRUE,"EPS8L1"
"chr19_55464402_55465308","SOX11","chr19_55075344_55076282","aCRE","SOX11__chr19_55075344_55076282",TRUE,"EPS8L1"
"chr19_55464402_55465308","SOX11","chr19_55145993_55147327","tCRE","SOX11__chr19_55145993_55147327",TRUE,"TNNT1"
"chr19_55464402_55465308","SOX11","chr19_55079885_55080738","tCRE","SOX11__chr19_55079885_55080738",TRUE,"EPS8L1"
"chr19_55464402_55465308","SOX11","chr19_55348062_55349641","aCRE","SOX11__chr19_55348062_55349641",TRUE,"ONTG19000000083.1"
"chr19_55464402_55465308","SOX11","chr19_55452642_55453571","aCRE","SOX11__chr19_55452642_55453571",TRUE,"ONTG19000000088.1"
"chr19_55464402_55465308","SOX11","chr19_55651998_55652812","tCRE","SOX11__chr19_55651998_55652812",TRUE,"CCDC106"
"chr19_55464402_55465308","SOX11","chr19_55156266_55157147","aCRE","SOX11__chr19_55156266_55157147",TRUE,"TNNI3"
"chr19_55464402_55465308","SOX11","chr19_55148808_55149767","tCRE","SOX11__chr19_55148808_55149767",TRUE,"TNNT1"
"chr19_55464402_55465308","SOX11","chr19_55653674_55654198","aCRE","SOX11__chr19_55653674_55654198",TRUE,"U2AF2"
"chr19_55464402_55465308","SOX11","chr19_55339085_55340026","aCRE","SOX11__chr19_55339085_55340026",TRUE,"KMT5C"
"chr19_55464402_55465308","SOX11","chr19_55160298_55161268","aCRE","SOX11__chr19_55160298_55161268",TRUE,"DNAAF3"
"chr19_55464402_55465308","SOX11","chr19_55407624_55408545","tCRE","SOX11__chr19_55407624_55408545",TRUE,"UBE2S"
"chr19_55464402_55465308","SOX11","chr19_55440215_55441137","aCRE","SOX11__chr19_55440215_55441137",TRUE,NA
"chr19_55464402_55465308","SOX11","chr19_55156266_55157147","tCRE","SOX11__chr19_55156266_55157147",TRUE,"TNNI3"
"chr19_55464402_55465308","SOX11","chr19_55654212_55655074","tCRE","SOX11__chr19_55654212_55655074",TRUE,"U2AF2"
"chr19_55464402_55465308","SOX11","chr19_55145993_55147327","aCRE","SOX11__chr19_55145993_55147327",TRUE,"TNNT1"
"chr19_55464402_55465308","SOX11","chr19_55082307_55083148","aCRE","SOX11__chr19_55082307_55083148",TRUE,NA
"chr19_55464402_55465308","SOX11","chr19_55081041_55081996","aCRE","SOX11__chr19_55081041_55081996",TRUE,"ONTG19000001213.1"
"chr19_55464402_55465308","SOX11","chr19_55603336_55604057","aCRE","SOX11__chr19_55603336_55604057",TRUE,"ONTG19000001234.1"
"chr19_55464402_55465308","SOX11","chr19_55113329_55114250","aCRE","SOX11__chr19_55113329_55114250",TRUE,"PPP1R12C"
"chr19_55464402_55465308","SOX11","chr19_55091621_55092660","tCRE","SOX11__chr19_55091621_55092660",TRUE,"PPP1R12C"
"chr19_55464402_55465308","SOX11","chr19_55091621_55092660","aCRE","SOX11__chr19_55091621_55092660",TRUE,"PPP1R12C"
"chr19_55464402_55465308","SOX11","chr19_55674689_55675627","tCRE","SOX11__chr19_55674689_55675627",TRUE,"EPN1"
"chr19_55464402_55465308","SOX11","chr19_55640540_55641470","tCRE","SOX11__chr19_55640540_55641470",TRUE,"ZNF580"
"chr19_55464402_55465308","SOX11","chr19_55079885_55080738","aCRE","SOX11__chr19_55079885_55080738",TRUE,"EPS8L1"
"chr19_55464402_55465308","SOX11","chr19_55385244_55386171","tCRE","SOX11__chr19_55385244_55386171",TRUE,"RPL28"
"chr19_55464402_55465308","SOX11","chr19_55461355_55462259","tCRE","SOX11__chr19_55461355_55462259",TRUE,"ISOC2"
"chr19_55464402_55465308","SOX11","chr19_55173537_55174582","aCRE","SOX11__chr19_55173537_55174582",TRUE,"SYT5"
"chr19_55464402_55465308","SOX4","chr19_55647604_55648549","tCRE","SOX4__chr19_55647604_55648549",TRUE,"CCDC106"
"chr19_55464402_55465308","SOX4","chr19_55075344_55076282","tCRE","SOX4__chr19_55075344_55076282",TRUE,"EPS8L1"
"chr19_55464402_55465308","SOX4","chr19_55075344_55076282","aCRE","SOX4__chr19_55075344_55076282",TRUE,"EPS8L1"
"chr19_55464402_55465308","SOX4","chr19_55145993_55147327","tCRE","SOX4__chr19_55145993_55147327",TRUE,"TNNT1"
"chr19_55464402_55465308","SOX4","chr19_55079885_55080738","tCRE","SOX4__chr19_55079885_55080738",TRUE,"EPS8L1"
"chr19_55464402_55465308","SOX4","chr19_55348062_55349641","aCRE","SOX4__chr19_55348062_55349641",TRUE,"ONTG19000000083.1"
"chr19_55464402_55465308","SOX4","chr19_55452642_55453571","aCRE","SOX4__chr19_55452642_55453571",TRUE,"ONTG19000000088.1"
"chr19_55464402_55465308","SOX4","chr19_55651998_55652812","tCRE","SOX4__chr19_55651998_55652812",TRUE,"CCDC106"
"chr19_55464402_55465308","SOX4","chr19_55156266_55157147","aCRE","SOX4__chr19_55156266_55157147",TRUE,"TNNI3"
"chr19_55464402_55465308","SOX4","chr19_55148808_55149767","tCRE","SOX4__chr19_55148808_55149767",TRUE,"TNNT1"
"chr19_55464402_55465308","SOX4","chr19_55653674_55654198","aCRE","SOX4__chr19_55653674_55654198",TRUE,"U2AF2"
"chr19_55464402_55465308","SOX4","chr19_55339085_55340026","aCRE","SOX4__chr19_55339085_55340026",TRUE,"KMT5C"
"chr19_55464402_55465308","SOX4","chr19_55160298_55161268","aCRE","SOX4__chr19_55160298_55161268",TRUE,"DNAAF3"
"chr19_55464402_55465308","SOX4","chr19_55407624_55408545","tCRE","SOX4__chr19_55407624_55408545",TRUE,"UBE2S"
"chr19_55464402_55465308","SOX4","chr19_55440215_55441137","aCRE","SOX4__chr19_55440215_55441137",TRUE,NA
"chr19_55464402_55465308","SOX4","chr19_55156266_55157147","tCRE","SOX4__chr19_55156266_55157147",TRUE,"TNNI3"
"chr19_55464402_55465308","SOX4","chr19_55654212_55655074","tCRE","SOX4__chr19_55654212_55655074",TRUE,"U2AF2"
"chr19_55464402_55465308","SOX4","chr19_55145993_55147327","aCRE","SOX4__chr19_55145993_55147327",TRUE,"TNNT1"
"chr19_55464402_55465308","SOX4","chr19_55082307_55083148","aCRE","SOX4__chr19_55082307_55083148",TRUE,NA
"chr19_55464402_55465308","SOX4","chr19_55081041_55081996","aCRE","SOX4__chr19_55081041_55081996",TRUE,"ONTG19000001213.1"
"chr19_55464402_55465308","SOX4","chr19_55603336_55604057","aCRE","SOX4__chr19_55603336_55604057",TRUE,"ONTG19000001234.1"
"chr19_55464402_55465308","SOX4","chr19_55113329_55114250","aCRE","SOX4__chr19_55113329_55114250",TRUE,"PPP1R12C"
"chr19_55464402_55465308","SOX4","chr19_55091621_55092660","tCRE","SOX4__chr19_55091621_55092660",TRUE,"PPP1R12C"
"chr19_55464402_55465308","SOX4","chr19_55091621_55092660","aCRE","SOX4__chr19_55091621_55092660",TRUE,"PPP1R12C"
"chr19_55464402_55465308","SOX4","chr19_55674689_55675627","tCRE","SOX4__chr19_55674689_55675627",TRUE,"EPN1"
"chr19_55464402_55465308","SOX4","chr19_55640540_55641470","tCRE","SOX4__chr19_55640540_55641470",TRUE,"ZNF580"
"chr19_55464402_55465308","SOX4","chr19_55079885_55080738","aCRE","SOX4__chr19_55079885_55080738",TRUE,"EPS8L1"
"chr19_55464402_55465308","SOX4","chr19_55385244_55386171","tCRE","SOX4__chr19_55385244_55386171",TRUE,"RPL28"
"chr19_55464402_55465308","SOX4","chr19_55461355_55462259","tCRE","SOX4__chr19_55461355_55462259",TRUE,"ISOC2"
"chr19_55464402_55465308","SOX4","chr19_55173537_55174582","aCRE","SOX4__chr19_55173537_55174582",TRUE,"SYT5"
"chr19_55464402_55465308","MSX2","chr19_55647604_55648549","tCRE","MSX2__chr19_55647604_55648549",TRUE,"CCDC106"
"chr19_55464402_55465308","MSX2","chr19_55075344_55076282","tCRE","MSX2__chr19_55075344_55076282",TRUE,"EPS8L1"
"chr19_55464402_55465308","MSX2","chr19_55075344_55076282","aCRE","MSX2__chr19_55075344_55076282",TRUE,"EPS8L1"
"chr19_55464402_55465308","MSX2","chr19_55145993_55147327","tCRE","MSX2__chr19_55145993_55147327",TRUE,"TNNT1"
"chr19_55464402_55465308","MSX2","chr19_55079885_55080738","tCRE","MSX2__chr19_55079885_55080738",TRUE,"EPS8L1"
"chr19_55464402_55465308","MSX2","chr19_55348062_55349641","aCRE","MSX2__chr19_55348062_55349641",TRUE,"ONTG19000000083.1"
"chr19_55464402_55465308","MSX2","chr19_55452642_55453571","aCRE","MSX2__chr19_55452642_55453571",TRUE,"ONTG19000000088.1"
"chr19_55464402_55465308","MSX2","chr19_55651998_55652812","tCRE","MSX2__chr19_55651998_55652812",TRUE,"CCDC106"
"chr19_55464402_55465308","MSX2","chr19_55156266_55157147","aCRE","MSX2__chr19_55156266_55157147",TRUE,"TNNI3"
"chr19_55464402_55465308","MSX2","chr19_55148808_55149767","tCRE","MSX2__chr19_55148808_55149767",TRUE,"TNNT1"
"chr19_55464402_55465308","MSX2","chr19_55653674_55654198","aCRE","MSX2__chr19_55653674_55654198",TRUE,"U2AF2"
"chr19_55464402_55465308","MSX2","chr19_55339085_55340026","aCRE","MSX2__chr19_55339085_55340026",TRUE,"KMT5C"
"chr19_55464402_55465308","MSX2","chr19_55160298_55161268","aCRE","MSX2__chr19_55160298_55161268",TRUE,"DNAAF3"
"chr19_55464402_55465308","MSX2","chr19_55407624_55408545","tCRE","MSX2__chr19_55407624_55408545",TRUE,"UBE2S"
"chr19_55464402_55465308","MSX2","chr19_55440215_55441137","aCRE","MSX2__chr19_55440215_55441137",TRUE,NA
"chr19_55464402_55465308","MSX2","chr19_55156266_55157147","tCRE","MSX2__chr19_55156266_55157147",TRUE,"TNNI3"
"chr19_55464402_55465308","MSX2","chr19_55654212_55655074","tCRE","MSX2__chr19_55654212_55655074",TRUE,"U2AF2"
"chr19_55464402_55465308","MSX2","chr19_55145993_55147327","aCRE","MSX2__chr19_55145993_55147327",TRUE,"TNNT1"
"chr19_55464402_55465308","MSX2","chr19_55082307_55083148","aCRE","MSX2__chr19_55082307_55083148",TRUE,NA
"chr19_55464402_55465308","MSX2","chr19_55081041_55081996","aCRE","MSX2__chr19_55081041_55081996",TRUE,"ONTG19000001213.1"
"chr19_55464402_55465308","MSX2","chr19_55603336_55604057","aCRE","MSX2__chr19_55603336_55604057",TRUE,"ONTG19000001234.1"
"chr19_55464402_55465308","MSX2","chr19_55113329_55114250","aCRE","MSX2__chr19_55113329_55114250",TRUE,"PPP1R12C"
"chr19_55464402_55465308","MSX2","chr19_55091621_55092660","tCRE","MSX2__chr19_55091621_55092660",TRUE,"PPP1R12C"
"chr19_55464402_55465308","MSX2","chr19_55091621_55092660","aCRE","MSX2__chr19_55091621_55092660",TRUE,"PPP1R12C"
"chr19_55464402_55465308","MSX2","chr19_55674689_55675627","tCRE","MSX2__chr19_55674689_55675627",TRUE,"EPN1"
"chr19_55464402_55465308","MSX2","chr19_55640540_55641470","tCRE","MSX2__chr19_55640540_55641470",TRUE,"ZNF580"
"chr19_55464402_55465308","MSX2","chr19_55079885_55080738","aCRE","MSX2__chr19_55079885_55080738",TRUE,"EPS8L1"
"chr19_55464402_55465308","MSX2","chr19_55385244_55386171","tCRE","MSX2__chr19_55385244_55386171",TRUE,"RPL28"
"chr19_55464402_55465308","MSX2","chr19_55461355_55462259","tCRE","MSX2__chr19_55461355_55462259",TRUE,"ISOC2"
"chr19_55464402_55465308","MSX2","chr19_55173537_55174582","aCRE","MSX2__chr19_55173537_55174582",TRUE,"SYT5"
"chr19_55464402_55465308","MSX1","chr19_55647604_55648549","tCRE","MSX1__chr19_55647604_55648549",TRUE,"CCDC106"
"chr19_55464402_55465308","MSX1","chr19_55075344_55076282","tCRE","MSX1__chr19_55075344_55076282",TRUE,"EPS8L1"
"chr19_55464402_55465308","MSX1","chr19_55075344_55076282","aCRE","MSX1__chr19_55075344_55076282",TRUE,"EPS8L1"
"chr19_55464402_55465308","MSX1","chr19_55145993_55147327","tCRE","MSX1__chr19_55145993_55147327",TRUE,"TNNT1"
"chr19_55464402_55465308","MSX1","chr19_55079885_55080738","tCRE","MSX1__chr19_55079885_55080738",TRUE,"EPS8L1"
"chr19_55464402_55465308","MSX1","chr19_55348062_55349641","aCRE","MSX1__chr19_55348062_55349641",TRUE,"ONTG19000000083.1"
"chr19_55464402_55465308","MSX1","chr19_55452642_55453571","aCRE","MSX1__chr19_55452642_55453571",TRUE,"ONTG19000000088.1"
"chr19_55464402_55465308","MSX1","chr19_55651998_55652812","tCRE","MSX1__chr19_55651998_55652812",TRUE,"CCDC106"
"chr19_55464402_55465308","MSX1","chr19_55156266_55157147","aCRE","MSX1__chr19_55156266_55157147",TRUE,"TNNI3"
"chr19_55464402_55465308","MSX1","chr19_55148808_55149767","tCRE","MSX1__chr19_55148808_55149767",TRUE,"TNNT1"
"chr19_55464402_55465308","MSX1","chr19_55653674_55654198","aCRE","MSX1__chr19_55653674_55654198",TRUE,"U2AF2"
"chr19_55464402_55465308","MSX1","chr19_55339085_55340026","aCRE","MSX1__chr19_55339085_55340026",TRUE,"KMT5C"
"chr19_55464402_55465308","MSX1","chr19_55160298_55161268","aCRE","MSX1__chr19_55160298_55161268",TRUE,"DNAAF3"
"chr19_55464402_55465308","MSX1","chr19_55407624_55408545","tCRE","MSX1__chr19_55407624_55408545",TRUE,"UBE2S"
"chr19_55464402_55465308","MSX1","chr19_55440215_55441137","aCRE","MSX1__chr19_55440215_55441137",TRUE,NA
"chr19_55464402_55465308","MSX1","chr19_55156266_55157147","tCRE","MSX1__chr19_55156266_55157147",TRUE,"TNNI3"
"chr19_55464402_55465308","MSX1","chr19_55654212_55655074","tCRE","MSX1__chr19_55654212_55655074",TRUE,"U2AF2"
"chr19_55464402_55465308","MSX1","chr19_55145993_55147327","aCRE","MSX1__chr19_55145993_55147327",TRUE,"TNNT1"
"chr19_55464402_55465308","MSX1","chr19_55082307_55083148","aCRE","MSX1__chr19_55082307_55083148",TRUE,NA
"chr19_55464402_55465308","MSX1","chr19_55081041_55081996","aCRE","MSX1__chr19_55081041_55081996",TRUE,"ONTG19000001213.1"
"chr19_55464402_55465308","MSX1","chr19_55603336_55604057","aCRE","MSX1__chr19_55603336_55604057",TRUE,"ONTG19000001234.1"
"chr19_55464402_55465308","MSX1","chr19_55113329_55114250","aCRE","MSX1__chr19_55113329_55114250",TRUE,"PPP1R12C"
"chr19_55464402_55465308","MSX1","chr19_55091621_55092660","tCRE","MSX1__chr19_55091621_55092660",TRUE,"PPP1R12C"
"chr19_55464402_55465308","MSX1","chr19_55091621_55092660","aCRE","MSX1__chr19_55091621_55092660",TRUE,"PPP1R12C"
"chr19_55464402_55465308","MSX1","chr19_55674689_55675627","tCRE","MSX1__chr19_55674689_55675627",TRUE,"EPN1"
"chr19_55464402_55465308","MSX1","chr19_55640540_55641470","tCRE","MSX1__chr19_55640540_55641470",TRUE,"ZNF580"
"chr19_55464402_55465308","MSX1","chr19_55079885_55080738","aCRE","MSX1__chr19_55079885_55080738",TRUE,"EPS8L1"
"chr19_55464402_55465308","MSX1","chr19_55385244_55386171","tCRE","MSX1__chr19_55385244_55386171",TRUE,"RPL28"
"chr19_55464402_55465308","MSX1","chr19_55461355_55462259","tCRE","MSX1__chr19_55461355_55462259",TRUE,"ISOC2"
"chr19_55464402_55465308","MSX1","chr19_55173537_55174582","aCRE","MSX1__chr19_55173537_55174582",TRUE,"SYT5"
"chr19_782094_783114","TEAD1","chr19_571981_572928","tCRE","TEAD1__chr19_571981_572928",FALSE,"BSG"
"chr19_782094_783114","TEAD1","chr19_892741_893689","tCRE","TEAD1__chr19_892741_893689",TRUE,"MED16"
"chr19_782094_783114","TEAD1","chr19_1026045_1026995","tCRE","TEAD1__chr19_1026045_1026995",TRUE,"CNN2"
"chr19_8160877_8161831","NR2F6","chr19_8148477_8149997","aCRE","NR2F6__chr19_8148477_8149997",FALSE,"ONTG19000000374.1"
"chr19_8160877_8161831","NR2F6","chr19_8208796_8209740","tCRE","NR2F6__chr19_8208796_8209740",FALSE,"CERS4"
"chr19_8160877_8161831","NR2F6","chr19_8050257_8051173","aCRE","NR2F6__chr19_8050257_8051173",FALSE,NA
"chr1_10648896_10650214","GLIS3","chr1_10694299_10695221","tCRE","GLIS3__chr1_10694299_10695221",TRUE,"CASZ1"
"chr1_10651041_10652345","GLIS3","chr1_10398462_10399421","tCRE","GLIS3__chr1_10398462_10399421",TRUE,"PGD"
"chr1_109791814_109792781","ATF3","chr1_109910352_109911372","tCRE","ATF3__chr1_109910352_109911372",TRUE,"CSF1"
"chr1_109791814_109792781","FOS","chr1_109910352_109911372","tCRE","FOS__chr1_109910352_109911372",TRUE,"CSF1"
"chr1_109791814_109792781","JUN","chr1_109910352_109911372","tCRE","JUN__chr1_109910352_109911372",TRUE,"CSF1"
"chr1_110003671_110004660","MAFB","chr1_109910352_109911372","tCRE","MAFB__chr1_109910352_109911372",TRUE,"CSF1"
"chr1_110003671_110004660","ATF3","chr1_109910352_109911372","tCRE","ATF3__chr1_109910352_109911372",TRUE,"CSF1"
"chr1_114031808_114032585","SP8","chr1_114152273_114153195","tCRE","SP8__chr1_114152273_114153195",TRUE,"ONTG01000003168.1"
"chr1_114031808_114032585","SP8","chr1_113978749_113979773","tCRE","SP8__chr1_113978749_113979773",TRUE,"OLFML3"
"chr1_114031808_114032585","SP8","chr1_113811959_113812859","tCRE","SP8__chr1_113811959_113812859",TRUE,"RSBN1"
"chr1_114031808_114032585","SP8","chr1_113904648_113905595","aCRE","SP8__chr1_113904648_113905595",TRUE,"AP4B1"
"chr1_115924400_115925400","PBX3","chr1_115840630_115841497","tCRE","PBX3__chr1_115840630_115841497",TRUE,"NHLH2"
"chr1_115924400_115925400","PBX3","chr1_115975986_115976996","tCRE","PBX3__chr1_115975986_115976996",TRUE,"SLC22A15"
"chr1_115924400_115925400","PBX3","chr1_115840630_115841497","aCRE","PBX3__chr1_115840630_115841497",TRUE,"NHLH2"
"chr1_115924400_115925400","HOXA7","chr1_115840630_115841497","tCRE","HOXA7__chr1_115840630_115841497",TRUE,"NHLH2"
"chr1_115924400_115925400","HOXA7","chr1_115975986_115976996","tCRE","HOXA7__chr1_115975986_115976996",TRUE,"SLC22A15"
"chr1_115924400_115925400","HOXA7","chr1_115840630_115841497","aCRE","HOXA7__chr1_115840630_115841497",TRUE,"NHLH2"
"chr1_1315291_1316312","SP8","chr1_1334626_1335558","aCRE","SP8__chr1_1334626_1335558",TRUE,NA
"chr1_1315291_1316312","SP8","chr1_999869_1001012","aCRE","SP8__chr1_999869_1001012",FALSE,"HES4"
"chr1_1315291_1316312","SP8","chr1_1374921_1375835","tCRE","SP8__chr1_1374921_1375835",FALSE,"AURKAIP1"
"chr1_1315291_1316312","SP8","chr1_1419709_1420619","aCRE","SP8__chr1_1419709_1420619",FALSE,"ANKRD65"
"chr1_1315291_1316312","SP8","chr1_999869_1001012","tCRE","SP8__chr1_999869_1001012",FALSE,"HES4"
"chr1_14282347_14283328","POU3F2","chr1_14598286_14599270","tCRE","POU3F2__chr1_14598286_14599270",TRUE,"KAZN"
"chr1_150507727_150508559","MSX1","chr1_150235757_150236666","tCRE","MSX1__chr1_150235757_150236666",TRUE,"ANP32E"
"chr1_150507727_150508559","MSX1","chr1_150281960_150282883","aCRE","MSX1__chr1_150281960_150282883",TRUE,"CIART"
"chr1_150507727_150508559","MSX1","chr1_150281960_150282883","tCRE","MSX1__chr1_150281960_150282883",TRUE,"CIART"
"chr1_150507727_150508559","MSX1","chr1_150363550_150364459","aCRE","MSX1__chr1_150363550_150364459",TRUE,"RPRD2"
"chr1_150507727_150508559","NHLH1","chr1_150235757_150236666","tCRE","NHLH1__chr1_150235757_150236666",TRUE,"ANP32E"
"chr1_150507727_150508559","NHLH1","chr1_150281960_150282883","aCRE","NHLH1__chr1_150281960_150282883",TRUE,"CIART"
"chr1_150507727_150508559","NHLH1","chr1_150281960_150282883","tCRE","NHLH1__chr1_150281960_150282883",TRUE,"CIART"
"chr1_150507727_150508559","NHLH1","chr1_150363550_150364459","aCRE","NHLH1__chr1_150363550_150364459",TRUE,"RPRD2"
"chr1_150507727_150508559","GBX2","chr1_150235757_150236666","tCRE","GBX2__chr1_150235757_150236666",TRUE,"ANP32E"
"chr1_150507727_150508559","GBX2","chr1_150281960_150282883","aCRE","GBX2__chr1_150281960_150282883",TRUE,"CIART"
"chr1_150507727_150508559","GBX2","chr1_150281960_150282883","tCRE","GBX2__chr1_150281960_150282883",TRUE,"CIART"
"chr1_150507727_150508559","GBX2","chr1_150363550_150364459","aCRE","GBX2__chr1_150363550_150364459",TRUE,"RPRD2"
"chr1_150507727_150508559","FOS","chr1_150235757_150236666","tCRE","FOS__chr1_150235757_150236666",TRUE,"ANP32E"
"chr1_150507727_150508559","FOS","chr1_150281960_150282883","aCRE","FOS__chr1_150281960_150282883",TRUE,"CIART"
"chr1_150507727_150508559","FOS","chr1_150281960_150282883","tCRE","FOS__chr1_150281960_150282883",TRUE,"CIART"
"chr1_150507727_150508559","FOS","chr1_150363550_150364459","aCRE","FOS__chr1_150363550_150364459",FALSE,"RPRD2"
"chr1_150981844_150982746","NR2F1","chr1_150560877_150561799","aCRE","NR2F1__chr1_150560877_150561799",TRUE,"ENSG00000289457.1"
"chr1_151294751_151295650","SOX2","chr1_151024142_151025198","aCRE","SOX2__chr1_151024142_151025198",TRUE,"PRUNE1"
"chr1_151294751_151295650","SOX2","chr1_151510893_151511805","tCRE","SOX2__chr1_151510893_151511805",TRUE,"CGN"
"chr1_151294751_151295650","FOXO1","chr1_151024142_151025198","aCRE","FOXO1__chr1_151024142_151025198",TRUE,"PRUNE1"
"chr1_151294751_151295650","FOXO1","chr1_151510893_151511805","tCRE","FOXO1__chr1_151510893_151511805",TRUE,"CGN"
"chr1_151294751_151295650","ETV5","chr1_151024142_151025198","aCRE","ETV5__chr1_151024142_151025198",TRUE,"PRUNE1"
"chr1_151294751_151295650","ETV5","chr1_151510893_151511805","tCRE","ETV5__chr1_151510893_151511805",TRUE,"CGN"
"chr1_151372193_151373094","KLF7","chr1_151060078_151060852","tCRE","KLF7__chr1_151060078_151060852",TRUE,"MLLT11"
"chr1_151372193_151373094","KLF7","chr1_151716511_151717441","tCRE","KLF7__chr1_151716511_151717441",TRUE,"CELF3"
"chr1_151372193_151373094","KLF7","chr1_151611577_151612501","tCRE","KLF7__chr1_151611577_151612501",TRUE,"SNX27"
"chr1_151372193_151373094","KLF7","chr1_151189669_151190570","tCRE","KLF7__chr1_151189669_151190570",TRUE,"VPS72"
"chr1_151372193_151373094","KLF7","chr1_151165516_151166372","tCRE","KLF7__chr1_151165516_151166372",TRUE,"SCNM1"
"chr1_151372193_151373094","KLF7","chr1_151611577_151612501","aCRE","KLF7__chr1_151611577_151612501",TRUE,"SNX27"
"chr1_151372193_151373094","KLF7","chr1_151399070_151399946","tCRE","KLF7__chr1_151399070_151399946",TRUE,"PSMB4"
"chr1_151372193_151373094","KLF7","chr1_151458119_151459853","tCRE","KLF7__chr1_151458119_151459853",TRUE,"POGZ"
"chr1_151372193_151373094","KLF7","chr1_151346835_151347701","tCRE","KLF7__chr1_151346835_151347701",TRUE,"RFX5-AS1"
"chr1_151372193_151373094","KLF7","chr1_151327191_151328104","tCRE","KLF7__chr1_151327191_151328104",TRUE,"PI4KB"
"chr1_151372193_151373094","KLF7","chr1_151060078_151060852","aCRE","KLF7__chr1_151060078_151060852",TRUE,"MLLT11"
"chr1_151372193_151373094","KLF7","chr1_151839380_151840378","aCRE","KLF7__chr1_151839380_151840378",TRUE,"ONTG01000000940.1"
"chr1_151372193_151373094","KLF7","chr1_151059166_151060025","tCRE","KLF7__chr1_151059166_151060025",TRUE,"MLLT11"
"chr1_151372193_151373094","KLF7","chr1_151716511_151717441","aCRE","KLF7__chr1_151716511_151717441",TRUE,"CELF3"
"chr1_151372193_151373094","KLF7","chr1_151721095_151721991","tCRE","KLF7__chr1_151721095_151721991",TRUE,"RIIAD1"
"chr1_151372193_151373094","KLF7","chr1_151254306_151255267","tCRE","KLF7__chr1_151254306_151255267",TRUE,"PSMD4"
"chr1_151372193_151373094","SOX6","chr1_151060078_151060852","tCRE","SOX6__chr1_151060078_151060852",TRUE,"MLLT11"
"chr1_151372193_151373094","SOX6","chr1_151716511_151717441","tCRE","SOX6__chr1_151716511_151717441",TRUE,"CELF3"
"chr1_151372193_151373094","SOX6","chr1_151611577_151612501","tCRE","SOX6__chr1_151611577_151612501",TRUE,"SNX27"
"chr1_151372193_151373094","SOX6","chr1_151189669_151190570","tCRE","SOX6__chr1_151189669_151190570",TRUE,"VPS72"
"chr1_151372193_151373094","SOX6","chr1_151165516_151166372","tCRE","SOX6__chr1_151165516_151166372",TRUE,"SCNM1"
"chr1_151372193_151373094","SOX6","chr1_151611577_151612501","aCRE","SOX6__chr1_151611577_151612501",TRUE,"SNX27"
"chr1_151372193_151373094","SOX6","chr1_151399070_151399946","tCRE","SOX6__chr1_151399070_151399946",TRUE,"PSMB4"
"chr1_151372193_151373094","SOX6","chr1_151458119_151459853","tCRE","SOX6__chr1_151458119_151459853",TRUE,"POGZ"
"chr1_151372193_151373094","SOX6","chr1_151346835_151347701","tCRE","SOX6__chr1_151346835_151347701",TRUE,"RFX5-AS1"
"chr1_151372193_151373094","SOX6","chr1_151327191_151328104","tCRE","SOX6__chr1_151327191_151328104",TRUE,"PI4KB"
"chr1_151372193_151373094","SOX6","chr1_151060078_151060852","aCRE","SOX6__chr1_151060078_151060852",TRUE,"MLLT11"
"chr1_151372193_151373094","SOX6","chr1_151839380_151840378","aCRE","SOX6__chr1_151839380_151840378",TRUE,"ONTG01000000940.1"
"chr1_151372193_151373094","SOX6","chr1_151059166_151060025","tCRE","SOX6__chr1_151059166_151060025",TRUE,"MLLT11"
"chr1_151372193_151373094","SOX6","chr1_151716511_151717441","aCRE","SOX6__chr1_151716511_151717441",TRUE,"CELF3"
"chr1_151372193_151373094","SOX6","chr1_151721095_151721991","tCRE","SOX6__chr1_151721095_151721991",TRUE,"RIIAD1"
"chr1_151372193_151373094","SOX6","chr1_151254306_151255267","tCRE","SOX6__chr1_151254306_151255267",TRUE,"PSMD4"
"chr1_151372193_151373094","ZIC1","chr1_151060078_151060852","tCRE","ZIC1__chr1_151060078_151060852",FALSE,"MLLT11"
"chr1_151372193_151373094","ZIC1","chr1_151716511_151717441","tCRE","ZIC1__chr1_151716511_151717441",TRUE,"CELF3"
"chr1_151372193_151373094","ZIC1","chr1_151611577_151612501","tCRE","ZIC1__chr1_151611577_151612501",TRUE,"SNX27"
"chr1_151372193_151373094","ZIC1","chr1_151189669_151190570","tCRE","ZIC1__chr1_151189669_151190570",FALSE,"VPS72"
"chr1_151372193_151373094","ZIC1","chr1_151165516_151166372","tCRE","ZIC1__chr1_151165516_151166372",TRUE,"SCNM1"
"chr1_151372193_151373094","ZIC1","chr1_151611577_151612501","aCRE","ZIC1__chr1_151611577_151612501",TRUE,"SNX27"
"chr1_151372193_151373094","ZIC1","chr1_151399070_151399946","tCRE","ZIC1__chr1_151399070_151399946",TRUE,"PSMB4"
"chr1_151372193_151373094","ZIC1","chr1_151458119_151459853","tCRE","ZIC1__chr1_151458119_151459853",TRUE,"POGZ"
"chr1_151372193_151373094","ZIC1","chr1_151346835_151347701","tCRE","ZIC1__chr1_151346835_151347701",TRUE,"RFX5-AS1"
"chr1_151372193_151373094","ZIC1","chr1_151327191_151328104","tCRE","ZIC1__chr1_151327191_151328104",TRUE,"PI4KB"
"chr1_151372193_151373094","ZIC1","chr1_151060078_151060852","aCRE","ZIC1__chr1_151060078_151060852",FALSE,"MLLT11"
"chr1_151372193_151373094","ZIC1","chr1_151839380_151840378","aCRE","ZIC1__chr1_151839380_151840378",TRUE,"ONTG01000000940.1"
"chr1_151372193_151373094","ZIC1","chr1_151059166_151060025","tCRE","ZIC1__chr1_151059166_151060025",TRUE,"MLLT11"
"chr1_151372193_151373094","ZIC1","chr1_151716511_151717441","aCRE","ZIC1__chr1_151716511_151717441",TRUE,"CELF3"
"chr1_151372193_151373094","ZIC1","chr1_151721095_151721991","tCRE","ZIC1__chr1_151721095_151721991",FALSE,"RIIAD1"
"chr1_151372193_151373094","ZIC1","chr1_151254306_151255267","tCRE","ZIC1__chr1_151254306_151255267",FALSE,"PSMD4"
"chr1_15214227_15215153","ZIC1","chr1_15524094_15525258","tCRE","ZIC1__chr1_15524094_15525258",TRUE,"CASP9"
"chr1_153544744_153545659","NFIB","chr1_153990286_153991208","tCRE","NFIB__chr1_153990286_153991208",TRUE,"RPS27"
"chr1_153544744_153545659","NFIB","chr1_154001432_154002329","aCRE","NFIB__chr1_154001432_154002329",TRUE,NA
"chr1_153544744_153545659","HAND1","chr1_153990286_153991208","tCRE","HAND1__chr1_153990286_153991208",TRUE,"RPS27"
"chr1_153544744_153545659","HAND1","chr1_154001432_154002329","aCRE","HAND1__chr1_154001432_154002329",FALSE,NA
"chr1_153544744_153545659","NR6A1","chr1_153990286_153991208","tCRE","NR6A1__chr1_153990286_153991208",TRUE,"RPS27"
"chr1_153544744_153545659","NR6A1","chr1_154001432_154002329","aCRE","NR6A1__chr1_154001432_154002329",TRUE,NA
"chr1_153608752_153609775","NR2F1","chr1_153670691_153671601","tCRE","NR2F1__chr1_153670691_153671601",TRUE,"ILF2"
"chr1_153608752_153609775","NR2F1","chr1_153658280_153659213","tCRE","NR2F1__chr1_153658280_153659213",TRUE,"SNAPIN"
"chr1_153608752_153609775","NR2F1","chr1_153967125_153968076","tCRE","NR2F1__chr1_153967125_153968076",TRUE,"CREB3L4"
"chr1_153608752_153609775","NR2F1","chr1_153633661_153634656","tCRE","NR2F1__chr1_153633661_153634656",TRUE,"CHTOP"
"chr1_153608752_153609775","NR2F1","chr1_153986105_153987042","tCRE","NR2F1__chr1_153986105_153987042",TRUE,"RAB13"
"chr1_153608752_153609775","NR2F1","chr1_153404317_153405211","aCRE","NR2F1__chr1_153404317_153405211",TRUE,NA
"chr1_153608752_153609775","NR2F6","chr1_153670691_153671601","tCRE","NR2F6__chr1_153670691_153671601",FALSE,"ILF2"
"chr1_153608752_153609775","NR2F6","chr1_153658280_153659213","tCRE","NR2F6__chr1_153658280_153659213",FALSE,"SNAPIN"
"chr1_153608752_153609775","NR2F6","chr1_153967125_153968076","tCRE","NR2F6__chr1_153967125_153968076",TRUE,"CREB3L4"
"chr1_153608752_153609775","NR2F6","chr1_153633661_153634656","tCRE","NR2F6__chr1_153633661_153634656",FALSE,"CHTOP"
"chr1_153608752_153609775","NR2F6","chr1_153986105_153987042","tCRE","NR2F6__chr1_153986105_153987042",TRUE,"RAB13"
"chr1_153608752_153609775","NR2F6","chr1_153404317_153405211","aCRE","NR2F6__chr1_153404317_153405211",FALSE,NA
"chr1_153612525_153613531","REST","chr1_153986105_153987042","tCRE","REST__chr1_153986105_153987042",TRUE,"RAB13"
"chr1_153612525_153613531","TBX3","chr1_153986105_153987042","tCRE","TBX3__chr1_153986105_153987042",TRUE,"RAB13"
"chr1_153615976_153616838","NR6A1","chr1_153633661_153634656","tCRE","NR6A1__chr1_153633661_153634656",TRUE,"CHTOP"
"chr1_153615976_153616838","NR6A1","chr1_153670691_153671601","tCRE","NR6A1__chr1_153670691_153671601",TRUE,"ILF2"
"chr1_153615976_153616838","RARG","chr1_153633661_153634656","tCRE","RARG__chr1_153633661_153634656",TRUE,"CHTOP"
"chr1_153615976_153616838","RARG","chr1_153670691_153671601","tCRE","RARG__chr1_153670691_153671601",TRUE,"ILF2"
"chr1_154170690_154171573","KLF13","chr1_154271987_154272929","tCRE","KLF13__chr1_154271987_154272929",TRUE,"HAX1"
"chr1_154170690_154171573","KLF13","chr1_153955422_153956336","aCRE","KLF13__chr1_153955422_153956336",TRUE,NA
"chr1_154170690_154171573","KLF13","chr1_154220269_154221187","tCRE","KLF13__chr1_154220269_154221187",TRUE,"C1ORF43"
"chr1_154170690_154171573","KLF13","chr1_153977103_153978118","tCRE","KLF13__chr1_153977103_153978118",TRUE,"JTB"
"chr1_154170690_154171573","HOXB2","chr1_154271987_154272929","tCRE","HOXB2__chr1_154271987_154272929",TRUE,"HAX1"
"chr1_154170690_154171573","HOXB2","chr1_153955422_153956336","aCRE","HOXB2__chr1_153955422_153956336",TRUE,NA
"chr1_154170690_154171573","HOXB2","chr1_154220269_154221187","tCRE","HOXB2__chr1_154220269_154221187",TRUE,"C1ORF43"
"chr1_154170690_154171573","HOXB2","chr1_153977103_153978118","tCRE","HOXB2__chr1_153977103_153978118",TRUE,"JTB"
"chr1_155983191_155984090","POU3F1","chr1_156282376_156283268","tCRE","POU3F1__chr1_156282376_156283268",TRUE,"SMG5"
"chr1_155983191_155984090","ATF4","chr1_156282376_156283268","tCRE","ATF4__chr1_156282376_156283268",TRUE,"SMG5"
"chr1_156125857_156126838","ZIC1","chr1_155860150_155861093","aCRE","ZIC1__chr1_155860150_155861093",TRUE,"ONTG01000003642.1"
"chr1_156125857_156126838","ZIC1","chr1_156421325_156422258","aCRE","ZIC1__chr1_156421325_156422258",TRUE,"MIR9-1HG"
"chr1_156125857_156126838","ZIC1","chr1_156368756_156369704","tCRE","ZIC1__chr1_156368756_156369704",TRUE,"RHBG"
"chr1_156125857_156126838","ZIC1","chr1_156338025_156338926","tCRE","ZIC1__chr1_156338025_156338926",TRUE,"CCT3"
"chr1_156125857_156126838","ZIC1","chr1_156060865_156061995","aCRE","ZIC1__chr1_156060865_156061995",TRUE,"RAB25"
"chr1_156125857_156126838","ZIC1","chr1_156212658_156213572","tCRE","ZIC1__chr1_156212658_156213572",TRUE,"PMF1"
"chr1_156125857_156126838","ZIC1","chr1_156421325_156422258","tCRE","ZIC1__chr1_156421325_156422258",TRUE,"MIR9-1HG"
"chr1_156125857_156126838","ZIC1","chr1_155745194_155746119","aCRE","ZIC1__chr1_155745194_155746119",TRUE,"MSTO2P"
"chr1_156125857_156126838","ZIC1","chr1_155910918_155911826","tCRE","ZIC1__chr1_155910918_155911826",TRUE,"RIT1"
"chr1_156125857_156126838","ZIC1","chr1_156082213_156083187","tCRE","ZIC1__chr1_156082213_156083187",TRUE,"LMNA"
"chr1_156125857_156126838","ZIC1","chr1_156149583_156150526","aCRE","ZIC1__chr1_156149583_156150526",TRUE,"SEMA4A"
"chr1_156125857_156126838","ZIC1","chr1_156060865_156061995","tCRE","ZIC1__chr1_156060865_156061995",TRUE,"RAB25"
"chr1_156125857_156126838","ZIC1","chr1_155858983_155859901","tCRE","ZIC1__chr1_155858983_155859901",TRUE,"SYT11"
"chr1_156866244_156867290","NEUROD2","chr1_156859723_156860992","tCRE","NEUROD2__chr1_156859723_156860992",TRUE,"NTRK1"
"chr1_156866244_156867290","NEUROG2","chr1_156859723_156860992","tCRE","NEUROG2__chr1_156859723_156860992",TRUE,"NTRK1"
"chr1_160115302_160116185","NR2F1","chr1_160205007_160205863","tCRE","NR2F1__chr1_160205007_160205863",TRUE,"PEA15"
"chr1_16017375_16018556","HAND1","chr1_15758317_15759612","tCRE","HAND1__chr1_15758317_15759612",TRUE,"FBLIM1"
"chr1_16017375_16018556","HAND1","chr1_16366787_16367643","aCRE","HAND1__chr1_16366787_16367643",TRUE,"SZRD1"
"chr1_16017375_16018556","HAND1","chr1_16012675_16013641","aCRE","HAND1__chr1_16012675_16013641",TRUE,"ONTG01000002779.1"
"chr1_160953951_160954842","NR2F6","chr1_161038460_161039393","tCRE","NR2F6__chr1_161038460_161039393",TRUE,"TSTD1"
"chr1_160953951_160954842","NR6A1","chr1_161038460_161039393","tCRE","NR6A1__chr1_161038460_161039393",TRUE,"TSTD1"
"chr1_168803465_168805016","POU4F2","chr1_169105777_169106836","tCRE","POU4F2__chr1_169105777_169106836",TRUE,"ATP1B1"
"chr1_168803465_168805016","POU4F1","chr1_169105777_169106836","tCRE","POU4F1__chr1_169105777_169106836",TRUE,"ATP1B1"
"chr1_168803465_168805016","NEUROG2","chr1_169105777_169106836","tCRE","NEUROG2__chr1_169105777_169106836",TRUE,"ATP1B1"
"chr1_17044851_17046683","MAFB","chr1_16980075_16980939","tCRE","MAFB__chr1_16980075_16980939",FALSE,"MFAP2"
"chr1_17044851_17046683","MAFB","chr1_16960462_16961384","tCRE","MAFB__chr1_16960462_16961384",TRUE,"ONTG01000002607.1"
"chr1_17044851_17046683","MAFB","chr1_16647276_16648120","aCRE","MAFB__chr1_16647276_16648120",TRUE,"ONTG01000002596.1"
"chr1_19786742_19787606","POU5F1","chr1_19799557_19800622","tCRE","POU5F1__chr1_19799557_19800622",FALSE,"ONTG01000003853.1"
"chr1_205350306_205351423","POU5F1","chr1_205504209_205505208","tCRE","POU5F1__chr1_205504209_205505208",TRUE,"CDK18"
"chr1_205350306_205351423","POU5F1","chr1_205444621_205445670","aCRE","POU5F1__chr1_205444621_205445670",TRUE,"ONTG01000002006.1"
"chr1_205350306_205351423","POU5F1","chr1_205448279_205449181","aCRE","POU5F1__chr1_205448279_205449181",TRUE,"MIR135B"
"chr1_205350306_205351423","POU5F1","chr1_205456729_205457677","tCRE","POU5F1__chr1_205456729_205457677",TRUE,"LEMD1"
"chr1_205350306_205351423","TFAP4","chr1_205504209_205505208","tCRE","TFAP4__chr1_205504209_205505208",TRUE,"CDK18"
"chr1_205350306_205351423","TFAP4","chr1_205444621_205445670","aCRE","TFAP4__chr1_205444621_205445670",TRUE,"ONTG01000002006.1"
"chr1_205350306_205351423","TFAP4","chr1_205448279_205449181","aCRE","TFAP4__chr1_205448279_205449181",TRUE,"MIR135B"
"chr1_205350306_205351423","TFAP4","chr1_205456729_205457677","tCRE","TFAP4__chr1_205456729_205457677",TRUE,"LEMD1"
"chr1_205356283_205357353","KLF13","chr1_205301066_205302013","tCRE","KLF13__chr1_205301066_205302013",TRUE,"ONTG01000002339.1"
"chr1_205356283_205357353","KLF13","chr1_205343512_205344424","tCRE","KLF13__chr1_205343512_205344424",TRUE,"KLHDC8A"
"chr1_205356283_205357353","KLF13","chr1_205749999_205750751","tCRE","KLF13__chr1_205749999_205750751",TRUE,"NUCKS1"
"chr1_205356283_205357353","KLF13","chr1_205301066_205302013","aCRE","KLF13__chr1_205301066_205302013",TRUE,"ONTG01000002339.1"
"chr1_205356283_205357353","KLF13","chr1_205504209_205505208","aCRE","KLF13__chr1_205504209_205505208",TRUE,"CDK18"
"chr1_205356283_205357353","KLF13","chr1_205504209_205505208","tCRE","KLF13__chr1_205504209_205505208",TRUE,"CDK18"
"chr1_205356283_205357353","KLF13","chr1_205455728_205456454","tCRE","KLF13__chr1_205455728_205456454",TRUE,"LEMD1"
"chr1_205356283_205357353","EBF3","chr1_205301066_205302013","tCRE","EBF3__chr1_205301066_205302013",TRUE,"ONTG01000002339.1"
"chr1_205356283_205357353","EBF3","chr1_205343512_205344424","tCRE","EBF3__chr1_205343512_205344424",TRUE,"KLHDC8A"
"chr1_205356283_205357353","EBF3","chr1_205749999_205750751","tCRE","EBF3__chr1_205749999_205750751",TRUE,"NUCKS1"
"chr1_205356283_205357353","EBF3","chr1_205301066_205302013","aCRE","EBF3__chr1_205301066_205302013",TRUE,"ONTG01000002339.1"
"chr1_205356283_205357353","EBF3","chr1_205504209_205505208","aCRE","EBF3__chr1_205504209_205505208",TRUE,"CDK18"
"chr1_205356283_205357353","EBF3","chr1_205504209_205505208","tCRE","EBF3__chr1_205504209_205505208",TRUE,"CDK18"
"chr1_205356283_205357353","EBF3","chr1_205455728_205456454","tCRE","EBF3__chr1_205455728_205456454",TRUE,"LEMD1"
"chr1_20588653_20591064","SP8","chr1_20574917_20575888","aCRE","SP8__chr1_20574917_20575888",TRUE,NA
"chr1_20588653_20591064","SP8","chr1_20472910_20473862","aCRE","SP8__chr1_20472910_20473862",TRUE,NA
"chr1_20588653_20591064","POU5F1","chr1_20574917_20575888","aCRE","POU5F1__chr1_20574917_20575888",TRUE,NA
"chr1_20588653_20591064","POU5F1","chr1_20472910_20473862","aCRE","POU5F1__chr1_20472910_20473862",TRUE,NA
"chr1_211398267_211399182","NR2F6","chr1_211416170_211417128","aCRE","NR2F6__chr1_211416170_211417128",TRUE,"SNX25P1"
"chr1_211398267_211399182","NR2F6","chr1_211326386_211327263","tCRE","NR2F6__chr1_211326386_211327263",TRUE,"TRAF5"
"chr1_211398267_211399182","NR2F6","chr1_211258760_211259689","aCRE","NR2F6__chr1_211258760_211259689",TRUE,"RCOR3"
"chr1_211398267_211399182","FOXH1","chr1_211416170_211417128","aCRE","FOXH1__chr1_211416170_211417128",TRUE,"SNX25P1"
"chr1_211398267_211399182","FOXH1","chr1_211326386_211327263","tCRE","FOXH1__chr1_211326386_211327263",FALSE,"TRAF5"
"chr1_211398267_211399182","FOXH1","chr1_211258760_211259689","aCRE","FOXH1__chr1_211258760_211259689",TRUE,"RCOR3"
"chr1_212914058_212914796","SP8","chr1_212950098_212950992","tCRE","SP8__chr1_212950098_212950992",FALSE,"VASH2"
"chr1_212914058_212914796","SP8","chr1_212857681_212858621","tCRE","SP8__chr1_212857681_212858621",FALSE,"FLVCR1"
"chr1_212914058_212914796","SP8","chr1_212909735_212910565","tCRE","SP8__chr1_212909735_212910565",FALSE,"ONTG01000000421.1"
"chr1_212916452_212917482","ZNF148","chr1_212791397_212792340","tCRE","ZNF148__chr1_212791397_212792340",TRUE,"NSL1"
"chr1_212916452_212917482","ZNF148","chr1_212857681_212858621","tCRE","ZNF148__chr1_212857681_212858621",TRUE,"FLVCR1"
"chr1_212916452_212917482","ZNF148","chr1_212950098_212950992","tCRE","ZNF148__chr1_212950098_212950992",TRUE,"VASH2"
"chr1_212916452_212917482","RBPJ","chr1_212791397_212792340","tCRE","RBPJ__chr1_212791397_212792340",TRUE,"NSL1"
"chr1_212916452_212917482","RBPJ","chr1_212857681_212858621","tCRE","RBPJ__chr1_212857681_212858621",TRUE,"FLVCR1"
"chr1_212916452_212917482","RBPJ","chr1_212950098_212950992","tCRE","RBPJ__chr1_212950098_212950992",TRUE,"VASH2"
"chr1_212916452_212917482","ZKSCAN1","chr1_212791397_212792340","tCRE","ZKSCAN1__chr1_212791397_212792340",TRUE,"NSL1"
"chr1_212916452_212917482","ZKSCAN1","chr1_212857681_212858621","tCRE","ZKSCAN1__chr1_212857681_212858621",TRUE,"FLVCR1"
"chr1_212916452_212917482","ZKSCAN1","chr1_212950098_212950992","tCRE","ZKSCAN1__chr1_212950098_212950992",TRUE,"VASH2"
"chr1_217695784_217696738","REST","chr1_218156320_218157329","aCRE","REST__chr1_218156320_218157329",FALSE,NA
"chr1_225774075_225774982","ZIC1","chr1_225427683_225428610","tCRE","ZIC1__chr1_225427683_225428610",TRUE,"LBR"
"chr1_225774075_225774982","ZIC1","chr1_225777333_225778200","tCRE","ZIC1__chr1_225777333_225778200",TRUE,"SRP9"
"chr1_225774075_225774982","ZIC1","chr1_225809703_225810671","tCRE","ZIC1__chr1_225809703_225810671",TRUE,"EPHX1"
"chr1_225774075_225774982","ZIC1","chr1_226062089_226063021","tCRE","ZIC1__chr1_226062089_226063021",TRUE,"H3-3A"
"chr1_225774075_225774982","ZIC1","chr1_225652785_225653687","tCRE","ZIC1__chr1_225652785_225653687",TRUE,"ENAH"
"chr1_225774075_225774982","RBPJ","chr1_225427683_225428610","tCRE","RBPJ__chr1_225427683_225428610",TRUE,"LBR"
"chr1_225774075_225774982","RBPJ","chr1_225777333_225778200","tCRE","RBPJ__chr1_225777333_225778200",TRUE,"SRP9"
"chr1_225774075_225774982","RBPJ","chr1_225809703_225810671","tCRE","RBPJ__chr1_225809703_225810671",TRUE,"EPHX1"
"chr1_225774075_225774982","RBPJ","chr1_226062089_226063021","tCRE","RBPJ__chr1_226062089_226063021",TRUE,"H3-3A"
"chr1_225774075_225774982","RBPJ","chr1_225652785_225653687","tCRE","RBPJ__chr1_225652785_225653687",TRUE,"ENAH"
"chr1_225888726_225889797","SOX15","chr1_225939237_225940153","tCRE","SOX15__chr1_225939237_225940153",TRUE,"LEFTY2"
"chr1_225888726_225889797","SOX15","chr1_225887345_225888243","tCRE","SOX15__chr1_225887345_225888243",TRUE,"ONTG01000000011.1"
"chr1_225888726_225889797","SOX15","chr1_225923840_225924785","tCRE","SOX15__chr1_225923840_225924785",TRUE,"PYCR2"
"chr1_225888726_225889797","SOX15","chr1_225887345_225888243","aCRE","SOX15__chr1_225887345_225888243",TRUE,"ONTG01000000011.1"
"chr1_225941026_225942022","HMGA1","chr1_225939237_225940153","aCRE","HMGA1__chr1_225939237_225940153",TRUE,"LEFTY2"
"chr1_225941026_225942022","HMGA1","chr1_225939237_225940153","tCRE","HMGA1__chr1_225939237_225940153",TRUE,"LEFTY2"
"chr1_232118051_232118753","SOX2","chr1_232123576_232124879","aCRE","SOX2__chr1_232123576_232124879",TRUE,"ONTG01000003829.1"
"chr1_232118051_232118753","NR2F1","chr1_232123576_232124879","aCRE","NR2F1__chr1_232123576_232124879",TRUE,"ONTG01000003829.1"
"chr1_233503245_233504148","MEIS1","chr1_233904342_233905215","tCRE","MEIS1__chr1_233904342_233905215",FALSE,"SLC35F3"
"chr1_233503245_233504148","MEIS2","chr1_233904342_233905215","tCRE","MEIS2__chr1_233904342_233905215",TRUE,"SLC35F3"
"chr1_233503245_233504148","HOXC8","chr1_233904342_233905215","tCRE","HOXC8__chr1_233904342_233905215",TRUE,"SLC35F3"
"chr1_243487288_243488209","SP8","chr1_243850155_243851194","tCRE","SP8__chr1_243850155_243851194",TRUE,"AKT3"
"chr1_243487288_243488209","ETV5","chr1_243850155_243851194","tCRE","ETV5__chr1_243850155_243851194",TRUE,"AKT3"
"chr1_24463441_24465136","POU5F1","chr1_23979911_23980797","tCRE","POU5F1__chr1_23979911_23980797",FALSE,"SRSF10"
"chr1_24463441_24465136","POU5F1","chr1_24150129_24151688","aCRE","POU5F1__chr1_24150129_24151688",FALSE,"ONTG01000000314.1"
"chr1_24463441_24465136","POU5F1","chr1_24318953_24320022","aCRE","POU5F1__chr1_24318953_24320022",TRUE,"GRHL3"
"chr1_24463441_24465136","POU5F1","chr1_24186853_24187869","tCRE","POU5F1__chr1_24186853_24187869",FALSE,"IFNLR1"
"chr1_24463441_24465136","POU5F1","chr1_24413274_24414184","tCRE","POU5F1__chr1_24413274_24414184",TRUE,"STPG1"
"chr1_24463441_24465136","POU5F1","chr1_24642644_24643590","tCRE","POU5F1__chr1_24642644_24643590",TRUE,"SRRM1"
"chr1_244815291_244816198","NR2F6","chr1_244862721_244863625","tCRE","NR2F6__chr1_244862721_244863625",FALSE,"HNRNPU"
"chr1_244815291_244816198","NR2F6","chr1_244969459_244970158","tCRE","NR2F6__chr1_244969459_244970158",FALSE,"EFCAB2"
"chr1_244815291_244816198","NR2F6","chr1_244652502_244653408","tCRE","NR2F6__chr1_244652502_244653408",FALSE,"DESI2"
"chr1_244815291_244816198","NR2F6","chr1_244864192_244865055","tCRE","NR2F6__chr1_244864192_244865055",TRUE,"HNRNPU"
"chr1_244815291_244816198","NR2F6","chr1_244451623_244452545","tCRE","NR2F6__chr1_244451623_244452545",FALSE,"ADSS2"
"chr1_244815291_244816198","NR2F6","chr1_244460957_244461898","aCRE","NR2F6__chr1_244460957_244461898",FALSE,"ONTG01000000657.1"
"chr1_27429657_27430516","PRDM14","chr1_27614717_27615496","aCRE","PRDM14__chr1_27614717_27615496",TRUE,NA
"chr1_27429657_27430516","PRDM14","chr1_27603682_27604630","tCRE","PRDM14__chr1_27603682_27604630",TRUE,"AHDC1"
"chr1_27429657_27430516","PRDM14","chr1_27772725_27773615","tCRE","PRDM14__chr1_27772725_27773615",TRUE,"STX12"
"chr1_27429657_27430516","PRDM14","chr1_27382801_27383801","aCRE","PRDM14__chr1_27382801_27383801",TRUE,"CD164L2"
"chr1_27429657_27430516","PRDM14","chr1_27671883_27672816","aCRE","PRDM14__chr1_27671883_27672816",TRUE,"IFI6"
"chr1_27429657_27430516","ETV5","chr1_27614717_27615496","aCRE","ETV5__chr1_27614717_27615496",TRUE,NA
"chr1_27429657_27430516","ETV5","chr1_27603682_27604630","tCRE","ETV5__chr1_27603682_27604630",TRUE,"AHDC1"
"chr1_27429657_27430516","ETV5","chr1_27772725_27773615","tCRE","ETV5__chr1_27772725_27773615",TRUE,"STX12"
"chr1_27429657_27430516","ETV5","chr1_27382801_27383801","aCRE","ETV5__chr1_27382801_27383801",TRUE,"CD164L2"
"chr1_27429657_27430516","ETV5","chr1_27671883_27672816","aCRE","ETV5__chr1_27671883_27672816",TRUE,"IFI6"
"chr1_31575942_31576889","SP8","chr1_31412756_31413610","aCRE","SP8__chr1_31412756_31413610",FALSE,"SERINC2"
"chr1_31575942_31576889","SP8","chr1_31944125_31945061","aCRE","SP8__chr1_31944125_31945061",TRUE,"ONTG01000003070.1"
"chr1_31575942_31576889","SP8","chr1_31669289_31670778","tCRE","SP8__chr1_31669289_31670778",FALSE,"COL16A1"
"chr1_31575942_31576889","SP8","chr1_31714969_31716079","aCRE","SP8__chr1_31714969_31716079",FALSE,"ONTG01000002935.1"
"chr1_31672696_31673613","SOX9","chr1_31669289_31670778","aCRE","SOX9__chr1_31669289_31670778",TRUE,"COL16A1"
"chr1_31672696_31673613","SOX9","chr1_31763964_31764917","tCRE","SOX9__chr1_31763964_31764917",TRUE,"ADGRB2"
"chr1_31672696_31673613","SOX9","chr1_31669289_31670778","tCRE","SOX9__chr1_31669289_31670778",TRUE,"COL16A1"
"chr1_31672696_31673613","NEUROD1","chr1_31669289_31670778","aCRE","NEUROD1__chr1_31669289_31670778",FALSE,"COL16A1"
"chr1_31672696_31673613","NEUROD1","chr1_31763964_31764917","tCRE","NEUROD1__chr1_31763964_31764917",TRUE,"ADGRB2"
"chr1_31672696_31673613","NEUROD1","chr1_31669289_31670778","tCRE","NEUROD1__chr1_31669289_31670778",FALSE,"COL16A1"
"chr1_32273374_32274452","SP8","chr1_32200227_32201139","aCRE","SP8__chr1_32200227_32201139",TRUE,"CCDC28B"
"chr1_32273374_32274452","SP8","chr1_32200227_32201139","tCRE","SP8__chr1_32200227_32201139",TRUE,"CCDC28B"
"chr1_32273374_32274452","SP8","chr1_32239912_32240943","tCRE","SP8__chr1_32239912_32240943",FALSE,"MTMR9LP"
"chr1_32273374_32274452","SP8","chr1_32335786_32336727","tCRE","SP8__chr1_32335786_32336727",TRUE,"MARCKSL1"
"chr1_32273374_32274452","SP8","chr1_32239912_32240943","aCRE","SP8__chr1_32239912_32240943",FALSE,"MTMR9LP"
"chr1_32273374_32274452","SP8","chr1_32394133_32395071","aCRE","SP8__chr1_32394133_32395071",TRUE,"BSDC1"
"chr1_32273374_32274452","SP8","chr1_32394133_32395071","tCRE","SP8__chr1_32394133_32395071",TRUE,"BSDC1"
"chr1_32273374_32274452","SP8","chr1_32291638_32292556","tCRE","SP8__chr1_32291638_32292556",FALSE,"HDAC1"
"chr1_32273374_32274452","SP8","chr1_32241098_32241972","tCRE","SP8__chr1_32241098_32241972",TRUE,"MTMR9LP"
"chr1_32273374_32274452","SP8","chr1_32179346_32180335","tCRE","SP8__chr1_32179346_32180335",TRUE,"TXLNA"
"chr1_32273374_32274452","SP8","chr1_32221873_32222812","tCRE","SP8__chr1_32221873_32222812",TRUE,"EIF3I"
"chr1_32273374_32274452","TEAD4","chr1_32200227_32201139","aCRE","TEAD4__chr1_32200227_32201139",TRUE,"CCDC28B"
"chr1_32273374_32274452","TEAD4","chr1_32200227_32201139","tCRE","TEAD4__chr1_32200227_32201139",TRUE,"CCDC28B"
"chr1_32273374_32274452","TEAD4","chr1_32239912_32240943","tCRE","TEAD4__chr1_32239912_32240943",TRUE,"MTMR9LP"
"chr1_32273374_32274452","TEAD4","chr1_32335786_32336727","tCRE","TEAD4__chr1_32335786_32336727",TRUE,"MARCKSL1"
"chr1_32273374_32274452","TEAD4","chr1_32239912_32240943","aCRE","TEAD4__chr1_32239912_32240943",TRUE,"MTMR9LP"
"chr1_32273374_32274452","TEAD4","chr1_32394133_32395071","aCRE","TEAD4__chr1_32394133_32395071",TRUE,"BSDC1"
"chr1_32273374_32274452","TEAD4","chr1_32394133_32395071","tCRE","TEAD4__chr1_32394133_32395071",TRUE,"BSDC1"
"chr1_32273374_32274452","TEAD4","chr1_32291638_32292556","tCRE","TEAD4__chr1_32291638_32292556",TRUE,"HDAC1"
"chr1_32273374_32274452","TEAD4","chr1_32241098_32241972","tCRE","TEAD4__chr1_32241098_32241972",TRUE,"MTMR9LP"
"chr1_32273374_32274452","TEAD4","chr1_32179346_32180335","tCRE","TEAD4__chr1_32179346_32180335",TRUE,"TXLNA"
"chr1_32273374_32274452","TEAD4","chr1_32221873_32222812","tCRE","TEAD4__chr1_32221873_32222812",TRUE,"EIF3I"
"chr1_32273374_32274452","SOX4","chr1_32200227_32201139","aCRE","SOX4__chr1_32200227_32201139",TRUE,"CCDC28B"
"chr1_32273374_32274452","SOX4","chr1_32200227_32201139","tCRE","SOX4__chr1_32200227_32201139",TRUE,"CCDC28B"
"chr1_32273374_32274452","SOX4","chr1_32239912_32240943","tCRE","SOX4__chr1_32239912_32240943",TRUE,"MTMR9LP"
"chr1_32273374_32274452","SOX4","chr1_32335786_32336727","tCRE","SOX4__chr1_32335786_32336727",TRUE,"MARCKSL1"
"chr1_32273374_32274452","SOX4","chr1_32239912_32240943","aCRE","SOX4__chr1_32239912_32240943",TRUE,"MTMR9LP"
"chr1_32273374_32274452","SOX4","chr1_32394133_32395071","aCRE","SOX4__chr1_32394133_32395071",TRUE,"BSDC1"
"chr1_32273374_32274452","SOX4","chr1_32394133_32395071","tCRE","SOX4__chr1_32394133_32395071",TRUE,"BSDC1"
"chr1_32273374_32274452","SOX4","chr1_32291638_32292556","tCRE","SOX4__chr1_32291638_32292556",TRUE,"HDAC1"
"chr1_32273374_32274452","SOX4","chr1_32241098_32241972","tCRE","SOX4__chr1_32241098_32241972",TRUE,"MTMR9LP"
"chr1_32273374_32274452","SOX4","chr1_32179346_32180335","tCRE","SOX4__chr1_32179346_32180335",TRUE,"TXLNA"
"chr1_32273374_32274452","SOX4","chr1_32221873_32222812","tCRE","SOX4__chr1_32221873_32222812",TRUE,"EIF3I"
"chr1_38558347_38559217","NR2F6","chr1_38426853_38427627","aCRE","NR2F6__chr1_38426853_38427627",TRUE,"ONTG01000000767.1"
"chr1_38558347_38559217","NR2F6","chr1_38426853_38427627","tCRE","NR2F6__chr1_38426853_38427627",TRUE,"ONTG01000000767.1"
"chr1_39016493_39017404","POU5F1","chr1_39025974_39026922","tCRE","POU5F1__chr1_39025974_39026922",TRUE,"NDUFS5"
"chr1_39016493_39017404","SP8","chr1_39025974_39026922","tCRE","SP8__chr1_39025974_39026922",FALSE,"NDUFS5"
"chr1_42739790_42740785","SP8","chr1_42462723_42463649","tCRE","SP8__chr1_42462723_42463649",FALSE,"CCDC30"
"chr1_42739790_42740785","SP8","chr1_42657878_42658837","tCRE","SP8__chr1_42657878_42658837",FALSE,"PPIH"
"chr1_42739790_42740785","SP8","chr1_42334832_42335742","tCRE","SP8__chr1_42334832_42335742",TRUE,"FOXJ3"
"chr1_42739790_42740785","SP8","chr1_42816796_42817738","tCRE","SP8__chr1_42816796_42817738",FALSE,"SVBP"
"chr1_43284987_43286068","ETV4","chr1_43389422_43390354","tCRE","ETV4__chr1_43389422_43390354",FALSE,"MED8"
"chr1_43284987_43286068","ETV4","chr1_43549780_43550761","aCRE","ETV4__chr1_43549780_43550761",FALSE,"ONTG01000000673.1"
"chr1_43284987_43286068","ETV4","chr1_43270244_43271114","aCRE","ETV4__chr1_43270244_43271114",FALSE,"EBNA1BP2"
"chr1_43284987_43286068","ETV4","chr1_42958557_42959396","tCRE","ETV4__chr1_42958557_42959396",FALSE,"SLC2A1"
"chr1_43284987_43286068","ETV4","chr1_43008109_43009249","aCRE","ETV4__chr1_43008109_43009249",FALSE,"ONTG01000000060.1"
"chr1_43284987_43286068","ETV4","chr1_43270244_43271114","tCRE","ETV4__chr1_43270244_43271114",FALSE,"EBNA1BP2"
"chr1_43284987_43286068","ETV4","chr1_43649698_43650552","tCRE","ETV4__chr1_43649698_43650552",TRUE,"KDM4A"
"chr1_43284987_43286068","ETV4","chr1_43358391_43359292","tCRE","ETV4__chr1_43358391_43359292",FALSE,"CDC20"
"chr1_43284987_43286068","ETV4","chr1_43366011_43366963","aCRE","ETV4__chr1_43366011_43366963",FALSE,"ELOVL1"
"chr1_43284987_43286068","ETV4","chr1_43172033_43172961","tCRE","ETV4__chr1_43172033_43172961",TRUE,"EBNA1BP2"
"chr1_43284987_43286068","ETV4","chr1_43348829_43349727","aCRE","ETV4__chr1_43348829_43349727",FALSE,"ENSG00000287113.1"
"chr1_43284987_43286068","ETV4","chr1_43147361_43148306","tCRE","ETV4__chr1_43147361_43148306",FALSE,"FAM183A"
"chr1_43284987_43286068","ETV4","chr1_43545497_43546467","aCRE","ETV4__chr1_43545497_43546467",FALSE,"ONTG01000000672.1"
"chr1_43284987_43286068","ETV4","chr1_43367691_43368655","tCRE","ETV4__chr1_43367691_43368655",FALSE,"ELOVL1"
"chr1_43284987_43286068","SP8","chr1_43389422_43390354","tCRE","SP8__chr1_43389422_43390354",TRUE,"MED8"
"chr1_43284987_43286068","SP8","chr1_43549780_43550761","aCRE","SP8__chr1_43549780_43550761",TRUE,"ONTG01000000673.1"
"chr1_43284987_43286068","SP8","chr1_43270244_43271114","aCRE","SP8__chr1_43270244_43271114",TRUE,"EBNA1BP2"
"chr1_43284987_43286068","SP8","chr1_42958557_42959396","tCRE","SP8__chr1_42958557_42959396",FALSE,"SLC2A1"
"chr1_43284987_43286068","SP8","chr1_43008109_43009249","aCRE","SP8__chr1_43008109_43009249",FALSE,"ONTG01000000060.1"
"chr1_43284987_43286068","SP8","chr1_43270244_43271114","tCRE","SP8__chr1_43270244_43271114",TRUE,"EBNA1BP2"
"chr1_43284987_43286068","SP8","chr1_43649698_43650552","tCRE","SP8__chr1_43649698_43650552",TRUE,"KDM4A"
"chr1_43284987_43286068","SP8","chr1_43358391_43359292","tCRE","SP8__chr1_43358391_43359292",TRUE,"CDC20"
"chr1_43284987_43286068","SP8","chr1_43366011_43366963","aCRE","SP8__chr1_43366011_43366963",TRUE,"ELOVL1"
"chr1_43284987_43286068","SP8","chr1_43172033_43172961","tCRE","SP8__chr1_43172033_43172961",FALSE,"EBNA1BP2"
"chr1_43284987_43286068","SP8","chr1_43348829_43349727","aCRE","SP8__chr1_43348829_43349727",TRUE,"ENSG00000287113.1"
"chr1_43284987_43286068","SP8","chr1_43147361_43148306","tCRE","SP8__chr1_43147361_43148306",TRUE,"FAM183A"
"chr1_43284987_43286068","SP8","chr1_43545497_43546467","aCRE","SP8__chr1_43545497_43546467",TRUE,"ONTG01000000672.1"
"chr1_43284987_43286068","SP8","chr1_43367691_43368655","tCRE","SP8__chr1_43367691_43368655",TRUE,"ELOVL1"
"chr1_44808209_44809008","RELA","chr1_44986186_44987100","tCRE","RELA__chr1_44986186_44987100",TRUE,"EIF2B3"
"chr1_44808209_44809008","ZNF93","chr1_44986186_44987100","tCRE","ZNF93__chr1_44986186_44987100",TRUE,"EIF2B3"
"chr1_50105188_50106134","TCF4","chr1_50108300_50109202","aCRE","TCF4__chr1_50108300_50109202",TRUE,"ELAVL4"
"chr1_50105188_50106134","TCF4","chr1_50108300_50109202","tCRE","TCF4__chr1_50108300_50109202",TRUE,"ELAVL4"
"chr1_50105188_50106134","TCF4","chr1_50109395_50111403","tCRE","TCF4__chr1_50109395_50111403",TRUE,"ELAVL4"
"chr1_50105188_50106134","ZEB1","chr1_50108300_50109202","aCRE","ZEB1__chr1_50108300_50109202",TRUE,"ELAVL4"
"chr1_50105188_50106134","ZEB1","chr1_50108300_50109202","tCRE","ZEB1__chr1_50108300_50109202",TRUE,"ELAVL4"
"chr1_50105188_50106134","ZEB1","chr1_50109395_50111403","tCRE","ZEB1__chr1_50109395_50111403",TRUE,"ELAVL4"
"chr1_52640431_52641408","KLF7","chr1_52552908_52553869","tCRE","KLF7__chr1_52552908_52553869",TRUE,"TUT4"
"chr1_52640431_52641408","KLF7","chr1_52602110_52603037","tCRE","KLF7__chr1_52602110_52603037",TRUE,"GPX7"
"chr1_52640431_52641408","KLF7","chr1_52404056_52404997","tCRE","KLF7__chr1_52404056_52404997",TRUE,"PRPF38A"
"chr1_52640431_52641408","KLF7","chr1_52726056_52726965","tCRE","KLF7__chr1_52726056_52726965",TRUE,"ZYG11B"
"chr1_52640431_52641408","MEIS1","chr1_52552908_52553869","tCRE","MEIS1__chr1_52552908_52553869",TRUE,"TUT4"
"chr1_52640431_52641408","MEIS1","chr1_52602110_52603037","tCRE","MEIS1__chr1_52602110_52603037",TRUE,"GPX7"
"chr1_52640431_52641408","MEIS1","chr1_52404056_52404997","tCRE","MEIS1__chr1_52404056_52404997",TRUE,"PRPF38A"
"chr1_52640431_52641408","MEIS1","chr1_52726056_52726965","tCRE","MEIS1__chr1_52726056_52726965",TRUE,"ZYG11B"
"chr1_56818556_56820058","SNAI2","chr1_56578965_56579928","aCRE","SNAI2__chr1_56578965_56579928",TRUE,"PLPP3"
"chr1_6465744_6466639","ZNF148","chr1_6238387_6239824","aCRE","ZNF148__chr1_6238387_6239824",TRUE,"ONTG01000001067.1"
"chr1_6465744_6466639","ZNF148","chr1_6385391_6386332","tCRE","ZNF148__chr1_6385391_6386332",TRUE,"ACOT7"
"chr1_6465744_6466639","ZNF148","chr1_6235507_6236473","tCRE","ZNF148__chr1_6235507_6236473",TRUE,"ICMT"
"chr1_6465744_6466639","ZNF148","chr1_6579462_6580381","tCRE","ZNF148__chr1_6579462_6580381",TRUE,"ZBTB48"
"chr1_6465744_6466639","ZNF148","chr1_6471215_6471889","aCRE","ZNF148__chr1_6471215_6471889",TRUE,"PLEKHG5"
"chr1_6465744_6466639","ZNF148","chr1_6205901_6206724","aCRE","ZNF148__chr1_6205901_6206724",TRUE,"RNF207"
"chr1_6465744_6466639","ZNF148","chr1_6446920_6448363","aCRE","ZNF148__chr1_6446920_6448363",TRUE,"ESPN"
"chr1_6465744_6466639","ZNF148","chr1_6446920_6448363","tCRE","ZNF148__chr1_6446920_6448363",TRUE,"ESPN"
"chr1_6465744_6466639","SP8","chr1_6238387_6239824","aCRE","SP8__chr1_6238387_6239824",TRUE,"ONTG01000001067.1"
"chr1_6465744_6466639","SP8","chr1_6385391_6386332","tCRE","SP8__chr1_6385391_6386332",FALSE,"ACOT7"
"chr1_6465744_6466639","SP8","chr1_6235507_6236473","tCRE","SP8__chr1_6235507_6236473",TRUE,"ICMT"
"chr1_6465744_6466639","SP8","chr1_6579462_6580381","tCRE","SP8__chr1_6579462_6580381",FALSE,"ZBTB48"
"chr1_6465744_6466639","SP8","chr1_6471215_6471889","aCRE","SP8__chr1_6471215_6471889",FALSE,"PLEKHG5"
"chr1_6465744_6466639","SP8","chr1_6205901_6206724","aCRE","SP8__chr1_6205901_6206724",FALSE,"RNF207"
"chr1_6465744_6466639","SP8","chr1_6446920_6448363","aCRE","SP8__chr1_6446920_6448363",FALSE,"ESPN"
"chr1_6465744_6466639","SP8","chr1_6446920_6448363","tCRE","SP8__chr1_6446920_6448363",FALSE,"ESPN"
"chr1_68319732_68320881","GLIS3","chr1_68232055_68233066","tCRE","GLIS3__chr1_68232055_68233066",TRUE,"WLS"
"chr1_68319732_68320881","ZIC1","chr1_68232055_68233066","tCRE","ZIC1__chr1_68232055_68233066",TRUE,"WLS"
"chr1_74536609_74537461","ZBTB18","chr1_74197753_74198669","aCRE","ZBTB18__chr1_74197753_74198669",TRUE,"FPGT"
"chr1_74536609_74537461","ZBTB18","chr1_74732757_74733690","tCRE","ZBTB18__chr1_74732757_74733690",TRUE,"CRYZ"
"chr1_74536609_74537461","NEUROD1","chr1_74197753_74198669","aCRE","NEUROD1__chr1_74197753_74198669",TRUE,"FPGT"
"chr1_74536609_74537461","NEUROD1","chr1_74732757_74733690","tCRE","NEUROD1__chr1_74732757_74733690",TRUE,"CRYZ"
"chr1_74536609_74537461","HOXB4","chr1_74197753_74198669","aCRE","HOXB4__chr1_74197753_74198669",TRUE,"FPGT"
"chr1_74536609_74537461","HOXB4","chr1_74732757_74733690","tCRE","HOXB4__chr1_74732757_74733690",TRUE,"CRYZ"
"chr1_74536609_74537461","ETV1","chr1_74197753_74198669","aCRE","ETV1__chr1_74197753_74198669",TRUE,"FPGT"
"chr1_74536609_74537461","ETV1","chr1_74732757_74733690","tCRE","ETV1__chr1_74732757_74733690",TRUE,"CRYZ"
"chr1_74536609_74537461","SOX9","chr1_74197753_74198669","aCRE","SOX9__chr1_74197753_74198669",TRUE,"FPGT"
"chr1_74536609_74537461","SOX9","chr1_74732757_74733690","tCRE","SOX9__chr1_74732757_74733690",TRUE,"CRYZ"
"chr1_74536609_74537461","NEUROG2","chr1_74197753_74198669","aCRE","NEUROG2__chr1_74197753_74198669",TRUE,"FPGT"
"chr1_74536609_74537461","NEUROG2","chr1_74732757_74733690","tCRE","NEUROG2__chr1_74732757_74733690",TRUE,"CRYZ"
"chr1_74536609_74537461","SIX1","chr1_74197753_74198669","aCRE","SIX1__chr1_74197753_74198669",TRUE,"FPGT"
"chr1_74536609_74537461","SIX1","chr1_74732757_74733690","tCRE","SIX1__chr1_74732757_74733690",TRUE,"CRYZ"
"chr1_81245027_81245906","TEAD4","chr1_81305746_81306708","tCRE","TEAD4__chr1_81305746_81306708",TRUE,"ADGRL2"
"chr1_81245027_81245906","ZIC1","chr1_81305746_81306708","tCRE","ZIC1__chr1_81305746_81306708",TRUE,"ADGRL2"
"chr1_83263527_83264533","ZIC3","chr1_83181967_83183006","tCRE","ZIC3__chr1_83181967_83183006",TRUE,"ONTG01000002922.1"
"chr1_84164222_84165282","TCF7L1","chr1_84077494_84078504","tCRE","TCF7L1__chr1_84077494_84078504",TRUE,"PRKACB-DT"
"chr1_84164222_84165282","TCF7L1","chr1_83998814_83999715","aCRE","TCF7L1__chr1_83998814_83999715",TRUE,"TTLL7"
"chr1_84164222_84165282","TCF7L1","chr1_84505833_84506815","aCRE","TCF7L1__chr1_84505833_84506815",TRUE,"GNG5"
"chr1_84164222_84165282","TCF7L1","chr1_83998814_83999715","tCRE","TCF7L1__chr1_83998814_83999715",TRUE,"TTLL7"
"chr1_84164222_84165282","TCF7L1","chr1_84573900_84574792","tCRE","TCF7L1__chr1_84573900_84574792",TRUE,"CTBS"
"chr1_84164222_84165282","TCF7L1","chr1_84505833_84506815","tCRE","TCF7L1__chr1_84505833_84506815",TRUE,"GNG5"
"chr1_84164222_84165282","POU3F2","chr1_84077494_84078504","tCRE","POU3F2__chr1_84077494_84078504",TRUE,"PRKACB-DT"
"chr1_84164222_84165282","POU3F2","chr1_83998814_83999715","aCRE","POU3F2__chr1_83998814_83999715",TRUE,"TTLL7"
"chr1_84164222_84165282","POU3F2","chr1_84505833_84506815","aCRE","POU3F2__chr1_84505833_84506815",TRUE,"GNG5"
"chr1_84164222_84165282","POU3F2","chr1_83998814_83999715","tCRE","POU3F2__chr1_83998814_83999715",TRUE,"TTLL7"
"chr1_84164222_84165282","POU3F2","chr1_84573900_84574792","tCRE","POU3F2__chr1_84573900_84574792",TRUE,"CTBS"
"chr1_84164222_84165282","POU3F2","chr1_84505833_84506815","tCRE","POU3F2__chr1_84505833_84506815",TRUE,"GNG5"
"chr1_84164222_84165282","POU2F2","chr1_84077494_84078504","tCRE","POU2F2__chr1_84077494_84078504",TRUE,"PRKACB-DT"
"chr1_84164222_84165282","POU2F2","chr1_83998814_83999715","aCRE","POU2F2__chr1_83998814_83999715",TRUE,"TTLL7"
"chr1_84164222_84165282","POU2F2","chr1_84505833_84506815","aCRE","POU2F2__chr1_84505833_84506815",TRUE,"GNG5"
"chr1_84164222_84165282","POU2F2","chr1_83998814_83999715","tCRE","POU2F2__chr1_83998814_83999715",TRUE,"TTLL7"
"chr1_84164222_84165282","POU2F2","chr1_84573900_84574792","tCRE","POU2F2__chr1_84573900_84574792",TRUE,"CTBS"
"chr1_84164222_84165282","POU2F2","chr1_84505833_84506815","tCRE","POU2F2__chr1_84505833_84506815",TRUE,"GNG5"
"chr1_84164222_84165282","MSX1","chr1_84077494_84078504","tCRE","MSX1__chr1_84077494_84078504",TRUE,"PRKACB-DT"
"chr1_84164222_84165282","MSX1","chr1_83998814_83999715","aCRE","MSX1__chr1_83998814_83999715",TRUE,"TTLL7"
"chr1_84164222_84165282","MSX1","chr1_84505833_84506815","aCRE","MSX1__chr1_84505833_84506815",TRUE,"GNG5"
"chr1_84164222_84165282","MSX1","chr1_83998814_83999715","tCRE","MSX1__chr1_83998814_83999715",TRUE,"TTLL7"
"chr1_84164222_84165282","MSX1","chr1_84573900_84574792","tCRE","MSX1__chr1_84573900_84574792",TRUE,"CTBS"
"chr1_84164222_84165282","MSX1","chr1_84505833_84506815","tCRE","MSX1__chr1_84505833_84506815",TRUE,"GNG5"
"chr1_881745_882639","NEUROG2","chr1_827051_827924","tCRE","NEUROG2__chr1_827051_827924",TRUE,"LINC01128"
"chr1_881745_882639","SOX6","chr1_827051_827924","tCRE","SOX6__chr1_827051_827924",TRUE,"LINC01128"
"chr1_881745_882639","NEUROD1","chr1_827051_827924","tCRE","NEUROD1__chr1_827051_827924",TRUE,"LINC01128"
"chr1_881745_882639","MEIS1","chr1_827051_827924","tCRE","MEIS1__chr1_827051_827924",TRUE,"LINC01128"
"chr1_881745_882639","ATF3","chr1_827051_827924","tCRE","ATF3__chr1_827051_827924",TRUE,"LINC01128"
"chr1_881745_882639","SREBF2","chr1_827051_827924","tCRE","SREBF2__chr1_827051_827924",TRUE,"LINC01128"
"chr1_881745_882639","JUN","chr1_827051_827924","tCRE","JUN__chr1_827051_827924",TRUE,"LINC01128"
"chr1_89417810_89418721","FOXO1","chr1_89632541_89633590","aCRE","FOXO1__chr1_89632541_89633590",TRUE,"LRRC8C-DT"
"chr1_89417810_89418721","NANOG","chr1_89632541_89633590","aCRE","NANOG__chr1_89632541_89633590",TRUE,"LRRC8C-DT"
"chr1_94863632_94864526","FOS","chr1_94926790_94927734","tCRE","FOS__chr1_94926790_94927734",TRUE,"CNN3"
"chr1_94863632_94864526","FOS","chr1_94925332_94926236","tCRE","FOS__chr1_94925332_94926236",TRUE,"CNN3"
"chr1_94863632_94864526","ZIC4","chr1_94926790_94927734","tCRE","ZIC4__chr1_94926790_94927734",TRUE,"CNN3"
"chr1_94863632_94864526","ZIC4","chr1_94925332_94926236","tCRE","ZIC4__chr1_94925332_94926236",TRUE,"CNN3"
"chr20_17636366_17637258","MEIS1","chr20_17569013_17570544","tCRE","MEIS1__chr20_17569013_17570544",TRUE,"DSTN"
"chr20_17636366_17637258","MEIS1","chr20_17968408_17969361","aCRE","MEIS1__chr20_17968408_17969361",TRUE,"SNX5"
"chr20_17636366_17637258","MEIS1","chr20_17968408_17969361","tCRE","MEIS1__chr20_17968408_17969361",TRUE,"SNX5"
"chr20_17636366_17637258","MEIS1","chr20_17681993_17682944","tCRE","MEIS1__chr20_17681993_17682944",TRUE,"RRBP1"
"chr20_17636366_17637258","MEIS1","chr20_17681993_17682944","aCRE","MEIS1__chr20_17681993_17682944",TRUE,"RRBP1"
"chr20_17636366_17637258","ZIC1","chr20_17569013_17570544","tCRE","ZIC1__chr20_17569013_17570544",TRUE,"DSTN"
"chr20_17636366_17637258","ZIC1","chr20_17968408_17969361","aCRE","ZIC1__chr20_17968408_17969361",TRUE,"SNX5"
"chr20_17636366_17637258","ZIC1","chr20_17968408_17969361","tCRE","ZIC1__chr20_17968408_17969361",TRUE,"SNX5"
"chr20_17636366_17637258","ZIC1","chr20_17681993_17682944","tCRE","ZIC1__chr20_17681993_17682944",TRUE,"RRBP1"
"chr20_17636366_17637258","ZIC1","chr20_17681993_17682944","aCRE","ZIC1__chr20_17681993_17682944",TRUE,"RRBP1"
"chr20_20073583_20074462","NEUROD2","chr20_20367390_20368419","tCRE","NEUROD2__chr20_20367390_20368419",TRUE,"INSM1"
"chr20_21189530_21190634","SOX13","chr20_21303016_21303979","tCRE","SOX13__chr20_21303016_21303979",TRUE,"ENSG00000275457.1"
"chr20_21189530_21190634","SOX13","chr20_21105321_21106539","aCRE","SOX13__chr20_21105321_21106539",TRUE,"LINC00237"
"chr20_21189530_21190634","SOX13","chr20_21514772_21515583","aCRE","SOX13__chr20_21514772_21515583",TRUE,NA
"chr20_21189530_21190634","SOX13","chr20_21100211_21101459","aCRE","SOX13__chr20_21100211_21101459",TRUE,"ONTG20000000268.1"
"chr20_21189530_21190634","SOX13","chr20_21105321_21106539","tCRE","SOX13__chr20_21105321_21106539",TRUE,"LINC00237"
"chr20_21189530_21190634","FOXN3","chr20_21303016_21303979","tCRE","FOXN3__chr20_21303016_21303979",TRUE,"ENSG00000275457.1"
"chr20_21189530_21190634","FOXN3","chr20_21105321_21106539","aCRE","FOXN3__chr20_21105321_21106539",TRUE,"LINC00237"
"chr20_21189530_21190634","FOXN3","chr20_21514772_21515583","aCRE","FOXN3__chr20_21514772_21515583",TRUE,NA
"chr20_21189530_21190634","FOXN3","chr20_21100211_21101459","aCRE","FOXN3__chr20_21100211_21101459",TRUE,"ONTG20000000268.1"
"chr20_21189530_21190634","FOXN3","chr20_21105321_21106539","tCRE","FOXN3__chr20_21105321_21106539",TRUE,"LINC00237"
"chr20_23826213_23827420","ZIC1","chr20_23775806_23776977","aCRE","ZIC1__chr20_23775806_23776977",TRUE,"CSTP2"
"chr20_23826213_23827420","GLIS3","chr20_23775806_23776977","aCRE","GLIS3__chr20_23775806_23776977",TRUE,"CSTP2"
"chr20_25319966_25320836","ZIC1","chr20_25247735_25248651","tCRE","ZIC1__chr20_25247735_25248651",TRUE,"PYGB"
"chr20_25319966_25320836","ZIC1","chr20_25390455_25391351","aCRE","ZIC1__chr20_25390455_25391351",TRUE,"ABHD12"
"chr20_25319966_25320836","ZIC1","chr20_25390455_25391351","tCRE","ZIC1__chr20_25390455_25391351",TRUE,"ABHD12"
"chr20_25319966_25320836","NEUROD1","chr20_25247735_25248651","tCRE","NEUROD1__chr20_25247735_25248651",TRUE,"PYGB"
"chr20_25319966_25320836","NEUROD1","chr20_25390455_25391351","aCRE","NEUROD1__chr20_25390455_25391351",TRUE,"ABHD12"
"chr20_25319966_25320836","NEUROD1","chr20_25390455_25391351","tCRE","NEUROD1__chr20_25390455_25391351",TRUE,"ABHD12"
"chr20_25319966_25320836","PBX3","chr20_25247735_25248651","tCRE","PBX3__chr20_25247735_25248651",TRUE,"PYGB"
"chr20_25319966_25320836","PBX3","chr20_25390455_25391351","aCRE","PBX3__chr20_25390455_25391351",TRUE,"ABHD12"
"chr20_25319966_25320836","PBX3","chr20_25390455_25391351","tCRE","PBX3__chr20_25390455_25391351",TRUE,"ABHD12"
"chr20_25319966_25320836","ZIC2","chr20_25247735_25248651","tCRE","ZIC2__chr20_25247735_25248651",TRUE,"PYGB"
"chr20_25319966_25320836","ZIC2","chr20_25390455_25391351","aCRE","ZIC2__chr20_25390455_25391351",TRUE,"ABHD12"
"chr20_25319966_25320836","ZIC2","chr20_25390455_25391351","tCRE","ZIC2__chr20_25390455_25391351",TRUE,"ABHD12"
"chr20_30911827_30912924","SOX3","chr20_30899421_30900298","aCRE","SOX3__chr20_30899421_30900298",TRUE,"ONTG20000000558.1"
"chr20_32474894_32475940","ZIC1","chr20_32761786_32762925","aCRE","ZIC1__chr20_32761786_32762925",TRUE,"DNMT3B"
"chr20_32474894_32475940","ZIC1","chr20_32819536_32820415","tCRE","ZIC1__chr20_32819536_32820415",TRUE,"MAPRE1"
"chr20_33465320_33466314","NEUROD2","chr20_33686077_33687015","tCRE","NEUROD2__chr20_33686077_33687015",TRUE,"E2F1"
"chr20_33465320_33466314","NEUROD2","chr20_33684713_33685594","aCRE","NEUROD2__chr20_33684713_33685594",TRUE,"ONTG20000000321.1"
"chr20_33465320_33466314","ZBTB18","chr20_33686077_33687015","tCRE","ZBTB18__chr20_33686077_33687015",TRUE,"E2F1"
"chr20_33465320_33466314","ZBTB18","chr20_33684713_33685594","aCRE","ZBTB18__chr20_33684713_33685594",TRUE,"ONTG20000000321.1"
"chr20_33465320_33466314","PAX6","chr20_33686077_33687015","tCRE","PAX6__chr20_33686077_33687015",TRUE,"E2F1"
"chr20_33465320_33466314","PAX6","chr20_33684713_33685594","aCRE","PAX6__chr20_33684713_33685594",TRUE,"ONTG20000000321.1"
"chr20_33561786_33562828","SHOX2","chr20_33686077_33687015","tCRE","SHOX2__chr20_33686077_33687015",TRUE,"E2F1"
"chr20_33561786_33562828","SHOX2","chr20_33674018_33674911","tCRE","SHOX2__chr20_33674018_33674911",TRUE,"NECAB3"
"chr20_33561786_33562828","SHOX2","chr20_33489590_33490462","tCRE","SHOX2__chr20_33489590_33490462",TRUE,"CBFA2T2"
"chr20_33561786_33562828","NEUROD1","chr20_33686077_33687015","tCRE","NEUROD1__chr20_33686077_33687015",FALSE,"E2F1"
"chr20_33561786_33562828","NEUROD1","chr20_33674018_33674911","tCRE","NEUROD1__chr20_33674018_33674911",FALSE,"NECAB3"
"chr20_33561786_33562828","NEUROD1","chr20_33489590_33490462","tCRE","NEUROD1__chr20_33489590_33490462",FALSE,"CBFA2T2"
"chr20_33561786_33562828","NEUROG1","chr20_33686077_33687015","tCRE","NEUROG1__chr20_33686077_33687015",TRUE,"E2F1"
"chr20_33561786_33562828","NEUROG1","chr20_33674018_33674911","tCRE","NEUROG1__chr20_33674018_33674911",TRUE,"NECAB3"
"chr20_33561786_33562828","NEUROG1","chr20_33489590_33490462","tCRE","NEUROG1__chr20_33489590_33490462",TRUE,"CBFA2T2"
"chr20_34951417_34952317","ZIC1","chr20_35277636_35278520","tCRE","ZIC1__chr20_35277636_35278520",FALSE,"MMP24OS"
"chr20_34951417_34952317","ZIC1","chr20_34824849_34825873","tCRE","ZIC1__chr20_34824849_34825873",TRUE,"NCOA6"
"chr20_34951417_34952317","ZIC2","chr20_35277636_35278520","tCRE","ZIC2__chr20_35277636_35278520",TRUE,"MMP24OS"
"chr20_34951417_34952317","ZIC2","chr20_34824849_34825873","tCRE","ZIC2__chr20_34824849_34825873",TRUE,"NCOA6"
"chr20_34951417_34952317","NEUROD1","chr20_35277636_35278520","tCRE","NEUROD1__chr20_35277636_35278520",TRUE,"MMP24OS"
"chr20_34951417_34952317","NEUROD1","chr20_34824849_34825873","tCRE","NEUROD1__chr20_34824849_34825873",TRUE,"NCOA6"
"chr20_34951417_34952317","NEUROG2","chr20_35277636_35278520","tCRE","NEUROG2__chr20_35277636_35278520",TRUE,"MMP24OS"
"chr20_34951417_34952317","NEUROG2","chr20_34824849_34825873","tCRE","NEUROG2__chr20_34824849_34825873",TRUE,"NCOA6"
"chr20_34951417_34952317","TCF12","chr20_35277636_35278520","tCRE","TCF12__chr20_35277636_35278520",TRUE,"MMP24OS"
"chr20_34951417_34952317","TCF12","chr20_34824849_34825873","tCRE","TCF12__chr20_34824849_34825873",TRUE,"NCOA6"
"chr20_34951417_34952317","NR2F1","chr20_35277636_35278520","tCRE","NR2F1__chr20_35277636_35278520",TRUE,"MMP24OS"
"chr20_34951417_34952317","NR2F1","chr20_34824849_34825873","tCRE","NR2F1__chr20_34824849_34825873",TRUE,"NCOA6"
"chr20_35174506_35175437","SP8","chr20_35171539_35172487","tCRE","SP8__chr20_35171539_35172487",FALSE,"PROCR"
"chr20_3799213_3800209","POU2F2","chr20_3820032_3821005","tCRE","POU2F2__chr20_3820032_3821005",TRUE,"AP5S1"
"chr20_3799213_3800209","ZNF148","chr20_3820032_3821005","tCRE","ZNF148__chr20_3820032_3821005",TRUE,"AP5S1"
"chr20_44738462_44739461","MEIS1","chr20_44475445_44476378","tCRE","MEIS1__chr20_44475445_44476378",TRUE,"TTPAL"
"chr20_44738462_44739461","MEIS1","chr20_44521493_44522492","tCRE","MEIS1__chr20_44521493_44522492",TRUE,"SERINC3"
"chr20_44738462_44739461","MEIS1","chr20_44310742_44311646","tCRE","MEIS1__chr20_44310742_44311646",TRUE,"FITM2"
"chr20_44738462_44739461","MEIS1","chr20_44651333_44652267","tCRE","MEIS1__chr20_44651333_44652267",TRUE,"ADA"
"chr20_44738462_44739461","MEIS1","chr20_44959946_44960850","tCRE","MEIS1__chr20_44959946_44960850",TRUE,"TOMM34"
"chr20_44738462_44739461","MEIS1","chr20_44746511_44747249","aCRE","MEIS1__chr20_44746511_44747249",TRUE,"ENSG00000276223.1"
"chr20_44738462_44739461","MEIS1","chr20_44911233_44912123","aCRE","MEIS1__chr20_44911233_44912123",TRUE,NA
"chr20_44738462_44739461","MEIS1","chr20_44803143_44804086","aCRE","MEIS1__chr20_44803143_44804086",TRUE,NA
"chr20_44738462_44739461","MEIS1","chr20_44805664_44806671","aCRE","MEIS1__chr20_44805664_44806671",TRUE,NA
"chr20_44738462_44739461","MEIS1","chr20_44531422_44532335","tCRE","MEIS1__chr20_44531422_44532335",TRUE,"PKIG"
"chr20_44738462_44739461","MEIS1","chr20_44885128_44886022","tCRE","MEIS1__chr20_44885128_44886022",TRUE,"YWHAB"
"chr20_44738462_44739461","MEIS1","chr20_44909579_44910585","tCRE","MEIS1__chr20_44909579_44910585",TRUE,"PABPC1L"
"chr20_44738462_44739461","MEIS1","chr20_44521493_44522492","aCRE","MEIS1__chr20_44521493_44522492",TRUE,"SERINC3"
"chr20_44738462_44739461","MEIS1","chr20_44909579_44910585","aCRE","MEIS1__chr20_44909579_44910585",TRUE,"PABPC1L"
"chr20_44738462_44739461","TEAD2","chr20_44475445_44476378","tCRE","TEAD2__chr20_44475445_44476378",TRUE,"TTPAL"
"chr20_44738462_44739461","TEAD2","chr20_44521493_44522492","tCRE","TEAD2__chr20_44521493_44522492",TRUE,"SERINC3"
"chr20_44738462_44739461","TEAD2","chr20_44310742_44311646","tCRE","TEAD2__chr20_44310742_44311646",TRUE,"FITM2"
"chr20_44738462_44739461","TEAD2","chr20_44651333_44652267","tCRE","TEAD2__chr20_44651333_44652267",TRUE,"ADA"
"chr20_44738462_44739461","TEAD2","chr20_44959946_44960850","tCRE","TEAD2__chr20_44959946_44960850",TRUE,"TOMM34"
"chr20_44738462_44739461","TEAD2","chr20_44746511_44747249","aCRE","TEAD2__chr20_44746511_44747249",TRUE,"ENSG00000276223.1"
"chr20_44738462_44739461","TEAD2","chr20_44911233_44912123","aCRE","TEAD2__chr20_44911233_44912123",TRUE,NA
"chr20_44738462_44739461","TEAD2","chr20_44803143_44804086","aCRE","TEAD2__chr20_44803143_44804086",TRUE,NA
"chr20_44738462_44739461","TEAD2","chr20_44805664_44806671","aCRE","TEAD2__chr20_44805664_44806671",TRUE,NA
"chr20_44738462_44739461","TEAD2","chr20_44531422_44532335","tCRE","TEAD2__chr20_44531422_44532335",TRUE,"PKIG"
"chr20_44738462_44739461","TEAD2","chr20_44885128_44886022","tCRE","TEAD2__chr20_44885128_44886022",TRUE,"YWHAB"
"chr20_44738462_44739461","TEAD2","chr20_44909579_44910585","tCRE","TEAD2__chr20_44909579_44910585",TRUE,"PABPC1L"
"chr20_44738462_44739461","TEAD2","chr20_44521493_44522492","aCRE","TEAD2__chr20_44521493_44522492",TRUE,"SERINC3"
"chr20_44738462_44739461","TEAD2","chr20_44909579_44910585","aCRE","TEAD2__chr20_44909579_44910585",TRUE,"PABPC1L"
"chr20_46008158_46009313","POU5F1","chr20_46250897_46251922","aCRE","POU5F1__chr20_46250897_46251922",TRUE,NA
"chr20_46008158_46009313","POU5F1","chr20_46458724_46459780","aCRE","POU5F1__chr20_46458724_46459780",TRUE,"ZNF663P"
"chr20_46008158_46009313","POU5F1","chr20_46011448_46012359","tCRE","POU5F1__chr20_46011448_46012359",TRUE,"ONTG20000000153.1"
"chr20_46008158_46009313","POU5F1","chr20_46458724_46459780","tCRE","POU5F1__chr20_46458724_46459780",TRUE,"ZNF663P"
"chr20_46008158_46009313","POU5F1","chr20_46011448_46012359","aCRE","POU5F1__chr20_46011448_46012359",TRUE,"ONTG20000000153.1"
"chr20_46008158_46009313","POU5F1","chr20_45823777_45824871","tCRE","POU5F1__chr20_45823777_45824871",TRUE,"TNNC2"
"chr20_46008158_46009313","POU5F1","chr20_46312212_46313102","aCRE","POU5F1__chr20_46312212_46313102",TRUE,NA
"chr20_46008158_46009313","POU5F1","chr20_46021501_46022466","aCRE","POU5F1__chr20_46021501_46022466",TRUE,"SLC12A5"
"chr20_46008158_46009313","POU5F1","chr20_46117777_46118739","aCRE","POU5F1__chr20_46117777_46118739",TRUE,"CD40"
"chr20_46008158_46009313","POU5F1","chr20_46406088_46406987","tCRE","POU5F1__chr20_46406088_46406987",TRUE,"ELMO2"
"chr20_46008158_46009313","POU5F1","chr20_46013667_46014656","aCRE","POU5F1__chr20_46013667_46014656",TRUE,"MMP9"
"chr20_46008158_46009313","POU5F1","chr20_46117777_46118739","tCRE","POU5F1__chr20_46117777_46118739",TRUE,"CD40"
"chr20_46008158_46009313","POU5F1","chr20_46089428_46090318","tCRE","POU5F1__chr20_46089428_46090318",TRUE,"NCOA5"
"chr20_46008158_46009313","POU5F1","chr20_46028842_46029992","aCRE","POU5F1__chr20_46028842_46029992",TRUE,"SLC12A5"
"chr20_46008158_46009313","POU5F1","chr20_45823777_45824871","aCRE","POU5F1__chr20_45823777_45824871",TRUE,"TNNC2"
"chr20_46008158_46009313","POU5F1","chr20_46013667_46014656","tCRE","POU5F1__chr20_46013667_46014656",TRUE,"MMP9"
"chr20_46583307_46584339","SOX2","chr20_46458724_46459780","aCRE","SOX2__chr20_46458724_46459780",TRUE,"ZNF663P"
"chr20_46583307_46584339","NFYB","chr20_46458724_46459780","aCRE","NFYB__chr20_46458724_46459780",FALSE,"ZNF663P"
"chr20_57524532_57525443","SNAI2","chr20_57390865_57391816","tCRE","SNAI2__chr20_57390865_57391816",TRUE,"ONTG20000000008.1"
"chr20_57524532_57525443","SNAI2","chr20_57388922_57389906","aCRE","SNAI2__chr20_57388922_57389906",TRUE,"ONTG20000000347.1"
"chr20_57524532_57525443","ZEB1","chr20_57390865_57391816","tCRE","ZEB1__chr20_57390865_57391816",TRUE,"ONTG20000000008.1"
"chr20_57524532_57525443","ZEB1","chr20_57388922_57389906","aCRE","ZEB1__chr20_57388922_57389906",TRUE,"ONTG20000000347.1"
"chr20_57524532_57525443","PLAGL1","chr20_57390865_57391816","tCRE","PLAGL1__chr20_57390865_57391816",TRUE,"ONTG20000000008.1"
"chr20_57524532_57525443","PLAGL1","chr20_57388922_57389906","aCRE","PLAGL1__chr20_57388922_57389906",TRUE,"ONTG20000000347.1"
"chr20_62427245_62427934","RARG","chr20_62816643_62817725","tCRE","RARG__chr20_62816643_62817725",FALSE,"COL9A3"
"chr20_62427245_62427934","MEIS2","chr20_62816643_62817725","tCRE","MEIS2__chr20_62816643_62817725",TRUE,"COL9A3"
"chr20_62831975_62833499","SP8","chr20_62953723_62954756","aCRE","SP8__chr20_62953723_62954756",TRUE,"ONTG20000000575.1"
"chr20_62831975_62833499","SP8","chr20_62952193_62953100","tCRE","SP8__chr20_62952193_62953100",TRUE,"SLC17A9"
"chr20_62831975_62833499","SP8","chr20_62641897_62642821","tCRE","SP8__chr20_62641897_62642821",TRUE,"SLCO4A1"
"chr20_62831975_62833499","SP8","chr20_62937509_62938422","tCRE","SP8__chr20_62937509_62938422",TRUE,"GID8"
"chr20_62831975_62833499","SP8","chr20_62928919_62929827","aCRE","SP8__chr20_62928919_62929827",TRUE,"ENSG00000273759.1"
"chr20_62831975_62833499","SP8","chr20_62804393_62805261","tCRE","SP8__chr20_62804393_62805261",TRUE,"OGFR"
"chr20_62831975_62833499","SP8","chr20_62927996_62928821","aCRE","SP8__chr20_62927996_62928821",TRUE,"ONTG20000000373.1"
"chr20_62831975_62833499","SP8","chr20_62952193_62953100","aCRE","SP8__chr20_62952193_62953100",TRUE,"SLC17A9"
"chr20_63208292_63209164","IRF9","chr20_63472217_63473191","tCRE","IRF9__chr20_63472217_63473191",TRUE,"KCNQ2"
"chr20_63208292_63209164","MAF","chr20_63472217_63473191","tCRE","MAF__chr20_63472217_63473191",TRUE,"KCNQ2"
"chr20_63393830_63394813","POU5F1","chr20_63653105_63654115","tCRE","POU5F1__chr20_63653105_63654115",TRUE,"STMN3"
"chr20_63393830_63394813","POU5F1","chr20_63472217_63473191","tCRE","POU5F1__chr20_63472217_63473191",TRUE,"KCNQ2"
"chr20_775496_776383","SP8","chr20_840801_841555","tCRE","SP8__chr20_840801_841555",TRUE,"FAM110A"
"chr20_775496_776383","SP8","chr20_1005338_1006289","aCRE","SP8__chr20_1005338_1006289",TRUE,NA
"chr20_775496_776383","SP8","chr20_884727_885743","aCRE","SP8__chr20_884727_885743",TRUE,NA
"chr21_15246289_15247181","PRDM14","chr21_15064582_15065482","tCRE","PRDM14__chr21_15064582_15065482",TRUE,"NRIP1"
"chr21_15246289_15247181","MEIS3","chr21_15064582_15065482","tCRE","MEIS3__chr21_15064582_15065482",TRUE,"NRIP1"
"chr21_15246289_15247181","IRF3","chr21_15064582_15065482","tCRE","IRF3__chr21_15064582_15065482",TRUE,"NRIP1"
"chr21_15443993_15445014","SOX4","chr21_15065685_15066403","tCRE","SOX4__chr21_15065685_15066403",TRUE,"NRIP1"
"chr21_15443993_15445014","ZIC1","chr21_15065685_15066403","tCRE","ZIC1__chr21_15065685_15066403",TRUE,"NRIP1"
"chr21_25518141_25519146","INSM1","chr21_25734669_25735509","tCRE","INSM1__chr21_25734669_25735509",TRUE,"ATP5PF"
"chr21_25518141_25519146","RELA","chr21_25734669_25735509","tCRE","RELA__chr21_25734669_25735509",TRUE,"ATP5PF"
"chr21_32604046_32605174","JUN","chr21_32771528_32772385","aCRE","JUN__chr21_32771528_32772385",TRUE,"PAXBP1"
"chr21_32604046_32605174","JUN","chr21_32612088_32613040","tCRE","JUN__chr21_32612088_32613040",TRUE,"CFAP298"
"chr21_32604046_32605174","JUN","chr21_32278575_32279544","aCRE","JUN__chr21_32278575_32279544",TRUE,"MIS18A"
"chr21_32604046_32605174","JUN","chr21_32412326_32413310","tCRE","JUN__chr21_32412326_32413310",TRUE,"EVA1C"
"chr21_32604046_32605174","ZIC2","chr21_32771528_32772385","aCRE","ZIC2__chr21_32771528_32772385",TRUE,"PAXBP1"
"chr21_32604046_32605174","ZIC2","chr21_32612088_32613040","tCRE","ZIC2__chr21_32612088_32613040",TRUE,"CFAP298"
"chr21_32604046_32605174","ZIC2","chr21_32278575_32279544","aCRE","ZIC2__chr21_32278575_32279544",TRUE,"MIS18A"
"chr21_32604046_32605174","ZIC2","chr21_32412326_32413310","tCRE","ZIC2__chr21_32412326_32413310",TRUE,"EVA1C"
"chr21_32604046_32605174","ZIC5","chr21_32771528_32772385","aCRE","ZIC5__chr21_32771528_32772385",TRUE,"PAXBP1"
"chr21_32604046_32605174","ZIC5","chr21_32612088_32613040","tCRE","ZIC5__chr21_32612088_32613040",TRUE,"CFAP298"
"chr21_32604046_32605174","ZIC5","chr21_32278575_32279544","aCRE","ZIC5__chr21_32278575_32279544",TRUE,"MIS18A"
"chr21_32604046_32605174","ZIC5","chr21_32412326_32413310","tCRE","ZIC5__chr21_32412326_32413310",TRUE,"EVA1C"
"chr21_32604046_32605174","SOX11","chr21_32771528_32772385","aCRE","SOX11__chr21_32771528_32772385",TRUE,"PAXBP1"
"chr21_32604046_32605174","SOX11","chr21_32612088_32613040","tCRE","SOX11__chr21_32612088_32613040",TRUE,"CFAP298"
"chr21_32604046_32605174","SOX11","chr21_32278575_32279544","aCRE","SOX11__chr21_32278575_32279544",TRUE,"MIS18A"
"chr21_32604046_32605174","SOX11","chr21_32412326_32413310","tCRE","SOX11__chr21_32412326_32413310",TRUE,"EVA1C"
"chr21_32604046_32605174","SOX4","chr21_32771528_32772385","aCRE","SOX4__chr21_32771528_32772385",TRUE,"PAXBP1"
"chr21_32604046_32605174","SOX4","chr21_32612088_32613040","tCRE","SOX4__chr21_32612088_32613040",TRUE,"CFAP298"
"chr21_32604046_32605174","SOX4","chr21_32278575_32279544","aCRE","SOX4__chr21_32278575_32279544",TRUE,"MIS18A"
"chr21_32604046_32605174","SOX4","chr21_32412326_32413310","tCRE","SOX4__chr21_32412326_32413310",TRUE,"EVA1C"
"chr21_32604046_32605174","NEUROD1","chr21_32771528_32772385","aCRE","NEUROD1__chr21_32771528_32772385",TRUE,"PAXBP1"
"chr21_32604046_32605174","NEUROD1","chr21_32612088_32613040","tCRE","NEUROD1__chr21_32612088_32613040",TRUE,"CFAP298"
"chr21_32604046_32605174","NEUROD1","chr21_32278575_32279544","aCRE","NEUROD1__chr21_32278575_32279544",TRUE,"MIS18A"
"chr21_32604046_32605174","NEUROD1","chr21_32412326_32413310","tCRE","NEUROD1__chr21_32412326_32413310",TRUE,"EVA1C"
"chr21_32604046_32605174","ZEB1","chr21_32771528_32772385","aCRE","ZEB1__chr21_32771528_32772385",TRUE,"PAXBP1"
"chr21_32604046_32605174","ZEB1","chr21_32612088_32613040","tCRE","ZEB1__chr21_32612088_32613040",TRUE,"CFAP298"
"chr21_32604046_32605174","ZEB1","chr21_32278575_32279544","aCRE","ZEB1__chr21_32278575_32279544",TRUE,"MIS18A"
"chr21_32604046_32605174","ZEB1","chr21_32412326_32413310","tCRE","ZEB1__chr21_32412326_32413310",TRUE,"EVA1C"
"chr21_32604046_32605174","NHLH1","chr21_32771528_32772385","aCRE","NHLH1__chr21_32771528_32772385",TRUE,"PAXBP1"
"chr21_32604046_32605174","NHLH1","chr21_32612088_32613040","tCRE","NHLH1__chr21_32612088_32613040",TRUE,"CFAP298"
"chr21_32604046_32605174","NHLH1","chr21_32278575_32279544","aCRE","NHLH1__chr21_32278575_32279544",TRUE,"MIS18A"
"chr21_32604046_32605174","NHLH1","chr21_32412326_32413310","tCRE","NHLH1__chr21_32412326_32413310",TRUE,"EVA1C"
"chr21_34745255_34746182","TEAD4","chr21_34614818_34615709","tCRE","TEAD4__chr21_34614818_34615709",TRUE,"RCAN1"
"chr21_34745255_34746182","SREBF2","chr21_34614818_34615709","tCRE","SREBF2__chr21_34614818_34615709",TRUE,"RCAN1"
"chr21_36099620_36100513","SOX3","chr21_36104382_36105363","tCRE","SOX3__chr21_36104382_36105363",TRUE,"ENSG00000233393.2"
"chr21_36099620_36100513","SOX3","chr21_36135076_36136310","tCRE","SOX3__chr21_36135076_36136310",TRUE,"CBR3"
"chr21_36099620_36100513","SOX3","chr21_36069566_36070424","tCRE","SOX3__chr21_36069566_36070424",TRUE,"CBR1"
"chr21_36099620_36100513","ETV4","chr21_36104382_36105363","tCRE","ETV4__chr21_36104382_36105363",FALSE,"ENSG00000233393.2"
"chr21_36099620_36100513","ETV4","chr21_36135076_36136310","tCRE","ETV4__chr21_36135076_36136310",FALSE,"CBR3"
"chr21_36099620_36100513","ETV4","chr21_36069566_36070424","tCRE","ETV4__chr21_36069566_36070424",FALSE,"CBR1"
"chr21_42313239_42314145","POU5F1","chr21_42653252_42654113","tCRE","POU5F1__chr21_42653252_42654113",FALSE,"PDE9A"
"chr21_42925369_42926219","NR6A1","chr21_42923586_42924555","aCRE","NR6A1__chr21_42923586_42924555",TRUE,"ONTG21000000170.1"
"chr21_42925369_42926219","NR6A1","chr21_42653252_42654113","tCRE","NR6A1__chr21_42653252_42654113",TRUE,"PDE9A"
"chr21_42925369_42926219","NR6A1","chr21_42878904_42879830","tCRE","NR6A1__chr21_42878904_42879830",TRUE,"WDR4"
"chr21_42925369_42926219","ETV5","chr21_42923586_42924555","aCRE","ETV5__chr21_42923586_42924555",TRUE,"ONTG21000000170.1"
"chr21_42925369_42926219","ETV5","chr21_42653252_42654113","tCRE","ETV5__chr21_42653252_42654113",TRUE,"PDE9A"
"chr21_42925369_42926219","ETV5","chr21_42878904_42879830","tCRE","ETV5__chr21_42878904_42879830",TRUE,"WDR4"
"chr21_44773300_44774239","MEIS1","chr21_44337862_44338559","aCRE","MEIS1__chr21_44337862_44338559",TRUE,"CFAP410"
"chr21_44958371_44959318","NR2F6","chr21_44801395_44802327","tCRE","NR2F6__chr21_44801395_44802327",TRUE,"UBE2G2"
"chr21_44958371_44959318","NR2F6","chr21_45404427_45406286","tCRE","NR2F6__chr21_45404427_45406286",TRUE,"COL18A1"
"chr21_44958371_44959318","NR2F6","chr21_44871302_44872193","aCRE","NR2F6__chr21_44871302_44872193",TRUE,NA
"chr21_44958371_44959318","HAND1","chr21_44801395_44802327","tCRE","HAND1__chr21_44801395_44802327",TRUE,"UBE2G2"
"chr21_44958371_44959318","HAND1","chr21_45404427_45406286","tCRE","HAND1__chr21_45404427_45406286",TRUE,"COL18A1"
"chr21_44958371_44959318","HAND1","chr21_44871302_44872193","aCRE","HAND1__chr21_44871302_44872193",TRUE,NA
"chr21_44958371_44959318","TEAD1","chr21_44801395_44802327","tCRE","TEAD1__chr21_44801395_44802327",TRUE,"UBE2G2"
"chr21_44958371_44959318","TEAD1","chr21_45404427_45406286","tCRE","TEAD1__chr21_45404427_45406286",FALSE,"COL18A1"
"chr21_44958371_44959318","TEAD1","chr21_44871302_44872193","aCRE","TEAD1__chr21_44871302_44872193",FALSE,NA
"chr21_44958371_44959318","EBF1","chr21_44801395_44802327","tCRE","EBF1__chr21_44801395_44802327",TRUE,"UBE2G2"
"chr21_44958371_44959318","EBF1","chr21_45404427_45406286","tCRE","EBF1__chr21_45404427_45406286",TRUE,"COL18A1"
"chr21_44958371_44959318","EBF1","chr21_44871302_44872193","aCRE","EBF1__chr21_44871302_44872193",TRUE,NA
"chr21_45977163_45978759","RBPJ","chr21_46143261_46144264","aCRE","RBPJ__chr21_46143261_46144264",TRUE,NA
"chr21_45977163_45978759","RBPJ","chr21_46228380_46229363","tCRE","RBPJ__chr21_46228380_46229363",TRUE,"LSS"
"chr22_17580145_17581153","GLIS3","chr22_17628363_17629294","tCRE","GLIS3__chr22_17628363_17629294",TRUE,"ATP6V1E1"
"chr22_17580145_17581153","GLIS3","chr22_17120992_17121956","aCRE","GLIS3__chr22_17120992_17121956",TRUE,"TMEM121B"
"chr22_18165445_18166256","POU5F1","chr22_18149473_18150444","tCRE","POU5F1__chr22_18149473_18150444",TRUE,"USP18"
"chr22_19880918_19881861","HOXB4","chr22_19974239_19975139","aCRE","HOXB4__chr22_19974239_19975139",TRUE,NA
"chr22_19880918_19881861","HOXB4","chr22_19958997_19959945","aCRE","HOXB4__chr22_19958997_19959945",TRUE,"ONTG22000000017.1"
"chr22_19880918_19881861","HOXB4","chr22_19431800_19432720","aCRE","HOXB4__chr22_19431800_19432720",TRUE,"MRPL40"
"chr22_19880918_19881861","NFIA","chr22_19974239_19975139","aCRE","NFIA__chr22_19974239_19975139",TRUE,NA
"chr22_19880918_19881861","NFIA","chr22_19958997_19959945","aCRE","NFIA__chr22_19958997_19959945",TRUE,"ONTG22000000017.1"
"chr22_19880918_19881861","NFIA","chr22_19431800_19432720","aCRE","NFIA__chr22_19431800_19432720",TRUE,"MRPL40"
"chr22_19880918_19881861","ZIC1","chr22_19974239_19975139","aCRE","ZIC1__chr22_19974239_19975139",TRUE,NA
"chr22_19880918_19881861","ZIC1","chr22_19958997_19959945","aCRE","ZIC1__chr22_19958997_19959945",TRUE,"ONTG22000000017.1"
"chr22_19880918_19881861","ZIC1","chr22_19431800_19432720","aCRE","ZIC1__chr22_19431800_19432720",TRUE,"MRPL40"
"chr22_19880918_19881861","TEAD4","chr22_19974239_19975139","aCRE","TEAD4__chr22_19974239_19975139",TRUE,NA
"chr22_19880918_19881861","TEAD4","chr22_19958997_19959945","aCRE","TEAD4__chr22_19958997_19959945",TRUE,"ONTG22000000017.1"
"chr22_19880918_19881861","TEAD4","chr22_19431800_19432720","aCRE","TEAD4__chr22_19431800_19432720",TRUE,"MRPL40"
"chr22_19962066_19962969","SP8","chr22_19717704_19718634","tCRE","SP8__chr22_19717704_19718634",TRUE,"SEPTIN5"
"chr22_19962066_19962969","SP8","chr22_19765713_19766561","aCRE","SP8__chr22_19765713_19766561",TRUE,NA
"chr22_19962066_19962969","SP8","chr22_20116837_20117768","tCRE","SP8__chr22_20116837_20117768",TRUE,"RANBP1"
"chr22_19962066_19962969","SP8","chr22_19986361_19987538","tCRE","SP8__chr22_19986361_19987538",TRUE,"ARVCF"
"chr22_19962066_19962969","SP8","chr22_19705111_19706109","aCRE","SP8__chr22_19705111_19706109",TRUE,NA
"chr22_19962066_19962969","SP8","chr22_19958997_19959945","aCRE","SP8__chr22_19958997_19959945",TRUE,"ONTG22000000017.1"
"chr22_19962066_19962969","SP8","chr22_19854487_19855393","tCRE","SP8__chr22_19854487_19855393",TRUE,"GNB1L"
"chr22_20371177_20371979","POU5F1","chr22_20428936_20429843","aCRE","POU5F1__chr22_20428936_20429843",TRUE,NA
"chr22_21102528_21103458","ATF2","chr22_21013873_21014800","aCRE","ATF2__chr22_21013873_21014800",TRUE,"TUBA3FP"
"chr22_21102528_21103458","ATF2","chr22_21013873_21014800","tCRE","ATF2__chr22_21013873_21014800",TRUE,"TUBA3FP"
"chr22_21102528_21103458","ATF2","chr22_21567321_21568245","tCRE","ATF2__chr22_21567321_21568245",TRUE,"UBE2L3"
"chr22_21102528_21103458","ATF2","chr22_20979059_20979996","aCRE","ATF2__chr22_20979059_20979996",TRUE,"AIFM3"
"chr22_21102528_21103458","ATF2","chr22_20970882_20971882","aCRE","ATF2__chr22_20970882_20971882",TRUE,"ONTG22000000036.1"
"chr22_21102528_21103458","ATF2","chr22_20981653_20982651","tCRE","ATF2__chr22_20981653_20982651",TRUE,"LZTR1"
"chr22_21102528_21103458","ATF2","chr22_20858250_20859214","tCRE","ATF2__chr22_20858250_20859214",TRUE,"SNAP29"
"chr22_21102528_21103458","ATF2","chr22_20979059_20979996","tCRE","ATF2__chr22_20979059_20979996",TRUE,"AIFM3"
"chr22_21102528_21103458","ATF2","chr22_21045362_21046303","aCRE","ATF2__chr22_21045362_21046303",TRUE,"LRRC74B"
"chr22_21939505_21940285","NR4A2","chr22_21937856_21938817","aCRE","NR4A2__chr22_21937856_21938817",TRUE,"PPM1F-AS1"
"chr22_23802729_23803683","POU2F2","chr22_23786828_23787690","tCRE","POU2F2__chr22_23786828_23787690",TRUE,"SMARCB1"
"chr22_24180921_24181975","TFAP2B","chr22_24270428_24271303","tCRE","TFAP2B__chr22_24270428_24271303",TRUE,"SPECC1L"
"chr22_24180921_24181975","NEUROD1","chr22_24270428_24271303","tCRE","NEUROD1__chr22_24270428_24271303",TRUE,"SPECC1L"
"chr22_24180921_24181975","SREBF2","chr22_24270428_24271303","tCRE","SREBF2__chr22_24270428_24271303",TRUE,"SPECC1L"
"chr22_24180921_24181975","NEUROG2","chr22_24270428_24271303","tCRE","NEUROG2__chr22_24270428_24271303",TRUE,"SPECC1L"
"chr22_24602764_24604671","FOXH1","chr22_24494440_24495391","aCRE","FOXH1__chr22_24494440_24495391",TRUE,"UPB1"
"chr22_24602764_24604671","FOXH1","chr22_24592654_24593527","tCRE","FOXH1__chr22_24592654_24593527",TRUE,"LRRC75B"
"chr22_24602764_24604671","SP8","chr22_24494440_24495391","aCRE","SP8__chr22_24494440_24495391",FALSE,"UPB1"
"chr22_24602764_24604671","SP8","chr22_24592654_24593527","tCRE","SP8__chr22_24592654_24593527",TRUE,"LRRC75B"
"chr22_30559669_30561033","SATB1","chr22_30425347_30426218","tCRE","SATB1__chr22_30425347_30426218",TRUE,"MTFP1"
"chr22_30559669_30561033","SATB1","chr22_30667349_30668296","tCRE","SATB1__chr22_30667349_30668296",TRUE,"DUSP18"
"chr22_30559669_30561033","SATB1","chr22_30606411_30607512","aCRE","SATB1__chr22_30606411_30607512",TRUE,"TCN2"
"chr22_30559669_30561033","NFYC","chr22_30425347_30426218","tCRE","NFYC__chr22_30425347_30426218",TRUE,"MTFP1"
"chr22_30559669_30561033","NFYC","chr22_30667349_30668296","tCRE","NFYC__chr22_30667349_30668296",TRUE,"DUSP18"
"chr22_30559669_30561033","NFYC","chr22_30606411_30607512","aCRE","NFYC__chr22_30606411_30607512",TRUE,"TCN2"
"chr22_30559669_30561033","HSF2","chr22_30425347_30426218","tCRE","HSF2__chr22_30425347_30426218",TRUE,"MTFP1"
"chr22_30559669_30561033","HSF2","chr22_30667349_30668296","tCRE","HSF2__chr22_30667349_30668296",TRUE,"DUSP18"
"chr22_30559669_30561033","HSF2","chr22_30606411_30607512","aCRE","HSF2__chr22_30606411_30607512",TRUE,"TCN2"
"chr22_30559669_30561033","ZEB1","chr22_30425347_30426218","tCRE","ZEB1__chr22_30425347_30426218",TRUE,"MTFP1"
"chr22_30559669_30561033","ZEB1","chr22_30667349_30668296","tCRE","ZEB1__chr22_30667349_30668296",TRUE,"DUSP18"
"chr22_30559669_30561033","ZEB1","chr22_30606411_30607512","aCRE","ZEB1__chr22_30606411_30607512",TRUE,"TCN2"
"chr22_31625455_31626363","MEIS1","chr22_31489358_31490329","tCRE","MEIS1__chr22_31489358_31490329",TRUE,"EIF4ENIF1"
"chr22_31625455_31626363","MEIS1","chr22_31749659_31750562","tCRE","MEIS1__chr22_31749659_31750562",TRUE,"PRR14L"
"chr22_31625455_31626363","MEIS1","chr22_31491000_31491872","aCRE","MEIS1__chr22_31491000_31491872",TRUE,NA
"chr22_31625455_31626363","MEIS1","chr22_31943925_31944860","tCRE","MEIS1__chr22_31943925_31944860",TRUE,"YWHAH"
"chr22_31625455_31626363","MEIS1","chr22_31661788_31662701","tCRE","MEIS1__chr22_31661788_31662701",TRUE,"PISD"
"chr22_31625455_31626363","KLF12","chr22_31489358_31490329","tCRE","KLF12__chr22_31489358_31490329",TRUE,"EIF4ENIF1"
"chr22_31625455_31626363","KLF12","chr22_31749659_31750562","tCRE","KLF12__chr22_31749659_31750562",TRUE,"PRR14L"
"chr22_31625455_31626363","KLF12","chr22_31491000_31491872","aCRE","KLF12__chr22_31491000_31491872",TRUE,NA
"chr22_31625455_31626363","KLF12","chr22_31943925_31944860","tCRE","KLF12__chr22_31943925_31944860",TRUE,"YWHAH"
"chr22_31625455_31626363","KLF12","chr22_31661788_31662701","tCRE","KLF12__chr22_31661788_31662701",TRUE,"PISD"
"chr22_33109780_33110683","GBX2","chr22_33057909_33058792","tCRE","GBX2__chr22_33057909_33058792",TRUE,"SYN3"
"chr22_33109780_33110683","MEIS2","chr22_33057909_33058792","tCRE","MEIS2__chr22_33057909_33058792",TRUE,"SYN3"
"chr22_37243858_37244806","HAND1","chr22_37446948_37447828","aCRE","HAND1__chr22_37446948_37447828",TRUE,NA
"chr22_37243858_37244806","HAND1","chr22_37559883_37560812","tCRE","HAND1__chr22_37559883_37560812",TRUE,"CDC42EP1"
"chr22_37243858_37244806","HAND1","chr22_37187790_37188756","aCRE","HAND1__chr22_37187790_37188756",TRUE,"C1QTNF6"
"chr22_37243858_37244806","HAND1","chr22_37187790_37188756","tCRE","HAND1__chr22_37187790_37188756",TRUE,"C1QTNF6"
"chr22_38981851_38982725","FOXH1","chr22_38926996_38927944","aCRE","FOXH1__chr22_38926996_38927944",TRUE,NA
"chr22_38981851_38982725","FOXH1","chr22_39017406_39018250","tCRE","FOXH1__chr22_39017406_39018250",TRUE,"ONTG22000000636.1"
"chr22_38981851_38982725","FOXH1","chr22_39349408_39350385","tCRE","FOXH1__chr22_39349408_39350385",TRUE,"SYNGR1"
"chr22_42073999_42074871","NR2F1","chr22_41919373_41920429","aCRE","NR2F1__chr22_41919373_41920429",TRUE,NA
"chr22_42073999_42074871","NR2F1","chr22_41688393_41689283","tCRE","NR2F1__chr22_41688393_41689283",TRUE,"SNU13"
"chr22_42073999_42074871","RARG","chr22_41919373_41920429","aCRE","RARG__chr22_41919373_41920429",TRUE,NA
"chr22_42073999_42074871","RARG","chr22_41688393_41689283","tCRE","RARG__chr22_41688393_41689283",TRUE,"SNU13"
"chr22_45768239_45769132","SOX2","chr22_45866856_45867819","aCRE","SOX2__chr22_45866856_45867819",TRUE,NA
"chr22_45768239_45769132","POU5F1","chr22_45866856_45867819","aCRE","POU5F1__chr22_45866856_45867819",TRUE,NA
"chr22_50293158_50294058","ZIC1","chr22_50627755_50628670","tCRE","ZIC1__chr22_50627755_50628670",TRUE,"ARSA"
"chr22_50293158_50294058","ZIC1","chr22_49918036_49918933","tCRE","ZIC1__chr22_49918036_49918933",FALSE,"CRELD2"
"chr22_50293158_50294058","ZIC1","chr22_50307120_50307999","tCRE","ZIC1__chr22_50307120_50307999",TRUE,"PLXNB2"
"chr22_50293158_50294058","ZIC1","chr22_50507531_50508472","tCRE","ZIC1__chr22_50507531_50508472",TRUE,"LMF2"
"chr2_108288354_108289316","NHLH1","chr2_108719092_108719984","tCRE","NHLH1__chr2_108719092_108719984",TRUE,"RANBP2"
"chr2_108288354_108289316","ZIC1","chr2_108719092_108719984","tCRE","ZIC1__chr2_108719092_108719984",TRUE,"RANBP2"
"chr2_119792537_119793516","FOXO1","chr2_119759310_119760197","tCRE","FOXO1__chr2_119759310_119760197",TRUE,"PTPN4"
"chr2_119792537_119793516","FOXO1","chr2_120012596_120013475","tCRE","FOXO1__chr2_120012596_120013475",TRUE,"EPB41L5"
"chr2_119792537_119793516","NR6A1","chr2_119759310_119760197","tCRE","NR6A1__chr2_119759310_119760197",TRUE,"PTPN4"
"chr2_119792537_119793516","NR6A1","chr2_120012596_120013475","tCRE","NR6A1__chr2_120012596_120013475",TRUE,"EPB41L5"
"chr2_127064465_127065435","ETV4","chr2_127422755_127423684","tCRE","ETV4__chr2_127422755_127423684",TRUE,"PROC"
"chr2_127064465_127065435","ATF3","chr2_127422755_127423684","tCRE","ATF3__chr2_127422755_127423684",TRUE,"PROC"
"chr2_130194909_130195817","MAFB","chr2_130144619_130145569","tCRE","MAFB__chr2_130144619_130145569",TRUE,"CCDC74B"
"chr2_130194909_130195817","NR2F1","chr2_130144619_130145569","tCRE","NR2F1__chr2_130144619_130145569",TRUE,"CCDC74B"
"chr2_131478736_131479618","TEAD1","chr2_131527490_131528363","tCRE","TEAD1__chr2_131527490_131528363",FALSE,"CCDC74A"
"chr2_131478736_131479618","NR2F6","chr2_131527490_131528363","tCRE","NR2F6__chr2_131527490_131528363",TRUE,"CCDC74A"
"chr2_158213586_158215063","JUND","chr2_158456337_158457236","tCRE","JUND__chr2_158456337_158457236",TRUE,"PKP4"
"chr2_158213586_158215063","JUND","chr2_157875993_157876908","tCRE","JUND__chr2_157875993_157876908",TRUE,"ACVR1"
"chr2_158213586_158215063","NEUROD1","chr2_158456337_158457236","tCRE","NEUROD1__chr2_158456337_158457236",TRUE,"PKP4"
"chr2_158213586_158215063","NEUROD1","chr2_157875993_157876908","tCRE","NEUROD1__chr2_157875993_157876908",TRUE,"ACVR1"
"chr2_158213586_158215063","ZIC1","chr2_158456337_158457236","tCRE","ZIC1__chr2_158456337_158457236",TRUE,"PKP4"
"chr2_158213586_158215063","ZIC1","chr2_157875993_157876908","tCRE","ZIC1__chr2_157875993_157876908",FALSE,"ACVR1"
"chr2_158213586_158215063","SHOX2","chr2_158456337_158457236","tCRE","SHOX2__chr2_158456337_158457236",TRUE,"PKP4"
"chr2_158213586_158215063","SHOX2","chr2_157875993_157876908","tCRE","SHOX2__chr2_157875993_157876908",TRUE,"ACVR1"
"chr2_158213586_158215063","NEUROD2","chr2_158456337_158457236","tCRE","NEUROD2__chr2_158456337_158457236",FALSE,"PKP4"
"chr2_158213586_158215063","NEUROD2","chr2_157875993_157876908","tCRE","NEUROD2__chr2_157875993_157876908",TRUE,"ACVR1"
"chr2_159515962_159516995","GBX2","chr2_159711874_159712838","tCRE","GBX2__chr2_159711874_159712838",TRUE,"MARCHF7"
"chr2_159515962_159516995","GBX2","chr2_159609700_159610639","aCRE","GBX2__chr2_159609700_159610639",TRUE,NA
"chr2_159515962_159516995","GBX2","chr2_159615101_159616017","tCRE","GBX2__chr2_159615101_159616017",TRUE,"ENSG00000224152.2"
"chr2_159515962_159516995","GBX2","chr2_159616168_159616877","tCRE","GBX2__chr2_159616168_159616877",TRUE,"BAZ2B"
"chr2_159515962_159516995","GBX2","chr2_159797627_159798548","tCRE","GBX2__chr2_159797627_159798548",TRUE,"CD302"
"chr2_164458483_164459589","POU5F1","chr2_164620841_164621741","tCRE","POU5F1__chr2_164620841_164621741",FALSE,"GRB14"
"chr2_164458483_164459589","TEAD4","chr2_164620841_164621741","tCRE","TEAD4__chr2_164620841_164621741",TRUE,"GRB14"
"chr2_168912621_168913566","VAX2","chr2_168455868_168456684","tCRE","VAX2__chr2_168455868_168456684",TRUE,"CERS6"
"chr2_168912621_168913566","NEUROG2","chr2_168455868_168456684","tCRE","NEUROG2__chr2_168455868_168456684",TRUE,"CERS6"
"chr2_174117615_174119171","TCF7L1","chr2_174248185_174249076","tCRE","TCF7L1__chr2_174248185_174249076",TRUE,"OLA1"
"chr2_174117615_174119171","TCF7L1","chr2_174336698_174337622","aCRE","TCF7L1__chr2_174336698_174337622",TRUE,"ENSG00000280414.1"
"chr2_174117615_174119171","TCF7L1","chr2_174334448_174335324","aCRE","TCF7L1__chr2_174334448_174335324",TRUE,"SP9"
"chr2_174585540_174586513","POU5F1","chr2_174395252_174396228","tCRE","POU5F1__chr2_174395252_174396228",TRUE,"CIR1"
"chr2_174847158_174848076","HMGA1","chr2_174682412_174683291","tCRE","HMGA1__chr2_174682412_174683291",TRUE,"WIPF1"
"chr2_174847158_174848076","HMGA1","chr2_175167917_175168805","aCRE","HMGA1__chr2_175167917_175168805",TRUE,"ATF2"
"chr2_174847158_174848076","PBX1","chr2_174682412_174683291","tCRE","PBX1__chr2_174682412_174683291",TRUE,"WIPF1"
"chr2_174847158_174848076","PBX1","chr2_175167917_175168805","aCRE","PBX1__chr2_175167917_175168805",TRUE,"ATF2"
"chr2_174847158_174848076","PRDM4","chr2_174682412_174683291","tCRE","PRDM4__chr2_174682412_174683291",TRUE,"WIPF1"
"chr2_174847158_174848076","PRDM4","chr2_175167917_175168805","aCRE","PRDM4__chr2_175167917_175168805",TRUE,"ATF2"
"chr2_174847158_174848076","INSM1","chr2_174682412_174683291","tCRE","INSM1__chr2_174682412_174683291",TRUE,"WIPF1"
"chr2_174847158_174848076","INSM1","chr2_175167917_175168805","aCRE","INSM1__chr2_175167917_175168805",TRUE,"ATF2"
"chr2_174847158_174848076","PATZ1","chr2_174682412_174683291","tCRE","PATZ1__chr2_174682412_174683291",TRUE,"WIPF1"
"chr2_174847158_174848076","PATZ1","chr2_175167917_175168805","aCRE","PATZ1__chr2_175167917_175168805",TRUE,"ATF2"
"chr2_174847158_174848076","GLIS3","chr2_174682412_174683291","tCRE","GLIS3__chr2_174682412_174683291",TRUE,"WIPF1"
"chr2_174847158_174848076","GLIS3","chr2_175167917_175168805","aCRE","GLIS3__chr2_175167917_175168805",TRUE,"ATF2"
"chr2_174847158_174848076","NFYB","chr2_174682412_174683291","tCRE","NFYB__chr2_174682412_174683291",TRUE,"WIPF1"
"chr2_174847158_174848076","NFYB","chr2_175167917_175168805","aCRE","NFYB__chr2_175167917_175168805",TRUE,"ATF2"
"chr2_174847158_174848076","NANOG","chr2_174682412_174683291","tCRE","NANOG__chr2_174682412_174683291",TRUE,"WIPF1"
"chr2_174847158_174848076","NANOG","chr2_175167917_175168805","aCRE","NANOG__chr2_175167917_175168805",FALSE,"ATF2"
"chr2_17543638_17544986","FOXO1","chr2_17540100_17541059","tCRE","FOXO1__chr2_17540100_17541059",TRUE,"VSNL1"
"chr2_17543638_17544986","FOXO1","chr2_17753491_17754412","tCRE","FOXO1__chr2_17753491_17754412",TRUE,"SMC6"
"chr2_17543638_17544986","TEAD4","chr2_17540100_17541059","tCRE","TEAD4__chr2_17540100_17541059",TRUE,"VSNL1"
"chr2_17543638_17544986","TEAD4","chr2_17753491_17754412","tCRE","TEAD4__chr2_17753491_17754412",TRUE,"SMC6"
"chr2_181632706_181633540","PAX6","chr2_181656416_181657384","tCRE","PAX6__chr2_181656416_181657384",FALSE,"CERKL"
"chr2_181632706_181633540","PAX6","chr2_181680215_181681189","tCRE","PAX6__chr2_181680215_181681189",FALSE,"NEUROD1"
"chr2_187510315_187511402","ETV1","chr2_187447888_187448810","tCRE","ETV1__chr2_187447888_187448810",TRUE,"CALCRL"
"chr2_187510315_187511402","INSM1","chr2_187447888_187448810","tCRE","INSM1__chr2_187447888_187448810",TRUE,"CALCRL"
"chr2_187510315_187511402","DMRTA1","chr2_187447888_187448810","tCRE","DMRTA1__chr2_187447888_187448810",TRUE,"CALCRL"
"chr2_187565635_187566353","FOS","chr2_187675663_187676525","tCRE","FOS__chr2_187675663_187676525",TRUE,"ONTG02000002796.1"
"chr2_187565635_187566353","FOS","chr2_187461452_187462379","aCRE","FOS__chr2_187461452_187462379",TRUE,"ONTG02000002815.1"
"chr2_187565635_187566353","FOS","chr2_187675663_187676525","aCRE","FOS__chr2_187675663_187676525",TRUE,"ONTG02000002796.1"
"chr2_187565635_187566353","FOS","chr2_188031981_188033889","tCRE","FOS__chr2_188031981_188033889",TRUE,"ENSG00000289205.1"
"chr2_187565635_187566353","FOS","chr2_188031981_188033889","aCRE","FOS__chr2_188031981_188033889",TRUE,"ENSG00000289205.1"
"chr2_187565635_187566353","MAFB","chr2_187675663_187676525","tCRE","MAFB__chr2_187675663_187676525",TRUE,"ONTG02000002796.1"
"chr2_187565635_187566353","MAFB","chr2_187461452_187462379","aCRE","MAFB__chr2_187461452_187462379",TRUE,"ONTG02000002815.1"
"chr2_187565635_187566353","MAFB","chr2_187675663_187676525","aCRE","MAFB__chr2_187675663_187676525",TRUE,"ONTG02000002796.1"
"chr2_187565635_187566353","MAFB","chr2_188031981_188033889","tCRE","MAFB__chr2_188031981_188033889",TRUE,"ENSG00000289205.1"
"chr2_187565635_187566353","MAFB","chr2_188031981_188033889","aCRE","MAFB__chr2_188031981_188033889",TRUE,"ENSG00000289205.1"
"chr2_187565635_187566353","TEAD4","chr2_187675663_187676525","tCRE","TEAD4__chr2_187675663_187676525",TRUE,"ONTG02000002796.1"
"chr2_187565635_187566353","TEAD4","chr2_187461452_187462379","aCRE","TEAD4__chr2_187461452_187462379",TRUE,"ONTG02000002815.1"
"chr2_187565635_187566353","TEAD4","chr2_187675663_187676525","aCRE","TEAD4__chr2_187675663_187676525",TRUE,"ONTG02000002796.1"
"chr2_187565635_187566353","TEAD4","chr2_188031981_188033889","tCRE","TEAD4__chr2_188031981_188033889",TRUE,"ENSG00000289205.1"
"chr2_187565635_187566353","TEAD4","chr2_188031981_188033889","aCRE","TEAD4__chr2_188031981_188033889",TRUE,"ENSG00000289205.1"
"chr2_187673536_187674230","SOX15","chr2_187675663_187676525","aCRE","SOX15__chr2_187675663_187676525",TRUE,"ONTG02000002796.1"
"chr2_187673536_187674230","SOX15","chr2_187675663_187676525","tCRE","SOX15__chr2_187675663_187676525",TRUE,"ONTG02000002796.1"
"chr2_195585834_195586723","POU5F1","chr2_195656661_195657574","tCRE","POU5F1__chr2_195656661_195657574",TRUE,"SLC39A10"
"chr2_195585834_195586723","SOX2","chr2_195656661_195657574","tCRE","SOX2__chr2_195656661_195657574",TRUE,"SLC39A10"
"chr2_197007525_197009502","MEIS1","chr2_196926441_196927376","tCRE","MEIS1__chr2_196926441_196927376",TRUE,"PGAP1"
"chr2_197007525_197009502","MEIS1","chr2_197499653_197500582","aCRE","MEIS1__chr2_197499653_197500582",TRUE,"HSPE1"
"chr2_197007525_197009502","TEAD2","chr2_196926441_196927376","tCRE","TEAD2__chr2_196926441_196927376",FALSE,"PGAP1"
"chr2_197007525_197009502","TEAD2","chr2_197499653_197500582","aCRE","TEAD2__chr2_197499653_197500582",FALSE,"HSPE1"
"chr2_197587044_197587955","NR2F6","chr2_197785902_197786837","aCRE","NR2F6__chr2_197785902_197786837",TRUE,"BOLL"
"chr2_197587044_197587955","NR2F6","chr2_197499653_197500582","aCRE","NR2F6__chr2_197499653_197500582",TRUE,"HSPE1"
"chr2_197587044_197587955","NR2F6","chr2_197434653_197435584","aCRE","NR2F6__chr2_197434653_197435584",TRUE,"SF3B1"
"chr2_197587044_197587955","NR2F6","chr2_197515557_197516445","tCRE","NR2F6__chr2_197515557_197516445",TRUE,"MOB4"
"chr2_197587044_197587955","NR2F6","chr2_197499653_197500582","tCRE","NR2F6__chr2_197499653_197500582",TRUE,"HSPE1"
"chr2_200085229_200086002","JUND","chr2_200306176_200307264","tCRE","JUND__chr2_200306176_200307264",TRUE,"SPATS2L"
"chr2_200085229_200086002","HOXB4","chr2_200306176_200307264","tCRE","HOXB4__chr2_200306176_200307264",TRUE,"SPATS2L"
"chr2_200085229_200086002","POU6F2","chr2_200306176_200307264","tCRE","POU6F2__chr2_200306176_200307264",TRUE,"SPATS2L"
"chr2_200085229_200086002","CEBPG","chr2_200306176_200307264","tCRE","CEBPG__chr2_200306176_200307264",TRUE,"SPATS2L"
"chr2_200085229_200086002","ONECUT1","chr2_200306176_200307264","tCRE","ONECUT1__chr2_200306176_200307264",TRUE,"SPATS2L"
"chr2_201257312_201258929","RBPJ","chr2_201071266_201072227","tCRE","RBPJ__chr2_201071266_201072227",TRUE,"NDUFB3"
"chr2_20352173_20352890","POU3F1","chr2_20350461_20351374","tCRE","POU3F1__chr2_20350461_20351374",TRUE,"PUM2"
"chr2_20352173_20352890","ZFP14","chr2_20350461_20351374","tCRE","ZFP14__chr2_20350461_20351374",TRUE,"PUM2"
"chr2_20352173_20352890","POU3F2","chr2_20350461_20351374","tCRE","POU3F2__chr2_20350461_20351374",TRUE,"PUM2"
"chr2_208112069_208112667","HIC2","chr2_208254804_208255729","tCRE","HIC2__chr2_208254804_208255729",TRUE,"IDH1"
"chr2_208112069_208112667","HIC2","chr2_208123961_208124839","aCRE","HIC2__chr2_208123961_208124839",TRUE,"CRYGD"
"chr2_208112069_208112667","HIC2","chr2_208123961_208124839","tCRE","HIC2__chr2_208123961_208124839",TRUE,"CRYGD"
"chr2_208112069_208112667","HIC2","chr2_207769496_207770441","tCRE","HIC2__chr2_207769496_207770441",TRUE,"FZD5"
"chr2_208112069_208112667","HIC2","chr2_207624386_207626245","tCRE","HIC2__chr2_207624386_207626245",TRUE,"METTL21A"
"chr2_208112069_208112667","HIC2","chr2_207626955_207627810","aCRE","HIC2__chr2_207626955_207627810",TRUE,NA
"chr2_208112069_208112667","HIC2","chr2_207680994_207682044","aCRE","HIC2__chr2_207680994_207682044",TRUE,"PPP1R14BP2"
"chr2_208112069_208112667","HIC2","chr2_207765506_207766387","aCRE","HIC2__chr2_207765506_207766387",TRUE,NA
"chr2_208112069_208112667","HIC2","chr2_207680994_207682044","tCRE","HIC2__chr2_207680994_207682044",TRUE,"PPP1R14BP2"
"chr2_208112069_208112667","THRA","chr2_208254804_208255729","tCRE","THRA__chr2_208254804_208255729",TRUE,"IDH1"
"chr2_208112069_208112667","THRA","chr2_208123961_208124839","aCRE","THRA__chr2_208123961_208124839",TRUE,"CRYGD"
"chr2_208112069_208112667","THRA","chr2_208123961_208124839","tCRE","THRA__chr2_208123961_208124839",TRUE,"CRYGD"
"chr2_208112069_208112667","THRA","chr2_207769496_207770441","tCRE","THRA__chr2_207769496_207770441",TRUE,"FZD5"
"chr2_208112069_208112667","THRA","chr2_207624386_207626245","tCRE","THRA__chr2_207624386_207626245",TRUE,"METTL21A"
"chr2_208112069_208112667","THRA","chr2_207626955_207627810","aCRE","THRA__chr2_207626955_207627810",TRUE,NA
"chr2_208112069_208112667","THRA","chr2_207680994_207682044","aCRE","THRA__chr2_207680994_207682044",TRUE,"PPP1R14BP2"
"chr2_208112069_208112667","THRA","chr2_207765506_207766387","aCRE","THRA__chr2_207765506_207766387",TRUE,NA
"chr2_208112069_208112667","THRA","chr2_207680994_207682044","tCRE","THRA__chr2_207680994_207682044",TRUE,"PPP1R14BP2"
"chr2_208112069_208112667","HES6","chr2_208254804_208255729","tCRE","HES6__chr2_208254804_208255729",TRUE,"IDH1"
"chr2_208112069_208112667","HES6","chr2_208123961_208124839","aCRE","HES6__chr2_208123961_208124839",TRUE,"CRYGD"
"chr2_208112069_208112667","HES6","chr2_208123961_208124839","tCRE","HES6__chr2_208123961_208124839",TRUE,"CRYGD"
"chr2_208112069_208112667","HES6","chr2_207769496_207770441","tCRE","HES6__chr2_207769496_207770441",TRUE,"FZD5"
"chr2_208112069_208112667","HES6","chr2_207624386_207626245","tCRE","HES6__chr2_207624386_207626245",TRUE,"METTL21A"
"chr2_208112069_208112667","HES6","chr2_207626955_207627810","aCRE","HES6__chr2_207626955_207627810",TRUE,NA
"chr2_208112069_208112667","HES6","chr2_207680994_207682044","aCRE","HES6__chr2_207680994_207682044",TRUE,"PPP1R14BP2"
"chr2_208112069_208112667","HES6","chr2_207765506_207766387","aCRE","HES6__chr2_207765506_207766387",TRUE,NA
"chr2_208112069_208112667","HES6","chr2_207680994_207682044","tCRE","HES6__chr2_207680994_207682044",TRUE,"PPP1R14BP2"
"chr2_208112069_208112667","GLIS3","chr2_208254804_208255729","tCRE","GLIS3__chr2_208254804_208255729",TRUE,"IDH1"
"chr2_208112069_208112667","GLIS3","chr2_208123961_208124839","aCRE","GLIS3__chr2_208123961_208124839",TRUE,"CRYGD"
"chr2_208112069_208112667","GLIS3","chr2_208123961_208124839","tCRE","GLIS3__chr2_208123961_208124839",TRUE,"CRYGD"
"chr2_208112069_208112667","GLIS3","chr2_207769496_207770441","tCRE","GLIS3__chr2_207769496_207770441",TRUE,"FZD5"
"chr2_208112069_208112667","GLIS3","chr2_207624386_207626245","tCRE","GLIS3__chr2_207624386_207626245",TRUE,"METTL21A"
"chr2_208112069_208112667","GLIS3","chr2_207626955_207627810","aCRE","GLIS3__chr2_207626955_207627810",TRUE,NA
"chr2_208112069_208112667","GLIS3","chr2_207680994_207682044","aCRE","GLIS3__chr2_207680994_207682044",TRUE,"PPP1R14BP2"
"chr2_208112069_208112667","GLIS3","chr2_207765506_207766387","aCRE","GLIS3__chr2_207765506_207766387",TRUE,NA
"chr2_208112069_208112667","GLIS3","chr2_207680994_207682044","tCRE","GLIS3__chr2_207680994_207682044",TRUE,"PPP1R14BP2"
"chr2_208189471_208190483","GBX2","chr2_208265675_208266655","tCRE","GBX2__chr2_208265675_208266655",TRUE,"PIKFYVE"
"chr2_208189471_208190483","GBX2","chr2_208254804_208255729","tCRE","GBX2__chr2_208254804_208255729",TRUE,"IDH1"
"chr2_208189471_208190483","GBX2","chr2_207769496_207770441","aCRE","GBX2__chr2_207769496_207770441",TRUE,"FZD5"
"chr2_208189471_208190483","GBX2","chr2_208265675_208266655","aCRE","GBX2__chr2_208265675_208266655",TRUE,"PIKFYVE"
"chr2_209933473_209934373","GLIS3","chr2_209660983_209661948","tCRE","GLIS3__chr2_209660983_209661948",TRUE,"MAP2"
"chr2_216116271_216117063","NEUROG2","chr2_216108853_216109772","tCRE","NEUROG2__chr2_216108853_216109772",TRUE,"ONTG02000000279.1"
"chr2_216116271_216117063","NEUROG2","chr2_216498392_216499305","tCRE","NEUROG2__chr2_216498392_216499305",TRUE,"RPL37A"
"chr2_216116271_216117063","NEUROG2","chr2_216081361_216082277","tCRE","NEUROG2__chr2_216081361_216082277",TRUE,"PECR"
"chr2_216116271_216117063","NEUROG2","chr2_216371842_216372750","tCRE","NEUROG2__chr2_216371842_216372750",FALSE,"MARCHF4"
"chr2_216116271_216117063","SIX1","chr2_216108853_216109772","tCRE","SIX1__chr2_216108853_216109772",TRUE,"ONTG02000000279.1"
"chr2_216116271_216117063","SIX1","chr2_216498392_216499305","tCRE","SIX1__chr2_216498392_216499305",FALSE,"RPL37A"
"chr2_216116271_216117063","SIX1","chr2_216081361_216082277","tCRE","SIX1__chr2_216081361_216082277",FALSE,"PECR"
"chr2_216116271_216117063","SIX1","chr2_216371842_216372750","tCRE","SIX1__chr2_216371842_216372750",FALSE,"MARCHF4"
"chr2_216116271_216117063","EBF1","chr2_216108853_216109772","tCRE","EBF1__chr2_216108853_216109772",TRUE,"ONTG02000000279.1"
"chr2_216116271_216117063","EBF1","chr2_216498392_216499305","tCRE","EBF1__chr2_216498392_216499305",TRUE,"RPL37A"
"chr2_216116271_216117063","EBF1","chr2_216081361_216082277","tCRE","EBF1__chr2_216081361_216082277",TRUE,"PECR"
"chr2_216116271_216117063","EBF1","chr2_216371842_216372750","tCRE","EBF1__chr2_216371842_216372750",TRUE,"MARCHF4"
"chr2_216116271_216117063","PLAGL1","chr2_216108853_216109772","tCRE","PLAGL1__chr2_216108853_216109772",TRUE,"ONTG02000000279.1"
"chr2_216116271_216117063","PLAGL1","chr2_216498392_216499305","tCRE","PLAGL1__chr2_216498392_216499305",TRUE,"RPL37A"
"chr2_216116271_216117063","PLAGL1","chr2_216081361_216082277","tCRE","PLAGL1__chr2_216081361_216082277",TRUE,"PECR"
"chr2_216116271_216117063","PLAGL1","chr2_216371842_216372750","tCRE","PLAGL1__chr2_216371842_216372750",TRUE,"MARCHF4"
"chr2_216519998_216520802","FOS","chr2_216632870_216633910","tCRE","FOS__chr2_216632870_216633910",TRUE,"IGFBP2"
"chr2_216519998_216520802","MAF","chr2_216632870_216633910","tCRE","MAF__chr2_216632870_216633910",TRUE,"IGFBP2"
"chr2_219460356_219461213","HAND1","chr2_219309072_219309937","aCRE","HAND1__chr2_219309072_219309937",TRUE,"PTPRN"
"chr2_219513881_219514861","NHLH2","chr2_219498274_219499197","tCRE","NHLH2__chr2_219498274_219499197",TRUE,"GMPPA"
"chr2_219513881_219514861","NHLH2","chr2_219522486_219523348","aCRE","NHLH2__chr2_219522486_219523348",TRUE,NA
"chr2_219513881_219514861","NHLH2","chr2_219597492_219598450","tCRE","NHLH2__chr2_219597492_219598450",TRUE,"STK11IP"
"chr2_219513881_219514861","NHLH2","chr2_219176411_219177286","tCRE","NHLH2__chr2_219176411_219177286",TRUE,"CNPPD1"
"chr2_219513881_219514861","NHLH2","chr2_219627186_219628148","tCRE","NHLH2__chr2_219627186_219628148",TRUE,"SLC4A3"
"chr2_219513881_219514861","NHLH2","chr2_219331318_219332230","aCRE","NHLH2__chr2_219331318_219332230",TRUE,NA
"chr2_219513881_219514861","NHLH2","chr2_219218559_219219504","aCRE","NHLH2__chr2_219218559_219219504",TRUE,"ABCB6"
"chr2_219513881_219514861","NHLH2","chr2_219387786_219388742","tCRE","NHLH2__chr2_219387786_219388742",TRUE,"DNPEP"
"chr2_219513881_219514861","NHLH2","chr2_219177796_219178736","tCRE","NHLH2__chr2_219177796_219178736",TRUE,"RETREG2"
"chr2_219513881_219514861","NHLH2","chr2_219498274_219499197","aCRE","NHLH2__chr2_219498274_219499197",TRUE,"GMPPA"
"chr2_219513881_219514861","NHLH2","chr2_219543444_219544367","tCRE","NHLH2__chr2_219543444_219544367",TRUE,"CHPF"
"chr2_219513881_219514861","NHLH2","chr2_219218559_219219504","tCRE","NHLH2__chr2_219218559_219219504",TRUE,"ABCB6"
"chr2_219513881_219514861","MEIS2","chr2_219498274_219499197","tCRE","MEIS2__chr2_219498274_219499197",TRUE,"GMPPA"
"chr2_219513881_219514861","MEIS2","chr2_219522486_219523348","aCRE","MEIS2__chr2_219522486_219523348",TRUE,NA
"chr2_219513881_219514861","MEIS2","chr2_219597492_219598450","tCRE","MEIS2__chr2_219597492_219598450",TRUE,"STK11IP"
"chr2_219513881_219514861","MEIS2","chr2_219176411_219177286","tCRE","MEIS2__chr2_219176411_219177286",TRUE,"CNPPD1"
"chr2_219513881_219514861","MEIS2","chr2_219627186_219628148","tCRE","MEIS2__chr2_219627186_219628148",TRUE,"SLC4A3"
"chr2_219513881_219514861","MEIS2","chr2_219331318_219332230","aCRE","MEIS2__chr2_219331318_219332230",TRUE,NA
"chr2_219513881_219514861","MEIS2","chr2_219218559_219219504","aCRE","MEIS2__chr2_219218559_219219504",TRUE,"ABCB6"
"chr2_219513881_219514861","MEIS2","chr2_219387786_219388742","tCRE","MEIS2__chr2_219387786_219388742",TRUE,"DNPEP"
"chr2_219513881_219514861","MEIS2","chr2_219177796_219178736","tCRE","MEIS2__chr2_219177796_219178736",TRUE,"RETREG2"
"chr2_219513881_219514861","MEIS2","chr2_219498274_219499197","aCRE","MEIS2__chr2_219498274_219499197",TRUE,"GMPPA"
"chr2_219513881_219514861","MEIS2","chr2_219543444_219544367","tCRE","MEIS2__chr2_219543444_219544367",TRUE,"CHPF"
"chr2_219513881_219514861","MEIS2","chr2_219218559_219219504","tCRE","MEIS2__chr2_219218559_219219504",TRUE,"ABCB6"
"chr2_219565238_219566150","SOX2","chr2_219552113_219553071","tCRE","SOX2__chr2_219552113_219553071",TRUE,"OBSL1"
"chr2_223694153_223695102","RXRG","chr2_223601886_223602813","tCRE","RXRG__chr2_223601886_223602813",TRUE,"SCG2"
"chr2_223694153_223695102","MEIS1","chr2_223601886_223602813","tCRE","MEIS1__chr2_223601886_223602813",TRUE,"SCG2"
"chr2_223723697_223724573","POU5F1","chr2_223618016_223618927","aCRE","POU5F1__chr2_223618016_223618927",TRUE,NA
"chr2_223723697_223724573","POU5F1","chr2_223837130_223838073","aCRE","POU5F1__chr2_223837130_223838073",TRUE,"AP1S3"
"chr2_223723697_223724573","SOX2","chr2_223618016_223618927","aCRE","SOX2__chr2_223618016_223618927",TRUE,NA
"chr2_223723697_223724573","SOX2","chr2_223837130_223838073","aCRE","SOX2__chr2_223837130_223838073",TRUE,"AP1S3"
"chr2_231355475_231356555","NANOG","chr2_231395292_231396200","tCRE","NANOG__chr2_231395292_231396200",FALSE,"B3GNT7"
"chr2_241617158_241618209","ZEB1","chr2_241540789_241541767","aCRE","ZEB1__chr2_241540789_241541767",TRUE,"ONTG02000000712.1"
"chr2_241617158_241618209","ZEB1","chr2_241609907_241610836","aCRE","ZEB1__chr2_241609907_241610836",TRUE,"ONTG02000000713.1"
"chr2_241617158_241618209","ZEB1","chr2_241508270_241509194","tCRE","ZEB1__chr2_241508270_241509194",TRUE,"STK25"
"chr2_241617158_241618209","ZEB1","chr2_241272435_241273215","tCRE","ZEB1__chr2_241272435_241273215",TRUE,"HDLBP"
"chr2_241617158_241618209","RBPJ","chr2_241540789_241541767","aCRE","RBPJ__chr2_241540789_241541767",TRUE,"ONTG02000000712.1"
"chr2_241617158_241618209","RBPJ","chr2_241609907_241610836","aCRE","RBPJ__chr2_241609907_241610836",TRUE,"ONTG02000000713.1"
"chr2_241617158_241618209","RBPJ","chr2_241508270_241509194","tCRE","RBPJ__chr2_241508270_241509194",TRUE,"STK25"
"chr2_241617158_241618209","RBPJ","chr2_241272435_241273215","tCRE","RBPJ__chr2_241272435_241273215",TRUE,"HDLBP"
"chr2_27077990_27079115","TWIST1","chr2_27032470_27033426","tCRE","TWIST1__chr2_27032470_27033426",TRUE,"TMEM214"
"chr2_27077990_27079115","NFIB","chr2_27032470_27033426","tCRE","NFIB__chr2_27032470_27033426",TRUE,"TMEM214"
"chr2_27281944_27283429","SP8","chr2_27441938_27443471","aCRE","SP8__chr2_27441938_27443471",TRUE,"KRTCAP3"
"chr2_27281944_27283429","SP8","chr2_27441938_27443471","tCRE","SP8__chr2_27441938_27443471",TRUE,"KRTCAP3"
"chr2_27281944_27283429","SP8","chr2_26785441_26786366","tCRE","SP8__chr2_26785441_26786366",TRUE,"CENPA"
"chr2_27281944_27283429","SP8","chr2_27409180_27410093","tCRE","SP8__chr2_27409180_27410093",TRUE,"PPM1G"
"chr2_27281944_27283429","SP8","chr2_27369991_27370883","tCRE","SP8__chr2_27369991_27370883",TRUE,"SNX17"
"chr2_27281944_27283429","SP8","chr2_27216971_27217869","tCRE","SP8__chr2_27216971_27217869",TRUE,"CAD"
"chr2_28300449_28301800","MAF","chr2_27890113_27891105","tCRE","MAF__chr2_27890113_27891105",TRUE,"BABAM2"
"chr2_29130029_29130898","JUN","chr2_29114891_29115835","tCRE","JUN__chr2_29114891_29115835",TRUE,"CLIP4"
"chr2_29130029_29130898","FOS","chr2_29114891_29115835","tCRE","FOS__chr2_29114891_29115835",TRUE,"CLIP4"
"chr2_29130029_29130898","HOXA5","chr2_29114891_29115835","tCRE","HOXA5__chr2_29114891_29115835",TRUE,"CLIP4"
"chr2_29130029_29130898","MAFG","chr2_29114891_29115835","tCRE","MAFG__chr2_29114891_29115835",TRUE,"CLIP4"
"chr2_29130029_29130898","ATF3","chr2_29114891_29115835","tCRE","ATF3__chr2_29114891_29115835",TRUE,"CLIP4"
"chr2_36172537_36173430","NR2F1","chr2_36355229_36356167","tCRE","NR2F1__chr2_36355229_36356167",TRUE,"CRIM1-DT"
"chr2_36172537_36173430","TCF7L1","chr2_36355229_36356167","tCRE","TCF7L1__chr2_36355229_36356167",TRUE,"CRIM1-DT"
"chr2_36172537_36173430","RFX3","chr2_36355229_36356167","tCRE","RFX3__chr2_36355229_36356167",TRUE,"CRIM1-DT"
"chr2_41954858_41955760","NEUROD1","chr2_42047422_42048335","tCRE","NEUROD1__chr2_42047422_42048335",TRUE,"ONTG02000000615.1"
"chr2_47695644_47696625","POU5F1","chr2_47782666_47783516","tCRE","POU5F1__chr2_47782666_47783516",FALSE,"MSH6"
"chr2_56013831_56014736","NEUROD1","chr2_56048930_56050065","aCRE","NEUROD1__chr2_56048930_56050065",TRUE,"ONTG02000002644.1"
"chr2_56013831_56014736","NEUROD1","chr2_56015476_56016400","aCRE","NEUROD1__chr2_56015476_56016400",TRUE,NA
"chr2_56013831_56014736","NEUROD1","chr2_55617295_55618206","tCRE","NEUROD1__chr2_55617295_55618206",TRUE,"PPP4R3B"
"chr2_56013831_56014736","NEUROD1","chr2_55519133_55520048","tCRE","NEUROD1__chr2_55519133_55520048",TRUE,"CFAP36"
"chr2_56013831_56014736","NEUROD1","chr2_55693390_55694264","tCRE","NEUROD1__chr2_55693390_55694264",TRUE,"PNPT1"
"chr2_56013831_56014736","NEUROD1","chr2_55923302_55924239","tCRE","NEUROD1__chr2_55923302_55924239",TRUE,"EFEMP1"
"chr2_56013831_56014736","ZIC2","chr2_56048930_56050065","aCRE","ZIC2__chr2_56048930_56050065",TRUE,"ONTG02000002644.1"
"chr2_56013831_56014736","ZIC2","chr2_56015476_56016400","aCRE","ZIC2__chr2_56015476_56016400",TRUE,NA
"chr2_56013831_56014736","ZIC2","chr2_55617295_55618206","tCRE","ZIC2__chr2_55617295_55618206",TRUE,"PPP4R3B"
"chr2_56013831_56014736","ZIC2","chr2_55519133_55520048","tCRE","ZIC2__chr2_55519133_55520048",TRUE,"CFAP36"
"chr2_56013831_56014736","ZIC2","chr2_55693390_55694264","tCRE","ZIC2__chr2_55693390_55694264",TRUE,"PNPT1"
"chr2_56013831_56014736","ZIC2","chr2_55923302_55924239","tCRE","ZIC2__chr2_55923302_55924239",TRUE,"EFEMP1"
"chr2_63614682_63615661","SP8","chr2_63588306_63589230","tCRE","SP8__chr2_63588306_63589230",FALSE,"MDH1"
"chr2_63614682_63615661","SP8","chr2_63841442_63842168","tCRE","SP8__chr2_63841442_63842168",FALSE,"UGP2"
"chr2_63614682_63615661","SP8","chr2_63840541_63841345","tCRE","SP8__chr2_63840541_63841345",FALSE,"UGP2"
"chr2_64276274_64277138","TEAD4","chr2_64251241_64252148","tCRE","TEAD4__chr2_64251241_64252148",TRUE,NA
"chr2_64276274_64277138","FOXH1","chr2_64251241_64252148","tCRE","FOXH1__chr2_64251241_64252148",FALSE,NA
"chr2_64276274_64277138","SOX2","chr2_64251241_64252148","tCRE","SOX2__chr2_64251241_64252148",TRUE,NA
"chr2_64276274_64277138","POU5F1","chr2_64251241_64252148","tCRE","POU5F1__chr2_64251241_64252148",TRUE,NA
"chr2_67331280_67332151","TEAD4","chr2_67332958_67333703","aCRE","TEAD4__chr2_67332958_67333703",TRUE,"ONTG02000002666.1"
"chr2_67331280_67332151","NR2F6","chr2_67332958_67333703","aCRE","NR2F6__chr2_67332958_67333703",TRUE,"ONTG02000002666.1"
"chr2_69686463_69687371","ZIC1","chr2_69798162_69799579","tCRE","ZIC1__chr2_69798162_69799579",TRUE,"ENSG00000288869.1"
"chr2_69686463_69687371","ZIC1","chr2_69386810_69387727","tCRE","ZIC1__chr2_69386810_69387727",TRUE,"GFPT1"
"chr2_69686463_69687371","ZIC1","chr2_69741383_69742373","tCRE","ZIC1__chr2_69741383_69742373",TRUE,"ANXA4"
"chr2_74385128_74386041","CREB3L4","chr2_74002261_74003133","tCRE","CREB3L4__chr2_74002261_74003133",TRUE,"TET3"
"chr2_74385128_74386041","CREB3L4","chr2_74374252_74375172","tCRE","CREB3L4__chr2_74374252_74375172",TRUE,"DCTN1"
"chr2_74385128_74386041","CREB3L4","chr2_74119919_74120881","tCRE","CREB3L4__chr2_74119919_74120881",TRUE,"FNBP1P1"
"chr2_74385128_74386041","CREB3L4","chr2_74507161_74508144","tCRE","CREB3L4__chr2_74507161_74508144",TRUE,"PCGF1"
"chr2_74385128_74386041","CREB3L4","chr2_74379800_74380719","tCRE","CREB3L4__chr2_74379800_74380719",TRUE,"DCTN1"
"chr2_74385128_74386041","ONECUT1","chr2_74002261_74003133","tCRE","ONECUT1__chr2_74002261_74003133",TRUE,"TET3"
"chr2_74385128_74386041","ONECUT1","chr2_74374252_74375172","tCRE","ONECUT1__chr2_74374252_74375172",TRUE,"DCTN1"
"chr2_74385128_74386041","ONECUT1","chr2_74119919_74120881","tCRE","ONECUT1__chr2_74119919_74120881",TRUE,"FNBP1P1"
"chr2_74385128_74386041","ONECUT1","chr2_74507161_74508144","tCRE","ONECUT1__chr2_74507161_74508144",TRUE,"PCGF1"
"chr2_74385128_74386041","ONECUT1","chr2_74379800_74380719","tCRE","ONECUT1__chr2_74379800_74380719",TRUE,"DCTN1"
"chr2_75416348_75417473","ELK3","chr2_75560190_75561327","tCRE","ELK3__chr2_75560190_75561327",TRUE,"EVA1A"
"chr2_85409962_85410698","STAT1","chr2_85255712_85256696","aCRE","STAT1__chr2_85255712_85256696",TRUE,NA
"chr2_85409962_85410698","STAT1","chr2_85354184_85355102","tCRE","STAT1__chr2_85354184_85355102",TRUE,"RETSAT"
"chr2_85409962_85410698","STAT1","chr2_85413441_85414453","aCRE","STAT1__chr2_85413441_85414453",TRUE,"CAPG"
"chr2_85409962_85410698","STAT1","chr2_85243359_85244242","aCRE","STAT1__chr2_85243359_85244242",TRUE,NA
"chr2_85409962_85410698","STAT1","chr2_85611603_85612507","tCRE","STAT1__chr2_85611603_85612507",TRUE,"C2ORF68"
"chr2_85409962_85410698","STAT1","chr2_85615739_85616639","tCRE","STAT1__chr2_85615739_85616639",TRUE,"USP39"
"chr2_85409962_85410698","STAT1","chr2_85572134_85573044","aCRE","STAT1__chr2_85572134_85573044",TRUE,NA
"chr2_85409962_85410698","STAT1","chr2_85134261_85135666","tCRE","STAT1__chr2_85134261_85135666",TRUE,"ONTG02000002063.1"
"chr2_85409962_85410698","STAT1","chr2_85577199_85578815","tCRE","STAT1__chr2_85577199_85578815",TRUE,"VAMP8"
"chr2_85409962_85410698","STAT1","chr2_85134261_85135666","aCRE","STAT1__chr2_85134261_85135666",TRUE,"ONTG02000002063.1"
"chr2_85409962_85410698","STAT1","chr2_85132709_85133651","tCRE","STAT1__chr2_85132709_85133651",TRUE,"ONTG02000000189.1"
"chr2_85409962_85410698","STAT1","chr2_84957804_84958737","aCRE","STAT1__chr2_84957804_84958737",TRUE,NA
"chr2_85409962_85410698","STAT1","chr2_84957804_84958737","tCRE","STAT1__chr2_84957804_84958737",TRUE,NA
"chr2_85409962_85410698","STAT1","chr2_85413441_85414453","tCRE","STAT1__chr2_85413441_85414453",TRUE,"CAPG"
"chr2_85409962_85410698","STAT1","chr2_85602267_85603227","tCRE","STAT1__chr2_85602267_85603227",TRUE,"TMEM150A"
"chr2_85409962_85410698","ELF1","chr2_85255712_85256696","aCRE","ELF1__chr2_85255712_85256696",TRUE,NA
"chr2_85409962_85410698","ELF1","chr2_85354184_85355102","tCRE","ELF1__chr2_85354184_85355102",TRUE,"RETSAT"
"chr2_85409962_85410698","ELF1","chr2_85413441_85414453","aCRE","ELF1__chr2_85413441_85414453",TRUE,"CAPG"
"chr2_85409962_85410698","ELF1","chr2_85243359_85244242","aCRE","ELF1__chr2_85243359_85244242",TRUE,NA
"chr2_85409962_85410698","ELF1","chr2_85611603_85612507","tCRE","ELF1__chr2_85611603_85612507",TRUE,"C2ORF68"
"chr2_85409962_85410698","ELF1","chr2_85615739_85616639","tCRE","ELF1__chr2_85615739_85616639",TRUE,"USP39"
"chr2_85409962_85410698","ELF1","chr2_85572134_85573044","aCRE","ELF1__chr2_85572134_85573044",TRUE,NA
"chr2_85409962_85410698","ELF1","chr2_85134261_85135666","tCRE","ELF1__chr2_85134261_85135666",TRUE,"ONTG02000002063.1"
"chr2_85409962_85410698","ELF1","chr2_85577199_85578815","tCRE","ELF1__chr2_85577199_85578815",TRUE,"VAMP8"
"chr2_85409962_85410698","ELF1","chr2_85134261_85135666","aCRE","ELF1__chr2_85134261_85135666",TRUE,"ONTG02000002063.1"
"chr2_85409962_85410698","ELF1","chr2_85132709_85133651","tCRE","ELF1__chr2_85132709_85133651",TRUE,"ONTG02000000189.1"
"chr2_85409962_85410698","ELF1","chr2_84957804_84958737","aCRE","ELF1__chr2_84957804_84958737",TRUE,NA
"chr2_85409962_85410698","ELF1","chr2_84957804_84958737","tCRE","ELF1__chr2_84957804_84958737",TRUE,NA
"chr2_85409962_85410698","ELF1","chr2_85413441_85414453","tCRE","ELF1__chr2_85413441_85414453",TRUE,"CAPG"
"chr2_85409962_85410698","ELF1","chr2_85602267_85603227","tCRE","ELF1__chr2_85602267_85603227",TRUE,"TMEM150A"
"chr2_85409962_85410698","STAT2","chr2_85255712_85256696","aCRE","STAT2__chr2_85255712_85256696",TRUE,NA
"chr2_85409962_85410698","STAT2","chr2_85354184_85355102","tCRE","STAT2__chr2_85354184_85355102",TRUE,"RETSAT"
"chr2_85409962_85410698","STAT2","chr2_85413441_85414453","aCRE","STAT2__chr2_85413441_85414453",TRUE,"CAPG"
"chr2_85409962_85410698","STAT2","chr2_85243359_85244242","aCRE","STAT2__chr2_85243359_85244242",TRUE,NA
"chr2_85409962_85410698","STAT2","chr2_85611603_85612507","tCRE","STAT2__chr2_85611603_85612507",TRUE,"C2ORF68"
"chr2_85409962_85410698","STAT2","chr2_85615739_85616639","tCRE","STAT2__chr2_85615739_85616639",TRUE,"USP39"
"chr2_85409962_85410698","STAT2","chr2_85572134_85573044","aCRE","STAT2__chr2_85572134_85573044",TRUE,NA
"chr2_85409962_85410698","STAT2","chr2_85134261_85135666","tCRE","STAT2__chr2_85134261_85135666",TRUE,"ONTG02000002063.1"
"chr2_85409962_85410698","STAT2","chr2_85577199_85578815","tCRE","STAT2__chr2_85577199_85578815",TRUE,"VAMP8"
"chr2_85409962_85410698","STAT2","chr2_85134261_85135666","aCRE","STAT2__chr2_85134261_85135666",TRUE,"ONTG02000002063.1"
"chr2_85409962_85410698","STAT2","chr2_85132709_85133651","tCRE","STAT2__chr2_85132709_85133651",TRUE,"ONTG02000000189.1"
"chr2_85409962_85410698","STAT2","chr2_84957804_84958737","aCRE","STAT2__chr2_84957804_84958737",TRUE,NA
"chr2_85409962_85410698","STAT2","chr2_84957804_84958737","tCRE","STAT2__chr2_84957804_84958737",TRUE,NA
"chr2_85409962_85410698","STAT2","chr2_85413441_85414453","tCRE","STAT2__chr2_85413441_85414453",TRUE,"CAPG"
"chr2_85409962_85410698","STAT2","chr2_85602267_85603227","tCRE","STAT2__chr2_85602267_85603227",TRUE,"TMEM150A"
"chr2_86151005_86151814","ONECUT2","chr2_85888588_85889553","tCRE","ONECUT2__chr2_85888588_85889553",TRUE,"ST3GAL5"
"chr2_86151005_86151814","ONECUT2","chr2_86194869_86195799","tCRE","ONECUT2__chr2_86194869_86195799",TRUE,"IMMT"
"chr2_893110_894033","ZNF148","chr2_950282_951174","tCRE","ZNF148__chr2_950282_951174",TRUE,"SNTG2-AS1"
"chr2_96977353_96978348","VEZF1","chr2_96907072_96907924","aCRE","VEZF1__chr2_96907072_96907924",TRUE,"FAM178B"
"chr2_96977353_96978348","VEZF1","chr2_96739668_96740570","tCRE","VEZF1__chr2_96739668_96740570",TRUE,"LMAN2L"
"chr2_96977353_96978348","VEZF1","chr2_96907072_96907924","tCRE","VEZF1__chr2_96907072_96907924",TRUE,"FAM178B"
"chr3_10234574_10235546","POU5F1","chr3_9843564_9844441","tCRE","POU5F1__chr3_9843564_9844441",FALSE,"RPUSD3"
"chr3_107747095_107747995","NEUROD2","chr3_107598604_107599640","tCRE","NEUROD2__chr3_107598604_107599640",TRUE,"BBX"
"chr3_107747095_107747995","NEUROD2","chr3_107522573_107523424","tCRE","NEUROD2__chr3_107522573_107523424",TRUE,"BBX"
"chr3_107747095_107747995","RXRG","chr3_107598604_107599640","tCRE","RXRG__chr3_107598604_107599640",TRUE,"BBX"
"chr3_107747095_107747995","RXRG","chr3_107522573_107523424","tCRE","RXRG__chr3_107522573_107523424",TRUE,"BBX"
"chr3_107747095_107747995","REST","chr3_107598604_107599640","tCRE","REST__chr3_107598604_107599640",TRUE,"BBX"
"chr3_107747095_107747995","REST","chr3_107522573_107523424","tCRE","REST__chr3_107522573_107523424",TRUE,"BBX"
"chr3_107747095_107747995","ZBTB18","chr3_107598604_107599640","tCRE","ZBTB18__chr3_107598604_107599640",TRUE,"BBX"
"chr3_107747095_107747995","ZBTB18","chr3_107522573_107523424","tCRE","ZBTB18__chr3_107522573_107523424",TRUE,"BBX"
"chr3_107747095_107747995","NHLH1","chr3_107598604_107599640","tCRE","NHLH1__chr3_107598604_107599640",TRUE,"BBX"
"chr3_107747095_107747995","NHLH1","chr3_107522573_107523424","tCRE","NHLH1__chr3_107522573_107523424",TRUE,"BBX"
"chr3_109314441_109315243","OTX2","chr3_109336265_109338082","tCRE","OTX2__chr3_109336265_109338082",TRUE,"DPPA4"
"chr3_109314441_109315243","OTX2","chr3_109316040_109316954","aCRE","OTX2__chr3_109316040_109316954",TRUE,"DPPA2"
"chr3_109314441_109315243","OTX2","chr3_109316040_109316954","tCRE","OTX2__chr3_109316040_109316954",TRUE,"DPPA2"
"chr3_112422651_112423551","ZEB1","chr3_112302942_112304198","aCRE","ZEB1__chr3_112302942_112304198",TRUE,"ONTG03000000317.1"
"chr3_112422651_112423551","ZEB1","chr3_112561629_112562601","aCRE","ZEB1__chr3_112561629_112562601",TRUE,"ATG3"
"chr3_112422651_112423551","ZEB1","chr3_112418330_112419173","aCRE","ZEB1__chr3_112418330_112419173",TRUE,"ONTG03000000321.1"
"chr3_112609806_112610688","FOS","chr3_112640085_112641726","aCRE","FOS__chr3_112640085_112641726",TRUE,"CCDC80"
"chr3_112609806_112610688","FOS","chr3_112640085_112641726","tCRE","FOS__chr3_112640085_112641726",TRUE,"CCDC80"
"chr3_112609806_112610688","FOS","chr3_112332915_112333856","tCRE","FOS__chr3_112332915_112333856",TRUE,"CD200"
"chr3_112609806_112610688","NR2F1","chr3_112640085_112641726","aCRE","NR2F1__chr3_112640085_112641726",TRUE,"CCDC80"
"chr3_112609806_112610688","NR2F1","chr3_112640085_112641726","tCRE","NR2F1__chr3_112640085_112641726",TRUE,"CCDC80"
"chr3_112609806_112610688","NR2F1","chr3_112332915_112333856","tCRE","NR2F1__chr3_112332915_112333856",TRUE,"CD200"
"chr3_115317580_115318537","SP8","chr3_115622971_115623983","tCRE","SP8__chr3_115622971_115623983",TRUE,"GAP43"
"chr3_115317580_115318537","NANOG","chr3_115622971_115623983","tCRE","NANOG__chr3_115622971_115623983",TRUE,"GAP43"
"chr3_11581930_11583037","ZIC1","chr3_11643484_11644450","tCRE","ZIC1__chr3_11643484_11644450",TRUE,"VGLL4"
"chr3_11610972_11611990","TCF7L2","chr3_11846442_11847336","aCRE","TCF7L2__chr3_11846442_11847336",TRUE,"TAMM41"
"chr3_11610972_11611990","HOXA4","chr3_11846442_11847336","aCRE","HOXA4__chr3_11846442_11847336",TRUE,"TAMM41"
"chr3_121893885_121895087","SOX2","chr3_122383807_122384678","tCRE","SOX2__chr3_122383807_122384678",TRUE,"FAM162A"
"chr3_121893885_121895087","SOX2","chr3_122382691_122383457","tCRE","SOX2__chr3_122382691_122383457",TRUE,"MIX23"
"chr3_121893885_121895087","FOXO1","chr3_122383807_122384678","tCRE","FOXO1__chr3_122383807_122384678",TRUE,"FAM162A"
"chr3_121893885_121895087","FOXO1","chr3_122382691_122383457","tCRE","FOXO1__chr3_122382691_122383457",TRUE,"MIX23"
"chr3_125936022_125937567","RBPJ","chr3_125957896_125958791","aCRE","RBPJ__chr3_125957896_125958791",TRUE,"ENSG00000241439.1"
"chr3_125936022_125937567","RBPJ","chr3_125915752_125916742","aCRE","RBPJ__chr3_125915752_125916742",TRUE,"FAM86JP"
"chr3_125936022_125937567","RBPJ","chr3_125990021_125990958","tCRE","RBPJ__chr3_125990021_125990958",TRUE,"ALG1L"
"chr3_125936022_125937567","FOXO1","chr3_125957896_125958791","aCRE","FOXO1__chr3_125957896_125958791",TRUE,"ENSG00000241439.1"
"chr3_125936022_125937567","FOXO1","chr3_125915752_125916742","aCRE","FOXO1__chr3_125915752_125916742",TRUE,"FAM86JP"
"chr3_125936022_125937567","FOXO1","chr3_125990021_125990958","tCRE","FOXO1__chr3_125990021_125990958",TRUE,"ALG1L"
"chr3_128794755_128795674","EBF3","chr3_129121537_129122534","aCRE","EBF3__chr3_129121537_129122534",TRUE,"RAB43"
"chr3_128794755_128795674","EBF3","chr3_129160934_129161906","tCRE","EBF3__chr3_129160934_129161906",TRUE,"ISY1"
"chr3_129303842_129304740","TEAD1","chr3_129120261_129120998","aCRE","TEAD1__chr3_129120261_129120998",TRUE,"ONTG03000000182.1"
"chr3_129303842_129304740","TEAD1","chr3_129316058_129316953","tCRE","TEAD1__chr3_129316058_129316953",TRUE,"H1-10"
"chr3_129303842_129304740","TEAD1","chr3_129000967_129001886","tCRE","TEAD1__chr3_129000967_129001886",TRUE,"ONTG03000000179.1"
"chr3_129303842_129304740","TEAD1","chr3_129428175_129429104","tCRE","TEAD1__chr3_129428175_129429104",TRUE,"EFCAB12"
"chr3_129303842_129304740","FOXN3","chr3_129120261_129120998","aCRE","FOXN3__chr3_129120261_129120998",TRUE,"ONTG03000000182.1"
"chr3_129303842_129304740","FOXN3","chr3_129316058_129316953","tCRE","FOXN3__chr3_129316058_129316953",TRUE,"H1-10"
"chr3_129303842_129304740","FOXN3","chr3_129000967_129001886","tCRE","FOXN3__chr3_129000967_129001886",TRUE,"ONTG03000000179.1"
"chr3_129303842_129304740","FOXN3","chr3_129428175_129429104","tCRE","FOXN3__chr3_129428175_129429104",TRUE,"EFCAB12"
"chr3_129481047_129482051","PBX3","chr3_129316058_129316953","tCRE","PBX3__chr3_129316058_129316953",TRUE,"H1-10"
"chr3_129481047_129482051","RFX5","chr3_129316058_129316953","tCRE","RFX5__chr3_129316058_129316953",TRUE,"H1-10"
"chr3_138295045_138295991","ZIC1","chr3_138186977_138187859","tCRE","ZIC1__chr3_138186977_138187859",TRUE,"ARMC8"
"chr3_138295045_138295991","MAFB","chr3_138186977_138187859","tCRE","MAFB__chr3_138186977_138187859",TRUE,"ARMC8"
"chr3_141367964_141368872","JUN","chr3_141857981_141858980","aCRE","JUN__chr3_141857981_141858980",TRUE,NA
"chr3_141367964_141368872","JUN","chr3_141050889_141051755","tCRE","JUN__chr3_141050889_141051755",TRUE,"SPSB4"
"chr3_141367964_141368872","ZIC1","chr3_141857981_141858980","aCRE","ZIC1__chr3_141857981_141858980",TRUE,NA
"chr3_141367964_141368872","ZIC1","chr3_141050889_141051755","tCRE","ZIC1__chr3_141050889_141051755",TRUE,"SPSB4"
"chr3_157499152_157500117","ZEB1","chr3_157174557_157175490","aCRE","ZEB1__chr3_157174557_157175490",TRUE,"ENSG00000243176.7"
"chr3_157499152_157500117","ZEB1","chr3_157088637_157089541","aCRE","ZEB1__chr3_157088637_157089541",TRUE,"ENSG00000289409.1"
"chr3_157499152_157500117","MEIS2","chr3_157174557_157175490","aCRE","MEIS2__chr3_157174557_157175490",TRUE,"ENSG00000243176.7"
"chr3_157499152_157500117","MEIS2","chr3_157088637_157089541","aCRE","MEIS2__chr3_157088637_157089541",TRUE,"ENSG00000289409.1"
"chr3_157502823_157503830","FOS","chr3_157436325_157437076","tCRE","FOS__chr3_157436325_157437076",TRUE,"PTX3"
"chr3_157502823_157503830","MAF","chr3_157436325_157437076","tCRE","MAF__chr3_157436325_157437076",TRUE,"PTX3"
"chr3_157502823_157503830","LMX1A","chr3_157436325_157437076","tCRE","LMX1A__chr3_157436325_157437076",TRUE,"PTX3"
"chr3_16669990_16670866","OTX2","chr3_16697359_16698345","aCRE","OTX2__chr3_16697359_16698345",TRUE,"ENSG00000229271.2"
"chr3_16669990_16670866","OTX2","chr3_16697359_16698345","tCRE","OTX2__chr3_16697359_16698345",TRUE,"ENSG00000229271.2"
"chr3_16669990_16670866","OTX2","chr3_16883719_16884592","tCRE","OTX2__chr3_16883719_16884592",TRUE,"ONTG03000000829.1"
"chr3_16669990_16670866","OTX2","chr3_16264598_16265514","aCRE","OTX2__chr3_16264598_16265514",TRUE,"DPH3"
"chr3_16669990_16670866","SIX3","chr3_16697359_16698345","aCRE","SIX3__chr3_16697359_16698345",TRUE,"ENSG00000229271.2"
"chr3_16669990_16670866","SIX3","chr3_16697359_16698345","tCRE","SIX3__chr3_16697359_16698345",TRUE,"ENSG00000229271.2"
"chr3_16669990_16670866","SIX3","chr3_16883719_16884592","tCRE","SIX3__chr3_16883719_16884592",FALSE,"ONTG03000000829.1"
"chr3_16669990_16670866","SIX3","chr3_16264598_16265514","aCRE","SIX3__chr3_16264598_16265514",FALSE,"DPH3"
"chr3_170952934_170953963","NEUROD1","chr3_170908218_170909096","tCRE","NEUROD1__chr3_170908218_170909096",TRUE,"EIF5A2"
"chr3_170957929_170958840","ATF2","chr3_170869777_170870725","tCRE","ATF2__chr3_170869777_170870725",TRUE,"RPL22L1"
"chr3_170957929_170958840","PBX3","chr3_170869777_170870725","tCRE","PBX3__chr3_170869777_170870725",TRUE,"RPL22L1"
"chr3_170957929_170958840","FOSL2","chr3_170869777_170870725","tCRE","FOSL2__chr3_170869777_170870725",TRUE,"RPL22L1"
"chr3_170957929_170958840","ZEB1","chr3_170869777_170870725","tCRE","ZEB1__chr3_170869777_170870725",TRUE,"RPL22L1"
"chr3_187180711_187181567","TEAD4","chr3_187139142_187140096","tCRE","TEAD4__chr3_187139142_187140096",TRUE,"RPL39L"
"chr3_187180711_187181567","TEAD4","chr3_186782965_186783791","tCRE","TEAD4__chr3_186782965_186783791",TRUE,"EIF4A2"
"chr3_187180711_187181567","TEAD4","chr3_186931822_186932578","aCRE","TEAD4__chr3_186931822_186932578",TRUE,"ONTG03000001139.1"
"chr3_187180711_187181567","BCL11A","chr3_187139142_187140096","tCRE","BCL11A__chr3_187139142_187140096",TRUE,"RPL39L"
"chr3_187180711_187181567","BCL11A","chr3_186782965_186783791","tCRE","BCL11A__chr3_186782965_186783791",TRUE,"EIF4A2"
"chr3_187180711_187181567","BCL11A","chr3_186931822_186932578","aCRE","BCL11A__chr3_186931822_186932578",TRUE,"ONTG03000001139.1"
"chr3_187862378_187863341","FOXO1","chr3_187745175_187746094","tCRE","FOXO1__chr3_187745175_187746094",TRUE,"ENSG00000289331.1"
"chr3_190554197_190554834","ZNF148","chr3_190553022_190553928","aCRE","ZNF148__chr3_190553022_190553928",TRUE,"ONTG03000002043.1"
"chr3_190554197_190554834","ZNF770","chr3_190553022_190553928","aCRE","ZNF770__chr3_190553022_190553928",TRUE,"ONTG03000002043.1"
"chr3_41681190_41682136","FOXN3","chr3_41198918_41199847","tCRE","FOXN3__chr3_41198918_41199847",TRUE,"CTNNB1"
"chr3_41681190_41682136","FOXN3","chr3_42148756_42149672","aCRE","FOXN3__chr3_42148756_42149672",TRUE,"TRAK1"
"chr3_41681190_41682136","FOXH1","chr3_41198918_41199847","tCRE","FOXH1__chr3_41198918_41199847",TRUE,"CTNNB1"
"chr3_41681190_41682136","FOXH1","chr3_42148756_42149672","aCRE","FOXH1__chr3_42148756_42149672",TRUE,"TRAK1"
"chr3_41681190_41682136","FOS","chr3_41198918_41199847","tCRE","FOS__chr3_41198918_41199847",FALSE,"CTNNB1"
"chr3_41681190_41682136","FOS","chr3_42148756_42149672","aCRE","FOS__chr3_42148756_42149672",FALSE,"TRAK1"
"chr3_41681190_41682136","MEIS2","chr3_41198918_41199847","tCRE","MEIS2__chr3_41198918_41199847",TRUE,"CTNNB1"
"chr3_41681190_41682136","MEIS2","chr3_42148756_42149672","aCRE","MEIS2__chr3_42148756_42149672",TRUE,"TRAK1"
"chr3_43372514_43373959","NFYB","chr3_42905791_42907343","aCRE","NFYB__chr3_42905791_42907343",TRUE,"ZNF662"
"chr3_43372514_43373959","NFYB","chr3_42905791_42907343","tCRE","NFYB__chr3_42905791_42907343",TRUE,"ZNF662"
"chr3_46545545_46546464","FOXH1","chr3_46578879_46579610","tCRE","FOXH1__chr3_46578879_46579610",FALSE,"TDGF1"
"chr3_46545545_46546464","FOXH1","chr3_46692999_46694053","tCRE","FOXH1__chr3_46692999_46694053",TRUE,"ALS2CL"
"chr3_46545545_46546464","FOXH1","chr3_46576876_46577755","tCRE","FOXH1__chr3_46576876_46577755",FALSE,"TDGF1"
"chr3_46545545_46546464","FOXH1","chr3_46565728_46566671","tCRE","FOXH1__chr3_46565728_46566671",FALSE,"LRRC2"
"chr3_46545545_46546464","SOX2","chr3_46578879_46579610","tCRE","SOX2__chr3_46578879_46579610",TRUE,"TDGF1"
"chr3_46545545_46546464","SOX2","chr3_46692999_46694053","tCRE","SOX2__chr3_46692999_46694053",TRUE,"ALS2CL"
"chr3_46545545_46546464","SOX2","chr3_46576876_46577755","tCRE","SOX2__chr3_46576876_46577755",TRUE,"TDGF1"
"chr3_46545545_46546464","SOX2","chr3_46565728_46566671","tCRE","SOX2__chr3_46565728_46566671",TRUE,"LRRC2"
"chr3_46858722_46859632","GLIS3","chr3_46881209_46883697","tCRE","GLIS3__chr3_46881209_46883697",TRUE,"MYL3"
"chr3_46858722_46859632","ZIC1","chr3_46881209_46883697","tCRE","ZIC1__chr3_46881209_46883697",TRUE,"MYL3"
"chr3_49813504_49814318","MEIS1","chr3_49802573_49803392","tCRE","MEIS1__chr3_49802573_49803392",TRUE,"INKA1"
"chr3_49813504_49814318","STAT1","chr3_49802573_49803392","tCRE","STAT1__chr3_49802573_49803392",TRUE,"INKA1"
"chr3_49813504_49814318","ZNF677","chr3_49802573_49803392","tCRE","ZNF677__chr3_49802573_49803392",TRUE,"INKA1"
"chr3_49813504_49814318","PKNOX1","chr3_49802573_49803392","tCRE","PKNOX1__chr3_49802573_49803392",TRUE,"INKA1"
"chr3_50267115_50268060","ZIC1","chr3_50345298_50346209","tCRE","ZIC1__chr3_50345298_50346209",TRUE,"ZMYND10"
"chr3_50267115_50268060","ZIC1","chr3_50237595_50238586","aCRE","ZIC1__chr3_50237595_50238586",TRUE,"ONTG03000000725.1"
"chr3_50267115_50268060","ZIC1","chr3_50240860_50241849","aCRE","ZIC1__chr3_50240860_50241849",TRUE,NA
"chr3_50267115_50268060","ZIC1","chr3_50350448_50351419","tCRE","ZIC1__chr3_50350448_50351419",TRUE,"NPRL2"
"chr3_50267115_50268060","ZIC1","chr3_50359157_50360066","tCRE","ZIC1__chr3_50359157_50360066",TRUE,"TMEM115"
"chr3_50267115_50268060","ZIC1","chr3_50292045_50292963","tCRE","ZIC1__chr3_50292045_50292963",TRUE,"IFRD2"
"chr3_50267115_50268060","ZIC1","chr3_50616738_50617537","tCRE","ZIC1__chr3_50616738_50617537",TRUE,"MAPKAPK3"
"chr3_50267115_50268060","ZIC1","chr3_50611516_50612420","tCRE","ZIC1__chr3_50611516_50612420",TRUE,"CISH"
"chr3_50267115_50268060","ZIC1","chr3_50268766_50269627","tCRE","ZIC1__chr3_50268766_50269627",TRUE,"SEMA3B"
"chr3_50267115_50268060","ZIC1","chr3_50321039_50322032","tCRE","ZIC1__chr3_50321039_50322032",TRUE,"HYAL2"
"chr3_51703105_51704123","NHLH2","chr3_51967081_51968801","tCRE","NHLH2__chr3_51967081_51968801",TRUE,"PCBP4"
"chr3_51703105_51704123","NHLH2","chr3_51974795_51975598","tCRE","NHLH2__chr3_51974795_51975598",TRUE,"ABHD14A"
"chr3_51703105_51704123","NHLH2","chr3_51706540_51707446","tCRE","NHLH2__chr3_51706540_51707446",TRUE,"GRM2"
"chr3_51703105_51704123","NHLH2","chr3_51995481_51996384","tCRE","NHLH2__chr3_51995481_51996384",TRUE,"RPL29"
"chr3_52834620_52835698","NHLH2","chr3_53255538_53256478","tCRE","NHLH2__chr3_53255538_53256478",TRUE,"TKT"
"chr3_52834620_52835698","NHLH2","chr3_53160545_53161477","aCRE","NHLH2__chr3_53160545_53161477",TRUE,"ONTG03000000029.1"
"chr3_52834620_52835698","NHLH2","chr3_52685359_52686327","tCRE","NHLH2__chr3_52685359_52686327",TRUE,"GNL3"
"chr3_52834620_52835698","NHLH2","chr3_52714284_52715397","aCRE","NHLH2__chr3_52714284_52715397",TRUE,NA
"chr3_52834620_52835698","NHLH2","chr3_52705466_52706406","tCRE","NHLH2__chr3_52705466_52706406",TRUE,"SPCS1"
"chr3_52834620_52835698","NHLH2","chr3_53129973_53130914","tCRE","NHLH2__chr3_53129973_53130914",TRUE,"RFT1"
"chr3_52834620_52835698","NR2F1","chr3_53255538_53256478","tCRE","NR2F1__chr3_53255538_53256478",TRUE,"TKT"
"chr3_52834620_52835698","NR2F1","chr3_53160545_53161477","aCRE","NR2F1__chr3_53160545_53161477",TRUE,"ONTG03000000029.1"
"chr3_52834620_52835698","NR2F1","chr3_52685359_52686327","tCRE","NR2F1__chr3_52685359_52686327",TRUE,"GNL3"
"chr3_52834620_52835698","NR2F1","chr3_52714284_52715397","aCRE","NR2F1__chr3_52714284_52715397",TRUE,NA
"chr3_52834620_52835698","NR2F1","chr3_52705466_52706406","tCRE","NR2F1__chr3_52705466_52706406",TRUE,"SPCS1"
"chr3_52834620_52835698","NR2F1","chr3_53129973_53130914","tCRE","NR2F1__chr3_53129973_53130914",TRUE,"RFT1"
"chr3_52834620_52835698","MEIS1","chr3_53255538_53256478","tCRE","MEIS1__chr3_53255538_53256478",TRUE,"TKT"
"chr3_52834620_52835698","MEIS1","chr3_53160545_53161477","aCRE","MEIS1__chr3_53160545_53161477",TRUE,"ONTG03000000029.1"
"chr3_52834620_52835698","MEIS1","chr3_52685359_52686327","tCRE","MEIS1__chr3_52685359_52686327",TRUE,"GNL3"
"chr3_52834620_52835698","MEIS1","chr3_52714284_52715397","aCRE","MEIS1__chr3_52714284_52715397",TRUE,NA
"chr3_52834620_52835698","MEIS1","chr3_52705466_52706406","tCRE","MEIS1__chr3_52705466_52706406",TRUE,"SPCS1"
"chr3_52834620_52835698","MEIS1","chr3_53129973_53130914","tCRE","MEIS1__chr3_53129973_53130914",TRUE,"RFT1"
"chr3_52834620_52835698","NHLH1","chr3_53255538_53256478","tCRE","NHLH1__chr3_53255538_53256478",FALSE,"TKT"
"chr3_52834620_52835698","NHLH1","chr3_53160545_53161477","aCRE","NHLH1__chr3_53160545_53161477",FALSE,"ONTG03000000029.1"
"chr3_52834620_52835698","NHLH1","chr3_52685359_52686327","tCRE","NHLH1__chr3_52685359_52686327",FALSE,"GNL3"
"chr3_52834620_52835698","NHLH1","chr3_52714284_52715397","aCRE","NHLH1__chr3_52714284_52715397",FALSE,NA
"chr3_52834620_52835698","NHLH1","chr3_52705466_52706406","tCRE","NHLH1__chr3_52705466_52706406",FALSE,"SPCS1"
"chr3_52834620_52835698","NHLH1","chr3_53129973_53130914","tCRE","NHLH1__chr3_53129973_53130914",FALSE,"RFT1"
"chr3_53370365_53372097","NANOG","chr3_53252206_53253108","aCRE","NANOG__chr3_53252206_53253108",TRUE,NA
"chr3_54634409_54635317","NR2F6","chr3_54639558_54640417","tCRE","NR2F6__chr3_54639558_54640417",TRUE,"ESRG"
"chr3_54641043_54641890","POU5F1","chr3_54639558_54640417","tCRE","POU5F1__chr3_54639558_54640417",FALSE,"ESRG"
"chr3_57199493_57200497","SOX2","chr3_57597090_57598004","tCRE","SOX2__chr3_57597090_57598004",TRUE,"ARF4"
"chr3_57199493_57200497","FOXN3","chr3_57597090_57598004","tCRE","FOXN3__chr3_57597090_57598004",TRUE,"ARF4"
"chr3_57252196_57253078","SREBF2","chr3_57227266_57228182","tCRE","SREBF2__chr3_57227266_57228182",TRUE,"APPL1"
"chr3_57252196_57253078","BACH2","chr3_57227266_57228182","tCRE","BACH2__chr3_57227266_57228182",TRUE,"APPL1"
"chr3_58536744_58538281","ZNF93","chr3_58842148_58843066","tCRE","ZNF93__chr3_58842148_58843066",TRUE,"CFAP20DC"
"chr3_62242603_62243530","MEIS1","chr3_62318584_62319481","tCRE","MEIS1__chr3_62318584_62319481",TRUE,"C3ORF14"
"chr3_62242603_62243530","REST","chr3_62318584_62319481","tCRE","REST__chr3_62318584_62319481",TRUE,"C3ORF14"
"chr3_65400249_65402104","EBF1","chr3_65598027_65598669","tCRE","EBF1__chr3_65598027_65598669",TRUE,NA
"chr3_65400249_65402104","EBF1","chr3_65596943_65597998","tCRE","EBF1__chr3_65596943_65597998",TRUE,"MAGI1"
"chr3_65400249_65402104","MEIS1","chr3_65598027_65598669","tCRE","MEIS1__chr3_65598027_65598669",TRUE,NA
"chr3_65400249_65402104","MEIS1","chr3_65596943_65597998","tCRE","MEIS1__chr3_65596943_65597998",TRUE,"MAGI1"
"chr3_65400249_65402104","NEUROD1","chr3_65598027_65598669","tCRE","NEUROD1__chr3_65598027_65598669",TRUE,NA
"chr3_65400249_65402104","NEUROD1","chr3_65596943_65597998","tCRE","NEUROD1__chr3_65596943_65597998",TRUE,"MAGI1"
"chr4_103099451_103100372","NR6A1","chr4_102868610_102869529","tCRE","NR6A1__chr4_102868610_102869529",TRUE,"CISD2"
"chr4_103099451_103100372","NR6A1","chr4_103197933_103198826","tCRE","NR6A1__chr4_103197933_103198826",TRUE,"CENPE"
"chr4_103099451_103100372","NR6A1","chr4_102760500_102761442","tCRE","NR6A1__chr4_102760500_102761442",TRUE,"MANBA"
"chr4_103099451_103100372","NR6A1","chr4_103076012_103076937","tCRE","NR6A1__chr4_103076012_103076937",TRUE,"SLC9B2"
"chr4_103099451_103100372","NR6A1","chr4_102827617_102828547","tCRE","NR6A1__chr4_102827617_102828547",TRUE,"UBE2D3"
"chr4_103099451_103100372","NR6A1","chr4_103019195_103020147","aCRE","NR6A1__chr4_103019195_103020147",TRUE,"SLC9B1"
"chr4_103099451_103100372","NFAT5","chr4_102868610_102869529","tCRE","NFAT5__chr4_102868610_102869529",TRUE,"CISD2"
"chr4_103099451_103100372","NFAT5","chr4_103197933_103198826","tCRE","NFAT5__chr4_103197933_103198826",TRUE,"CENPE"
"chr4_103099451_103100372","NFAT5","chr4_102760500_102761442","tCRE","NFAT5__chr4_102760500_102761442",TRUE,"MANBA"
"chr4_103099451_103100372","NFAT5","chr4_103076012_103076937","tCRE","NFAT5__chr4_103076012_103076937",TRUE,"SLC9B2"
"chr4_103099451_103100372","NFAT5","chr4_102827617_102828547","tCRE","NFAT5__chr4_102827617_102828547",TRUE,"UBE2D3"
"chr4_103099451_103100372","NFAT5","chr4_103019195_103020147","aCRE","NFAT5__chr4_103019195_103020147",TRUE,"SLC9B1"
"chr4_103099451_103100372","POU4F2","chr4_102868610_102869529","tCRE","POU4F2__chr4_102868610_102869529",TRUE,"CISD2"
"chr4_103099451_103100372","POU4F2","chr4_103197933_103198826","tCRE","POU4F2__chr4_103197933_103198826",TRUE,"CENPE"
"chr4_103099451_103100372","POU4F2","chr4_102760500_102761442","tCRE","POU4F2__chr4_102760500_102761442",TRUE,"MANBA"
"chr4_103099451_103100372","POU4F2","chr4_103076012_103076937","tCRE","POU4F2__chr4_103076012_103076937",TRUE,"SLC9B2"
"chr4_103099451_103100372","POU4F2","chr4_102827617_102828547","tCRE","POU4F2__chr4_102827617_102828547",TRUE,"UBE2D3"
"chr4_103099451_103100372","POU4F2","chr4_103019195_103020147","aCRE","POU4F2__chr4_103019195_103020147",TRUE,"SLC9B1"
"chr4_112343146_112344232","ETV1","chr4_112231269_112232138","aCRE","ETV1__chr4_112231269_112232138",TRUE,"AP1AR"
"chr4_112343146_112344232","INSM1","chr4_112231269_112232138","aCRE","INSM1__chr4_112231269_112232138",TRUE,"AP1AR"
"chr4_112343146_112344232","SHOX2","chr4_112231269_112232138","aCRE","SHOX2__chr4_112231269_112232138",TRUE,"AP1AR"
"chr4_112377123_112378095","POU4F1","chr4_112514503_112515545","tCRE","POU4F1__chr4_112514503_112515545",TRUE,"NEUROG2-AS1"
"chr4_112377123_112378095","POU4F1","chr4_112516153_112517051","aCRE","POU4F1__chr4_112516153_112517051",TRUE,"NEUROG2"
"chr4_112377123_112378095","POU4F1","chr4_112704847_112707076","aCRE","POU4F1__chr4_112704847_112707076",TRUE,"ENSG00000250046.3"
"chr4_112377123_112378095","SHOX2","chr4_112514503_112515545","tCRE","SHOX2__chr4_112514503_112515545",TRUE,"NEUROG2-AS1"
"chr4_112377123_112378095","SHOX2","chr4_112516153_112517051","aCRE","SHOX2__chr4_112516153_112517051",TRUE,"NEUROG2"
"chr4_112377123_112378095","SHOX2","chr4_112704847_112707076","aCRE","SHOX2__chr4_112704847_112707076",TRUE,"ENSG00000250046.3"
"chr4_112377123_112378095","GBX2","chr4_112514503_112515545","tCRE","GBX2__chr4_112514503_112515545",TRUE,"NEUROG2-AS1"
"chr4_112377123_112378095","GBX2","chr4_112516153_112517051","aCRE","GBX2__chr4_112516153_112517051",TRUE,"NEUROG2"
"chr4_112377123_112378095","GBX2","chr4_112704847_112707076","aCRE","GBX2__chr4_112704847_112707076",TRUE,"ENSG00000250046.3"
"chr4_112651977_112652885","TEAD4","chr4_112704847_112707076","tCRE","TEAD4__chr4_112704847_112707076",FALSE,"ENSG00000250046.3"
"chr4_112651977_112652885","TEAD4","chr4_112648446_112649485","tCRE","TEAD4__chr4_112648446_112649485",FALSE,"MIR302CHG"
"chr4_112651977_112652885","TEAD4","chr4_112647358_112648278","tCRE","TEAD4__chr4_112647358_112648278",FALSE,"MIR302D"
"chr4_112651977_112652885","ZIC1","chr4_112704847_112707076","tCRE","ZIC1__chr4_112704847_112707076",FALSE,"ENSG00000250046.3"
"chr4_112651977_112652885","ZIC1","chr4_112648446_112649485","tCRE","ZIC1__chr4_112648446_112649485",FALSE,"MIR302CHG"
"chr4_112651977_112652885","ZIC1","chr4_112647358_112648278","tCRE","ZIC1__chr4_112647358_112648278",FALSE,"MIR302D"
"chr4_112651977_112652885","SP8","chr4_112704847_112707076","tCRE","SP8__chr4_112704847_112707076",TRUE,"ENSG00000250046.3"
"chr4_112651977_112652885","SP8","chr4_112648446_112649485","tCRE","SP8__chr4_112648446_112649485",TRUE,"MIR302CHG"
"chr4_112651977_112652885","SP8","chr4_112647358_112648278","tCRE","SP8__chr4_112647358_112648278",TRUE,"MIR302D"
"chr4_117971110_117972022","NEUROG2","chr4_118278195_118279162","tCRE","NEUROG2__chr4_118278195_118279162",TRUE,"SNHG8"
"chr4_117971110_117972022","NEUROG2","chr4_118033274_118034660","tCRE","NEUROG2__chr4_118033274_118034660",TRUE,"NDST3"
"chr4_117971110_117972022","POU4F2","chr4_118278195_118279162","tCRE","POU4F2__chr4_118278195_118279162",TRUE,"SNHG8"
"chr4_117971110_117972022","POU4F2","chr4_118033274_118034660","tCRE","POU4F2__chr4_118033274_118034660",TRUE,"NDST3"
"chr4_117971110_117972022","NEUROD1","chr4_118278195_118279162","tCRE","NEUROD1__chr4_118278195_118279162",TRUE,"SNHG8"
"chr4_117971110_117972022","NEUROD1","chr4_118033274_118034660","tCRE","NEUROD1__chr4_118033274_118034660",TRUE,"NDST3"
"chr4_119896991_119897822","NEUROD1","chr4_119628510_119629445","tCRE","NEUROD1__chr4_119628510_119629445",TRUE,"ONTG04000001585.1"
"chr4_145698477_145699345","NFAT5","chr4_145481350_145482251","tCRE","NFAT5__chr4_145481350_145482251",TRUE,"SMAD1"
"chr4_145698477_145699345","NFAT5","chr4_145259802_145260706","aCRE","NFAT5__chr4_145259802_145260706",TRUE,NA
"chr4_145698477_145699345","NFAT5","chr4_145483941_145484850","aCRE","NFAT5__chr4_145483941_145484850",TRUE,"ONTG04000000670.1"
"chr4_145698477_145699345","TBP","chr4_145481350_145482251","tCRE","TBP__chr4_145481350_145482251",TRUE,"SMAD1"
"chr4_145698477_145699345","TBP","chr4_145259802_145260706","aCRE","TBP__chr4_145259802_145260706",TRUE,NA
"chr4_145698477_145699345","TBP","chr4_145483941_145484850","aCRE","TBP__chr4_145483941_145484850",TRUE,"ONTG04000000670.1"
"chr4_169939990_169941152","NR2F6","chr4_169774526_169775459","aCRE","NR2F6__chr4_169774526_169775459",TRUE,"ONTG04000000513.1"
"chr4_169939990_169941152","NR2F6","chr4_169612113_169613079","tCRE","NR2F6__chr4_169612113_169613079",TRUE,"NEK1"
"chr4_169939990_169941152","OTX2","chr4_169774526_169775459","aCRE","OTX2__chr4_169774526_169775459",FALSE,"ONTG04000000513.1"
"chr4_169939990_169941152","OTX2","chr4_169612113_169613079","tCRE","OTX2__chr4_169612113_169613079",FALSE,"NEK1"
"chr4_186080890_186081855","ETV4","chr4_186104469_186105442","tCRE","ETV4__chr4_186104469_186105442",TRUE,"FAM149A"
"chr4_186249648_186250887","POU5F1","chr4_186723324_186724663","aCRE","POU5F1__chr4_186723324_186724663",TRUE,"FAT1"
"chr4_186249648_186250887","POU5F1","chr4_186104469_186105442","tCRE","POU5F1__chr4_186104469_186105442",TRUE,"FAM149A"
"chr4_188109205_188109909","NR6A1","chr4_188107675_188108756","aCRE","NR6A1__chr4_188107675_188108756",TRUE,"ONTG04000000374.1"
"chr4_24500533_24501467","NR6A1","chr4_24584154_24584989","tCRE","NR6A1__chr4_24584154_24584989",TRUE,"DHX15"
"chr4_24500533_24501467","NR6A1","chr4_24472542_24473514","tCRE","NR6A1__chr4_24472542_24473514",TRUE,"ENSG00000289201.1"
"chr4_24794881_24795937","KLF13","chr4_24584154_24584989","tCRE","KLF13__chr4_24584154_24584989",TRUE,"DHX15"
"chr4_24794881_24795937","KLF13","chr4_25030500_25031376","tCRE","KLF13__chr4_25030500_25031376",TRUE,"LGI2"
"chr4_2867618_2868630","POU5F1","chr4_2763800_2764761","aCRE","POU5F1__chr4_2763800_2764761",FALSE,NA
"chr4_2867618_2868630","POU5F1","chr4_2755794_2756775","tCRE","POU5F1__chr4_2755794_2756775",FALSE,"TNIP2"
"chr4_2867618_2868630","POU5F1","chr4_3073913_3074830","aCRE","POU5F1__chr4_3073913_3074830",FALSE,"HTT"
"chr4_40196380_40197262","ETV5","chr4_40630364_40631244","tCRE","ETV5__chr4_40630364_40631244",TRUE,"RBM47"
"chr4_40196380_40197262","ETV5","chr4_40629280_40630271","aCRE","ETV5__chr4_40629280_40630271",TRUE,"RBM47"
"chr4_40196380_40197262","ETV5","chr4_40630364_40631244","aCRE","ETV5__chr4_40630364_40631244",TRUE,"RBM47"
"chr4_40196380_40197262","POU5F1","chr4_40630364_40631244","tCRE","POU5F1__chr4_40630364_40631244",TRUE,"RBM47"
"chr4_40196380_40197262","POU5F1","chr4_40629280_40630271","aCRE","POU5F1__chr4_40629280_40630271",TRUE,"RBM47"
"chr4_40196380_40197262","POU5F1","chr4_40630364_40631244","aCRE","POU5F1__chr4_40630364_40631244",TRUE,"RBM47"
"chr4_4761102_4762149","MSX1","chr4_4541613_4542516","tCRE","MSX1__chr4_4541613_4542516",TRUE,"STX18"
"chr4_4761102_4762149","MSX1","chr4_4859156_4860103","tCRE","MSX1__chr4_4859156_4860103",TRUE,"MSX1"
"chr4_5019081_5019929","ELK3","chr4_4852336_4853372","aCRE","ELK3__chr4_4852336_4853372",TRUE,"ONTG04000000772.1"
"chr4_53591120_53591984","HEY2","chr4_53592570_53593536","aCRE","HEY2__chr4_53592570_53593536",TRUE,"LNX1-AS2"
"chr4_53591120_53591984","ZNF770","chr4_53592570_53593536","aCRE","ZNF770__chr4_53592570_53593536",TRUE,"LNX1-AS2"
"chr4_68406931_68407967","ZIC1","chr4_68375705_68376657","tCRE","ZIC1__chr4_68375705_68376657",TRUE,"MT2P1"
"chr4_73981391_73982279","MEIS2","chr4_74157560_74158506","tCRE","MEIS2__chr4_74157560_74158506",TRUE,"MTHFD2L"
"chr4_73981391_73982279","MEIS2","chr4_73943425_73944178","aCRE","MEIS2__chr4_73943425_73944178",TRUE,NA
"chr4_73981391_73982279","MEIS2","chr4_73998087_73999111","tCRE","MEIS2__chr4_73998087_73999111",TRUE,"CXCL5"
"chr4_73981391_73982279","MEIS2","chr4_73619976_73620954","aCRE","MEIS2__chr4_73619976_73620954",TRUE,"RASSF6"
"chr4_73981391_73982279","RBPJ","chr4_74157560_74158506","tCRE","RBPJ__chr4_74157560_74158506",TRUE,"MTHFD2L"
"chr4_73981391_73982279","RBPJ","chr4_73943425_73944178","aCRE","RBPJ__chr4_73943425_73944178",TRUE,NA
"chr4_73981391_73982279","RBPJ","chr4_73998087_73999111","tCRE","RBPJ__chr4_73998087_73999111",TRUE,"CXCL5"
"chr4_73981391_73982279","RBPJ","chr4_73619976_73620954","aCRE","RBPJ__chr4_73619976_73620954",TRUE,"RASSF6"
"chr4_7872056_7873096","MEF2C","chr4_7939445_7940359","tCRE","MEF2C__chr4_7939445_7940359",TRUE,"AFAP1"
"chr4_7872056_7873096","NEUROD1","chr4_7939445_7940359","tCRE","NEUROD1__chr4_7939445_7940359",TRUE,"AFAP1"
"chr4_87528931_87529800","ZSCAN16","chr4_87220090_87220941","tCRE","ZSCAN16__chr4_87220090_87220941",TRUE,"KLHL8"
"chr4_87528931_87529800","IRF3","chr4_87220090_87220941","tCRE","IRF3__chr4_87220090_87220941",TRUE,"KLHL8"
"chr4_87528931_87529800","NFIA","chr4_87220090_87220941","tCRE","NFIA__chr4_87220090_87220941",TRUE,"KLHL8"
"chr4_87528931_87529800","MEIS3","chr4_87220090_87220941","tCRE","MEIS3__chr4_87220090_87220941",TRUE,"KLHL8"
"chr4_87528931_87529800","GABPA","chr4_87220090_87220941","tCRE","GABPA__chr4_87220090_87220941",TRUE,"KLHL8"
"chr4_87921631_87922503","SP8","chr4_87923433_87923831","tCRE","SP8__chr4_87923433_87923831",TRUE,"ONTG04000001842.1"
"chr4_87921631_87922503","SP8","chr4_87935486_87936380","aCRE","SP8__chr4_87935486_87936380",FALSE,NA
"chr4_87921631_87922503","SP8","chr4_87923934_87924556","tCRE","SP8__chr4_87923934_87924556",FALSE,"ONTG04000001842.1"
"chr4_87921631_87922503","SP8","chr4_87923934_87924556","aCRE","SP8__chr4_87923934_87924556",FALSE,"ONTG04000001842.1"
"chr4_87975233_87976104","MEIS1","chr4_88158549_88159456","tCRE","MEIS1__chr4_88158549_88159456",TRUE,"ABCG2"
"chr4_87975233_87976104","SNAI2","chr4_88158549_88159456","tCRE","SNAI2__chr4_88158549_88159456",TRUE,"ABCG2"
"chr4_87975233_87976104","ZEB1","chr4_88158549_88159456","tCRE","ZEB1__chr4_88158549_88159456",TRUE,"ABCG2"
"chr5_110031472_110032977","GATA6","chr5_109688928_109689830","tCRE","GATA6__chr5_109688928_109689830",TRUE,"MAN2A1"
"chr5_110031472_110032977","NHLH1","chr5_109688928_109689830","tCRE","NHLH1__chr5_109688928_109689830",TRUE,"MAN2A1"
"chr5_110031472_110032977","NEUROD2","chr5_109688928_109689830","tCRE","NEUROD2__chr5_109688928_109689830",TRUE,"MAN2A1"
"chr5_110031472_110032977","NEUROD1","chr5_109688928_109689830","tCRE","NEUROD1__chr5_109688928_109689830",TRUE,"MAN2A1"
"chr5_110031472_110032977","NR3C1","chr5_109688928_109689830","tCRE","NR3C1__chr5_109688928_109689830",TRUE,"MAN2A1"
"chr5_110179031_110179966","MSX1","chr5_109743563_109744630","aCRE","MSX1__chr5_109743563_109744630",TRUE,"ONTG05000001199.1"
"chr5_110179031_110179966","MSX1","chr5_109688928_109689830","tCRE","MSX1__chr5_109688928_109689830",TRUE,"MAN2A1"
"chr5_111529996_111530942","TCF7L1","chr5_111223794_111224747","aCRE","TCF7L1__chr5_111223794_111224747",TRUE,"CAMK4"
"chr5_111529996_111530942","TCF7L1","chr5_111223794_111224747","tCRE","TCF7L1__chr5_111223794_111224747",TRUE,"CAMK4"
"chr5_111529996_111530942","RXRG","chr5_111223794_111224747","aCRE","RXRG__chr5_111223794_111224747",TRUE,"CAMK4"
"chr5_111529996_111530942","RXRG","chr5_111223794_111224747","tCRE","RXRG__chr5_111223794_111224747",TRUE,"CAMK4"
"chr5_112800667_112801595","HOXA7","chr5_112737387_112738280","aCRE","HOXA7__chr5_112737387_112738280",TRUE,"APC"
"chr5_112800667_112801595","HOXA7","chr5_112737387_112738280","tCRE","HOXA7__chr5_112737387_112738280",TRUE,"APC"
"chr5_112800667_112801595","HOXA7","chr5_112707154_112708030","tCRE","HOXA7__chr5_112707154_112708030",TRUE,"APC"
"chr5_112800667_112801595","EBF2","chr5_112737387_112738280","aCRE","EBF2__chr5_112737387_112738280",TRUE,"APC"
"chr5_112800667_112801595","EBF2","chr5_112737387_112738280","tCRE","EBF2__chr5_112737387_112738280",TRUE,"APC"
"chr5_112800667_112801595","EBF2","chr5_112707154_112708030","tCRE","EBF2__chr5_112707154_112708030",TRUE,"APC"
"chr5_120701316_120701849","PRDM14","chr5_120702766_120703624","aCRE","PRDM14__chr5_120702766_120703624",TRUE,"ONTG05000000634.1"
"chr5_120701316_120701849","PRDM14","chr5_120702766_120703624","tCRE","PRDM14__chr5_120702766_120703624",TRUE,"ONTG05000000634.1"
"chr5_126526_127412","POU5F1","chr5_91636_92664","aCRE","POU5F1__chr5_91636_92664",TRUE,"PLEKHG4B"
"chr5_12667610_12668511","SP8","chr5_12662486_12663359","aCRE","SP8__chr5_12662486_12663359",FALSE,"LINC01194"
"chr5_12667610_12668511","SP8","chr5_12662486_12663359","tCRE","SP8__chr5_12662486_12663359",FALSE,"LINC01194"
"chr5_12667610_12668511","SP8","chr5_12624755_12625556","tCRE","SP8__chr5_12624755_12625556",FALSE,"ENSG00000288967.1"
"chr5_127752173_127753145","SP8","chr5_127934625_127935520","aCRE","SP8__chr5_127934625_127935520",FALSE,"CCDC192"
"chr5_127752173_127753145","ETV4","chr5_127934625_127935520","aCRE","ETV4__chr5_127934625_127935520",FALSE,"CCDC192"
"chr5_131534656_131535590","JUND","chr5_131532620_131533486","tCRE","JUND__chr5_131532620_131533486",TRUE,"RAPGEF6"
"chr5_131534656_131535590","JUND","chr5_131529383_131530233","aCRE","JUND__chr5_131529383_131530233",TRUE,NA
"chr5_131534656_131535590","JUND","chr5_131532620_131533486","aCRE","JUND__chr5_131532620_131533486",TRUE,"RAPGEF6"
"chr5_132419366_132420272","SNAI2","chr5_132737044_132737956","tCRE","SNAI2__chr5_132737044_132737956",TRUE,"KIF3A"
"chr5_132419366_132420272","SNAI2","chr5_132293815_132294598","tCRE","SNAI2__chr5_132293815_132294598",TRUE,"ONTG05000000364.1"
"chr5_132419366_132420272","SNAI2","chr5_132369283_132370245","tCRE","SNAI2__chr5_132369283_132370245",TRUE,"SLC22A5"
"chr5_132419366_132420272","SNAI2","chr5_132814045_132814929","aCRE","SNAI2__chr5_132814045_132814929",TRUE,NA
"chr5_132419366_132420272","SNAI2","chr5_132556559_132557494","tCRE","SNAI2__chr5_132556559_132557494",TRUE,"RAD50"
"chr5_132419366_132420272","ZIC4","chr5_132737044_132737956","tCRE","ZIC4__chr5_132737044_132737956",TRUE,"KIF3A"
"chr5_132419366_132420272","ZIC4","chr5_132293815_132294598","tCRE","ZIC4__chr5_132293815_132294598",TRUE,"ONTG05000000364.1"
"chr5_132419366_132420272","ZIC4","chr5_132369283_132370245","tCRE","ZIC4__chr5_132369283_132370245",TRUE,"SLC22A5"
"chr5_132419366_132420272","ZIC4","chr5_132814045_132814929","aCRE","ZIC4__chr5_132814045_132814929",TRUE,NA
"chr5_132419366_132420272","ZIC4","chr5_132556559_132557494","tCRE","ZIC4__chr5_132556559_132557494",TRUE,"RAD50"
"chr5_134427394_134428288","POU5F1","chr5_134539489_134540412","aCRE","POU5F1__chr5_134539489_134540412",FALSE,NA
"chr5_138874902_138876004","SREBF2","chr5_139294196_139294815","tCRE","SREBF2__chr5_139294196_139294815",TRUE,"ONTG05000001492.1"
"chr5_138874902_138876004","SREBF2","chr5_139293306_139294141","tCRE","SREBF2__chr5_139293306_139294141",TRUE,"MATR3"
"chr5_138874902_138876004","SREBF2","chr5_139341484_139342198","tCRE","SREBF2__chr5_139341484_139342198",TRUE,"PAIP2"
"chr5_138874902_138876004","SREBF2","chr5_138752903_138753859","tCRE","SREBF2__chr5_138752903_138753859",TRUE,"CTNNA1"
"chr5_138874902_138876004","ATF2","chr5_139294196_139294815","tCRE","ATF2__chr5_139294196_139294815",TRUE,"ONTG05000001492.1"
"chr5_138874902_138876004","ATF2","chr5_139293306_139294141","tCRE","ATF2__chr5_139293306_139294141",TRUE,"MATR3"
"chr5_138874902_138876004","ATF2","chr5_139341484_139342198","tCRE","ATF2__chr5_139341484_139342198",TRUE,"PAIP2"
"chr5_138874902_138876004","ATF2","chr5_138752903_138753859","tCRE","ATF2__chr5_138752903_138753859",TRUE,"CTNNA1"
"chr5_139061561_139062471","TP53","chr5_138575191_138576117","tCRE","TP53__chr5_138575191_138576117",TRUE,"HSPA9"
"chr5_139061561_139062471","PRDM4","chr5_138575191_138576117","tCRE","PRDM4__chr5_138575191_138576117",TRUE,"HSPA9"
"chr5_139061561_139062471","GLI3","chr5_138575191_138576117","tCRE","GLI3__chr5_138575191_138576117",TRUE,"HSPA9"
"chr5_139061561_139062471","FOXO1","chr5_138575191_138576117","tCRE","FOXO1__chr5_138575191_138576117",TRUE,"HSPA9"
"chr5_139061561_139062471","ZNF768","chr5_138575191_138576117","tCRE","ZNF768__chr5_138575191_138576117",TRUE,"HSPA9"
"chr5_145936199_145937110","HAND1","chr5_145834952_145835927","tCRE","HAND1__chr5_145834952_145835927",TRUE,"PRELID2"
"chr5_150152744_150153594","PRRX1","chr5_150155371_150156304","tCRE","PRRX1__chr5_150155371_150156304",TRUE,"PDGFRB"
"chr5_150152744_150153594","PRRX1","chr5_150303896_150304706","aCRE","PRRX1__chr5_150303896_150304706",TRUE,NA
"chr5_150289498_150290452","PBX3","chr5_150449423_150450323","tCRE","PBX3__chr5_150449423_150450323",TRUE,"RPS14"
"chr5_150412393_150413378","HAND2","chr5_150303896_150304706","aCRE","HAND2__chr5_150303896_150304706",FALSE,NA
"chr5_150412393_150413378","HAND2","chr5_150155371_150156304","aCRE","HAND2__chr5_150155371_150156304",FALSE,"PDGFRB"
"chr5_150412393_150413378","HAND2","chr5_150000122_150001043","tCRE","HAND2__chr5_150000122_150001043",TRUE,"HMGXB3"
"chr5_150412393_150413378","HAND2","chr5_150302307_150303321","tCRE","HAND2__chr5_150302307_150303321",FALSE,"ARSI"
"chr5_160198897_160200025","RXRG","chr5_160418693_160419616","tCRE","RXRG__chr5_160418693_160419616",TRUE,"SLU7"
"chr5_160198897_160200025","RXRG","chr5_160119188_160120120","tCRE","RXRG__chr5_160119188_160120120",TRUE,"PWWP2A"
"chr5_160198897_160200025","NHLH2","chr5_160418693_160419616","tCRE","NHLH2__chr5_160418693_160419616",TRUE,"SLU7"
"chr5_160198897_160200025","NHLH2","chr5_160119188_160120120","tCRE","NHLH2__chr5_160119188_160120120",TRUE,"PWWP2A"
"chr5_16741670_16742724","NANOG","chr5_16740659_16741331","aCRE","NANOG__chr5_16740659_16741331",TRUE,"ONTG05000001414.1"
"chr5_16741670_16742724","NANOG","chr5_16935910_16936850","tCRE","NANOG__chr5_16935910_16936850",TRUE,"MYO10"
"chr5_16741670_16742724","NANOG","chr5_17215974_17217979","tCRE","NANOG__chr5_17215974_17217979",TRUE,"BASP1"
"chr5_16741670_16742724","NANOG","chr5_16713158_16714139","tCRE","NANOG__chr5_16713158_16714139",TRUE,"MYO10"
"chr5_16741670_16742724","NANOG","chr5_16737804_16738804","aCRE","NANOG__chr5_16737804_16738804",TRUE,"MYO10"
"chr5_16741670_16742724","NANOG","chr5_16737804_16738804","tCRE","NANOG__chr5_16737804_16738804",TRUE,"MYO10"
"chr5_16741670_16742724","NANOG","chr5_16740659_16741331","tCRE","NANOG__chr5_16740659_16741331",TRUE,"ONTG05000001414.1"
"chr5_16741670_16742724","NANOG","chr5_16713158_16714139","aCRE","NANOG__chr5_16713158_16714139",TRUE,"MYO10"
"chr5_173745364_173746732","FOXH1","chr5_173963603_173964502","aCRE","FOXH1__chr5_173963603_173964502",TRUE,"ONTG05000000493.1"
"chr5_173745364_173746732","FOXH1","chr5_173963603_173964502","tCRE","FOXH1__chr5_173963603_173964502",TRUE,"ONTG05000000493.1"
"chr5_177491155_177492103","KLF7","chr5_177495198_177496038","aCRE","KLF7__chr5_177495198_177496038",TRUE,"ONTG05000000411.1"
"chr5_177491155_177492103","KLF7","chr5_177351392_177352306","tCRE","KLF7__chr5_177351392_177352306",TRUE,"LMAN2"
"chr5_177491155_177492103","KLF7","chr5_177303243_177304156","tCRE","KLF7__chr5_177303243_177304156",TRUE,"PRELID1"
"chr5_177491155_177492103","KLF7","chr5_177591788_177592700","tCRE","KLF7__chr5_177591788_177592700",TRUE,"TMED9"
"chr5_177491155_177492103","KLF7","chr5_177311820_177312736","tCRE","KLF7__chr5_177311820_177312736",TRUE,"MXD3"
"chr5_177491155_177492103","KLF7","chr5_177468690_177469753","aCRE","KLF7__chr5_177468690_177469753",TRUE,"ONTG05000001129.1"
"chr5_177491155_177492103","INSM1","chr5_177495198_177496038","aCRE","INSM1__chr5_177495198_177496038",TRUE,"ONTG05000000411.1"
"chr5_177491155_177492103","INSM1","chr5_177351392_177352306","tCRE","INSM1__chr5_177351392_177352306",TRUE,"LMAN2"
"chr5_177491155_177492103","INSM1","chr5_177303243_177304156","tCRE","INSM1__chr5_177303243_177304156",TRUE,"PRELID1"
"chr5_177491155_177492103","INSM1","chr5_177591788_177592700","tCRE","INSM1__chr5_177591788_177592700",TRUE,"TMED9"
"chr5_177491155_177492103","INSM1","chr5_177311820_177312736","tCRE","INSM1__chr5_177311820_177312736",TRUE,"MXD3"
"chr5_177491155_177492103","INSM1","chr5_177468690_177469753","aCRE","INSM1__chr5_177468690_177469753",TRUE,"ONTG05000001129.1"
"chr5_177491155_177492103","KLF13","chr5_177495198_177496038","aCRE","KLF13__chr5_177495198_177496038",TRUE,"ONTG05000000411.1"
"chr5_177491155_177492103","KLF13","chr5_177351392_177352306","tCRE","KLF13__chr5_177351392_177352306",TRUE,"LMAN2"
"chr5_177491155_177492103","KLF13","chr5_177303243_177304156","tCRE","KLF13__chr5_177303243_177304156",TRUE,"PRELID1"
"chr5_177491155_177492103","KLF13","chr5_177591788_177592700","tCRE","KLF13__chr5_177591788_177592700",TRUE,"TMED9"
"chr5_177491155_177492103","KLF13","chr5_177311820_177312736","tCRE","KLF13__chr5_177311820_177312736",TRUE,"MXD3"
"chr5_177491155_177492103","KLF13","chr5_177468690_177469753","aCRE","KLF13__chr5_177468690_177469753",TRUE,"ONTG05000001129.1"
"chr5_177491155_177492103","ZIC1","chr5_177495198_177496038","aCRE","ZIC1__chr5_177495198_177496038",TRUE,"ONTG05000000411.1"
"chr5_177491155_177492103","ZIC1","chr5_177351392_177352306","tCRE","ZIC1__chr5_177351392_177352306",TRUE,"LMAN2"
"chr5_177491155_177492103","ZIC1","chr5_177303243_177304156","tCRE","ZIC1__chr5_177303243_177304156",TRUE,"PRELID1"
"chr5_177491155_177492103","ZIC1","chr5_177591788_177592700","tCRE","ZIC1__chr5_177591788_177592700",TRUE,"TMED9"
"chr5_177491155_177492103","ZIC1","chr5_177311820_177312736","tCRE","ZIC1__chr5_177311820_177312736",TRUE,"MXD3"
"chr5_177491155_177492103","ZIC1","chr5_177468690_177469753","aCRE","ZIC1__chr5_177468690_177469753",TRUE,"ONTG05000001129.1"
"chr5_302308_303062","RBPJ","chr5_301736_302153","aCRE","RBPJ__chr5_301736_302153",TRUE,NA
"chr5_302308_303062","ZEB1","chr5_301736_302153","aCRE","ZEB1__chr5_301736_302153",TRUE,NA
"chr5_64705782_64706702","FOXH1","chr5_64690218_64691229","tCRE","FOXH1__chr5_64690218_64691229",FALSE,"SHISAL2B"
"chr5_64714220_64715269","SP8","chr5_64690218_64691229","tCRE","SP8__chr5_64690218_64691229",TRUE,"SHISAL2B"
"chr5_66074667_66075572","ONECUT3","chr5_65624050_65624929","tCRE","ONECUT3__chr5_65624050_65624929",TRUE,"TRIM23"
"chr5_66074667_66075572","ONECUT3","chr5_65721664_65722579","tCRE","ONECUT3__chr5_65721664_65722579",TRUE,"NLN"
"chr5_66074667_66075572","ONECUT3","chr5_65925286_65926183","aCRE","ONECUT3__chr5_65925286_65926183",TRUE,"ONTG05000002005.1"
"chr5_66074667_66075572","ONECUT3","chr5_65721664_65722579","aCRE","ONECUT3__chr5_65721664_65722579",TRUE,"NLN"
"chr5_66074667_66075572","ONECUT3","chr5_66143940_66144835","tCRE","ONECUT3__chr5_66143940_66144835",TRUE,"SREK1"
"chr5_66128780_66129691","HOXA7","chr5_65925286_65926183","aCRE","HOXA7__chr5_65925286_65926183",TRUE,"ONTG05000002005.1"
"chr5_66128780_66129691","NHLH1","chr5_65925286_65926183","aCRE","NHLH1__chr5_65925286_65926183",TRUE,"ONTG05000002005.1"
"chr5_66128780_66129691","NEUROD2","chr5_65925286_65926183","aCRE","NEUROD2__chr5_65925286_65926183",TRUE,"ONTG05000002005.1"
"chr5_73082730_73083702","TEAD4","chr5_73120191_73121142","tCRE","TEAD4__chr5_73120191_73121142",TRUE,"TMEM171"
"chr5_73082730_73083702","TEAD4","chr5_73119560_73120098","aCRE","TEAD4__chr5_73119560_73120098",TRUE,NA
"chr5_73082730_73083702","TEAD4","chr5_73303158_73304033","aCRE","TEAD4__chr5_73303158_73304033",TRUE,"ONTG05000000902.1"
"chr5_73082730_73083702","TEAD4","chr5_73437038_73438010","aCRE","TEAD4__chr5_73437038_73438010",TRUE,"ONTG05000001228.1"
"chr5_73082730_73083702","TEAD4","chr5_73230117_73230944","aCRE","TEAD4__chr5_73230117_73230944",TRUE,NA
"chr5_73082730_73083702","TEAD4","chr5_73120191_73121142","aCRE","TEAD4__chr5_73120191_73121142",TRUE,"TMEM171"
"chr5_73082730_73083702","TEAD4","chr5_73498000_73498857","tCRE","TEAD4__chr5_73498000_73498857",TRUE,"BTF3"
"chr5_73082730_73083702","NR2F6","chr5_73120191_73121142","tCRE","NR2F6__chr5_73120191_73121142",TRUE,"TMEM171"
"chr5_73082730_73083702","NR2F6","chr5_73119560_73120098","aCRE","NR2F6__chr5_73119560_73120098",TRUE,NA
"chr5_73082730_73083702","NR2F6","chr5_73303158_73304033","aCRE","NR2F6__chr5_73303158_73304033",TRUE,"ONTG05000000902.1"
"chr5_73082730_73083702","NR2F6","chr5_73437038_73438010","aCRE","NR2F6__chr5_73437038_73438010",TRUE,"ONTG05000001228.1"
"chr5_73082730_73083702","NR2F6","chr5_73230117_73230944","aCRE","NR2F6__chr5_73230117_73230944",TRUE,NA
"chr5_73082730_73083702","NR2F6","chr5_73120191_73121142","aCRE","NR2F6__chr5_73120191_73121142",TRUE,"TMEM171"
"chr5_73082730_73083702","NR2F6","chr5_73498000_73498857","tCRE","NR2F6__chr5_73498000_73498857",TRUE,"BTF3"
"chr5_76807012_76808876","POU5F1","chr5_76818464_76819416","tCRE","POU5F1__chr5_76818464_76819416",TRUE,"F2RL1"
"chr5_76807012_76808876","POU5F1","chr5_77077158_77078143","aCRE","POU5F1__chr5_77077158_77078143",TRUE,NA
"chr5_95392336_95393274","MSX1","chr5_95284084_95285142","aCRE","MSX1__chr5_95284084_95285142",TRUE,"ONTG05000000345.1"
"chr5_96756598_96757630","FOS","chr5_96662670_96663526","tCRE","FOS__chr5_96662670_96663526",TRUE,"CAST"
"chr5_96756598_96757630","FOS","chr5_97142287_97143220","tCRE","FOS__chr5_97142287_97143220",FALSE,"LIX1"
"chr5_96756598_96757630","JUN","chr5_96662670_96663526","tCRE","JUN__chr5_96662670_96663526",TRUE,"CAST"
"chr5_96756598_96757630","JUN","chr5_97142287_97143220","tCRE","JUN__chr5_97142287_97143220",TRUE,"LIX1"
"chr6_100354703_100355643","NANOG","chr6_100457608_100458922","aCRE","NANOG__chr6_100457608_100458922",TRUE,NA
"chr6_100354703_100355643","NANOG","chr6_100196270_100197325","aCRE","NANOG__chr6_100196270_100197325",TRUE,"ONTG06000000401.1"
"chr6_108446343_108447297","MAF","chr6_108260748_108261629","tCRE","MAF__chr6_108260748_108261629",TRUE,"SNX3"
"chr6_108655374_108657359","ELK3","chr6_108560366_108561292","tCRE","ELK3__chr6_108560366_108561292",TRUE,"FOXO3"
"chr6_108655374_108657359","HAND1","chr6_108560366_108561292","tCRE","HAND1__chr6_108560366_108561292",TRUE,"FOXO3"
"chr6_114427639_114428482","MAFB","chr6_114340900_114341920","tCRE","MAFB__chr6_114340900_114341920",TRUE,"ONTG06000002376.1"
"chr6_114427639_114428482","MAFB","chr6_114425602_114426311","tCRE","MAFB__chr6_114425602_114426311",TRUE,"HDAC2-AS2"
"chr6_114427639_114428482","MAFB","chr6_114425602_114426311","aCRE","MAFB__chr6_114425602_114426311",TRUE,"HDAC2-AS2"
"chr6_12060414_12061450","TFAP2A","chr6_12012654_12013596","tCRE","TFAP2A__chr6_12012654_12013596",TRUE,"HIVEP1"
"chr6_12060414_12061450","POU2F2","chr6_12012654_12013596","tCRE","POU2F2__chr6_12012654_12013596",TRUE,"HIVEP1"
"chr6_12060414_12061450","KLF12","chr6_12012654_12013596","tCRE","KLF12__chr6_12012654_12013596",TRUE,"HIVEP1"
"chr6_122779033_122780006","HOXB8","chr6_122471348_122472258","tCRE","HOXB8__chr6_122471348_122472258",TRUE,"SERINC1"
"chr6_122779033_122780006","HOXB8","chr6_122609957_122610850","tCRE","HOXB8__chr6_122609957_122610850",TRUE,"PKIB"
"chr6_122779033_122780006","HOXB8","chr6_122481670_122482508","tCRE","HOXB8__chr6_122481670_122482508",TRUE,"PKIB"
"chr6_122779033_122780006","MSX2","chr6_122471348_122472258","tCRE","MSX2__chr6_122471348_122472258",TRUE,"SERINC1"
"chr6_122779033_122780006","MSX2","chr6_122609957_122610850","tCRE","MSX2__chr6_122609957_122610850",TRUE,"PKIB"
"chr6_122779033_122780006","MSX2","chr6_122481670_122482508","tCRE","MSX2__chr6_122481670_122482508",TRUE,"PKIB"
"chr6_122779033_122780006","KLF13","chr6_122471348_122472258","tCRE","KLF13__chr6_122471348_122472258",TRUE,"SERINC1"
"chr6_122779033_122780006","KLF13","chr6_122609957_122610850","tCRE","KLF13__chr6_122609957_122610850",TRUE,"PKIB"
"chr6_122779033_122780006","KLF13","chr6_122481670_122482508","tCRE","KLF13__chr6_122481670_122482508",TRUE,"PKIB"
"chr6_122779033_122780006","NR4A2","chr6_122471348_122472258","tCRE","NR4A2__chr6_122471348_122472258",TRUE,"SERINC1"
"chr6_122779033_122780006","NR4A2","chr6_122609957_122610850","tCRE","NR4A2__chr6_122609957_122610850",TRUE,"PKIB"
"chr6_122779033_122780006","NR4A2","chr6_122481670_122482508","tCRE","NR4A2__chr6_122481670_122482508",TRUE,"PKIB"
"chr6_122779033_122780006","SHOX2","chr6_122471348_122472258","tCRE","SHOX2__chr6_122471348_122472258",TRUE,"SERINC1"
"chr6_122779033_122780006","SHOX2","chr6_122609957_122610850","tCRE","SHOX2__chr6_122609957_122610850",TRUE,"PKIB"
"chr6_122779033_122780006","SHOX2","chr6_122481670_122482508","tCRE","SHOX2__chr6_122481670_122482508",TRUE,"PKIB"
"chr6_125704818_125705708","NFYB","chr6_125745323_125746161","tCRE","NFYB__chr6_125745323_125746161",TRUE,"ENSG00000237742.8"
"chr6_125704818_125705708","NFYB","chr6_125707126_125708055","tCRE","NFYB__chr6_125707126_125708055",TRUE,"ENSG00000237742.8"
"chr6_125704818_125705708","NFYB","chr6_125749075_125750010","tCRE","NFYB__chr6_125749075_125750010",TRUE,"HEY2"
"chr6_130970016_130970873","FOXO1","chr6_131062834_131063768","tCRE","FOXO1__chr6_131062834_131063768",TRUE,"EPB41L2"
"chr6_130970016_130970873","SMAD2","chr6_131062834_131063768","tCRE","SMAD2__chr6_131062834_131063768",TRUE,"EPB41L2"
"chr6_130970016_130970873","TCF3","chr6_131062834_131063768","tCRE","TCF3__chr6_131062834_131063768",TRUE,"EPB41L2"
"chr6_130970016_130970873","TBP","chr6_131062834_131063768","tCRE","TBP__chr6_131062834_131063768",TRUE,"EPB41L2"
"chr6_130970016_130970873","MXI1","chr6_131062834_131063768","tCRE","MXI1__chr6_131062834_131063768",TRUE,"EPB41L2"
"chr6_131338245_131339426","PRDM14","chr6_131294894_131295753","tCRE","PRDM14__chr6_131294894_131295753",TRUE,"ONTG06000002430.1"
"chr6_131338245_131339426","PRDM14","chr6_131294894_131295753","aCRE","PRDM14__chr6_131294894_131295753",TRUE,"ONTG06000002430.1"
"chr6_131338245_131339426","NR2F6","chr6_131294894_131295753","tCRE","NR2F6__chr6_131294894_131295753",TRUE,"ONTG06000002430.1"
"chr6_131338245_131339426","NR2F6","chr6_131294894_131295753","aCRE","NR2F6__chr6_131294894_131295753",TRUE,"ONTG06000002430.1"
"chr6_131903522_131904383","NFYB","chr6_131901317_131902177","aCRE","NFYB__chr6_131901317_131902177",TRUE,"ENSG00000236673.5"
"chr6_131903522_131904383","NFYB","chr6_131901317_131902177","tCRE","NFYB__chr6_131901317_131902177",TRUE,"ENSG00000236673.5"
"chr6_131903522_131904383","HEY2","chr6_131901317_131902177","aCRE","HEY2__chr6_131901317_131902177",TRUE,"ENSG00000236673.5"
"chr6_131903522_131904383","HEY2","chr6_131901317_131902177","tCRE","HEY2__chr6_131901317_131902177",TRUE,"ENSG00000236673.5"
"chr6_136526013_136527002","NHLH1","chr6_136249925_136250863","tCRE","NHLH1__chr6_136249925_136250863",TRUE,"MTFR2"
"chr6_138101688_138102596","FOXH1","chr6_138106939_138107892","tCRE","FOXH1__chr6_138106939_138107892",TRUE,"PERP"
"chr6_138101688_138102596","TEAD1","chr6_138106939_138107892","tCRE","TEAD1__chr6_138106939_138107892",TRUE,"PERP"
"chr6_144329493_144331193","TEAD4","chr6_144284596_144285595","tCRE","TEAD4__chr6_144284596_144285595",TRUE,"UTRN"
"chr6_144329493_144331193","FOXH1","chr6_144284596_144285595","tCRE","FOXH1__chr6_144284596_144285595",TRUE,"UTRN"
"chr6_151147251_151148550","ZFP14","chr6_151239752_151240757","tCRE","ZFP14__chr6_151239752_151240757",TRUE,"AKAP12"
"chr6_151147251_151148550","TEAD1","chr6_151239752_151240757","tCRE","TEAD1__chr6_151239752_151240757",FALSE,"AKAP12"
"chr6_151147251_151148550","NR2F6","chr6_151239752_151240757","tCRE","NR2F6__chr6_151239752_151240757",TRUE,"AKAP12"
"chr6_151147251_151148550","TBX3","chr6_151239752_151240757","tCRE","TBX3__chr6_151239752_151240757",TRUE,"AKAP12"
"chr6_151147251_151148550","POU5F1","chr6_151239752_151240757","tCRE","POU5F1__chr6_151239752_151240757",FALSE,"AKAP12"
"chr6_152562849_152563739","GLIS3","chr6_152301632_152302602","aCRE","GLIS3__chr6_152301632_152302602",TRUE,"SYNE1"
"chr6_152562849_152563739","GLIS3","chr6_152380889_152381843","tCRE","GLIS3__chr6_152380889_152381843",FALSE,"SYNE1"
"chr6_152562849_152563739","ONECUT2","chr6_152301632_152302602","aCRE","ONECUT2__chr6_152301632_152302602",TRUE,"SYNE1"
"chr6_152562849_152563739","ONECUT2","chr6_152380889_152381843","tCRE","ONECUT2__chr6_152380889_152381843",TRUE,"SYNE1"
"chr6_152562849_152563739","RELA","chr6_152301632_152302602","aCRE","RELA__chr6_152301632_152302602",TRUE,"SYNE1"
"chr6_152562849_152563739","RELA","chr6_152380889_152381843","tCRE","RELA__chr6_152380889_152381843",TRUE,"SYNE1"
"chr6_155013200_155014129","SHOX2","chr6_154733772_154734554","aCRE","SHOX2__chr6_154733772_154734554",FALSE,"ONTG06000002516.1"
"chr6_15585566_15586401","ZFP14","chr6_15399955_15401059","tCRE","ZFP14__chr6_15399955_15401059",TRUE,"ONTG06000000883.1"
"chr6_15585566_15586401","ZFP14","chr6_15399955_15401059","aCRE","ZFP14__chr6_15399955_15401059",TRUE,"ONTG06000000883.1"
"chr6_15585566_15586401","PLAG1","chr6_15399955_15401059","tCRE","PLAG1__chr6_15399955_15401059",TRUE,"ONTG06000000883.1"
"chr6_15585566_15586401","PLAG1","chr6_15399955_15401059","aCRE","PLAG1__chr6_15399955_15401059",TRUE,"ONTG06000000883.1"
"chr6_158118712_158119673","TGIF2","chr6_157981321_157982520","tCRE","TGIF2__chr6_157981321_157982520",TRUE,"SYNJ2"
"chr6_158118712_158119673","TGIF2","chr6_158167823_158168760","aCRE","TGIF2__chr6_158167823_158168760",TRUE,"GTF2H5"
"chr6_158750916_158751879","NEUROG1","chr6_158817826_158818731","tCRE","NEUROG1__chr6_158817826_158818731",TRUE,"EZR"
"chr6_158789085_158789976","NEUROD1","chr6_158817826_158818731","tCRE","NEUROD1__chr6_158817826_158818731",FALSE,"EZR"
"chr6_15960984_15961959","RBPJ","chr6_16205107_16206014","aCRE","RBPJ__chr6_16205107_16206014",TRUE,NA
"chr6_15960984_15961959","RBPJ","chr6_15803951_15804833","tCRE","RBPJ__chr6_15803951_15804833",TRUE,"ONTG06000002125.1"
"chr6_15960984_15961959","RBPJ","chr6_16128584_16129487","tCRE","RBPJ__chr6_16128584_16129487",TRUE,"MYLIP"
"chr6_15960984_15961959","SOX2","chr6_16205107_16206014","aCRE","SOX2__chr6_16205107_16206014",TRUE,NA
"chr6_15960984_15961959","SOX2","chr6_15803951_15804833","tCRE","SOX2__chr6_15803951_15804833",TRUE,"ONTG06000002125.1"
"chr6_15960984_15961959","SOX2","chr6_16128584_16129487","tCRE","SOX2__chr6_16128584_16129487",TRUE,"MYLIP"
"chr6_18759180_18760070","POU5F1","chr6_18757888_18758608","aCRE","POU5F1__chr6_18757888_18758608",TRUE,"ONTG06000001800.1"
"chr6_18759180_18760070","NR2F6","chr6_18757888_18758608","aCRE","NR2F6__chr6_18757888_18758608",TRUE,"ONTG06000001800.1"
"chr6_31945309_31946378","GLIS3","chr6_31737482_31738266","aCRE","GLIS3__chr6_31737482_31738266",TRUE,"ONTG06000002224.1"
"chr6_31945309_31946378","GLIS3","chr6_31901783_31902727","tCRE","GLIS3__chr6_31901783_31902727",TRUE,"ZBTB12"
"chr6_31945309_31946378","GLIS3","chr6_32151218_32151956","tCRE","GLIS3__chr6_32151218_32151956",TRUE,"PRRT1"
"chr6_31945309_31946378","GLIS3","chr6_31546279_31547161","aCRE","GLIS3__chr6_31546279_31547161",TRUE,"ATP6V1G2"
"chr6_31945309_31946378","GLIS3","chr6_31865058_31865933","tCRE","GLIS3__chr6_31865058_31865933",TRUE,NA
"chr6_31945309_31946378","GLIS3","chr6_31665481_31666412","tCRE","GLIS3__chr6_31665481_31666412",TRUE,"CSNK2B"
"chr6_31945309_31946378","GLIS3","chr6_31971783_31972785","tCRE","GLIS3__chr6_31971783_31972785",TRUE,"STK19"
"chr6_31945309_31946378","GLIS3","chr6_31897094_31898066","tCRE","GLIS3__chr6_31897094_31898066",TRUE,"EHMT2"
"chr6_31945309_31946378","GLIS3","chr6_31865058_31865933","aCRE","GLIS3__chr6_31865058_31865933",TRUE,NA
"chr6_31945309_31946378","GLIS3","chr6_32177573_32178546","tCRE","GLIS3__chr6_32177573_32178546",TRUE,"RNF5"
"chr6_31945309_31946378","GLIS3","chr6_31862490_31863407","tCRE","GLIS3__chr6_31862490_31863407",TRUE,"NEU1"
"chr6_32192449_32193338","HOXB2","chr6_32127728_32128713","tCRE","HOXB2__chr6_32127728_32128713",TRUE,"ATF6B"
"chr6_32192449_32193338","HOXB2","chr6_31729943_31730557","tCRE","HOXB2__chr6_31729943_31730557",TRUE,"DDAH2"
"chr6_32192449_32193338","HOXB2","chr6_32151218_32151956","tCRE","HOXB2__chr6_32151218_32151956",TRUE,"PRRT1"
"chr6_32192449_32193338","HOXB2","chr6_32148370_32149284","aCRE","HOXB2__chr6_32148370_32149284",TRUE,"ONTG06000002236.1"
"chr6_32192449_32193338","HOXB2","chr6_32087261_32088242","aCRE","HOXB2__chr6_32087261_32088242",TRUE,"ONTG06000002233.1"
"chr6_32192449_32193338","HOXB2","chr6_31971783_31972785","tCRE","HOXB2__chr6_31971783_31972785",TRUE,"STK19"
"chr6_32192449_32193338","HOXB2","chr6_32254846_32255812","aCRE","HOXB2__chr6_32254846_32255812",TRUE,"TSBP1-AS1"
"chr6_32192449_32193338","HOXB2","chr6_31958602_31959526","tCRE","HOXB2__chr6_31958602_31959526",TRUE,"NELFE"
"chr6_32192449_32193338","HOXB2","chr6_32177573_32178546","tCRE","HOXB2__chr6_32177573_32178546",TRUE,"RNF5"
"chr6_32192449_32193338","HOXB2","chr6_32175703_32176570","tCRE","HOXB2__chr6_32175703_32176570",TRUE,"AGPAT1"
"chr6_32192449_32193338","HOXB2","chr6_31814929_31815777","tCRE","HOXB2__chr6_31814929_31815777",TRUE,"HSPA1A"
"chr6_32192449_32193338","HOXB2","chr6_32153565_32154506","tCRE","HOXB2__chr6_32153565_32154506",TRUE,"PPT2"
"chr6_32192449_32193338","PITX2","chr6_32127728_32128713","tCRE","PITX2__chr6_32127728_32128713",TRUE,"ATF6B"
"chr6_32192449_32193338","PITX2","chr6_31729943_31730557","tCRE","PITX2__chr6_31729943_31730557",TRUE,"DDAH2"
"chr6_32192449_32193338","PITX2","chr6_32151218_32151956","tCRE","PITX2__chr6_32151218_32151956",TRUE,"PRRT1"
"chr6_32192449_32193338","PITX2","chr6_32148370_32149284","aCRE","PITX2__chr6_32148370_32149284",TRUE,"ONTG06000002236.1"
"chr6_32192449_32193338","PITX2","chr6_32087261_32088242","aCRE","PITX2__chr6_32087261_32088242",TRUE,"ONTG06000002233.1"
"chr6_32192449_32193338","PITX2","chr6_31971783_31972785","tCRE","PITX2__chr6_31971783_31972785",TRUE,"STK19"
"chr6_32192449_32193338","PITX2","chr6_32254846_32255812","aCRE","PITX2__chr6_32254846_32255812",TRUE,"TSBP1-AS1"
"chr6_32192449_32193338","PITX2","chr6_31958602_31959526","tCRE","PITX2__chr6_31958602_31959526",TRUE,"NELFE"
"chr6_32192449_32193338","PITX2","chr6_32177573_32178546","tCRE","PITX2__chr6_32177573_32178546",TRUE,"RNF5"
"chr6_32192449_32193338","PITX2","chr6_32175703_32176570","tCRE","PITX2__chr6_32175703_32176570",TRUE,"AGPAT1"
"chr6_32192449_32193338","PITX2","chr6_31814929_31815777","tCRE","PITX2__chr6_31814929_31815777",TRUE,"HSPA1A"
"chr6_32192449_32193338","PITX2","chr6_32153565_32154506","tCRE","PITX2__chr6_32153565_32154506",TRUE,"PPT2"
"chr6_32192449_32193338","FOXO1","chr6_32127728_32128713","tCRE","FOXO1__chr6_32127728_32128713",TRUE,"ATF6B"
"chr6_32192449_32193338","FOXO1","chr6_31729943_31730557","tCRE","FOXO1__chr6_31729943_31730557",TRUE,"DDAH2"
"chr6_32192449_32193338","FOXO1","chr6_32151218_32151956","tCRE","FOXO1__chr6_32151218_32151956",TRUE,"PRRT1"
"chr6_32192449_32193338","FOXO1","chr6_32148370_32149284","aCRE","FOXO1__chr6_32148370_32149284",TRUE,"ONTG06000002236.1"
"chr6_32192449_32193338","FOXO1","chr6_32087261_32088242","aCRE","FOXO1__chr6_32087261_32088242",TRUE,"ONTG06000002233.1"
"chr6_32192449_32193338","FOXO1","chr6_31971783_31972785","tCRE","FOXO1__chr6_31971783_31972785",TRUE,"STK19"
"chr6_32192449_32193338","FOXO1","chr6_32254846_32255812","aCRE","FOXO1__chr6_32254846_32255812",TRUE,"TSBP1-AS1"
"chr6_32192449_32193338","FOXO1","chr6_31958602_31959526","tCRE","FOXO1__chr6_31958602_31959526",TRUE,"NELFE"
"chr6_32192449_32193338","FOXO1","chr6_32177573_32178546","tCRE","FOXO1__chr6_32177573_32178546",TRUE,"RNF5"
"chr6_32192449_32193338","FOXO1","chr6_32175703_32176570","tCRE","FOXO1__chr6_32175703_32176570",TRUE,"AGPAT1"
"chr6_32192449_32193338","FOXO1","chr6_31814929_31815777","tCRE","FOXO1__chr6_31814929_31815777",TRUE,"HSPA1A"
"chr6_32192449_32193338","FOXO1","chr6_32153565_32154506","tCRE","FOXO1__chr6_32153565_32154506",TRUE,"PPT2"
"chr6_33123420_33125153","SOX2","chr6_32971538_32972468","tCRE","SOX2__chr6_32971538_32972468",TRUE,"ONTG06000002056.1"
"chr6_33123420_33125153","SOX2","chr6_32844244_32845173","tCRE","SOX2__chr6_32844244_32845173",TRUE,"PSMB8"
"chr6_33123420_33125153","SOX2","chr6_33116503_33117666","aCRE","SOX2__chr6_33116503_33117666",TRUE,"HLA-DPB2"
"chr6_33123420_33125153","SOX2","chr6_33271526_33272395","tCRE","SOX2__chr6_33271526_33272395",TRUE,"RPS18"
"chr6_33123420_33125153","SOX2","chr6_32860841_32861774","aCRE","SOX2__chr6_32860841_32861774",TRUE,NA
"chr6_33123420_33125153","SOX2","chr6_32853593_32854496","tCRE","SOX2__chr6_32853593_32854496",TRUE,"PSMB9"
"chr6_33123420_33125153","SOX2","chr6_33288906_33289828","tCRE","SOX2__chr6_33288906_33289828",TRUE,"PFDN6"
"chr6_33123420_33125153","SOX2","chr6_33080116_33080972","tCRE","SOX2__chr6_33080116_33080972",TRUE,"HLA-DPB1"
"chr6_33123420_33125153","SOX2","chr6_33116503_33117666","tCRE","SOX2__chr6_33116503_33117666",TRUE,"HLA-DPB2"
"chr6_33123420_33125153","SOX2","chr6_33208190_33209165","tCRE","SOX2__chr6_33208190_33209165",TRUE,"RING1"
"chr6_33123420_33125153","SOX2","chr6_33317359_33318411","tCRE","SOX2__chr6_33317359_33318411",TRUE,"ZBTB22"
"chr6_33123420_33125153","SOX2","chr6_33200222_33201098","tCRE","SOX2__chr6_33200222_33201098",TRUE,"SLC39A7"
"chr6_33123420_33125153","SOX2","chr6_33211415_33212267","aCRE","SOX2__chr6_33211415_33212267",TRUE,NA
"chr6_33123420_33125153","SOX2","chr6_33204177_33205069","tCRE","SOX2__chr6_33204177_33205069",TRUE,"HSD17B8"
"chr6_33123420_33125153","RBPJ","chr6_32971538_32972468","tCRE","RBPJ__chr6_32971538_32972468",TRUE,"ONTG06000002056.1"
"chr6_33123420_33125153","RBPJ","chr6_32844244_32845173","tCRE","RBPJ__chr6_32844244_32845173",TRUE,"PSMB8"
"chr6_33123420_33125153","RBPJ","chr6_33116503_33117666","aCRE","RBPJ__chr6_33116503_33117666",TRUE,"HLA-DPB2"
"chr6_33123420_33125153","RBPJ","chr6_33271526_33272395","tCRE","RBPJ__chr6_33271526_33272395",TRUE,"RPS18"
"chr6_33123420_33125153","RBPJ","chr6_32860841_32861774","aCRE","RBPJ__chr6_32860841_32861774",TRUE,NA
"chr6_33123420_33125153","RBPJ","chr6_32853593_32854496","tCRE","RBPJ__chr6_32853593_32854496",TRUE,"PSMB9"
"chr6_33123420_33125153","RBPJ","chr6_33288906_33289828","tCRE","RBPJ__chr6_33288906_33289828",TRUE,"PFDN6"
"chr6_33123420_33125153","RBPJ","chr6_33080116_33080972","tCRE","RBPJ__chr6_33080116_33080972",TRUE,"HLA-DPB1"
"chr6_33123420_33125153","RBPJ","chr6_33116503_33117666","tCRE","RBPJ__chr6_33116503_33117666",TRUE,"HLA-DPB2"
"chr6_33123420_33125153","RBPJ","chr6_33208190_33209165","tCRE","RBPJ__chr6_33208190_33209165",TRUE,"RING1"
"chr6_33123420_33125153","RBPJ","chr6_33317359_33318411","tCRE","RBPJ__chr6_33317359_33318411",TRUE,"ZBTB22"
"chr6_33123420_33125153","RBPJ","chr6_33200222_33201098","tCRE","RBPJ__chr6_33200222_33201098",TRUE,"SLC39A7"
"chr6_33123420_33125153","RBPJ","chr6_33211415_33212267","aCRE","RBPJ__chr6_33211415_33212267",TRUE,NA
"chr6_33123420_33125153","RBPJ","chr6_33204177_33205069","tCRE","RBPJ__chr6_33204177_33205069",TRUE,"HSD17B8"
"chr6_33123420_33125153","FOXO1","chr6_32971538_32972468","tCRE","FOXO1__chr6_32971538_32972468",TRUE,"ONTG06000002056.1"
"chr6_33123420_33125153","FOXO1","chr6_32844244_32845173","tCRE","FOXO1__chr6_32844244_32845173",TRUE,"PSMB8"
"chr6_33123420_33125153","FOXO1","chr6_33116503_33117666","aCRE","FOXO1__chr6_33116503_33117666",TRUE,"HLA-DPB2"
"chr6_33123420_33125153","FOXO1","chr6_33271526_33272395","tCRE","FOXO1__chr6_33271526_33272395",TRUE,"RPS18"
"chr6_33123420_33125153","FOXO1","chr6_32860841_32861774","aCRE","FOXO1__chr6_32860841_32861774",TRUE,NA
"chr6_33123420_33125153","FOXO1","chr6_32853593_32854496","tCRE","FOXO1__chr6_32853593_32854496",TRUE,"PSMB9"
"chr6_33123420_33125153","FOXO1","chr6_33288906_33289828","tCRE","FOXO1__chr6_33288906_33289828",TRUE,"PFDN6"
"chr6_33123420_33125153","FOXO1","chr6_33080116_33080972","tCRE","FOXO1__chr6_33080116_33080972",TRUE,"HLA-DPB1"
"chr6_33123420_33125153","FOXO1","chr6_33116503_33117666","tCRE","FOXO1__chr6_33116503_33117666",TRUE,"HLA-DPB2"
"chr6_33123420_33125153","FOXO1","chr6_33208190_33209165","tCRE","FOXO1__chr6_33208190_33209165",TRUE,"RING1"
"chr6_33123420_33125153","FOXO1","chr6_33317359_33318411","tCRE","FOXO1__chr6_33317359_33318411",TRUE,"ZBTB22"
"chr6_33123420_33125153","FOXO1","chr6_33200222_33201098","tCRE","FOXO1__chr6_33200222_33201098",TRUE,"SLC39A7"
"chr6_33123420_33125153","FOXO1","chr6_33211415_33212267","aCRE","FOXO1__chr6_33211415_33212267",TRUE,NA
"chr6_33123420_33125153","FOXO1","chr6_33204177_33205069","tCRE","FOXO1__chr6_33204177_33205069",TRUE,"HSD17B8"
"chr6_33450784_33451665","SNAI2","chr6_33425415_33426357","tCRE","SNAI2__chr6_33425415_33426357",TRUE,"ONTG06000002069.1"
"chr6_33450784_33451665","EGR1","chr6_33425415_33426357","tCRE","EGR1__chr6_33425415_33426357",TRUE,"ONTG06000002069.1"
"chr6_33746019_33746947","FOS","chr6_34145069_34146123","tCRE","FOS__chr6_34145069_34146123",TRUE,"GRM4"
"chr6_33746019_33746947","TCF12","chr6_34145069_34146123","tCRE","TCF12__chr6_34145069_34146123",TRUE,"GRM4"
"chr6_33746019_33746947","TFAP2B","chr6_34145069_34146123","tCRE","TFAP2B__chr6_34145069_34146123",TRUE,"GRM4"
"chr6_35297331_35298238","NFIB","chr6_35485041_35486872","aCRE","NFIB__chr6_35485041_35486872",TRUE,"ONTG06000002403.1"
"chr6_35297331_35298238","NFIB","chr6_35485041_35486872","tCRE","NFIB__chr6_35485041_35486872",TRUE,"ONTG06000002403.1"
"chr6_35297331_35298238","NFIB","chr6_35764065_35765092","aCRE","NFIB__chr6_35764065_35765092",TRUE,"ENSG00000288747.1"
"chr6_35297331_35298238","NFIB","chr6_35451866_35452775","tCRE","NFIB__chr6_35451866_35452775",TRUE,"FANCE"
"chr6_35297331_35298238","POU5F1","chr6_35485041_35486872","aCRE","POU5F1__chr6_35485041_35486872",TRUE,"ONTG06000002403.1"
"chr6_35297331_35298238","POU5F1","chr6_35485041_35486872","tCRE","POU5F1__chr6_35485041_35486872",TRUE,"ONTG06000002403.1"
"chr6_35297331_35298238","POU5F1","chr6_35764065_35765092","aCRE","POU5F1__chr6_35764065_35765092",TRUE,"ENSG00000288747.1"
"chr6_35297331_35298238","POU5F1","chr6_35451866_35452775","tCRE","POU5F1__chr6_35451866_35452775",TRUE,"FANCE"
"chr6_40285877_40286688","REST","chr6_40329947_40331041","aCRE","REST__chr6_40329947_40331041",TRUE,NA
"chr6_40285877_40286688","REST","chr6_40328337_40329345","aCRE","REST__chr6_40328337_40329345",TRUE,"TDRG1"
"chr6_40285877_40286688","SP8","chr6_40329947_40331041","aCRE","SP8__chr6_40329947_40331041",FALSE,NA
"chr6_40285877_40286688","SP8","chr6_40328337_40329345","aCRE","SP8__chr6_40328337_40329345",FALSE,"TDRG1"
"chr6_41442773_41443691","SP8","chr6_41636622_41637465","tCRE","SP8__chr6_41636622_41637465",TRUE,"MDFI"
"chr6_41442773_41443691","SP8","chr6_41787082_41788004","tCRE","SP8__chr6_41787082_41788004",TRUE,"TOMM6"
"chr6_41442773_41443691","SP8","chr6_41636622_41637465","aCRE","SP8__chr6_41636622_41637465",TRUE,"MDFI"
"chr6_41442773_41443691","SP8","chr6_41560287_41561342","aCRE","SP8__chr6_41560287_41561342",TRUE,"ONTG06000001902.1"
"chr6_41442773_41443691","SP8","chr6_41545769_41546762","tCRE","SP8__chr6_41545769_41546762",TRUE,"FOXP4-AS1"
"chr6_41442773_41443691","BCL11A","chr6_41636622_41637465","tCRE","BCL11A__chr6_41636622_41637465",TRUE,"MDFI"
"chr6_41442773_41443691","BCL11A","chr6_41787082_41788004","tCRE","BCL11A__chr6_41787082_41788004",TRUE,"TOMM6"
"chr6_41442773_41443691","BCL11A","chr6_41636622_41637465","aCRE","BCL11A__chr6_41636622_41637465",TRUE,"MDFI"
"chr6_41442773_41443691","BCL11A","chr6_41560287_41561342","aCRE","BCL11A__chr6_41560287_41561342",TRUE,"ONTG06000001902.1"
"chr6_41442773_41443691","BCL11A","chr6_41545769_41546762","tCRE","BCL11A__chr6_41545769_41546762",TRUE,"FOXP4-AS1"
"chr6_43204427_43205349","SNAI2","chr6_43228944_43229886","tCRE","SNAI2__chr6_43228944_43229886",TRUE,"DNPH1"
"chr6_43204427_43205349","SNAI2","chr6_42745858_42746666","tCRE","SNAI2__chr6_42745858_42746666",TRUE,"TBCC"
"chr6_43204427_43205349","SNAI2","chr6_43059128_43059996","tCRE","SNAI2__chr6_43059128_43059996",TRUE,"MRPL2"
"chr6_43204427_43205349","SNAI2","chr6_43075786_43076717","tCRE","SNAI2__chr6_43075786_43076717",TRUE,"PTK7"
"chr6_43204427_43205349","SNAI2","chr6_43013627_43014550","tCRE","SNAI2__chr6_43013627_43014550",TRUE,"MEA1"
"chr6_43204427_43205349","MAFB","chr6_43228944_43229886","tCRE","MAFB__chr6_43228944_43229886",TRUE,"DNPH1"
"chr6_43204427_43205349","MAFB","chr6_42745858_42746666","tCRE","MAFB__chr6_42745858_42746666",TRUE,"TBCC"
"chr6_43204427_43205349","MAFB","chr6_43059128_43059996","tCRE","MAFB__chr6_43059128_43059996",TRUE,"MRPL2"
"chr6_43204427_43205349","MAFB","chr6_43075786_43076717","tCRE","MAFB__chr6_43075786_43076717",TRUE,"PTK7"
"chr6_43204427_43205349","MAFB","chr6_43013627_43014550","tCRE","MAFB__chr6_43013627_43014550",TRUE,"MEA1"
"chr6_44216556_44217803","ZEB1","chr6_44387171_44388094","aCRE","ZEB1__chr6_44387171_44388094",TRUE,"CDC5L"
"chr6_44216556_44217803","ZEB1","chr6_44126981_44127882","tCRE","ZEB1__chr6_44126981_44127882",TRUE,"MRPL14"
"chr6_44216556_44217803","ZEB1","chr6_44275626_44276529","aCRE","ZEB1__chr6_44275626_44276529",TRUE,NA
"chr6_44216556_44217803","ZEB1","chr6_44256919_44257846","tCRE","ZEB1__chr6_44256919_44257846",TRUE,"SLC35B2"
"chr6_44216556_44217803","ZEB1","chr6_44237438_44238384","aCRE","ZEB1__chr6_44237438_44238384",TRUE,"ONTG06000001792.1"
"chr6_44216556_44217803","ZEB1","chr6_44219092_44219995","tCRE","ZEB1__chr6_44219092_44219995",TRUE,"SLC29A1"
"chr6_44216556_44217803","ZEB1","chr6_44219092_44219995","aCRE","ZEB1__chr6_44219092_44219995",TRUE,"SLC29A1"
"chr6_44216556_44217803","ZEB1","chr6_43758194_43759123","aCRE","ZEB1__chr6_43758194_43759123",TRUE,NA
"chr6_44216556_44217803","MSX1","chr6_44387171_44388094","aCRE","MSX1__chr6_44387171_44388094",TRUE,"CDC5L"
"chr6_44216556_44217803","MSX1","chr6_44126981_44127882","tCRE","MSX1__chr6_44126981_44127882",TRUE,"MRPL14"
"chr6_44216556_44217803","MSX1","chr6_44275626_44276529","aCRE","MSX1__chr6_44275626_44276529",TRUE,NA
"chr6_44216556_44217803","MSX1","chr6_44256919_44257846","tCRE","MSX1__chr6_44256919_44257846",TRUE,"SLC35B2"
"chr6_44216556_44217803","MSX1","chr6_44237438_44238384","aCRE","MSX1__chr6_44237438_44238384",TRUE,"ONTG06000001792.1"
"chr6_44216556_44217803","MSX1","chr6_44219092_44219995","tCRE","MSX1__chr6_44219092_44219995",TRUE,"SLC29A1"
"chr6_44216556_44217803","MSX1","chr6_44219092_44219995","aCRE","MSX1__chr6_44219092_44219995",TRUE,"SLC29A1"
"chr6_44216556_44217803","MSX1","chr6_43758194_43759123","aCRE","MSX1__chr6_43758194_43759123",TRUE,NA
"chr6_52594971_52595920","NEUROD1","chr6_52994978_52995967","aCRE","NEUROD1__chr6_52994978_52995967",FALSE,"ENSG00000202198.1"
"chr6_63565937_63566851","TGIF2","chr6_63635487_63636386","tCRE","TGIF2__chr6_63635487_63636386",TRUE,"PHF3"
"chr6_63565937_63566851","CEBPG","chr6_63635487_63636386","tCRE","CEBPG__chr6_63635487_63636386",TRUE,"PHF3"
"chr6_63565937_63566851","MAF","chr6_63635487_63636386","tCRE","MAF__chr6_63635487_63636386",TRUE,"PHF3"
"chr6_72216133_72217246","GBX2","chr6_71886354_71887289","tCRE","GBX2__chr6_71886354_71887289",TRUE,"RIMS1"
"chr6_72216133_72217246","ONECUT1","chr6_71886354_71887289","tCRE","ONECUT1__chr6_71886354_71887289",TRUE,"RIMS1"
"chr6_73353873_73354935","RXRB","chr6_73451448_73452327","aCRE","RXRB__chr6_73451448_73452327",TRUE,"CGAS"
"chr6_73353873_73354935","RARG","chr6_73451448_73452327","aCRE","RARG__chr6_73451448_73452327",TRUE,"CGAS"
"chr6_73394559_73395514","TCF7L2","chr6_73314534_73315478","aCRE","TCF7L2__chr6_73314534_73315478",FALSE,NA
"chr6_73394559_73395514","PLAGL1","chr6_73314534_73315478","aCRE","PLAGL1__chr6_73314534_73315478",TRUE,NA
"chr6_7347310_7348393","NR2F6","chr6_7541176_7542256","aCRE","NR2F6__chr6_7541176_7542256",TRUE,"DSP"
"chr6_89230366_89231299","FOXO1","chr6_88963223_88964137","aCRE","FOXO1__chr6_88963223_88964137",TRUE,"RNGTT"
"chr6_94557032_94557773","NFYB","chr6_94559101_94559799","aCRE","NFYB__chr6_94559101_94559799",TRUE,"ONTG06000002503.1"
"chr6_94557032_94557773","NFYB","chr6_94559101_94559799","tCRE","NFYB__chr6_94559101_94559799",TRUE,"ONTG06000002503.1"
"chr6_97781526_97782218","NFYB","chr6_97779301_97780119","tCRE","NFYB__chr6_97779301_97780119",FALSE,"ONTG06000002435.1"
"chr6_97781526_97782218","NFYB","chr6_97591677_97592637","aCRE","NFYB__chr6_97591677_97592637",FALSE,NA
"chr6_97781526_97782218","NFYB","chr6_97978629_97979676","tCRE","NFYB__chr6_97978629_97979676",TRUE,"ENSG00000271860.8"
"chr6_97781526_97782218","NFYB","chr6_97779301_97780119","aCRE","NFYB__chr6_97779301_97780119",FALSE,"ONTG06000002435.1"
"chr6_97781526_97782218","ZEB1","chr6_97779301_97780119","tCRE","ZEB1__chr6_97779301_97780119",TRUE,"ONTG06000002435.1"
"chr6_97781526_97782218","ZEB1","chr6_97591677_97592637","aCRE","ZEB1__chr6_97591677_97592637",TRUE,NA
"chr6_97781526_97782218","ZEB1","chr6_97978629_97979676","tCRE","ZEB1__chr6_97978629_97979676",TRUE,"ENSG00000271860.8"
"chr6_97781526_97782218","ZEB1","chr6_97779301_97780119","aCRE","ZEB1__chr6_97779301_97780119",TRUE,"ONTG06000002435.1"
"chr7_100401668_100402501","NEUROD1","chr7_100148389_100149294","tCRE","NEUROD1__chr7_100148389_100149294",TRUE,"LAMTOR4"
"chr7_100401668_100402501","NEUROD1","chr7_100118953_100120034","tCRE","NEUROD1__chr7_100118953_100120034",TRUE,"TAF6"
"chr7_100401668_100402501","NEUROG2","chr7_100148389_100149294","tCRE","NEUROG2__chr7_100148389_100149294",TRUE,"LAMTOR4"
"chr7_100401668_100402501","NEUROG2","chr7_100118953_100120034","tCRE","NEUROG2__chr7_100118953_100120034",TRUE,"TAF6"
"chr7_100573475_100574387","HEY2","chr7_100673063_100673990","tCRE","HEY2__chr7_100673063_100673990",TRUE,"GNB2"
"chr7_100573475_100574387","HEY2","chr7_100436121_100436993","tCRE","HEY2__chr7_100436121_100436993",TRUE,"PPP1R35"
"chr7_100573475_100574387","HEY2","chr7_100604326_100605171","aCRE","HEY2__chr7_100604326_100605171",TRUE,"PCOLCE"
"chr7_102912495_102913503","IRF3","chr7_103074453_103075440","tCRE","IRF3__chr7_103074453_103075440",TRUE,"ARMC10"
"chr7_102912495_102913503","IRF3","chr7_103297035_103297951","tCRE","IRF3__chr7_103297035_103297951",TRUE,"PMPCB"
"chr7_102912495_102913503","IRF3","chr7_103148845_103149834","tCRE","IRF3__chr7_103148845_103149834",TRUE,"NAPEPLD"
"chr7_102912495_102913503","NFIC","chr7_103074453_103075440","tCRE","NFIC__chr7_103074453_103075440",TRUE,"ARMC10"
"chr7_102912495_102913503","NFIC","chr7_103297035_103297951","tCRE","NFIC__chr7_103297035_103297951",TRUE,"PMPCB"
"chr7_102912495_102913503","NFIC","chr7_103148845_103149834","tCRE","NFIC__chr7_103148845_103149834",TRUE,"NAPEPLD"
"chr7_102912495_102913503","ZNF331","chr7_103074453_103075440","tCRE","ZNF331__chr7_103074453_103075440",TRUE,"ARMC10"
"chr7_102912495_102913503","ZNF331","chr7_103297035_103297951","tCRE","ZNF331__chr7_103297035_103297951",TRUE,"PMPCB"
"chr7_102912495_102913503","ZNF331","chr7_103148845_103149834","tCRE","ZNF331__chr7_103148845_103149834",TRUE,"NAPEPLD"
"chr7_102912495_102913503","NHLH1","chr7_103074453_103075440","tCRE","NHLH1__chr7_103074453_103075440",TRUE,"ARMC10"
"chr7_102912495_102913503","NHLH1","chr7_103297035_103297951","tCRE","NHLH1__chr7_103297035_103297951",TRUE,"PMPCB"
"chr7_102912495_102913503","NHLH1","chr7_103148845_103149834","tCRE","NHLH1__chr7_103148845_103149834",TRUE,"NAPEPLD"
"chr7_102912495_102913503","TCF12","chr7_103074453_103075440","tCRE","TCF12__chr7_103074453_103075440",TRUE,"ARMC10"
"chr7_102912495_102913503","TCF12","chr7_103297035_103297951","tCRE","TCF12__chr7_103297035_103297951",TRUE,"PMPCB"
"chr7_102912495_102913503","TCF12","chr7_103148845_103149834","tCRE","TCF12__chr7_103148845_103149834",TRUE,"NAPEPLD"
"chr7_109594927_109595823","BCL11A","chr7_109596893_109597787","tCRE","BCL11A__chr7_109596893_109597787",TRUE,"ENSG00000234273.1"
"chr7_109594927_109595823","BCL11A","chr7_109596893_109597787","aCRE","BCL11A__chr7_109596893_109597787",TRUE,"ENSG00000234273.1"
"chr7_112422651_112423564","MAFB","chr7_112450014_112450746","tCRE","MAFB__chr7_112450014_112450746",FALSE,"IFRD1"
"chr7_112422651_112423564","NR2F1","chr7_112450014_112450746","tCRE","NR2F1__chr7_112450014_112450746",TRUE,"IFRD1"
"chr7_112422651_112423564","TGIF1","chr7_112450014_112450746","tCRE","TGIF1__chr7_112450014_112450746",TRUE,"IFRD1"
"chr7_112422651_112423564","ATF3","chr7_112450014_112450746","tCRE","ATF3__chr7_112450014_112450746",TRUE,"IFRD1"
"chr7_112422651_112423564","MAFG","chr7_112450014_112450746","tCRE","MAFG__chr7_112450014_112450746",TRUE,"IFRD1"
"chr7_112422651_112423564","FOS","chr7_112450014_112450746","tCRE","FOS__chr7_112450014_112450746",TRUE,"IFRD1"
"chr7_113144513_113145544","RBPJ","chr7_113118164_113119084","tCRE","RBPJ__chr7_113118164_113119084",FALSE,"SMIM30"
"chr7_113144513_113145544","ZIC1","chr7_113118164_113119084","tCRE","ZIC1__chr7_113118164_113119084",FALSE,"SMIM30"
"chr7_127808917_127809850","MSX1","chr7_127587962_127588819","tCRE","MSX1__chr7_127587962_127588819",TRUE,"ARF5"
"chr7_135727915_135728848","SNAI2","chr7_135557547_135558843","tCRE","SNAI2__chr7_135557547_135558843",TRUE,"NUP205"
"chr7_136136539_136137581","SOX5","chr7_135661981_135662917","tCRE","SOX5__chr7_135661981_135662917",TRUE,"STMP1"
"chr7_136136539_136137581","SOX5","chr7_135976947_135977832","tCRE","SOX5__chr7_135976947_135977832",TRUE,"MTPN"
"chr7_136136539_136137581","ZBTB18","chr7_135661981_135662917","tCRE","ZBTB18__chr7_135661981_135662917",TRUE,"STMP1"
"chr7_136136539_136137581","ZBTB18","chr7_135976947_135977832","tCRE","ZBTB18__chr7_135976947_135977832",TRUE,"MTPN"
"chr7_136136539_136137581","EBF3","chr7_135661981_135662917","tCRE","EBF3__chr7_135661981_135662917",TRUE,"STMP1"
"chr7_136136539_136137581","EBF3","chr7_135976947_135977832","tCRE","EBF3__chr7_135976947_135977832",TRUE,"MTPN"
"chr7_14376498_14377380","IRF3","chr7_13989203_13990024","tCRE","IRF3__chr7_13989203_13990024",TRUE,"ETV1"
"chr7_14376498_14377380","IRF9","chr7_13989203_13990024","tCRE","IRF9__chr7_13989203_13990024",TRUE,"ETV1"
"chr7_14376498_14377380","MEF2A","chr7_13989203_13990024","tCRE","MEF2A__chr7_13989203_13990024",TRUE,"ETV1"
"chr7_150955454_150956442","GLI3","chr7_151010091_151011009","tCRE","GLI3__chr7_151010091_151011009",TRUE,"NOS3"
"chr7_150955454_150956442","GLI3","chr7_151059329_151060355","tCRE","GLI3__chr7_151059329_151060355",TRUE,"SLC4A2"
"chr7_150955454_150956442","PKNOX1","chr7_151010091_151011009","tCRE","PKNOX1__chr7_151010091_151011009",TRUE,"NOS3"
"chr7_150955454_150956442","PKNOX1","chr7_151059329_151060355","tCRE","PKNOX1__chr7_151059329_151060355",TRUE,"SLC4A2"
"chr7_151008417_151009295","NFYB","chr7_151010091_151011009","tCRE","NFYB__chr7_151010091_151011009",FALSE,"NOS3"
"chr7_151008417_151009295","NFYB","chr7_151050773_151051693","aCRE","NFYB__chr7_151050773_151051693",FALSE,"ASIC3"
"chr7_151008417_151009295","NFYB","chr7_151062125_151062999","aCRE","NFYB__chr7_151062125_151062999",FALSE,"SLC4A2"
"chr7_151008417_151009295","NFYB","chr7_151012557_151014349","aCRE","NFYB__chr7_151012557_151014349",FALSE,"NOS3"
"chr7_151008417_151009295","NFYB","chr7_151248391_151249352","tCRE","NFYB__chr7_151248391_151249352",FALSE,"SMARCD3"
"chr7_152553568_152554459","RARG","chr7_152675711_152676635","tCRE","RARG__chr7_152675711_152676635",TRUE,"XRCC2"
"chr7_152553568_152554459","RARG","chr7_152759356_152760235","aCRE","RARG__chr7_152759356_152760235",TRUE,"ACTR3B"
"chr7_152553568_152554459","MSX1","chr7_152675711_152676635","tCRE","MSX1__chr7_152675711_152676635",TRUE,"XRCC2"
"chr7_152553568_152554459","MSX1","chr7_152759356_152760235","aCRE","MSX1__chr7_152759356_152760235",TRUE,"ACTR3B"
"chr7_15839145_15840050","ELK3","chr7_15686404_15687140","tCRE","ELK3__chr7_15686404_15687140",TRUE,"MEOX2"
"chr7_15839145_15840050","TEAD3","chr7_15686404_15687140","tCRE","TEAD3__chr7_15686404_15687140",TRUE,"MEOX2"
"chr7_16915947_16916650","SOX2","chr7_16748369_16749299","aCRE","SOX2__chr7_16748369_16749299",TRUE,NA
"chr7_16915947_16916650","SOX15","chr7_16748369_16749299","aCRE","SOX15__chr7_16748369_16749299",TRUE,NA
"chr7_16915947_16916650","SOX3","chr7_16748369_16749299","aCRE","SOX3__chr7_16748369_16749299",TRUE,NA
"chr7_18975118_18975860","PITX1","chr7_19116552_19118023","tCRE","PITX1__chr7_19116552_19118023",TRUE,"TWIST1"
"chr7_18975118_18975860","RARG","chr7_19116552_19118023","tCRE","RARG__chr7_19116552_19118023",TRUE,"TWIST1"
"chr7_18975118_18975860","FOXN3","chr7_19116552_19118023","tCRE","FOXN3__chr7_19116552_19118023",TRUE,"TWIST1"
"chr7_18975118_18975860","RARA","chr7_19116552_19118023","tCRE","RARA__chr7_19116552_19118023",TRUE,"TWIST1"
"chr7_18975118_18975860","PBX3","chr7_19116552_19118023","tCRE","PBX3__chr7_19116552_19118023",TRUE,"TWIST1"
"chr7_18975118_18975860","NR2F6","chr7_19116552_19118023","tCRE","NR2F6__chr7_19116552_19118023",TRUE,"TWIST1"
"chr7_18975118_18975860","ZKSCAN1","chr7_19116552_19118023","tCRE","ZKSCAN1__chr7_19116552_19118023",TRUE,"TWIST1"
"chr7_20217084_20217972","ZEB1","chr7_20120496_20121402","aCRE","ZEB1__chr7_20120496_20121402",TRUE,"ENSG00000267055.1"
"chr7_20217084_20217972","ZEB1","chr7_20120496_20121402","tCRE","ZEB1__chr7_20120496_20121402",TRUE,"ENSG00000267055.1"
"chr7_20217084_20217972","ZEB1","chr7_20331172_20332215","tCRE","ZEB1__chr7_20331172_20332215",TRUE,"ITGB8-AS1"
"chr7_20217084_20217972","ZEB1","chr7_19772663_19773726","tCRE","ZEB1__chr7_19772663_19773726",TRUE,"TMEM196"
"chr7_20217084_20217972","RBPJ","chr7_20120496_20121402","aCRE","RBPJ__chr7_20120496_20121402",TRUE,"ENSG00000267055.1"
"chr7_20217084_20217972","RBPJ","chr7_20120496_20121402","tCRE","RBPJ__chr7_20120496_20121402",TRUE,"ENSG00000267055.1"
"chr7_20217084_20217972","RBPJ","chr7_20331172_20332215","tCRE","RBPJ__chr7_20331172_20332215",TRUE,"ITGB8-AS1"
"chr7_20217084_20217972","RBPJ","chr7_19772663_19773726","tCRE","RBPJ__chr7_19772663_19773726",TRUE,"TMEM196"
"chr7_20217084_20217972","MSX2","chr7_20120496_20121402","aCRE","MSX2__chr7_20120496_20121402",TRUE,"ENSG00000267055.1"
"chr7_20217084_20217972","MSX2","chr7_20120496_20121402","tCRE","MSX2__chr7_20120496_20121402",TRUE,"ENSG00000267055.1"
"chr7_20217084_20217972","MSX2","chr7_20331172_20332215","tCRE","MSX2__chr7_20331172_20332215",TRUE,"ITGB8-AS1"
"chr7_20217084_20217972","MSX2","chr7_19772663_19773726","tCRE","MSX2__chr7_19772663_19773726",TRUE,"TMEM196"
"chr7_20834527_20835736","FOXH1","chr7_20798650_20799158","aCRE","FOXH1__chr7_20798650_20799158",TRUE,NA
"chr7_20834527_20835736","FOXH1","chr7_20795620_20796464","aCRE","FOXH1__chr7_20795620_20796464",TRUE,NA
"chr7_20834527_20835736","FOXH1","chr7_20797594_20798576","tCRE","FOXH1__chr7_20797594_20798576",TRUE,"ONTG07000001443.1"
"chr7_20834527_20835736","FOXH1","chr7_20776129_20777085","aCRE","FOXH1__chr7_20776129_20777085",TRUE,"ONTG07000001442.1"
"chr7_20834527_20835736","FOXH1","chr7_21169405_21170732","aCRE","FOXH1__chr7_21169405_21170732",TRUE,"ONTG07000001325.1"
"chr7_20834527_20835736","FOXH1","chr7_20786617_20787515","tCRE","FOXH1__chr7_20786617_20787515",TRUE,"SP8"
"chr7_20834527_20835736","FOXH1","chr7_20783217_20784298","tCRE","FOXH1__chr7_20783217_20784298",TRUE,"ONTG07000001622.1"
"chr7_20834527_20835736","FOXH1","chr7_20790765_20791721","aCRE","FOXH1__chr7_20790765_20791721",FALSE,NA
"chr7_23272797_23273734","HIF1A","chr7_23465007_23466117","aCRE","HIF1A__chr7_23465007_23466117",TRUE,"ONTG07000000877.1"
"chr7_23272797_23273734","HIF1A","chr7_23105362_23106213","tCRE","HIF1A__chr7_23105362_23106213",TRUE,"KLHL7"
"chr7_23272797_23273734","HIF1A","chr7_23298880_23299781","tCRE","HIF1A__chr7_23298880_23299781",TRUE,"MALSU1"
"chr7_23272797_23273734","SP8","chr7_23465007_23466117","aCRE","SP8__chr7_23465007_23466117",TRUE,"ONTG07000000877.1"
"chr7_23272797_23273734","SP8","chr7_23105362_23106213","tCRE","SP8__chr7_23105362_23106213",TRUE,"KLHL7"
"chr7_23272797_23273734","SP8","chr7_23298880_23299781","tCRE","SP8__chr7_23298880_23299781",TRUE,"MALSU1"
"chr7_24395254_24396966","SP8","chr7_24401228_24402644","aCRE","SP8__chr7_24401228_24402644",TRUE,"ONTG07000000543.1"
"chr7_24507949_24508869","SOX4","chr7_24572865_24573809","tCRE","SOX4__chr7_24572865_24573809",TRUE,"PALS2"
"chr7_24507949_24508869","LEF1","chr7_24572865_24573809","tCRE","LEF1__chr7_24572865_24573809",TRUE,"PALS2"
"chr7_24507949_24508869","SOX6","chr7_24572865_24573809","tCRE","SOX6__chr7_24572865_24573809",TRUE,"PALS2"
"chr7_27602451_27603422","ZIC4","chr7_27739687_27741175","tCRE","ZIC4__chr7_27739687_27741175",TRUE,"TAX1BP1"
"chr7_27602451_27603422","ZIC1","chr7_27739687_27741175","tCRE","ZIC1__chr7_27739687_27741175",FALSE,"TAX1BP1"
"chr7_30983331_30984231","ZEB1","chr7_30974531_30975491","aCRE","ZEB1__chr7_30974531_30975491",TRUE,NA
"chr7_31690764_31691698","SOX3","chr7_31686729_31687669","tCRE","SOX3__chr7_31686729_31687669",TRUE,"PPP1R17"
"chr7_31690764_31691698","HAND2","chr7_31686729_31687669","tCRE","HAND2__chr7_31686729_31687669",TRUE,"PPP1R17"
"chr7_31690764_31691698","SOX6","chr7_31686729_31687669","tCRE","SOX6__chr7_31686729_31687669",TRUE,"PPP1R17"
"chr7_31690764_31691698","SOX9","chr7_31686729_31687669","tCRE","SOX9__chr7_31686729_31687669",TRUE,"PPP1R17"
"chr7_31690764_31691698","NEUROD2","chr7_31686729_31687669","tCRE","NEUROD2__chr7_31686729_31687669",TRUE,"PPP1R17"
"chr7_3244035_3245113","KLF7","chr7_3302148_3302893","tCRE","KLF7__chr7_3302148_3302893",TRUE,"SDK1-AS1"
"chr7_3244035_3245113","NEUROD2","chr7_3302148_3302893","tCRE","NEUROD2__chr7_3302148_3302893",TRUE,"SDK1-AS1"
"chr7_3244035_3245113","NEUROD1","chr7_3302148_3302893","tCRE","NEUROD1__chr7_3302148_3302893",TRUE,"SDK1-AS1"
"chr7_3244035_3245113","POU2F2","chr7_3302148_3302893","tCRE","POU2F2__chr7_3302148_3302893",TRUE,"SDK1-AS1"
"chr7_3244035_3245113","JUND","chr7_3302148_3302893","tCRE","JUND__chr7_3302148_3302893",TRUE,"SDK1-AS1"
"chr7_38330636_38331539","BCL11A","chr7_38177776_38178674","aCRE","BCL11A__chr7_38177776_38178674",TRUE,"STARD3NL"
"chr7_38330636_38331539","BCL11A","chr7_38177776_38178674","tCRE","BCL11A__chr7_38177776_38178674",TRUE,"STARD3NL"
"chr7_38330636_38331539","BCL11A","chr7_37920499_37921621","tCRE","BCL11A__chr7_37920499_37921621",TRUE,"EPDR1"
"chr7_38335334_38336255","NEUROD2","chr7_37916600_37917534","tCRE","NEUROD2__chr7_37916600_37917534",TRUE,"SFRP4"
"chr7_38335334_38336255","NEUROD2","chr7_37920499_37921621","tCRE","NEUROD2__chr7_37920499_37921621",TRUE,"EPDR1"
"chr7_38335334_38336255","ZBTB18","chr7_37916600_37917534","tCRE","ZBTB18__chr7_37916600_37917534",TRUE,"SFRP4"
"chr7_38335334_38336255","ZBTB18","chr7_37920499_37921621","tCRE","ZBTB18__chr7_37920499_37921621",TRUE,"EPDR1"
"chr7_42231936_42232964","PAX6","chr7_42237059_42238252","tCRE","PAX6__chr7_42237059_42238252",TRUE,"GLI3"
"chr7_42231936_42232964","MEIS1","chr7_42237059_42238252","tCRE","MEIS1__chr7_42237059_42238252",TRUE,"GLI3"
"chr7_42231936_42232964","PITX1","chr7_42237059_42238252","tCRE","PITX1__chr7_42237059_42238252",FALSE,"GLI3"
"chr7_42231936_42232964","NFIA","chr7_42237059_42238252","tCRE","NFIA__chr7_42237059_42238252",TRUE,"GLI3"
"chr7_42231936_42232964","TBX3","chr7_42237059_42238252","tCRE","TBX3__chr7_42237059_42238252",FALSE,"GLI3"
"chr7_44146814_44148815","ZNF148","chr7_44038778_44039738","tCRE","ZNF148__chr7_44038778_44039738",TRUE,"RASA4CP"
"chr7_44146814_44148815","ZNF148","chr7_44145710_44146654","tCRE","ZNF148__chr7_44145710_44146654",TRUE,"GCK"
"chr7_44146814_44148815","ZNF148","chr7_44036122_44037068","aCRE","ZNF148__chr7_44036122_44037068",TRUE,NA
"chr7_44146814_44148815","ZNF148","chr7_44324934_44326589","tCRE","ZNF148__chr7_44324934_44326589",TRUE,"CAMK2B"
"chr7_44146814_44148815","KLF12","chr7_44038778_44039738","tCRE","KLF12__chr7_44038778_44039738",TRUE,"RASA4CP"
"chr7_44146814_44148815","KLF12","chr7_44145710_44146654","tCRE","KLF12__chr7_44145710_44146654",TRUE,"GCK"
"chr7_44146814_44148815","KLF12","chr7_44036122_44037068","aCRE","KLF12__chr7_44036122_44037068",TRUE,NA
"chr7_44146814_44148815","KLF12","chr7_44324934_44326589","tCRE","KLF12__chr7_44324934_44326589",TRUE,"CAMK2B"
"chr7_50866294_50867054","SOX3","chr7_50792844_50793898","tCRE","SOX3__chr7_50792844_50793898",TRUE,"GRB10"
"chr7_50866294_50867054","SOX3","chr7_51327259_51327659","aCRE","SOX3__chr7_51327259_51327659",FALSE,"ENSG00000288798.1"
"chr7_50866294_50867054","SOX3","chr7_51326621_51327161","aCRE","SOX3__chr7_51326621_51327161",FALSE,NA
"chr7_50866294_50867054","SOX3","chr7_51327259_51327659","tCRE","SOX3__chr7_51327259_51327659",FALSE,"ENSG00000288798.1"
"chr7_50866294_50867054","POU5F1","chr7_50792844_50793898","tCRE","POU5F1__chr7_50792844_50793898",TRUE,"GRB10"
"chr7_50866294_50867054","POU5F1","chr7_51327259_51327659","aCRE","POU5F1__chr7_51327259_51327659",TRUE,"ENSG00000288798.1"
"chr7_50866294_50867054","POU5F1","chr7_51326621_51327161","aCRE","POU5F1__chr7_51326621_51327161",TRUE,NA
"chr7_50866294_50867054","POU5F1","chr7_51327259_51327659","tCRE","POU5F1__chr7_51327259_51327659",TRUE,"ENSG00000288798.1"
"chr7_74649879_74650736","POU5F1","chr7_74659537_74660379","aCRE","POU5F1__chr7_74659537_74660379",TRUE,"ONTG07000000327.1"
"chr7_75787962_75789124","OTX2","chr7_75639260_75640135","aCRE","OTX2__chr7_75639260_75640135",TRUE,"ONTG07000001095.1"
"chr7_76409214_76410260","ZNF423","chr7_76461436_76462342","tCRE","ZNF423__chr7_76461436_76462342",TRUE,"DTX2"
"chr7_76409214_76410260","SIX1","chr7_76461436_76462342","tCRE","SIX1__chr7_76461436_76462342",TRUE,"DTX2"
"chr7_8213141_8214044","NFIB","chr7_7968308_7969180","tCRE","NFIB__chr7_7968308_7969180",TRUE,"GLCCI1"
"chr7_8351528_8352466","SP8","chr7_8261589_8262682","tCRE","SP8__chr7_8261589_8262682",TRUE,"ENSG00000244239.1"
"chr7_94391668_94392697","ZIC1","chr7_94394034_94395100","tCRE","ZIC1__chr7_94394034_94395100",TRUE,"ONTG07000001232.1"
"chr7_94391668_94392697","ZIC1","chr7_93921510_93922445","tCRE","ZIC1__chr7_93921510_93922445",TRUE,"GNG11"
"chr8_101070913_101071774","ATF3","chr8_100948219_100949081","tCRE","ATF3__chr8_100948219_100949081",TRUE,"YWHAZ"
"chr8_101070913_101071774","TGIF1","chr8_100948219_100949081","tCRE","TGIF1__chr8_100948219_100949081",TRUE,"YWHAZ"
"chr8_101070913_101071774","JUN","chr8_100948219_100949081","tCRE","JUN__chr8_100948219_100949081",TRUE,"YWHAZ"
"chr8_102929554_102930459","OTX2","chr8_103140481_103141590","tCRE","OTX2__chr8_103140481_103141590",TRUE,"BAALC"
"chr8_102929554_102930459","FOXO1","chr8_103140481_103141590","tCRE","FOXO1__chr8_103140481_103141590",TRUE,"BAALC"
"chr8_102978002_102978889","ONECUT1","chr8_103414747_103415635","tCRE","ONECUT1__chr8_103414747_103415635",TRUE,"SLC25A32"
"chr8_102978002_102978889","ONECUT1","chr8_103020572_103021483","tCRE","ONECUT1__chr8_103020572_103021483",TRUE,"ATP6V1C1"
"chr8_102978002_102978889","ONECUT1","chr8_102863962_102864818","tCRE","ONECUT1__chr8_102863962_102864818",TRUE,"AZIN1"
"chr8_102978002_102978889","GBX2","chr8_103414747_103415635","tCRE","GBX2__chr8_103414747_103415635",TRUE,"SLC25A32"
"chr8_102978002_102978889","GBX2","chr8_103020572_103021483","tCRE","GBX2__chr8_103020572_103021483",TRUE,"ATP6V1C1"
"chr8_102978002_102978889","GBX2","chr8_102863962_102864818","tCRE","GBX2__chr8_102863962_102864818",TRUE,"AZIN1"
"chr8_103205984_103206944","NR2F1","chr8_103268848_103269780","aCRE","NR2F1__chr8_103268848_103269780",TRUE,"ONTG08000000694.1"
"chr8_103205984_103206944","NR2F1","chr8_103277035_103277923","tCRE","NR2F1__chr8_103277035_103277923",TRUE,"ONTG08000000694.1"
"chr8_103205984_103206944","NR2F1","chr8_103277035_103277923","aCRE","NR2F1__chr8_103277035_103277923",TRUE,"ONTG08000000694.1"
"chr8_103205984_103206944","NR2F1","chr8_103371008_103371946","aCRE","NR2F1__chr8_103371008_103371946",TRUE,"CTHRC1"
"chr8_103205984_103206944","NR2F1","chr8_103298483_103299462","tCRE","NR2F1__chr8_103298483_103299462",TRUE,"FZD6"
"chr8_103205984_103206944","NR2F1","chr8_103498535_103499494","aCRE","NR2F1__chr8_103498535_103499494",TRUE,"ONTG08000001637.1"
"chr8_103205984_103206944","RXRG","chr8_103268848_103269780","aCRE","RXRG__chr8_103268848_103269780",TRUE,"ONTG08000000694.1"
"chr8_103205984_103206944","RXRG","chr8_103277035_103277923","tCRE","RXRG__chr8_103277035_103277923",TRUE,"ONTG08000000694.1"
"chr8_103205984_103206944","RXRG","chr8_103277035_103277923","aCRE","RXRG__chr8_103277035_103277923",TRUE,"ONTG08000000694.1"
"chr8_103205984_103206944","RXRG","chr8_103371008_103371946","aCRE","RXRG__chr8_103371008_103371946",TRUE,"CTHRC1"
"chr8_103205984_103206944","RXRG","chr8_103298483_103299462","tCRE","RXRG__chr8_103298483_103299462",TRUE,"FZD6"
"chr8_103205984_103206944","RXRG","chr8_103498535_103499494","aCRE","RXRG__chr8_103498535_103499494",TRUE,"ONTG08000001637.1"
"chr8_114585535_114586476","SP8","chr8_114503771_114504831","tCRE","SP8__chr8_114503771_114504831",FALSE,"ONTG08000001065.1"
"chr8_114636477_114637371","SP8","chr8_114503771_114504831","tCRE","SP8__chr8_114503771_114504831",FALSE,"ONTG08000001065.1"
"chr8_114636477_114637371","SP8","chr8_114503771_114504831","aCRE","SP8__chr8_114503771_114504831",FALSE,"ONTG08000001065.1"
"chr8_114636477_114637371","NANOG","chr8_114503771_114504831","tCRE","NANOG__chr8_114503771_114504831",TRUE,"ONTG08000001065.1"
"chr8_114636477_114637371","NANOG","chr8_114503771_114504831","aCRE","NANOG__chr8_114503771_114504831",TRUE,"ONTG08000001065.1"
"chr8_143823165_143824613","NR2F1","chr8_143953317_143954327","tCRE","NR2F1__chr8_143953317_143954327",TRUE,"PLEC"
"chr8_143823165_143824613","NR2F1","chr8_143617172_143618095","tCRE","NR2F1__chr8_143617172_143618095",TRUE,"GFUS"
"chr8_143823165_143824613","NR2F1","chr8_143609273_143610204","tCRE","NR2F1__chr8_143609273_143610204",TRUE,"PYCR3"
"chr8_143823165_143824613","NR2F1","chr8_143715826_143716759","tCRE","NR2F1__chr8_143715826_143716759",TRUE,"MAPK15"
"chr8_143823165_143824613","NR2F1","chr8_143577935_143578838","tCRE","NR2F1__chr8_143577935_143578838",TRUE,"NAPRT"
"chr8_143823165_143824613","NR2F1","chr8_143597025_143597976","tCRE","NR2F1__chr8_143597025_143597976",TRUE,"EEF1D"
"chr8_144266009_144266937","ZIC1","chr8_144094465_144095405","tCRE","ZIC1__chr8_144094465_144095405",TRUE,"CYC1"
"chr8_144266009_144266937","ZIC1","chr8_144082121_144083061","tCRE","ZIC1__chr8_144082121_144083061",TRUE,"GPAA1"
"chr8_144266009_144266937","ZIC1","chr8_144137291_144138189","tCRE","ZIC1__chr8_144137291_144138189",TRUE,"HGH1"
"chr8_144266009_144266937","ZIC1","chr8_144354090_144354968","aCRE","ZIC1__chr8_144354090_144354968",TRUE,"ENSG00000271698.1"
"chr8_144266009_144266937","ZIC1","chr8_144151324_144152209","aCRE","ZIC1__chr8_144151324_144152209",TRUE,NA
"chr8_17697141_17698180","OSR1","chr8_17576739_17577786","tCRE","OSR1__chr8_17576739_17577786",FALSE,"ONTG08000001027.1"
"chr8_17697141_17698180","HAND2","chr8_17576739_17577786","tCRE","HAND2__chr8_17576739_17577786",TRUE,"ONTG08000001027.1"
"chr8_26395384_26396311","NANOG","chr8_26382705_26383657","tCRE","NANOG__chr8_26382705_26383657",TRUE,"BNIP3L"
"chr8_27611119_27612169","INSM1","chr8_27837306_27838273","tCRE","INSM1__chr8_27837306_27838273",TRUE,"PBK"
"chr8_27611119_27612169","INSM1","chr8_27773993_27774901","tCRE","INSM1__chr8_27773993_27774901",TRUE,"ESCO2"
"chr8_27611119_27612169","INSM1","chr8_27614339_27615257","tCRE","INSM1__chr8_27614339_27615257",TRUE,"CLU"
"chr8_27611119_27612169","INSM1","chr8_27490617_27491560","tCRE","INSM1__chr8_27490617_27491560",TRUE,"EPHX2"
"chr8_27611119_27612169","TRPS1","chr8_27837306_27838273","tCRE","TRPS1__chr8_27837306_27838273",TRUE,"PBK"
"chr8_27611119_27612169","TRPS1","chr8_27773993_27774901","tCRE","TRPS1__chr8_27773993_27774901",TRUE,"ESCO2"
"chr8_27611119_27612169","TRPS1","chr8_27614339_27615257","tCRE","TRPS1__chr8_27614339_27615257",TRUE,"CLU"
"chr8_27611119_27612169","TRPS1","chr8_27490617_27491560","tCRE","TRPS1__chr8_27490617_27491560",TRUE,"EPHX2"
"chr8_30442102_30443060","SP8","chr8_30155930_30156884","tCRE","SP8__chr8_30155930_30156884",TRUE,"DCTN6"
"chr8_30442102_30443060","SP8","chr8_30638011_30639025","aCRE","SP8__chr8_30638011_30639025",TRUE,"SMIM18"
"chr8_30442102_30443060","SP8","chr8_30638011_30639025","tCRE","SP8__chr8_30638011_30639025",TRUE,"SMIM18"
"chr8_30442102_30443060","SP8","chr8_30384024_30384991","tCRE","SP8__chr8_30384024_30384991",TRUE,"RBPMS"
"chr8_30442102_30443060","TEAD4","chr8_30155930_30156884","tCRE","TEAD4__chr8_30155930_30156884",TRUE,"DCTN6"
"chr8_30442102_30443060","TEAD4","chr8_30638011_30639025","aCRE","TEAD4__chr8_30638011_30639025",TRUE,"SMIM18"
"chr8_30442102_30443060","TEAD4","chr8_30638011_30639025","tCRE","TEAD4__chr8_30638011_30639025",TRUE,"SMIM18"
"chr8_30442102_30443060","TEAD4","chr8_30384024_30384991","tCRE","TEAD4__chr8_30384024_30384991",TRUE,"RBPMS"
"chr8_38150412_38151531","ZKSCAN1","chr8_38381889_38382815","tCRE","ZKSCAN1__chr8_38381889_38382815",TRUE,"NSD3"
"chr8_38150412_38151531","ZKSCAN1","chr8_38231139_38232041","tCRE","ZKSCAN1__chr8_38231139_38232041",TRUE,"DDHD2"
"chr8_38150412_38151531","ZKSCAN1","chr8_38176272_38177185","tCRE","ZKSCAN1__chr8_38176272_38177185",TRUE,"LSM1"
"chr8_38150412_38151531","ZKSCAN1","chr8_37965122_37966151","aCRE","ZKSCAN1__chr8_37965122_37966151",TRUE,"ENSG00000285880.1"
"chr8_38150412_38151531","ZKSCAN1","chr8_38381039_38381823","tCRE","ZKSCAN1__chr8_38381039_38381823",TRUE,"NSD3"
"chr8_38150412_38151531","NR2F1","chr8_38381889_38382815","tCRE","NR2F1__chr8_38381889_38382815",TRUE,"NSD3"
"chr8_38150412_38151531","NR2F1","chr8_38231139_38232041","tCRE","NR2F1__chr8_38231139_38232041",FALSE,"DDHD2"
"chr8_38150412_38151531","NR2F1","chr8_38176272_38177185","tCRE","NR2F1__chr8_38176272_38177185",FALSE,"LSM1"
"chr8_38150412_38151531","NR2F1","chr8_37965122_37966151","aCRE","NR2F1__chr8_37965122_37966151",TRUE,"ENSG00000285880.1"
"chr8_38150412_38151531","NR2F1","chr8_38381039_38381823","tCRE","NR2F1__chr8_38381039_38381823",FALSE,"NSD3"
"chr8_40415727_40416615","PRDM4","chr8_40897391_40898308","tCRE","PRDM4__chr8_40897391_40898308",TRUE,"ZMAT4"
"chr8_40415727_40416615","FOXN3","chr8_40897391_40898308","tCRE","FOXN3__chr8_40897391_40898308",TRUE,"ZMAT4"
"chr8_42207137_42208042","FOSL2","chr8_42391342_42392270","tCRE","FOSL2__chr8_42391342_42392270",TRUE,"VDAC3"
"chr8_42207137_42208042","NFIB","chr8_42391342_42392270","tCRE","NFIB__chr8_42391342_42392270",TRUE,"VDAC3"
"chr8_42696889_42697782","TGIF2","chr8_42896172_42897275","tCRE","TGIF2__chr8_42896172_42897275",TRUE,"RNF170"
"chr8_42696889_42697782","TGIF2","chr8_42391342_42392270","tCRE","TGIF2__chr8_42391342_42392270",TRUE,"VDAC3"
"chr8_42696889_42697782","TGIF1","chr8_42896172_42897275","tCRE","TGIF1__chr8_42896172_42897275",TRUE,"RNF170"
"chr8_42696889_42697782","TGIF1","chr8_42391342_42392270","tCRE","TGIF1__chr8_42391342_42392270",TRUE,"VDAC3"
"chr8_53343870_53344822","ZNF281","chr8_53250796_53251944","tCRE","ZNF281__chr8_53250796_53251944",TRUE,"OPRK1"
"chr8_53343870_53344822","MAFG","chr8_53250796_53251944","tCRE","MAFG__chr8_53250796_53251944",TRUE,"OPRK1"
"chr8_75324060_75325078","ZIC1","chr8_74984041_74984975","tCRE","ZIC1__chr8_74984041_74984975",FALSE,"CRISPLD1"
"chr8_76700043_76700984","POU5F1","chr8_76999895_77000860","tCRE","POU5F1__chr8_76999895_77000860",TRUE,"PEX2"
"chr8_76700043_76700984","POU5F1","chr8_76683151_76684309","tCRE","POU5F1__chr8_76683151_76684309",TRUE,"ZFHX4-AS1"
"chr8_76700043_76700984","HMGA1","chr8_76999895_77000860","tCRE","HMGA1__chr8_76999895_77000860",TRUE,"PEX2"
"chr8_76700043_76700984","HMGA1","chr8_76683151_76684309","tCRE","HMGA1__chr8_76683151_76684309",TRUE,"ZFHX4-AS1"
"chr8_76700043_76700984","SOX5","chr8_76999895_77000860","tCRE","SOX5__chr8_76999895_77000860",TRUE,"PEX2"
"chr8_76700043_76700984","SOX5","chr8_76683151_76684309","tCRE","SOX5__chr8_76683151_76684309",TRUE,"ZFHX4-AS1"
"chr8_77378236_77379213","LMX1A","chr8_76999895_77000860","tCRE","LMX1A__chr8_76999895_77000860",TRUE,"PEX2"
"chr8_77378236_77379213","ZIC1","chr8_76999895_77000860","tCRE","ZIC1__chr8_76999895_77000860",FALSE,"PEX2"
"chr8_96579768_96580714","ZIC1","chr8_96493285_96494157","tCRE","ZIC1__chr8_96493285_96494157",TRUE,"SDC2"
"chr8_97887514_97888522","ZIC1","chr8_97869047_97869913","tCRE","ZIC1__chr8_97869047_97869913",TRUE,"MATN2"
"chr9_110148099_110149471","FOXN3","chr9_110256099_110257073","tCRE","FOXN3__chr9_110256099_110257073",TRUE,"ONTG09000000659.1"
"chr9_110148099_110149471","FOXN3","chr9_109779688_109780600","tCRE","FOXN3__chr9_109779688_109780600",TRUE,"PALM2AKAP2"
"chr9_110148099_110149471","ETV1","chr9_110256099_110257073","tCRE","ETV1__chr9_110256099_110257073",TRUE,"ONTG09000000659.1"
"chr9_110148099_110149471","ETV1","chr9_109779688_109780600","tCRE","ETV1__chr9_109779688_109780600",TRUE,"PALM2AKAP2"
"chr9_110148099_110149471","THRA","chr9_110256099_110257073","tCRE","THRA__chr9_110256099_110257073",TRUE,"ONTG09000000659.1"
"chr9_110148099_110149471","THRA","chr9_109779688_109780600","tCRE","THRA__chr9_109779688_109780600",TRUE,"PALM2AKAP2"
"chr9_110148099_110149471","TGIF1","chr9_110256099_110257073","tCRE","TGIF1__chr9_110256099_110257073",TRUE,"ONTG09000000659.1"
"chr9_110148099_110149471","TGIF1","chr9_109779688_109780600","tCRE","TGIF1__chr9_109779688_109780600",TRUE,"PALM2AKAP2"
"chr9_110148099_110149471","ZBTB18","chr9_110256099_110257073","tCRE","ZBTB18__chr9_110256099_110257073",TRUE,"ONTG09000000659.1"
"chr9_110148099_110149471","ZBTB18","chr9_109779688_109780600","tCRE","ZBTB18__chr9_109779688_109780600",TRUE,"PALM2AKAP2"
"chr9_110148099_110149471","TFAP4","chr9_110256099_110257073","tCRE","TFAP4__chr9_110256099_110257073",TRUE,"ONTG09000000659.1"
"chr9_110148099_110149471","TFAP4","chr9_109779688_109780600","tCRE","TFAP4__chr9_109779688_109780600",TRUE,"PALM2AKAP2"
"chr9_110148099_110149471","NFIA","chr9_110256099_110257073","tCRE","NFIA__chr9_110256099_110257073",TRUE,"ONTG09000000659.1"
"chr9_110148099_110149471","NFIA","chr9_109779688_109780600","tCRE","NFIA__chr9_109779688_109780600",TRUE,"PALM2AKAP2"
"chr9_110599078_110600047","GATA6","chr9_110579115_110580115","aCRE","GATA6__chr9_110579115_110580115",TRUE,"SVEP1"
"chr9_115478107_115478985","MAFB","chr9_115472875_115473826","aCRE","MAFB__chr9_115472875_115473826",TRUE,"ONTG09000000964.1"
"chr9_121013708_121014612","MSX1","chr9_120689719_120690981","aCRE","MSX1__chr9_120689719_120690981",TRUE,NA
"chr9_121013708_121014612","MSX1","chr9_121121292_121122202","aCRE","MSX1__chr9_121121292_121122202",TRUE,"CNTRL"
"chr9_127264324_127265322","POU4F2","chr9_127611718_127612643","tCRE","POU4F2__chr9_127611718_127612643",TRUE,"STXBP1"
"chr9_127264324_127265322","POU4F2","chr9_126914306_126915225","tCRE","POU4F2__chr9_126914306_126915225",TRUE,"RALGPS1"
"chr9_127264324_127265322","POU4F2","chr9_126804644_126805558","tCRE","POU4F2__chr9_126804644_126805558",TRUE,"ZBTB43"
"chr9_127264324_127265322","POU4F2","chr9_127450977_127451913","tCRE","POU4F2__chr9_127450977_127451913",TRUE,"RPL12"
"chr9_127264324_127265322","POU4F2","chr9_127396480_127397435","tCRE","POU4F2__chr9_127396480_127397435",TRUE,"SLC2A8"
"chr9_127264324_127265322","ONECUT1","chr9_127611718_127612643","tCRE","ONECUT1__chr9_127611718_127612643",TRUE,"STXBP1"
"chr9_127264324_127265322","ONECUT1","chr9_126914306_126915225","tCRE","ONECUT1__chr9_126914306_126915225",TRUE,"RALGPS1"
"chr9_127264324_127265322","ONECUT1","chr9_126804644_126805558","tCRE","ONECUT1__chr9_126804644_126805558",TRUE,"ZBTB43"
"chr9_127264324_127265322","ONECUT1","chr9_127450977_127451913","tCRE","ONECUT1__chr9_127450977_127451913",TRUE,"RPL12"
"chr9_127264324_127265322","ONECUT1","chr9_127396480_127397435","tCRE","ONECUT1__chr9_127396480_127397435",TRUE,"SLC2A8"
"chr9_127854111_127855021","HAND2","chr9_127916658_127917560","tCRE","HAND2__chr9_127916658_127917560",TRUE,"ST6GALNAC4"
"chr9_127873000_127873964","ZIC1","chr9_127734913_127735699","tCRE","ZIC1__chr9_127734913_127735699",TRUE,"TOR2A"
"chr9_127873000_127873964","ZIC1","chr9_127396480_127397435","aCRE","ZIC1__chr9_127396480_127397435",TRUE,"SLC2A8"
"chr9_127873000_127873964","ZIC1","chr9_127916658_127917560","tCRE","ZIC1__chr9_127916658_127917560",TRUE,"ST6GALNAC4"
"chr9_127873000_127873964","ZIC1","chr9_127611718_127612643","tCRE","ZIC1__chr9_127611718_127612643",TRUE,"STXBP1"
"chr9_127873000_127873964","ZIC1","chr9_128098023_128098989","aCRE","ZIC1__chr9_128098023_128098989",FALSE,"SLC25A25"
"chr9_127873000_127873964","ZIC1","chr9_128094051_128095032","aCRE","ZIC1__chr9_128094051_128095032",TRUE,"ENSG00000230536.1"
"chr9_127873000_127873964","ZIC1","chr9_127937371_127938329","tCRE","ZIC1__chr9_127937371_127938329",TRUE,"DPM2"
"chr9_127873000_127873964","ZIC1","chr9_127607994_127608961","aCRE","ZIC1__chr9_127607994_127608961",TRUE,"ONTG09000001331.1"
"chr9_128090903_128091907","TFAP2A","chr9_128202924_128203799","tCRE","TFAP2A__chr9_128202924_128203799",FALSE,"DNM1"
"chr9_128090903_128091907","TFAP2A","chr9_127802458_127803454","tCRE","TFAP2A__chr9_127802458_127803454",TRUE,"FPGS"
"chr9_128090903_128091907","TFAP2A","chr9_127937371_127938329","tCRE","TFAP2A__chr9_127937371_127938329",FALSE,"DPM2"
"chr9_128090903_128091907","TFAP2A","chr9_128067656_128068372","tCRE","TFAP2A__chr9_128067656_128068372",TRUE,"SLC25A25"
"chr9_128090903_128091907","TFAP2A","chr9_127930280_127931279","tCRE","TFAP2A__chr9_127930280_127931279",TRUE,"PIP5KL1"
"chr9_128090903_128091907","TFAP2A","chr9_127753801_127754739","aCRE","TFAP2A__chr9_127753801_127754739",TRUE,"ONTG09000001336.1"
"chr9_128090903_128091907","TFAP2A","chr9_127877190_127878208","tCRE","TFAP2A__chr9_127877190_127878208",TRUE,"AK1"
"chr9_128090903_128091907","NHLH1","chr9_128202924_128203799","tCRE","NHLH1__chr9_128202924_128203799",TRUE,"DNM1"
"chr9_128090903_128091907","NHLH1","chr9_127802458_127803454","tCRE","NHLH1__chr9_127802458_127803454",TRUE,"FPGS"
"chr9_128090903_128091907","NHLH1","chr9_127937371_127938329","tCRE","NHLH1__chr9_127937371_127938329",TRUE,"DPM2"
"chr9_128090903_128091907","NHLH1","chr9_128067656_128068372","tCRE","NHLH1__chr9_128067656_128068372",TRUE,"SLC25A25"
"chr9_128090903_128091907","NHLH1","chr9_127930280_127931279","tCRE","NHLH1__chr9_127930280_127931279",TRUE,"PIP5KL1"
"chr9_128090903_128091907","NHLH1","chr9_127753801_127754739","aCRE","NHLH1__chr9_127753801_127754739",TRUE,"ONTG09000001336.1"
"chr9_128090903_128091907","NHLH1","chr9_127877190_127878208","tCRE","NHLH1__chr9_127877190_127878208",TRUE,"AK1"
"chr9_12813995_12815072","JUND","chr9_12775872_12776777","tCRE","JUND__chr9_12775872_12776777",FALSE,"LURAP1L"
"chr9_12813995_12815072","JUND","chr9_12774513_12775375","tCRE","JUND__chr9_12774513_12775375",FALSE,"LURAP1L"
"chr9_12813995_12815072","POU2F2","chr9_12775872_12776777","tCRE","POU2F2__chr9_12775872_12776777",TRUE,"LURAP1L"
"chr9_12813995_12815072","POU2F2","chr9_12774513_12775375","tCRE","POU2F2__chr9_12774513_12775375",TRUE,"LURAP1L"
"chr9_128150353_128151260","ZEB1","chr9_128420159_128421107","tCRE","ZEB1__chr9_128420159_128421107",TRUE,"CERCAM"
"chr9_128150353_128151260","ZEB1","chr9_128364612_128365580","aCRE","ZEB1__chr9_128364612_128365580",TRUE,"ONTG09000001355.1"
"chr9_128150353_128151260","ZEB1","chr9_128385269_128386339","aCRE","ZEB1__chr9_128385269_128386339",TRUE,"ONTG09000001358.1"
"chr9_128150353_128151260","ZEB1","chr9_128218447_128219380","aCRE","ZEB1__chr9_128218447_128219380",TRUE,"ONTG09000001349.1"
"chr9_128150353_128151260","ZEB1","chr9_127927055_127928085","aCRE","ZEB1__chr9_127927055_127928085",TRUE,"PIP5KL1"
"chr9_128150353_128151260","ZEB1","chr9_128250107_128251034","tCRE","ZEB1__chr9_128250107_128251034",TRUE,"DNM1"
"chr9_128150353_128151260","ZEB1","chr9_128396920_128397837","aCRE","ZEB1__chr9_128396920_128397837",TRUE,NA
"chr9_128150353_128151260","ZEB1","chr9_128250107_128251034","aCRE","ZEB1__chr9_128250107_128251034",TRUE,"DNM1"
"chr9_128150353_128151260","ZIC1","chr9_128420159_128421107","tCRE","ZIC1__chr9_128420159_128421107",TRUE,"CERCAM"
"chr9_128150353_128151260","ZIC1","chr9_128364612_128365580","aCRE","ZIC1__chr9_128364612_128365580",TRUE,"ONTG09000001355.1"
"chr9_128150353_128151260","ZIC1","chr9_128385269_128386339","aCRE","ZIC1__chr9_128385269_128386339",TRUE,"ONTG09000001358.1"
"chr9_128150353_128151260","ZIC1","chr9_128218447_128219380","aCRE","ZIC1__chr9_128218447_128219380",TRUE,"ONTG09000001349.1"
"chr9_128150353_128151260","ZIC1","chr9_127927055_127928085","aCRE","ZIC1__chr9_127927055_127928085",TRUE,"PIP5KL1"
"chr9_128150353_128151260","ZIC1","chr9_128250107_128251034","tCRE","ZIC1__chr9_128250107_128251034",TRUE,"DNM1"
"chr9_128150353_128151260","ZIC1","chr9_128396920_128397837","aCRE","ZIC1__chr9_128396920_128397837",TRUE,NA
"chr9_128150353_128151260","ZIC1","chr9_128250107_128251034","aCRE","ZIC1__chr9_128250107_128251034",TRUE,"DNM1"
"chr9_129138678_129139636","MAFB","chr9_129627737_129628672","tCRE","MAFB__chr9_129627737_129628672",TRUE,"ONTG09000001406.1"
"chr9_129138678_129139636","MAFB","chr9_129139746_129140625","tCRE","MAFB__chr9_129139746_129140625",TRUE,"PTPA"
"chr9_129141319_129142141","MEIS1","chr9_129208205_129209121","tCRE","MEIS1__chr9_129208205_129209121",TRUE,"ENSG00000204055.5"
"chr9_129141319_129142141","FOSL2","chr9_129208205_129209121","tCRE","FOSL2__chr9_129208205_129209121",TRUE,"ENSG00000204055.5"
"chr9_129141319_129142141","SNAI2","chr9_129208205_129209121","tCRE","SNAI2__chr9_129208205_129209121",TRUE,"ENSG00000204055.5"
"chr9_129141319_129142141","RARG","chr9_129208205_129209121","tCRE","RARG__chr9_129208205_129209121",TRUE,"ENSG00000204055.5"
"chr9_129333908_129334889","TEAD4","chr9_129557037_129557991","aCRE","TEAD4__chr9_129557037_129557991",TRUE,"ONTG09000001541.1"
"chr9_129333908_129334889","TEAD4","chr9_129802737_129803638","tCRE","TEAD4__chr9_129802737_129803638",TRUE,"TOR1B"
"chr9_129333908_129334889","TEAD4","chr9_129178867_129179669","aCRE","TEAD4__chr9_129178867_129179669",TRUE,NA
"chr9_129333908_129334889","TEAD4","chr9_129209393_129210183","aCRE","TEAD4__chr9_129209393_129210183",TRUE,NA
"chr9_129333908_129334889","TEAD4","chr9_129488111_129489138","tCRE","TEAD4__chr9_129488111_129489138",TRUE,"LINC00963"
"chr9_129333908_129334889","TEAD4","chr9_129258088_129259003","aCRE","TEAD4__chr9_129258088_129259003",TRUE,"ENSG00000204055.5"
"chr9_129333908_129334889","TEAD4","chr9_129208205_129209121","tCRE","TEAD4__chr9_129208205_129209121",TRUE,"ENSG00000204055.5"
"chr9_129333908_129334889","TEAD4","chr9_129460080_129460961","aCRE","TEAD4__chr9_129460080_129460961",TRUE,"ONTG09000001535.1"
"chr9_129333908_129334889","TEAD4","chr9_129351923_129353659","aCRE","TEAD4__chr9_129351923_129353659",TRUE,"ONTG09000001527.1"
"chr9_129333908_129334889","TEAD4","chr9_129383072_129384170","aCRE","TEAD4__chr9_129383072_129384170",TRUE,"ONTG09000001528.1"
"chr9_129336388_129337339","ZIC1","chr9_129208205_129209121","aCRE","ZIC1__chr9_129208205_129209121",TRUE,"ENSG00000204055.5"
"chr9_129336388_129337339","ZIC1","chr9_129139746_129140625","tCRE","ZIC1__chr9_129139746_129140625",TRUE,"PTPA"
"chr9_129336388_129337339","ZIC1","chr9_129627737_129628672","tCRE","ZIC1__chr9_129627737_129628672",TRUE,"ONTG09000001406.1"
"chr9_129336388_129337339","ZIC1","chr9_129351923_129353659","aCRE","ZIC1__chr9_129351923_129353659",TRUE,"ONTG09000001527.1"
"chr9_129336388_129337339","SNAI2","chr9_129208205_129209121","aCRE","SNAI2__chr9_129208205_129209121",TRUE,"ENSG00000204055.5"
"chr9_129336388_129337339","SNAI2","chr9_129139746_129140625","tCRE","SNAI2__chr9_129139746_129140625",TRUE,"PTPA"
"chr9_129336388_129337339","SNAI2","chr9_129627737_129628672","tCRE","SNAI2__chr9_129627737_129628672",TRUE,"ONTG09000001406.1"
"chr9_129336388_129337339","SNAI2","chr9_129351923_129353659","aCRE","SNAI2__chr9_129351923_129353659",TRUE,"ONTG09000001527.1"
"chr9_129336388_129337339","SIX1","chr9_129208205_129209121","aCRE","SIX1__chr9_129208205_129209121",TRUE,"ENSG00000204055.5"
"chr9_129336388_129337339","SIX1","chr9_129139746_129140625","tCRE","SIX1__chr9_129139746_129140625",TRUE,"PTPA"
"chr9_129336388_129337339","SIX1","chr9_129627737_129628672","tCRE","SIX1__chr9_129627737_129628672",TRUE,"ONTG09000001406.1"
"chr9_129336388_129337339","SIX1","chr9_129351923_129353659","aCRE","SIX1__chr9_129351923_129353659",TRUE,"ONTG09000001527.1"
"chr9_12948225_12949084","HOXB2","chr9_12775872_12776777","aCRE","HOXB2__chr9_12775872_12776777",TRUE,"LURAP1L"
"chr9_12948225_12949084","NR2F1","chr9_12775872_12776777","aCRE","NR2F1__chr9_12775872_12776777",TRUE,"LURAP1L"
"chr9_12948225_12949084","NR2F6","chr9_12775872_12776777","aCRE","NR2F6__chr9_12775872_12776777",TRUE,"LURAP1L"
"chr9_129752617_129753545","KLF7","chr9_129834905_129835841","tCRE","KLF7__chr9_129834905_129835841",TRUE,"C9ORF78"
"chr9_135272787_135273601","ZFP14","chr9_135074990_135075924","tCRE","ZFP14__chr9_135074990_135075924",TRUE,"OLFM1"
"chr9_135272787_135273601","ZFP14","chr9_135499328_135500135","tCRE","ZFP14__chr9_135499328_135500135",TRUE,"MRPS2"
"chr9_135272787_135273601","ZFP14","chr9_135087197_135088045","tCRE","ZFP14__chr9_135087197_135088045",TRUE,"OLFM1"
"chr9_135272787_135273601","ZIC1","chr9_135074990_135075924","tCRE","ZIC1__chr9_135074990_135075924",TRUE,"OLFM1"
"chr9_135272787_135273601","ZIC1","chr9_135499328_135500135","tCRE","ZIC1__chr9_135499328_135500135",TRUE,"MRPS2"
"chr9_135272787_135273601","ZIC1","chr9_135087197_135088045","tCRE","ZIC1__chr9_135087197_135088045",TRUE,"OLFM1"
"chr9_135272787_135273601","POU2F2","chr9_135074990_135075924","tCRE","POU2F2__chr9_135074990_135075924",TRUE,"OLFM1"
"chr9_135272787_135273601","POU2F2","chr9_135499328_135500135","tCRE","POU2F2__chr9_135499328_135500135",TRUE,"MRPS2"
"chr9_135272787_135273601","POU2F2","chr9_135087197_135088045","tCRE","POU2F2__chr9_135087197_135088045",TRUE,"OLFM1"
"chr9_135272787_135273601","NHLH1","chr9_135074990_135075924","tCRE","NHLH1__chr9_135074990_135075924",FALSE,"OLFM1"
"chr9_135272787_135273601","NHLH1","chr9_135499328_135500135","tCRE","NHLH1__chr9_135499328_135500135",FALSE,"MRPS2"
"chr9_135272787_135273601","NHLH1","chr9_135087197_135088045","tCRE","NHLH1__chr9_135087197_135088045",TRUE,"OLFM1"
"chr9_136696212_136696767","TBX3","chr9_136686899_136687849","tCRE","TBX3__chr9_136686899_136687849",TRUE,"AGPAT2"
"chr9_136696212_136696767","NEUROD2","chr9_136686899_136687849","tCRE","NEUROD2__chr9_136686899_136687849",TRUE,"AGPAT2"
"chr9_136696212_136696767","NHLH1","chr9_136686899_136687849","tCRE","NHLH1__chr9_136686899_136687849",TRUE,"AGPAT2"
"chr9_137040855_137041771","ZNF76","chr9_136799788_136800753","aCRE","ZNF76__chr9_136799788_136800753",TRUE,"CCDC183"
"chr9_137040855_137041771","ZNF76","chr9_137169008_137169978","tCRE","ZNF76__chr9_137169008_137169978",TRUE,"LRRC26"
"chr9_137040855_137041771","ZNF76","chr9_136944209_136945101","tCRE","ZNF76__chr9_136944209_136945101",TRUE,"FBXW5"
"chr9_137040855_137041771","ZNF76","chr9_137188309_137189219","tCRE","ZNF76__chr9_137188309_137189219",TRUE,"SSNA1"
"chr9_137040855_137041771","ZNF76","chr9_137086417_137087339","tCRE","ZNF76__chr9_137086417_137087339",TRUE,"MAN1B1"
"chr9_137040855_137041771","ZNF76","chr9_137114215_137115282","tCRE","ZNF76__chr9_137114215_137115282",TRUE,"DPP7"
"chr9_137040855_137041771","STAT3","chr9_136799788_136800753","aCRE","STAT3__chr9_136799788_136800753",TRUE,"CCDC183"
"chr9_137040855_137041771","STAT3","chr9_137169008_137169978","tCRE","STAT3__chr9_137169008_137169978",TRUE,"LRRC26"
"chr9_137040855_137041771","STAT3","chr9_136944209_136945101","tCRE","STAT3__chr9_136944209_136945101",TRUE,"FBXW5"
"chr9_137040855_137041771","STAT3","chr9_137188309_137189219","tCRE","STAT3__chr9_137188309_137189219",TRUE,"SSNA1"
"chr9_137040855_137041771","STAT3","chr9_137086417_137087339","tCRE","STAT3__chr9_137086417_137087339",TRUE,"MAN1B1"
"chr9_137040855_137041771","STAT3","chr9_137114215_137115282","tCRE","STAT3__chr9_137114215_137115282",TRUE,"DPP7"
"chr9_2159593_2160785","ONECUT3","chr9_2014649_2015598","tCRE","ONECUT3__chr9_2014649_2015598",TRUE,"SMARCA2"
"chr9_2159593_2160785","ONECUT3","chr9_2621117_2621997","aCRE","ONECUT3__chr9_2621117_2621997",TRUE,"VLDLR-AS1"
"chr9_2159593_2160785","ONECUT3","chr9_2621117_2621997","tCRE","ONECUT3__chr9_2621117_2621997",TRUE,"VLDLR-AS1"
"chr9_2159593_2160785","EBF2","chr9_2014649_2015598","tCRE","EBF2__chr9_2014649_2015598",TRUE,"SMARCA2"
"chr9_2159593_2160785","EBF2","chr9_2621117_2621997","aCRE","EBF2__chr9_2621117_2621997",FALSE,"VLDLR-AS1"
"chr9_2159593_2160785","EBF2","chr9_2621117_2621997","tCRE","EBF2__chr9_2621117_2621997",FALSE,"VLDLR-AS1"
"chr9_33623672_33624602","ZIC1","chr9_33447068_33448034","aCRE","ZIC1__chr9_33447068_33448034",TRUE,"AQP3"
"chr9_33623672_33624602","ZIC1","chr9_33381052_33382042","aCRE","ZIC1__chr9_33381052_33382042",TRUE,"ONTG09000000217.1"
"chr9_33623672_33624602","ZIC1","chr9_33676578_33677606","tCRE","ZIC1__chr9_33676578_33677606",TRUE,"PTENP1-AS"
"chr9_33623672_33624602","SNAI2","chr9_33447068_33448034","aCRE","SNAI2__chr9_33447068_33448034",TRUE,"AQP3"
"chr9_33623672_33624602","SNAI2","chr9_33381052_33382042","aCRE","SNAI2__chr9_33381052_33382042",TRUE,"ONTG09000000217.1"
"chr9_33623672_33624602","SNAI2","chr9_33676578_33677606","tCRE","SNAI2__chr9_33676578_33677606",TRUE,"PTENP1-AS"
"chr9_33623672_33624602","KLF13","chr9_33447068_33448034","aCRE","KLF13__chr9_33447068_33448034",TRUE,"AQP3"
"chr9_33623672_33624602","KLF13","chr9_33381052_33382042","aCRE","KLF13__chr9_33381052_33382042",TRUE,"ONTG09000000217.1"
"chr9_33623672_33624602","KLF13","chr9_33676578_33677606","tCRE","KLF13__chr9_33676578_33677606",TRUE,"PTENP1-AS"
"chr9_34653362_34654235","SP8","chr9_34665891_34666261","tCRE","SP8__chr9_34665891_34666261",FALSE,"ENSG00000187186.15"
"chr9_34653362_34654235","EBF1","chr9_34665891_34666261","tCRE","EBF1__chr9_34665891_34666261",TRUE,"ENSG00000187186.15"
"chr9_34653362_34654235","REST","chr9_34665891_34666261","tCRE","REST__chr9_34665891_34666261",TRUE,"ENSG00000187186.15"
"chr9_34653362_34654235","HAND1","chr9_34665891_34666261","tCRE","HAND1__chr9_34665891_34666261",TRUE,"ENSG00000187186.15"
"chr9_35650369_35651229","TCF7L1","chr9_35731916_35732865","aCRE","TCF7L1__chr9_35731916_35732865",TRUE,"TLN1"
"chr9_35650369_35651229","TCF7L1","chr9_35675496_35676407","aCRE","TCF7L1__chr9_35675496_35676407",TRUE,"CA9"
"chr9_35650369_35651229","TCF7L1","chr9_35731916_35732865","tCRE","TCF7L1__chr9_35731916_35732865",TRUE,"TLN1"
"chr9_35650369_35651229","TCF7L1","chr9_35675496_35676407","tCRE","TCF7L1__chr9_35675496_35676407",TRUE,"CA9"
"chr9_35650369_35651229","TCF7L1","chr9_35616629_35617681","tCRE","TCF7L1__chr9_35616629_35617681",TRUE,NA
"chr9_35650369_35651229","TCF7L1","chr9_35756588_35757650","aCRE","TCF7L1__chr9_35756588_35757650",TRUE,"ENSG00000227388.3"
"chr9_35650369_35651229","TCF7L1","chr9_35664782_35665682","tCRE","TCF7L1__chr9_35664782_35665682",TRUE,"ARHGEF39"
"chr9_35650369_35651229","SNAI2","chr9_35731916_35732865","aCRE","SNAI2__chr9_35731916_35732865",TRUE,"TLN1"
"chr9_35650369_35651229","SNAI2","chr9_35675496_35676407","aCRE","SNAI2__chr9_35675496_35676407",TRUE,"CA9"
"chr9_35650369_35651229","SNAI2","chr9_35731916_35732865","tCRE","SNAI2__chr9_35731916_35732865",TRUE,"TLN1"
"chr9_35650369_35651229","SNAI2","chr9_35675496_35676407","tCRE","SNAI2__chr9_35675496_35676407",TRUE,"CA9"
"chr9_35650369_35651229","SNAI2","chr9_35616629_35617681","tCRE","SNAI2__chr9_35616629_35617681",TRUE,NA
"chr9_35650369_35651229","SNAI2","chr9_35756588_35757650","aCRE","SNAI2__chr9_35756588_35757650",TRUE,"ENSG00000227388.3"
"chr9_35650369_35651229","SNAI2","chr9_35664782_35665682","tCRE","SNAI2__chr9_35664782_35665682",TRUE,"ARHGEF39"
"chr9_35650369_35651229","MXI1","chr9_35731916_35732865","aCRE","MXI1__chr9_35731916_35732865",TRUE,"TLN1"
"chr9_35650369_35651229","MXI1","chr9_35675496_35676407","aCRE","MXI1__chr9_35675496_35676407",TRUE,"CA9"
"chr9_35650369_35651229","MXI1","chr9_35731916_35732865","tCRE","MXI1__chr9_35731916_35732865",TRUE,"TLN1"
"chr9_35650369_35651229","MXI1","chr9_35675496_35676407","tCRE","MXI1__chr9_35675496_35676407",TRUE,"CA9"
"chr9_35650369_35651229","MXI1","chr9_35616629_35617681","tCRE","MXI1__chr9_35616629_35617681",TRUE,NA
"chr9_35650369_35651229","MXI1","chr9_35756588_35757650","aCRE","MXI1__chr9_35756588_35757650",TRUE,"ENSG00000227388.3"
"chr9_35650369_35651229","MXI1","chr9_35664782_35665682","tCRE","MXI1__chr9_35664782_35665682",TRUE,"ARHGEF39"
"chr9_38413880_38415041","NEUROD1","chr9_38620161_38621165","tCRE","NEUROD1__chr9_38620161_38621165",FALSE,"FAM201A"
"chr9_38413880_38415041","NEUROD1","chr9_38423876_38424814","tCRE","NEUROD1__chr9_38423876_38424814",TRUE,"IGFBPL1"
"chr9_38413880_38415041","NEUROD1","chr9_38621938_38622877","tCRE","NEUROD1__chr9_38621938_38622877",FALSE,NA
"chr9_38413880_38415041","ZBTB18","chr9_38620161_38621165","tCRE","ZBTB18__chr9_38620161_38621165",TRUE,"FAM201A"
"chr9_38413880_38415041","ZBTB18","chr9_38423876_38424814","tCRE","ZBTB18__chr9_38423876_38424814",TRUE,"IGFBPL1"
"chr9_38413880_38415041","ZBTB18","chr9_38621938_38622877","tCRE","ZBTB18__chr9_38621938_38622877",TRUE,NA
"chr9_38413880_38415041","NEUROD2","chr9_38620161_38621165","tCRE","NEUROD2__chr9_38620161_38621165",TRUE,"FAM201A"
"chr9_38413880_38415041","NEUROD2","chr9_38423876_38424814","tCRE","NEUROD2__chr9_38423876_38424814",TRUE,"IGFBPL1"
"chr9_38413880_38415041","NEUROD2","chr9_38621938_38622877","tCRE","NEUROD2__chr9_38621938_38622877",TRUE,NA
"chr9_4605774_4606699","ETV4","chr9_4984632_4985532","aCRE","ETV4__chr9_4984632_4985532",TRUE,"JAK2"
"chr9_4605774_4606699","ETV4","chr9_4740772_4741739","tCRE","ETV4__chr9_4740772_4741739",TRUE,"AK3"
"chr9_74087606_74088500","RBPJ","chr9_74085356_74086263","tCRE","RBPJ__chr9_74085356_74086263",TRUE,"ONTG09000000820.1"
"chr9_74087606_74088500","RBPJ","chr9_74085356_74086263","aCRE","RBPJ__chr9_74085356_74086263",TRUE,"ONTG09000000820.1"
"chr9_74087606_74088500","NFYB","chr9_74085356_74086263","tCRE","NFYB__chr9_74085356_74086263",FALSE,"ONTG09000000820.1"
"chr9_74087606_74088500","NFYB","chr9_74085356_74086263","aCRE","NFYB__chr9_74085356_74086263",FALSE,"ONTG09000000820.1"
"chr9_74087606_74088500","MEIS1","chr9_74085356_74086263","tCRE","MEIS1__chr9_74085356_74086263",TRUE,"ONTG09000000820.1"
"chr9_74087606_74088500","MEIS1","chr9_74085356_74086263","aCRE","MEIS1__chr9_74085356_74086263",TRUE,"ONTG09000000820.1"
"chr9_76218708_76219456","MAF","chr9_75890185_75891122","tCRE","MAF__chr9_75890185_75891122",TRUE,"PCSK5"
"chr9_76218708_76219456","LMX1A","chr9_75890185_75891122","tCRE","LMX1A__chr9_75890185_75891122",TRUE,"PCSK5"
"chr9_83054771_83055654","NANOG","chr9_83062392_83063465","tCRE","NANOG__chr9_83062392_83063465",TRUE,"RASEF"
"chr9_83819799_83820695","SHOX2","chr9_83817365_83818295","tCRE","SHOX2__chr9_83817365_83818295",FALSE,"GKAP1"
"chr9_83819799_83820695","SHOX2","chr9_83980043_83980974","tCRE","SHOX2__chr9_83980043_83980974",TRUE,"HNRNPK"
"chr9_85802443_85803337","SHOX2","chr9_85804907_85805856","tCRE","SHOX2__chr9_85804907_85805856",FALSE,"ENSG00000165121.12"
"chr9_93347440_93348275","TEAD4","chr9_93345892_93346758","tCRE","TEAD4__chr9_93345892_93346758",TRUE,"C9ORF129"
"chr9_93347440_93348275","TEAD4","chr9_93576242_93577267","tCRE","TEAD4__chr9_93576242_93577267",TRUE,"PHF2"
"chr9_93347440_93348275","TEAD4","chr9_93095422_93096395","tCRE","TEAD4__chr9_93095422_93096395",TRUE,"CARD19"
"chr9_93347440_93348275","SP8","chr9_93345892_93346758","tCRE","SP8__chr9_93345892_93346758",FALSE,"C9ORF129"
"chr9_93347440_93348275","SP8","chr9_93576242_93577267","tCRE","SP8__chr9_93576242_93577267",TRUE,"PHF2"
"chr9_93347440_93348275","SP8","chr9_93095422_93096395","tCRE","SP8__chr9_93095422_93096395",TRUE,"CARD19"
"chr9_94094180_94095147","FOXO1","chr9_93948551_93949498","aCRE","FOXO1__chr9_93948551_93949498",TRUE,NA
"chr9_97214346_97215198","NR2F6","chr9_97219233_97220116","tCRE","NR2F6__chr9_97219233_97220116",TRUE,"ONTG09000001712.1"
"chr9_97214346_97215198","NR2F6","chr9_97220793_97222182","tCRE","NR2F6__chr9_97220793_97222182",TRUE,"ONTG09000001712.1"
"chr9_97214346_97215198","NR2F6","chr9_97222208_97223072","aCRE","NR2F6__chr9_97222208_97223072",TRUE,"ONTG09000001660.1"
"chr9_97214346_97215198","NR2F6","chr9_97219233_97220116","aCRE","NR2F6__chr9_97219233_97220116",TRUE,"ONTG09000001712.1"
"chr9_97214346_97215198","NR2F6","chr9_97222208_97223072","tCRE","NR2F6__chr9_97222208_97223072",TRUE,"ONTG09000001660.1"
"chr9_97214346_97215198","NR2F6","chr9_97038771_97039703","tCRE","NR2F6__chr9_97038771_97039703",TRUE,"CTSV"
"chr9_97214346_97215198","NR2F6","chr9_97238001_97238923","tCRE","NR2F6__chr9_97238001_97238923",TRUE,"ENSG00000203279.5"
"chr9_97214346_97215198","NR2F6","chr9_97038771_97039703","aCRE","NR2F6__chr9_97038771_97039703",TRUE,"CTSV"
"chr9_97214346_97215198","NR2F6","chr9_97216089_97216781","tCRE","NR2F6__chr9_97216089_97216781",TRUE,"ONTG09000001660.1"
"chr9_97214346_97215198","TGIF1","chr9_97219233_97220116","tCRE","TGIF1__chr9_97219233_97220116",TRUE,"ONTG09000001712.1"
"chr9_97214346_97215198","TGIF1","chr9_97220793_97222182","tCRE","TGIF1__chr9_97220793_97222182",TRUE,"ONTG09000001712.1"
"chr9_97214346_97215198","TGIF1","chr9_97222208_97223072","aCRE","TGIF1__chr9_97222208_97223072",TRUE,"ONTG09000001660.1"
"chr9_97214346_97215198","TGIF1","chr9_97219233_97220116","aCRE","TGIF1__chr9_97219233_97220116",TRUE,"ONTG09000001712.1"
"chr9_97214346_97215198","TGIF1","chr9_97222208_97223072","tCRE","TGIF1__chr9_97222208_97223072",TRUE,"ONTG09000001660.1"
"chr9_97214346_97215198","TGIF1","chr9_97038771_97039703","tCRE","TGIF1__chr9_97038771_97039703",TRUE,"CTSV"
"chr9_97214346_97215198","TGIF1","chr9_97238001_97238923","tCRE","TGIF1__chr9_97238001_97238923",TRUE,"ENSG00000203279.5"
"chr9_97214346_97215198","TGIF1","chr9_97038771_97039703","aCRE","TGIF1__chr9_97038771_97039703",TRUE,"CTSV"
"chr9_97214346_97215198","TGIF1","chr9_97216089_97216781","tCRE","TGIF1__chr9_97216089_97216781",TRUE,"ONTG09000001660.1"
"chr9_97214346_97215198","MAFB","chr9_97219233_97220116","tCRE","MAFB__chr9_97219233_97220116",TRUE,"ONTG09000001712.1"
"chr9_97214346_97215198","MAFB","chr9_97220793_97222182","tCRE","MAFB__chr9_97220793_97222182",TRUE,"ONTG09000001712.1"
"chr9_97214346_97215198","MAFB","chr9_97222208_97223072","aCRE","MAFB__chr9_97222208_97223072",TRUE,"ONTG09000001660.1"
"chr9_97214346_97215198","MAFB","chr9_97219233_97220116","aCRE","MAFB__chr9_97219233_97220116",TRUE,"ONTG09000001712.1"
"chr9_97214346_97215198","MAFB","chr9_97222208_97223072","tCRE","MAFB__chr9_97222208_97223072",TRUE,"ONTG09000001660.1"
"chr9_97214346_97215198","MAFB","chr9_97038771_97039703","tCRE","MAFB__chr9_97038771_97039703",TRUE,"CTSV"
"chr9_97214346_97215198","MAFB","chr9_97238001_97238923","tCRE","MAFB__chr9_97238001_97238923",FALSE,"ENSG00000203279.5"
"chr9_97214346_97215198","MAFB","chr9_97038771_97039703","aCRE","MAFB__chr9_97038771_97039703",TRUE,"CTSV"
"chr9_97214346_97215198","MAFB","chr9_97216089_97216781","tCRE","MAFB__chr9_97216089_97216781",TRUE,"ONTG09000001660.1"
"chr9_97214346_97215198","ZEB1","chr9_97219233_97220116","tCRE","ZEB1__chr9_97219233_97220116",TRUE,"ONTG09000001712.1"
"chr9_97214346_97215198","ZEB1","chr9_97220793_97222182","tCRE","ZEB1__chr9_97220793_97222182",TRUE,"ONTG09000001712.1"
"chr9_97214346_97215198","ZEB1","chr9_97222208_97223072","aCRE","ZEB1__chr9_97222208_97223072",FALSE,"ONTG09000001660.1"
"chr9_97214346_97215198","ZEB1","chr9_97219233_97220116","aCRE","ZEB1__chr9_97219233_97220116",TRUE,"ONTG09000001712.1"
"chr9_97214346_97215198","ZEB1","chr9_97222208_97223072","tCRE","ZEB1__chr9_97222208_97223072",FALSE,"ONTG09000001660.1"
"chr9_97214346_97215198","ZEB1","chr9_97038771_97039703","tCRE","ZEB1__chr9_97038771_97039703",TRUE,"CTSV"
"chr9_97214346_97215198","ZEB1","chr9_97238001_97238923","tCRE","ZEB1__chr9_97238001_97238923",TRUE,"ENSG00000203279.5"
"chr9_97214346_97215198","ZEB1","chr9_97038771_97039703","aCRE","ZEB1__chr9_97038771_97039703",TRUE,"CTSV"
"chr9_97214346_97215198","ZEB1","chr9_97216089_97216781","tCRE","ZEB1__chr9_97216089_97216781",TRUE,"ONTG09000001660.1"
"chr9_98306118_98307276","TGIF1","chr9_98192474_98193424","tCRE","TGIF1__chr9_98192474_98193424",TRUE,"CORO2A"
"chr9_98306118_98307276","NEUROG2","chr9_98192474_98193424","tCRE","NEUROG2__chr9_98192474_98193424",TRUE,"CORO2A"
"chrX_100584452_100585356","NFE2L2","chrX_100636285_100637234","tCRE","NFE2L2__chrX_100636285_100637234",TRUE,"TSPAN6"
"chrX_100584452_100585356","DMRTA1","chrX_100636285_100637234","tCRE","DMRTA1__chrX_100636285_100637234",TRUE,"TSPAN6"
"chrX_103766725_103767643","NR2F6","chrX_103742026_103742884","tCRE","NR2F6__chrX_103742026_103742884",TRUE,"PLP1"
"chrX_103766725_103767643","NR2F6","chrX_103686434_103687390","tCRE","NR2F6__chrX_103686434_103687390",TRUE,"MORF4L2"
"chrX_103766725_103767643","NR2F6","chrX_103742026_103742884","aCRE","NR2F6__chrX_103742026_103742884",TRUE,"PLP1"
"chrX_103766725_103767643","NR2F6","chrX_103918762_103919687","tCRE","NR2F6__chrX_103918762_103919687",TRUE,"TMSB15B-AS1"
"chrX_103766725_103767643","NR2F6","chrX_103629212_103630240","tCRE","NR2F6__chrX_103629212_103630240",TRUE,"TCEAL1"
"chrX_103766725_103767643","NR2F6","chrX_103628447_103629133","tCRE","NR2F6__chrX_103628447_103629133",TRUE,"TCEAL1"
"chrX_103766725_103767643","NR2F6","chrX_103831605_103832546","tCRE","NR2F6__chrX_103831605_103832546",TRUE,"RAB9B"
"chrX_111336894_111337773","SCRT2","chrX_111095811_111096670","tCRE","SCRT2__chrX_111095811_111096670",TRUE,"PAK3"
"chrX_111336894_111337773","SCRT2","chrX_111411505_111412568","tCRE","SCRT2__chrX_111411505_111412568",TRUE,"DCX"
"chrX_111336894_111337773","SCRT2","chrX_111410195_111411041","tCRE","SCRT2__chrX_111410195_111411041",TRUE,"DCX"
"chrX_111336894_111337773","ONECUT1","chrX_111095811_111096670","tCRE","ONECUT1__chrX_111095811_111096670",TRUE,"PAK3"
"chrX_111336894_111337773","ONECUT1","chrX_111411505_111412568","tCRE","ONECUT1__chrX_111411505_111412568",TRUE,"DCX"
"chrX_111336894_111337773","ONECUT1","chrX_111410195_111411041","tCRE","ONECUT1__chrX_111410195_111411041",TRUE,"DCX"
"chrX_114466491_114467354","SP8","chrX_114472084_114472544","aCRE","SP8__chrX_114472084_114472544",FALSE,"ONTG23000000881.1"
"chrX_114466491_114467354","SP8","chrX_114582610_114583452","aCRE","SP8__chrX_114582610_114583452",TRUE,NA
"chrX_114466491_114467354","SP8","chrX_114583810_114585145","tCRE","SP8__chrX_114583810_114585145",FALSE,"HTR2C"
"chrX_1248201_1249862","KLF7","chrX_1391794_1392685","tCRE","KLF7__chrX_1391794_1392685",TRUE,"SLC25A6"
"chrX_132413285_132414171","RBPJ","chrX_132411935_132412819","aCRE","RBPJ__chrX_132411935_132412819",TRUE,NA
"chrX_132413285_132414171","E2F6","chrX_132411935_132412819","aCRE","E2F6__chrX_132411935_132412819",TRUE,NA
"chrX_136168956_136169904","ZIC1","chrX_136146913_136147858","tCRE","ZIC1__chrX_136146913_136147858",TRUE,"FHL1"
"chrX_153494669_153495657","SP8","chrX_153724134_153725063","tCRE","SP8__chrX_153724134_153725063",TRUE,"BCAP31"
"chrX_153494669_153495657","LEF1","chrX_153724134_153725063","tCRE","LEF1__chrX_153724134_153725063",TRUE,"BCAP31"
"chrX_153494669_153495657","REST","chrX_153724134_153725063","tCRE","REST__chrX_153724134_153725063",TRUE,"BCAP31"
"chrX_153494669_153495657","ZIC1","chrX_153724134_153725063","tCRE","ZIC1__chrX_153724134_153725063",TRUE,"BCAP31"
"chrX_153494669_153495657","TCF7L2","chrX_153724134_153725063","tCRE","TCF7L2__chrX_153724134_153725063",TRUE,"BCAP31"
"chrX_153921555_153922422","NEUROD1","chrX_153878718_153879649","aCRE","NEUROD1__chrX_153878718_153879649",TRUE,"ONTG23000000988.1"
"chrX_153921555_153922422","TFAP2B","chrX_153878718_153879649","aCRE","TFAP2B__chrX_153878718_153879649",TRUE,"ONTG23000000988.1"
"chrX_153941343_153942216","ZNF766","chrX_153793941_153794839","tCRE","ZNF766__chrX_153793941_153794839",TRUE,"SSR4"
"chrX_153941343_153942216","ZNF766","chrX_153925921_153926619","tCRE","ZNF766__chrX_153925921_153926619",TRUE,"ARHGAP4"
"chrX_153941343_153942216","ZNF766","chrX_153885747_153886746","tCRE","ZNF766__chrX_153885747_153886746",TRUE,"L1CAM"
"chrX_153941343_153942216","ZNF766","chrX_154097416_154098257","tCRE","ZNF766__chrX_154097416_154098257",TRUE,"MECP2"
"chrX_153941343_153942216","ZNF766","chrX_153744167_153745030","aCRE","ZNF766__chrX_153744167_153745030",TRUE,NA
"chrX_153941343_153942216","ZNF766","chrX_153870800_153872024","aCRE","ZNF766__chrX_153870800_153872024",TRUE,NA
"chrX_153941343_153942216","ZNF766","chrX_153925921_153926619","aCRE","ZNF766__chrX_153925921_153926619",TRUE,"ARHGAP4"
"chrX_153941343_153942216","SOX5","chrX_153793941_153794839","tCRE","SOX5__chrX_153793941_153794839",TRUE,"SSR4"
"chrX_153941343_153942216","SOX5","chrX_153925921_153926619","tCRE","SOX5__chrX_153925921_153926619",TRUE,"ARHGAP4"
"chrX_153941343_153942216","SOX5","chrX_153885747_153886746","tCRE","SOX5__chrX_153885747_153886746",TRUE,"L1CAM"
"chrX_153941343_153942216","SOX5","chrX_154097416_154098257","tCRE","SOX5__chrX_154097416_154098257",TRUE,"MECP2"
"chrX_153941343_153942216","SOX5","chrX_153744167_153745030","aCRE","SOX5__chrX_153744167_153745030",TRUE,NA
"chrX_153941343_153942216","SOX5","chrX_153870800_153872024","aCRE","SOX5__chrX_153870800_153872024",TRUE,NA
"chrX_153941343_153942216","SOX5","chrX_153925921_153926619","aCRE","SOX5__chrX_153925921_153926619",TRUE,"ARHGAP4"
"chrX_153941343_153942216","PKNOX2","chrX_153793941_153794839","tCRE","PKNOX2__chrX_153793941_153794839",TRUE,"SSR4"
"chrX_153941343_153942216","PKNOX2","chrX_153925921_153926619","tCRE","PKNOX2__chrX_153925921_153926619",TRUE,"ARHGAP4"
"chrX_153941343_153942216","PKNOX2","chrX_153885747_153886746","tCRE","PKNOX2__chrX_153885747_153886746",TRUE,"L1CAM"
"chrX_153941343_153942216","PKNOX2","chrX_154097416_154098257","tCRE","PKNOX2__chrX_154097416_154098257",TRUE,"MECP2"
"chrX_153941343_153942216","PKNOX2","chrX_153744167_153745030","aCRE","PKNOX2__chrX_153744167_153745030",TRUE,NA
"chrX_153941343_153942216","PKNOX2","chrX_153870800_153872024","aCRE","PKNOX2__chrX_153870800_153872024",TRUE,NA
"chrX_153941343_153942216","PKNOX2","chrX_153925921_153926619","aCRE","PKNOX2__chrX_153925921_153926619",TRUE,"ARHGAP4"
"chrX_155304716_155305653","NANOG","chrX_155263988_155264903","tCRE","NANOG__chrX_155263988_155264903",TRUE,"RAB39B"
"chrX_18288461_18289387","POU3F1","chrX_18354037_18355033","tCRE","POU3F1__chrX_18354037_18355033",TRUE,"SCML2"
"chrX_18288461_18289387","POU2F1","chrX_18354037_18355033","tCRE","POU2F1__chrX_18354037_18355033",TRUE,"SCML2"
"chrX_18288461_18289387","POU5F1","chrX_18354037_18355033","tCRE","POU5F1__chrX_18354037_18355033",TRUE,"SCML2"
"chrX_47706844_47707776","NEUROG2","chrX_47658548_47659506","tCRE","NEUROG2__chrX_47658548_47659506",TRUE,"UXT"
"chrX_47706844_47707776","NEUROG2","chrX_47637305_47638195","aCRE","NEUROG2__chrX_47637305_47638195",TRUE,NA
"chrX_47706844_47707776","NEUROD1","chrX_47658548_47659506","tCRE","NEUROD1__chrX_47658548_47659506",TRUE,"UXT"
"chrX_47706844_47707776","NEUROD1","chrX_47637305_47638195","aCRE","NEUROD1__chrX_47637305_47638195",TRUE,NA
"chrX_47706844_47707776","NEUROD2","chrX_47658548_47659506","tCRE","NEUROD2__chrX_47658548_47659506",TRUE,"UXT"
"chrX_47706844_47707776","NEUROD2","chrX_47637305_47638195","aCRE","NEUROD2__chrX_47637305_47638195",TRUE,NA
"chrX_47806360_47807443","NR2F2","chrX_47658548_47659506","tCRE","NR2F2__chrX_47658548_47659506",TRUE,"UXT"
"chrX_48822784_48823712","SMAD2","chrX_48897470_48898286","tCRE","SMAD2__chrX_48897470_48898286",TRUE,"TIMM17B"
"chrX_48822784_48823712","SMAD2","chrX_48834449_48835919","tCRE","SMAD2__chrX_48834449_48835919",TRUE,"PCSK1N"
"chrX_48822784_48823712","SMAD2","chrX_48801519_48802364","tCRE","SMAD2__chrX_48801519_48802364",TRUE,"HDAC6"
"chrX_48822784_48823712","SMAD2","chrX_48834449_48835919","aCRE","SMAD2__chrX_48834449_48835919",TRUE,"PCSK1N"
"chrX_48822784_48823712","SMAD2","chrX_48831731_48832497","tCRE","SMAD2__chrX_48831731_48832497",TRUE,"PCSK1N"
"chrX_48822784_48823712","PLAG1","chrX_48897470_48898286","tCRE","PLAG1__chrX_48897470_48898286",TRUE,"TIMM17B"
"chrX_48822784_48823712","PLAG1","chrX_48834449_48835919","tCRE","PLAG1__chrX_48834449_48835919",TRUE,"PCSK1N"
"chrX_48822784_48823712","PLAG1","chrX_48801519_48802364","tCRE","PLAG1__chrX_48801519_48802364",TRUE,"HDAC6"
"chrX_48822784_48823712","PLAG1","chrX_48834449_48835919","aCRE","PLAG1__chrX_48834449_48835919",TRUE,"PCSK1N"
"chrX_48822784_48823712","PLAG1","chrX_48831731_48832497","tCRE","PLAG1__chrX_48831731_48832497",TRUE,"PCSK1N"
"chrX_48822784_48823712","ZFP14","chrX_48897470_48898286","tCRE","ZFP14__chrX_48897470_48898286",TRUE,"TIMM17B"
"chrX_48822784_48823712","ZFP14","chrX_48834449_48835919","tCRE","ZFP14__chrX_48834449_48835919",TRUE,"PCSK1N"
"chrX_48822784_48823712","ZFP14","chrX_48801519_48802364","tCRE","ZFP14__chrX_48801519_48802364",TRUE,"HDAC6"
"chrX_48822784_48823712","ZFP14","chrX_48834449_48835919","aCRE","ZFP14__chrX_48834449_48835919",TRUE,"PCSK1N"
"chrX_48822784_48823712","ZFP14","chrX_48831731_48832497","tCRE","ZFP14__chrX_48831731_48832497",TRUE,"PCSK1N"
"chrX_53281112_53281992","PRDM4","chrX_53433947_53434879","tCRE","PRDM4__chrX_53433947_53434879",TRUE,"HSD17B10"
"chrX_53281112_53281992","PRDM4","chrX_53422318_53423163","tCRE","PRDM4__chrX_53422318_53423163",TRUE,"SMC1A"
"chrX_53281112_53281992","RBPJ","chrX_53433947_53434879","tCRE","RBPJ__chrX_53433947_53434879",TRUE,"HSD17B10"
"chrX_53281112_53281992","RBPJ","chrX_53422318_53423163","tCRE","RBPJ__chrX_53422318_53423163",TRUE,"SMC1A"
"chrX_94698675_94699538","ZEB1","chrX_94704281_94706060","tCRE","ZEB1__chrX_94704281_94706060",TRUE,"ONTG23000000546.1"
"chrX_94698675_94699538","MAFB","chrX_94704281_94706060","tCRE","MAFB__chrX_94704281_94706060",TRUE,"ONTG23000000546.1"
"chrX_94698675_94699538","TEAD4","chrX_94704281_94706060","tCRE","TEAD4__chrX_94704281_94706060",TRUE,"ONTG23000000546.1"
